Episode,AgentStandard-5
1,-0.09799999999999981
2,-0.09799999999999981
3,0.003000000000000117
4,0.11400000000000018
5,-0.09999999999999981
6,-0.09799999999999981
7,0.11000000000000015
8,0.0030000000000000903
9,0.001000000000000188
10,-0.09599999999999982
11,0.007000000000000045
12,-0.09799999999999981
13,0.10200000000000015
14,-0.09999999999999981
15,-0.09999999999999981
16,-0.09999999999999981
17,0.005000000000000152
18,0.1080000000000003
19,0.0030000000000000946
20,0.11000000000000011
21,0.10200000000000015
22,0.001000000000000108
23,-0.09799999999999981
24,0.11200000000000011
25,0.10200000000000019
26,0.11200000000000015
27,0.0050000000000001875
28,-0.09799999999999981
29,0.1040000000000001
30,0.001000000000000117
31,0.10200000000000017
32,0.20500000000000007
33,-0.09999999999999981
34,0.10600000000000026
35,-0.09799999999999981
36,0.005000000000000028
37,0.0010000000000000813
38,0.10400000000000008
39,-0.09399999999999982
40,-0.09999999999999981
41,-0.09999999999999981
42,-0.09999999999999981
43,0.0010000000000000724
44,0.205
45,-0.09799999999999981
46,0.0030000000000001705
47,0.001000000000000028
48,0.003000000000000046
49,0.003000000000000064
50,0.1020000000000002
51,0.0010000000000000369
52,-0.09599999999999982
53,0.0030000000000001705
54,0.10200000000000017
55,-0.09999999999999981
56,0.0010000000000000902
57,0.001000000000000117
58,0.007000000000000027
59,0.2090000000000001
60,-0.09799999999999981
61,-0.09199999999999983
62,-0.09999999999999981
63,0.0010000000000001702
64,0.10400000000000034
65,0.007000000000000161
66,0.007000000000000116
67,0.11000000000000007
68,0.2129999999999994
69,0.20899999999999955
70,0.20500000000000015
71,0.011000000000000135
72,-0.09599999999999982
73,0.1060000000000002
74,0.10800000000000008
75,-0.09399999999999982
76,0.001000000000000028
77,0.001000000000000028
78,0.001000000000000028
79,0.0030000000000000283
80,0.10600000000000014
81,-0.09999999999999981
82,0.007000000000000152
83,0.10600000000000011
84,-0.09599999999999982
85,0.0030000000000000816
86,-0.09599999999999982
87,0.10200000000000013
88,0.003000000000000126
89,0.10400000000000018
90,0.10400000000000018
91,-0.09599999999999982
92,0.0010000000000000369
93,0.0010000000000000813
94,0.001000000000000028
95,0.10400000000000018
96,-0.09999999999999981
97,0.001000000000000028
98,0.001000000000000028
99,-0.09999999999999981
100,-0.09599999999999982
101,-0.09999999999999981
102,0.0030000000000000903
103,-0.09399999999999982
104,-0.09999999999999981
105,0.007000000000000107
106,-0.09799999999999981
107,0.009000000000000116
108,0.003000000000000126
109,0.203
110,0.10600000000000023
111,0.10200000000000015
112,0.1040000000000001
113,-0.09999999999999981
114,0.20500000000000004
115,0.11200000000000004
116,0.2089999999999997
117,0.1060000000000002
118,0.3159999999999997
119,0.205
120,-0.09799999999999981
121,0.2070000000000001
122,0.1040000000000001
123,0.1039999999999999
124,0.0030000000000001527
125,0.001000000000000028
126,0.10600000000000032
127,0.10200000000000023
128,0.3159999999999994
129,0.20899999999999963
130,0.11000000000000018
131,0.10800000000000023
132,-0.09399999999999982
133,0.0030000000000001705
134,0.4109999999999999
135,-0.09199999999999983
136,0.20899999999999963
137,0.0010000000000001813
138,0.20300000000000012
139,0.11000000000000013
140,0.10400000000000009
141,0.21099999999999908
142,0.005000000000000081
143,0.007000000000000116
144,0.10600000000000032
145,0.10199999999999998
146,-0.09799999999999981
147,0.20499999999999996
148,-0.09399999999999982
149,0.20299999999999996
150,0.005000000000000028
151,0.11800000000000009
152,0.11600000000000028
153,0.20300000000000018
154,0.20700000000000002
155,0.1040000000000002
156,-0.09999999999999981
157,0.10600000000000025
158,0.11000000000000021
159,0.10400000000000015
160,0.10400000000000023
161,0.005000000000000028
162,0.10800000000000029
163,0.308
164,0.11800000000000005
165,0.011000000000000138
166,0.4109999999999991
167,0.10800000000000015
168,-0.09799999999999981
169,0.0010000000000001347
170,0.31599999999999917
171,-0.09999999999999981
172,0.11000000000000014
173,0.011000000000000152
174,0.21499999999999977
175,0.005000000000000126
176,0.40899999999999914
177,0.10200000000000015
178,0.20899999999999908
179,0.11200000000000027
180,0.005000000000000028
181,0.21300000000000005
182,0.10600000000000014
183,0.10800000000000026
184,0.3139999999999997
185,0.11600000000000012
186,0.30999999999999944
187,0.2130000000000002
188,0.001000000000000028
189,0.30799999999999905
190,0.31199999999999994
191,0.209
192,0.10600000000000019
193,0.003000000000000037
194,0.003000000000000108
195,0.10799999999999985
196,0.20299999999999968
197,0.5079999999999996
198,0.2129999999999999
199,0.41699999999999915
200,0.30799999999999883
201,0.20699999999999988
202,0.30999999999999944
203,0.10600000000000008
204,0.0050000000000000495
205,0.2069999999999996
206,0.20299999999999982
207,0.3099999999999988
208,0.10200000000000005
209,0.10600000000000025
210,0.10800000000000017
211,0.3099999999999989
212,0.20699999999999905
213,0.11200000000000011
214,0.21099999999999894
215,0.11000000000000014
216,0.10600000000000015
217,0.10600000000000008
218,0.10800000000000008
219,0.11000000000000013
220,0.10400000000000015
221,0.21099999999999963
222,0.4109999999999994
223,0.5279999999999995
224,0.10600000000000026
225,0.0010000000000000681
226,0.21100000000000013
227,0.2089999999999997
228,0.0010000000000001347
229,0.2069999999999995
230,0.3139999999999991
231,0.31199999999999994
232,0.11000000000000025
233,0.11000000000000021
234,0.4149999999999989
235,0.3119999999999992
236,0.009000000000000036
237,0.21099999999999952
238,0.10800000000000015
239,0.003000000000000175
240,-0.09999999999999981
241,0.30800000000000016
242,0.10200000000000008
243,0.007000000000000116
244,0.3139999999999999
245,0.3059999999999989
246,0.5139999999999989
247,0.215
248,0.3039999999999993
249,0.20700000000000007
250,0.414999999999999
251,0.21499999999999986
252,0.8250000000000002
253,0.4169999999999993
254,0.5139999999999997
255,0.015000000000000107
256,0.414999999999999
257,0.3179999999999991
258,0.31399999999999983
259,0.005000000000000028
260,0.00900000000000008
261,0.31
262,0.00500000000000017
263,0.013000000000000171
264,0.003000000000000064
265,0.5119999999999988
266,0.1060000000000003
267,0.10800000000000018
268,0.30799999999999966
269,0.21100000000000005
270,0.20899999999999977
271,0.20299999999999974
272,0.5219999999999995
273,0.00900000000000008
274,0.10600000000000018
275,0.5159999999999997
276,0.4189999999999989
277,0.10799999999999985
278,0.7139999999999992
279,0.10600000000000012
280,0.21299999999999905
281,0.5119999999999991
282,0.2049999999999998
283,0.31199999999999906
284,0.4129999999999989
285,0.10600000000000033
286,0.3139999999999999
287,0.207
288,0.31199999999999956
289,0.5099999999999991
290,0.11000000000000013
291,0.20699999999999938
292,0.4069999999999991
293,0.3099999999999988
294,0.6169999999999993
295,0.10400000000000009
296,0.20700000000000002
297,0.5139999999999989
298,0.5199999999999992
299,0.6189999999999992
300,0.11000000000000015
301,0.41499999999999937
302,0.3119999999999998
303,0.2109999999999998
304,0.11599999999999996
305,0.10600000000000026
306,0.3119999999999996
307,0.31999999999999923
308,0.11200000000000022
309,0.31399999999999884
310,0.005000000000000095
311,0.31399999999999895
312,0.009000000000000116
313,0.6229999999999992
314,0.3139999999999991
315,0.4149999999999991
316,0.6269999999999998
317,0.3039999999999993
318,0.32199999999999984
319,0.6269999999999992
320,0.11000000000000014
321,0.41899999999999926
322,0.5159999999999997
323,0.10600000000000005
324,0.32
325,0.5119999999999988
326,0.308
327,0.7079999999999993
328,0.31199999999999944
329,0.3080000000000001
330,0.3059999999999987
331,0.3099999999999987
332,0.3139999999999994
333,0.4129999999999992
334,0.610999999999999
335,0.10800000000000014
336,0.10800000000000026
337,0.5099999999999996
338,0.315999999999999
339,0.4109999999999989
340,0.6149999999999989
341,0.20899999999999908
342,0.5159999999999995
343,0.3119999999999997
344,0.2049999999999997
345,0.30999999999999994
346,0.7139999999999997
347,0.8249999999999997
348,0.21299999999999975
349,0.30799999999999916
350,0.2049999999999998
351,0.2089999999999997
352,0.10400000000000029
353,0.3059999999999998
354,0.4089999999999991
355,0.618999999999999
356,0.4229999999999995
357,0.0030000000000001527
358,0.20499999999999952
359,0.3099999999999992
360,0.3079999999999995
361,0.4149999999999998
362,-0.08999999999999984
363,0.4129999999999993
364,0.41699999999999954
365,0.20299999999999968
366,0.4129999999999999
367,0.4209999999999996
368,0.3099999999999997
369,0.406999999999999
370,0.41699999999999915
371,0.10400000000000033
372,0.7159999999999991
373,0.3079999999999988
374,0.1100000000000002
375,0.20499999999999993
376,0.3059999999999989
377,0.40699999999999903
378,0.40899999999999964
379,0.6149999999999991
380,0.5099999999999997
381,0.5119999999999997
382,0.11200000000000017
383,0.6149999999999988
384,0.007000000000000037
385,0.5099999999999995
386,0.001000000000000028
387,0.3159999999999996
388,0.21299999999999944
389,0.517999999999999
390,0.4109999999999991
391,0.620999999999999
392,0.43099999999999944
393,0.5119999999999992
394,0.7199999999999998
395,0.31199999999999906
396,0.4149999999999991
397,0.4149999999999994
398,0.3139999999999995
399,0.6169999999999991
400,0.20899999999999985
401,0.30599999999999933
402,0.5139999999999996
403,0.7259999999999994
404,0.21299999999999905
405,0.413
406,0.3139999999999993
407,0.6169999999999991
408,0.31199999999999917
409,0.6169999999999993
410,0.620999999999999
411,0.20899999999999996
412,0.31199999999999933
413,0.41499999999999965
414,0.8210000000000014
415,0.5119999999999993
416,0.10200000000000015
417,0.3059999999999996
418,0.5099999999999995
419,0.20900000000000005
420,0.418999999999999
421,0.5099999999999993
422,0.5179999999999992
423,0.4129999999999992
424,0.41899999999999904
425,0.41699999999999987
426,0.5159999999999989
427,0.5079999999999991
428,0.6249999999999991
429,0.3139999999999995
430,0.4089999999999992
431,0.314
432,0.21300000000000005
433,0.20499999999999996
434,0.2089999999999999
435,0.6149999999999997
436,0.5159999999999999
437,0.3159999999999991
438,0.4109999999999998
439,0.21500000000000008
440,0.4129999999999989
441,0.3119999999999997
442,0.612999999999999
443,0.5199999999999991
444,0.5099999999999988
445,0.5139999999999992
446,0.614999999999999
447,0.6129999999999997
448,0.4209999999999989
449,0.5199999999999992
450,0.10600000000000018
451,0.3099999999999992
452,0.5159999999999992
453,0.616999999999999
454,0.616999999999999
455,0.5279999999999991
456,0.4129999999999996
457,0.5099999999999991
458,0.3139999999999994
459,0.0010000000000000636
460,0.5139999999999991
461,0.40899999999999925
462,0.3099999999999994
463,0.5099999999999991
464,0.7160000000000002
465,0.30999999999999917
466,0.4049999999999996
467,0.6109999999999998
468,0.32799999999999996
469,0.5199999999999992
470,0.4089999999999996
471,1.122
472,0.10600000000000033
473,0.3119999999999997
474,0.3179999999999996
475,0.6169999999999991
476,0.20899999999999966
477,0.5139999999999991
478,0.41499999999999987
479,0.5099999999999997
480,0.3119999999999991
481,0.5159999999999989
482,0.6169999999999994
483,0.30999999999999955
484,0.6189999999999991
485,0.41699999999999976
486,0.408999999999999
487,0.7179999999999994
488,0.9240000000000017
489,0.31199999999999883
490,0.4109999999999989
491,0.5139999999999989
492,0.41699999999999915
493,0.6149999999999989
494,0.8210000000000005
495,0.40899999999999964
496,0.6109999999999993
497,0.21700000000000005
498,0.612999999999999
499,0.6109999999999991
500,0.6129999999999991
501,0.8189999999999992
502,0.31399999999999956
503,0.3119999999999996
504,0.6189999999999996
505,0.618999999999999
506,0.7199999999999994
507,0.41099999999999914
508,0.30799999999999916
509,0.8170000000000013
510,0.7199999999999992
511,0.31399999999999895
512,0.6209999999999992
513,0.30999999999999983
514,0.6109999999999992
515,0.7179999999999993
516,0.517999999999999
517,0.5119999999999992
518,0.4129999999999997
519,0.308
520,0.5199999999999995
521,0.41099999999999964
522,0.40899999999999925
523,0.4109999999999994
524,0.8270000000000011
525,0.8149999999999997
526,0.8169999999999997
527,0.8210000000000002
528,0.5139999999999997
529,0.5159999999999989
530,0.7240000000000001
531,0.31599999999999917
532,0.9300000000000012
533,0.31799999999999895
534,0.4149999999999995
535,0.9199999999999996
536,0.31199999999999956
537,0.21299999999999897
538,0.3059999999999996
539,0.3099999999999998
540,0.30999999999999955
541,0.4129999999999996
542,0.4129999999999994
543,0.2129999999999992
544,0.3119999999999996
545,0.5079999999999988
546,0.40899999999999964
547,0.6209999999999992
548,0.8190000000000004
549,0.4069999999999993
550,0.5079999999999988
551,0.6269999999999992
552,0.6149999999999989
553,0.7120000000000004
554,0.40899999999999975
555,0.5079999999999989
556,0.610999999999999
557,0.8229999999999995
558,0.5139999999999992
559,0.4149999999999997
560,0.9280000000000012
561,0.313999999999999
562,0.7099999999999997
563,0.8290000000000012
564,0.5159999999999997
565,0.922000000000001
566,0.20699999999999988
567,0.5139999999999992
568,0.5119999999999996
569,0.6189999999999989
570,0.4249999999999994
571,0.8189999999999995
572,0.4229999999999996
573,0.4149999999999994
574,1.0330000000000013
575,0.41899999999999915
576,0.4129999999999996
577,0.513999999999999
578,0.513999999999999
579,0.6209999999999991
580,0.8230000000000011
581,0.41099999999999953
582,0.30799999999999883
583,0.619
584,0.624999999999999
585,0.8150000000000006
586,0.517999999999999
587,0.7180000000000015
588,0.8210000000000011
589,0.3119999999999994
590,0.5099999999999996
591,0.515999999999999
592,0.5179999999999996
593,0.7199999999999998
594,0.4109999999999989
595,0.622999999999999
596,0.5139999999999995
597,0.7219999999999994
598,0.5139999999999992
599,0.3079999999999993
600,0.8210000000000022
601,0.40899999999999925
602,0.6129999999999995
603,0.7099999999999992
604,0.6109999999999992
605,0.9199999999999997
606,0.523999999999999
607,0.6189999999999991
608,0.8189999999999995
609,0.41099999999999903
610,0.5099999999999996
611,0.30799999999999983
612,0.8210000000000014
613,0.5119999999999991
614,0.9199999999999997
615,0.9199999999999996
616,0.6069999999999993
617,0.5119999999999993
618,0.4109999999999999
619,0.41099999999999953
620,0.616999999999999
621,0.513999999999999
622,0.8270000000000004
623,0.6169999999999991
624,0.8229999999999998
625,0.4129999999999995
626,0.9240000000000009
627,0.507999999999999
628,0.3119999999999997
629,0.40899999999999986
630,0.5259999999999994
631,0.41299999999999876
632,0.5139999999999991
633,0.8150000000000004
634,0.6149999999999995
635,0.7239999999999999
636,0.6189999999999991
637,0.7179999999999991
638,0.5079999999999995
639,0.41699999999999904
640,0.617
641,0.7239999999999995
642,0.9140000000000011
643,0.20500000000000015
644,0.6169999999999992
645,0.7159999999999992
646,0.5119999999999991
647,0.6129999999999997
648,0.813
649,0.7119999999999999
650,0.7179999999999995
651,0.4109999999999994
652,0.5199999999999991
653,0.4149999999999995
654,0.4089999999999991
655,0.8250000000000004
656,0.7280000000000001
657,0.6289999999999994
658,0.5119999999999991
659,0.7199999999999992
660,0.618999999999999
661,0.3159999999999992
662,0.507999999999999
663,0.7139999999999996
664,0.30399999999999977
665,0.9200000000000016
666,0.7199999999999995
667,0.6129999999999991
668,0.7119999999999993
669,0.7199999999999998
670,0.5219999999999994
671,0.507999999999999
672,0.7179999999999999
673,0.6149999999999993
674,0.5179999999999993
675,0.6189999999999992
676,0.8170000000000005
677,0.7199999999999998
678,0.9240000000000015
679,0.716
680,0.7279999999999999
681,0.7239999999999999
682,0.5219999999999992
683,0.610999999999999
684,0.6109999999999992
685,0.7119999999999993
686,0.513999999999999
687,0.6109999999999993
688,0.8230000000000013
689,0.819000000000002
690,0.610999999999999
691,0.8249999999999997
692,0.5219999999999992
693,0.6109999999999991
694,0.5139999999999991
695,0.7120000000000019
696,0.9240000000000006
697,0.4069999999999992
698,0.21100000000000016
699,0.7239999999999995
700,0.8230000000000001
701,0.5159999999999992
702,0.6169999999999992
703,0.7199999999999992
704,1.0250000000000008
705,0.8229999999999998
706,0.10800000000000004
707,0.6149999999999993
708,0.5139999999999991
709,0.5099999999999989
710,0.71
711,0.8269999999999998
712,0.6129999999999991
713,0.8290000000000017
714,0.4109999999999994
715,1.1180000000000014
716,0.7159999999999996
717,0.7159999999999994
718,0.7219999999999998
719,0.5119999999999991
720,0.9140000000000015
721,0.7159999999999994
722,1.025000000000002
723,1.019000000000002
724,0.610999999999999
725,0.9260000000000013
726,0.7159999999999994
727,0.7260000000000011
728,0.5199999999999994
729,0.5159999999999989
730,0.42699999999999966
731,0.6249999999999991
732,0.5179999999999992
733,0.6149999999999991
734,0.5099999999999989
735,0.2049999999999989
736,0.6149999999999992
737,0.6190000000000009
738,0.8150000000000017
739,0.308
740,0.9180000000000018
741,0.5099999999999991
742,0.41699999999999904
743,1.0190000000000001
744,0.722000000000001
745,1.1240000000000017
746,0.41499999999999937
747,0.9220000000000002
748,0.8210000000000011
749,0.7199999999999993
750,1.0250000000000015
751,0.7279999999999994
752,0.6189999999999989
753,0.7139999999999992
754,0.6129999999999992
755,0.8189999999999997
756,0.8190000000000001
757,0.916000000000001
758,0.4109999999999996
759,1.0230000000000015
760,0.513999999999999
761,0.8189999999999995
762,0.7239999999999995
763,0.713999999999999
764,0.9200000000000004
765,0.9180000000000024
766,0.7120000000000002
767,0.5079999999999988
768,0.7139999999999997
769,0.8130000000000004
770,0.6149999999999993
771,0.7259999999999995
772,0.7160000000000002
773,0.7279999999999999
774,0.614999999999999
775,0.713999999999999
776,0.8210000000000011
777,0.9180000000000008
778,0.9180000000000007
779,0.6249999999999993
780,0.7219999999999996
781,0.9239999999999998
782,0.41699999999999915
783,0.6189999999999989
784,0.6169999999999993
785,0.9140000000000009
786,0.8189999999999996
787,0.8089999999999995
788,0.8190000000000013
789,0.6209999999999991
790,0.41099999999999925
791,0.9240000000000024
792,0.6249999999999999
793,0.8170000000000018
794,1.4410000000000014
795,1.221000000000001
796,0.5199999999999989
797,1.0250000000000004
798,0.6089999999999989
799,0.7199999999999993
800,0.8170000000000011
801,0.8150000000000006
802,0.5219999999999989
803,1.021000000000001
804,0.9200000000000003
805,0.6129999999999994
806,0.5099999999999992
807,1.017000000000002
808,0.9140000000000006
809,0.8150000000000006
810,0.7179999999999999
811,0.8149999999999994
812,0.9280000000000007
813,0.7159999999999997
814,0.8149999999999997
815,0.7159999999999995
816,1.0290000000000006
817,0.6129999999999994
818,0.9220000000000006
819,0.5119999999999993
820,0.6189999999999991
821,0.6109999999999991
822,1.1200000000000025
823,0.9160000000000008
824,1.0230000000000015
825,0.6129999999999989
826,0.6189999999999993
827,0.7199999999999992
828,1.1220000000000019
829,0.9220000000000005
830,0.7199999999999998
831,0.7139999999999992
832,0.922000000000001
833,0.8130000000000002
834,0.7220000000000004
835,0.7159999999999996
836,0.9180000000000001
837,0.7200000000000002
838,0.7239999999999992
839,0.7180000000000003
840,0.9179999999999996
841,0.5119999999999993
842,0.9380000000000007
843,0.9180000000000013
844,0.9260000000000005
845,0.8189999999999992
846,0.7119999999999999
847,0.5219999999999997
848,0.9140000000000008
849,0.7199999999999994
850,0.4109999999999991
851,0.6149999999999993
852,0.8149999999999997
853,0.8230000000000001
854,0.7179999999999995
855,0.7239999999999995
856,0.7220000000000008
857,0.2089999999999997
858,0.6129999999999998
859,0.5099999999999993
860,0.8230000000000011
861,0.9179999999999996
862,0.9179999999999998
863,0.6149999999999991
864,0.513999999999999
865,0.8190000000000004
866,0.9220000000000002
867,0.920000000000002
868,0.8149999999999998
869,0.7179999999999995
870,1.0170000000000003
871,0.7179999999999993
872,0.408999999999999
873,0.9180000000000013
874,0.8130000000000002
875,1.1180000000000003
876,0.8270000000000003
877,0.7219999999999993
878,0.7119999999999996
879,1.2210000000000027
880,0.9280000000000005
881,1.3280000000000018
882,0.5119999999999998
883,0.623
884,0.5059999999999991
885,0.20499999999999993
886,1.2170000000000016
887,0.710000000000001
888,0.9240000000000017
889,0.9260000000000005
890,0.7340000000000003
891,0.8289999999999995
892,0.8149999999999997
893,0.8170000000000002
894,0.9280000000000014
895,1.0210000000000021
896,0.6089999999999994
897,1.1300000000000014
898,0.9220000000000013
899,0.9159999999999998
900,0.7160000000000005
901,0.9200000000000017
902,0.9140000000000006
903,0.8250000000000014
904,0.7099999999999992
905,1.138000000000001
906,1.0270000000000012
907,0.7160000000000005
908,0.6169999999999993
909,0.6169999999999991
910,0.8210000000000015
911,0.7159999999999994
912,0.819000000000001
913,1.027000000000001
914,0.9160000000000004
915,1.227000000000001
916,0.9260000000000005
917,1.5320000000000027
918,0.8170000000000018
919,1.1260000000000023
920,1.130000000000002
921,0.6149999999999989
922,0.9219999999999997
923,0.815
924,0.6209999999999993
925,0.8190000000000004
926,0.9200000000000003
927,0.9240000000000017
928,0.5119999999999993
929,1.122000000000001
930,0.8130000000000004
931,1.0230000000000017
932,1.0210000000000012
933,0.7219999999999996
934,0.7199999999999992
935,1.124
936,1.1240000000000012
937,0.7119999999999993
938,1.0190000000000021
939,0.7140000000000003
940,0.7160000000000002
941,0.9160000000000007
942,0.8190000000000004
943,1.1280000000000012
944,0.7099999999999994
945,0.4089999999999992
946,0.9140000000000004
947,0.8169999999999996
948,0.6189999999999991
949,0.7239999999999993
950,0.8169999999999996
951,0.517999999999999
952,0.7180000000000004
953,0.5179999999999989
954,0.7179999999999995
955,1.023000000000001
956,1.1260000000000017
957,0.9160000000000019
958,1.0190000000000003
959,0.7159999999999994
960,1.1240000000000012
961,0.6129999999999997
962,0.8310000000000005
963,0.714
964,0.7139999999999992
965,0.9220000000000017
966,0.924000000000002
967,0.8310000000000014
968,1.015000000000002
969,1.1240000000000014
970,0.8210000000000012
971,0.8210000000000002
972,0.9200000000000008
973,0.825000000000002
974,1.021000000000001
975,1.1260000000000008
976,1.017000000000002
977,1.122000000000001
978,0.8149999999999994
979,1.2290000000000019
980,0.8250000000000004
981,0.8210000000000008
982,0.922000000000001
983,1.1300000000000014
984,1.3240000000000023
985,0.8290000000000012
986,1.0370000000000013
987,0.9200000000000002
988,1.0290000000000004
989,0.9200000000000007
990,1.027000000000002
991,0.9200000000000006
992,0.8150000000000003
993,1.0210000000000015
994,0.6149999999999991
995,1.1200000000000017
996,0.5159999999999989
997,1.027000000000002
998,0.8150000000000002
999,1.223000000000001
1000,1.0270000000000017
1001,0.5179999999999993
1002,0.9199999999999998
1003,0.9160000000000008
1004,0.606999999999999
1005,1.1200000000000014
1006,1.3320000000000016
1007,0.9180000000000019
1008,0.6209999999999991
1009,0.7179999999999999
1010,1.0310000000000004
1011,0.72
1012,1.1240000000000012
1013,0.7239999999999995
1014,0.7219999999999996
1015,0.8190000000000011
1016,1.2310000000000019
1017,1.1240000000000017
1018,0.9200000000000017
1019,0.8229999999999995
1020,1.118000000000001
1021,0.9240000000000017
1022,1.1200000000000014
1023,1.0170000000000012
1024,0.835
1025,0.8250000000000008
1026,0.720000000000002
1027,0.9160000000000005
1028,0.7159999999999991
1029,0.8130000000000008
1030,0.6229999999999992
1031,0.6109999999999991
1032,1.128000000000002
1033,0.9280000000000018
1034,0.9260000000000009
1035,0.7139999999999995
1036,0.9240000000000029
1037,0.7119999999999997
1038,1.122000000000001
1039,0.922
1040,1.0250000000000012
1041,1.0250000000000015
1042,1.0250000000000006
1043,1.3300000000000016
1044,1.128000000000001
1045,1.2370000000000025
1046,0.9259999999999999
1047,0.9260000000000014
1048,1.023000000000001
1049,0.9160000000000008
1050,0.6109999999999992
1051,0.8209999999999995
1052,0.924
1053,0.8170000000000006
1054,0.9319999999999999
1055,1.1200000000000025
1056,0.41099999999999903
1057,0.8270000000000008
1058,1.4270000000000018
1059,0.9240000000000006
1060,0.5179999999999992
1061,1.134000000000001
1062,1.2310000000000012
1063,0.5119999999999993
1064,0.8189999999999992
1065,1.1220000000000026
1066,1.4310000000000027
1067,0.8230000000000011
1068,1.1180000000000014
1069,0.8110000000000003
1070,0.6189999999999989
1071,1.013000000000002
1072,0.8290000000000012
1073,1.4350000000000025
1074,0.8210000000000002
1075,0.9340000000000017
1076,0.8129999999999995
1077,0.924000000000001
1078,1.126000000000002
1079,1.2230000000000012
1080,1.2250000000000023
1081,0.8210000000000014
1082,0.9220000000000012
1083,0.6229999999999997
1084,0.8190000000000006
1085,0.9260000000000025
1086,0.7240000000000006
1087,1.023000000000002
1088,1.1260000000000019
1089,0.9220000000000003
1090,0.9160000000000007
1091,0.8170000000000002
1092,1.223000000000001
1093,1.2210000000000019
1094,1.0270000000000008
1095,0.9240000000000012
1096,1.4290000000000012
1097,1.0270000000000015
1098,0.7180000000000001
1099,0.6089999999999995
1100,1.0210000000000017
1101,0.9240000000000015
1102,1.0110000000000021
1103,1.0270000000000001
1104,0.4069999999999991
1105,0.8170000000000015
1106,1.3320000000000005
1107,0.6109999999999989
1108,1.033000000000001
1109,0.9300000000000012
1110,1.128000000000001
1111,1.2330000000000012
1112,0.9200000000000003
1113,1.1240000000000012
1114,1.0190000000000017
1115,1.2210000000000025
1116,0.9320000000000007
1117,1.1320000000000008
1118,1.0230000000000024
1119,0.819000000000001
1120,1.2390000000000012
1121,0.916000000000001
1122,0.7140000000000009
1123,0.9200000000000014
1124,0.8209999999999996
1125,0.9179999999999996
1126,1.219000000000001
1127,0.7159999999999997
1128,1.229000000000002
1129,1.0190000000000001
1130,0.4149999999999994
1131,1.1340000000000015
1132,0.9179999999999996
1133,1.1240000000000012
1134,0.5199999999999991
1135,0.6129999999999999
1136,0.8210000000000005
1137,0.7179999999999995
1138,0.9180000000000015
1139,1.3360000000000019
1140,0.8190000000000015
1141,0.7139999999999997
1142,1.0330000000000013
1143,0.7139999999999997
1144,0.7140000000000001
1145,0.9240000000000015
1146,0.6169999999999989
1147,1.0170000000000003
1148,0.8210000000000002
1149,0.9140000000000019
1150,0.7159999999999994
1151,0.7219999999999996
1152,0.7219999999999996
1153,0.7219999999999998
1154,1.1300000000000008
1155,1.0270000000000017
1156,1.1300000000000012
1157,1.1160000000000019
1158,0.8210000000000008
1159,0.7179999999999999
1160,1.124000000000002
1161,1.124000000000002
1162,0.8149999999999997
1163,0.7160000000000002
1164,1.0270000000000017
1165,1.1220000000000019
1166,1.5320000000000018
1167,1.1260000000000019
1168,1.0250000000000015
1169,1.126000000000002
1170,1.0250000000000008
1171,1.4350000000000014
1172,1.013000000000001
1173,1.0370000000000028
1174,1.2290000000000023
1175,1.1200000000000032
1176,1.4290000000000018
1177,1.2270000000000008
1178,0.6189999999999991
1179,1.025000000000001
1180,0.9219999999999996
1181,1.2270000000000019
1182,1.4310000000000023
1183,0.6189999999999991
1184,0.8209999999999996
1185,1.3280000000000018
1186,0.815
1187,1.124000000000001
1188,0.9160000000000018
1189,1.3380000000000016
1190,1.1180000000000025
1191,1.0150000000000001
1192,1.6290000000000022
1193,0.8210000000000002
1194,0.7180000000000001
1195,1.2250000000000012
1196,0.6169999999999992
1197,1.1320000000000017
1198,1.0330000000000015
1199,0.7199999999999992
1200,1.237000000000001
1201,1.019000000000001
1202,1.1160000000000023
1203,1.0210000000000001
1204,1.118000000000002
1205,0.6289999999999992
1206,0.8290000000000005
1207,1.1220000000000026
1208,1.3300000000000016
1209,0.9240000000000012
1210,0.610999999999999
1211,1.1220000000000026
1212,0.7219999999999996
1213,0.9220000000000005
1214,1.0230000000000012
1215,1.027000000000001
1216,0.8150000000000007
1217,1.2230000000000019
1218,1.2310000000000003
1219,0.8290000000000012
1220,1.2370000000000008
1221,0.9239999999999998
1222,0.7199999999999999
1223,0.9199999999999997
1224,1.3380000000000016
1225,1.2330000000000019
1226,1.0150000000000023
1227,0.924000000000002
1228,1.3280000000000012
1229,0.9200000000000017
1230,0.8310000000000017
1231,0.9240000000000004
1232,0.6129999999999992
1233,1.2230000000000019
1234,1.0250000000000004
1235,0.9180000000000004
1236,0.6149999999999995
1237,1.1200000000000017
1238,1.132000000000001
1239,0.6149999999999991
1240,0.9220000000000002
1241,1.0270000000000012
1242,0.7159999999999996
1243,0.9179999999999999
1244,1.0270000000000012
1245,1.0230000000000017
1246,1.0230000000000006
1247,1.3320000000000014
1248,0.9219999999999993
1249,0.8170000000000016
1250,1.2210000000000027
1251,1.1200000000000017
1252,1.4390000000000018
1253,1.1200000000000008
1254,0.5139999999999992
1255,1.4330000000000025
1256,0.8270000000000007
1257,0.7139999999999992
1258,1.2290000000000023
1259,0.612999999999999
1260,1.1240000000000012
1261,1.3340000000000019
1262,1.3260000000000023
1263,0.9140000000000006
1264,1.1220000000000014
1265,0.9220000000000005
1266,1.324000000000002
1267,1.1200000000000008
1268,1.2210000000000019
1269,1.1200000000000017
1270,1.3380000000000019
1271,0.8190000000000004
1272,0.9160000000000003
1273,1.0350000000000017
1274,0.6189999999999993
1275,1.019000000000001
1276,0.6249999999999991
1277,1.1320000000000021
1278,0.9180000000000018
1279,0.9280000000000009
1280,1.1280000000000028
1281,1.124
1282,0.819
1283,1.2210000000000016
1284,0.9179999999999999
1285,1.4390000000000012
1286,1.0410000000000013
1287,1.029000000000001
1288,0.7159999999999995
1289,1.1240000000000014
1290,1.3360000000000016
1291,0.9239999999999998
1292,1.023000000000001
1293,1.2190000000000019
1294,0.9280000000000007
1295,1.3320000000000016
1296,0.9240000000000017
1297,1.122000000000001
1298,0.7140000000000003
1299,1.1220000000000017
1300,1.4270000000000018
1301,0.7239999999999995
1302,0.8210000000000014
1303,0.9240000000000008
1304,0.9320000000000003
1305,1.227000000000001
1306,1.0190000000000017
1307,0.8189999999999996
1308,0.8270000000000011
1309,1.1320000000000012
1310,1.0230000000000008
1311,1.136000000000002
1312,1.3300000000000014
1313,1.3200000000000014
1314,1.231000000000001
1315,1.2290000000000014
1316,1.2310000000000025
1317,1.2410000000000019
1318,1.2290000000000014
1319,1.3240000000000014
1320,1.1360000000000017
1321,1.2230000000000023
1322,1.3280000000000023
1323,1.0290000000000015
1324,1.1200000000000028
1325,1.0150000000000012
1326,1.1160000000000023
1327,1.4290000000000023
1328,0.7240000000000003
1329,0.9280000000000022
1330,1.324000000000001
1331,0.8170000000000007
1332,0.9160000000000009
1333,1.2270000000000016
1334,1.0350000000000008
1335,1.1260000000000006
1336,1.0210000000000017
1337,0.9300000000000007
1338,1.126
1339,0.9260000000000018
1340,1.124000000000002
1341,0.9220000000000019
1342,1.1280000000000021
1343,1.0150000000000023
1344,1.0310000000000006
1345,0.9180000000000001
1346,0.9139999999999996
1347,1.031000000000002
1348,0.9140000000000005
1349,1.1200000000000019
1350,1.031000000000001
1351,1.1260000000000014
1352,1.1200000000000025
1353,1.1260000000000019
1354,0.9160000000000019
1355,1.0250000000000017
1356,1.4270000000000023
1357,1.021000000000002
1358,0.7199999999999994
1359,1.023000000000002
1360,1.3300000000000005
1361,1.4350000000000012
1362,0.9240000000000009
1363,1.1200000000000023
1364,1.0250000000000012
1365,1.5240000000000027
1366,1.1300000000000017
1367,1.2250000000000028
1368,0.8149999999999997
1369,0.8149999999999996
1370,1.122000000000002
1371,1.019000000000001
1372,0.9160000000000003
1373,1.5320000000000018
1374,1.2230000000000019
1375,0.8130000000000014
1376,0.821
1377,0.9299999999999998
1378,1.334000000000002
1379,1.2350000000000012
1380,1.1160000000000028
1381,1.1220000000000012
1382,1.0190000000000015
1383,1.3300000000000016
1384,1.1240000000000014
1385,0.7139999999999995
1386,0.9220000000000016
1387,0.7180000000000004
1388,1.0270000000000017
1389,1.223000000000002
1390,1.3300000000000016
1391,1.5240000000000027
1392,1.2270000000000016
1393,0.8210000000000002
1394,0.7180000000000001
1395,1.2310000000000016
1396,1.1260000000000019
1397,1.1180000000000023
1398,1.130000000000002
1399,0.716
1400,0.9300000000000003
1401,1.2150000000000012
1402,0.9320000000000005
1403,1.1280000000000014
1404,1.2270000000000016
1405,1.0130000000000012
1406,1.0270000000000001
1407,1.0289999999999995
1408,1.0190000000000017
1409,0.914000000000001
1410,1.1300000000000014
1411,1.1220000000000019
1412,1.0230000000000006
1413,1.2210000000000023
1414,1.2230000000000023
1415,1.1160000000000008
1416,1.136000000000001
1417,0.920000000000002
1418,0.9180000000000014
1419,0.9240000000000015
1420,1.3280000000000016
1421,1.021000000000001
1422,1.0210000000000008
1423,1.126000000000002
1424,1.2430000000000012
1425,1.2330000000000019
1426,1.1240000000000023
1427,0.9180000000000011
1428,0.9279999999999998
1429,1.332000000000002
1430,1.2310000000000019
1431,0.7219999999999999
1432,1.0290000000000008
1433,1.2190000000000012
1434,0.9260000000000005
1435,1.4330000000000018
1436,1.017000000000002
1437,1.2310000000000025
1438,0.8190000000000015
1439,1.5300000000000022
1440,0.9260000000000014
1441,1.1240000000000026
1442,0.72
1443,1.3320000000000016
1444,1.2270000000000012
1445,0.9200000000000008
1446,1.2270000000000012
1447,1.2310000000000025
1448,0.6089999999999991
1449,1.132000000000002
1450,1.332000000000002
1451,1.1260000000000006
1452,0.8229999999999998
1453,1.328000000000003
1454,1.1300000000000012
1455,0.916000000000002
1456,0.9219999999999999
1457,1.0210000000000017
1458,0.41699999999999954
1459,1.334000000000002
1460,1.0250000000000017
1461,1.225000000000002
1462,1.3280000000000016
1463,1.1240000000000023
1464,1.2270000000000016
1465,1.2230000000000012
1466,1.3340000000000019
1467,1.0190000000000017
1468,1.3180000000000007
1469,1.4370000000000016
1470,1.126000000000002
1471,1.1300000000000008
1472,1.2270000000000016
1473,1.1200000000000008
1474,1.225000000000002
1475,0.7179999999999991
1476,1.0190000000000023
1477,1.0250000000000017
1478,1.0270000000000001
1479,1.3320000000000018
1480,1.225000000000002
1481,1.3360000000000019
1482,1.2330000000000023
1483,1.3220000000000007
1484,0.9220000000000005
1485,1.2230000000000025
1486,1.2270000000000016
1487,1.126000000000001
1488,1.4230000000000025
1489,1.5320000000000016
1490,1.322000000000002
1491,1.0310000000000017
1492,1.3200000000000025
1493,1.524000000000002
1494,0.9320000000000007
1495,1.0230000000000024
1496,0.7180000000000003
1497,1.2170000000000025
1498,0.7240000000000009
1499,1.2270000000000023
1500,1.542000000000001
1501,1.2230000000000016
1502,1.1220000000000017
1503,1.1420000000000012
1504,1.4290000000000018
1505,1.4330000000000025
1506,1.3240000000000014
1507,1.0230000000000015
1508,0.8190000000000004
1509,1.3260000000000025
1510,1.540000000000002
1511,0.9140000000000006
1512,1.0230000000000012
1513,1.7260000000000013
1514,1.4370000000000014
1515,1.1240000000000008
1516,1.4350000000000016
1517,1.0250000000000008
1518,1.1260000000000014
1519,1.0230000000000008
1520,1.015000000000002
1521,1.027000000000001
1522,1.0270000000000017
1523,1.2310000000000016
1524,1.1280000000000014
1525,1.3240000000000023
1526,1.5280000000000014
1527,0.9300000000000014
1528,1.3320000000000025
1529,0.9200000000000004
1530,1.2370000000000019
1531,1.2410000000000025
1532,0.8190000000000015
1533,0.9179999999999999
1534,1.3320000000000018
1535,0.8249999999999992
1536,1.0270000000000017
1537,1.225000000000002
1538,1.2310000000000019
1539,1.530000000000003
1540,1.1200000000000019
1541,1.5280000000000018
1542,1.2250000000000025
1543,1.7340000000000027
1544,1.3200000000000014
1545,1.5280000000000016
1546,0.6229999999999992
1547,1.0250000000000015
1548,1.324000000000003
1549,0.9239999999999998
1550,1.3400000000000025
1551,1.1300000000000032
1552,1.124000000000002
1553,1.1240000000000023
1554,1.0190000000000012
1555,1.122000000000001
1556,1.4350000000000023
1557,1.2210000000000014
1558,1.3400000000000016
1559,1.3280000000000023
1560,1.3380000000000016
1561,1.0210000000000021
1562,1.0310000000000006
1563,1.2210000000000019
1564,1.0230000000000015
1565,1.425000000000002
1566,1.2350000000000023
1567,0.9260000000000014
1568,1.3220000000000018
1569,1.1280000000000021
1570,1.025000000000002
1571,1.1240000000000026
1572,1.1300000000000012
1573,1.3240000000000018
1574,1.1260000000000008
1575,1.1400000000000023
1576,1.3320000000000025
1577,1.2210000000000023
1578,1.4310000000000018
1579,1.3260000000000023
1580,1.334000000000002
1581,1.0290000000000021
1582,1.2230000000000028
1583,1.2270000000000025
1584,1.221000000000003
1585,0.9260000000000013
1586,1.5320000000000022
1587,1.3320000000000016
1588,1.1260000000000017
1589,1.2270000000000025
1590,1.2330000000000019
1591,0.7180000000000003
1592,1.0270000000000017
1593,1.235000000000002
1594,1.0210000000000015
1595,0.9200000000000012
1596,0.8229999999999998
1597,1.2170000000000016
1598,1.4310000000000018
1599,1.528000000000002
1600,1.124000000000002
1601,1.2250000000000023
1602,1.0290000000000012
1603,1.4310000000000014
1604,1.3300000000000016
1605,1.1240000000000019
1606,1.124000000000002
1607,1.4330000000000012
1608,1.019000000000001
1609,1.3340000000000019
1610,1.5320000000000016
1611,1.1220000000000012
1612,1.223000000000002
1613,1.0310000000000008
1614,0.9360000000000008
1615,1.536000000000002
1616,1.4290000000000023
1617,1.3340000000000019
1618,1.1300000000000012
1619,1.1280000000000012
1620,1.118000000000001
1621,1.3400000000000014
1622,1.2170000000000014
1623,1.5340000000000011
1624,0.7179999999999993
1625,1.1320000000000012
1626,1.4270000000000023
1627,1.2350000000000019
1628,1.0210000000000026
1629,1.0250000000000012
1630,1.1300000000000003
1631,1.2270000000000016
1632,1.035000000000001
1633,1.3320000000000025
1634,1.2250000000000012
1635,1.6350000000000018
1636,1.4290000000000027
1637,1.2190000000000023
1638,1.223000000000002
1639,1.4410000000000025
1640,1.4230000000000018
1641,0.612999999999999
1642,1.1180000000000008
1643,1.429000000000003
1644,1.6390000000000018
1645,1.1220000000000026
1646,1.3260000000000014
1647,1.1180000000000014
1648,1.5380000000000018
1649,1.2250000000000025
1650,1.023
1651,1.2270000000000028
1652,1.3360000000000012
1653,1.4290000000000027
1654,1.5340000000000018
1655,1.0330000000000013
1656,1.2210000000000014
1657,0.9180000000000007
1658,1.2210000000000019
1659,1.1160000000000014
1660,0.9180000000000013
1661,1.132000000000001
1662,1.4330000000000018
1663,1.2310000000000014
1664,1.033000000000001
1665,1.635000000000002
1666,1.2250000000000016
1667,1.1280000000000012
1668,1.328000000000002
1669,0.8150000000000003
1670,0.5239999999999995
1671,1.225000000000002
1672,1.118000000000001
1673,1.6330000000000027
1674,1.2270000000000023
1675,1.3260000000000012
1676,1.3380000000000016
1677,0.9220000000000013
1678,1.4310000000000023
1679,1.5400000000000014
1680,0.9140000000000015
1681,1.118
1682,1.5300000000000011
1683,1.3320000000000014
1684,1.4310000000000007
1685,1.437000000000002
1686,1.3260000000000025
1687,1.0250000000000015
1688,1.132000000000002
1689,1.0110000000000017
1690,1.4290000000000012
1691,1.1300000000000006
1692,1.1260000000000014
1693,1.2310000000000014
1694,1.2250000000000012
1695,1.1260000000000017
1696,1.4350000000000016
1697,1.1340000000000008
1698,1.3300000000000025
1699,1.5180000000000027
1700,1.433000000000002
1701,1.342000000000002
1702,0.8129999999999998
1703,1.2250000000000014
1704,1.1320000000000017
1705,1.5320000000000025
1706,1.1280000000000014
1707,0.9180000000000007
1708,1.435000000000002
1709,1.3300000000000016
1710,1.6330000000000016
1711,1.3220000000000014
1712,1.2290000000000008
1713,1.128000000000002
1714,1.5260000000000016
1715,1.3280000000000012
1716,1.330000000000002
1717,1.2450000000000012
1718,1.3200000000000023
1719,1.2270000000000012
1720,1.1260000000000006
1721,1.3240000000000023
1722,0.9220000000000016
1723,1.421000000000002
1724,1.0250000000000017
1725,1.2250000000000012
1726,1.5360000000000023
1727,1.5340000000000023
1728,1.2230000000000028
1729,1.1260000000000019
1730,1.629000000000002
1731,1.229000000000002
1732,1.223000000000002
1733,1.1300000000000012
1734,0.9200000000000008
1735,1.429000000000002
1736,1.1340000000000012
1737,1.021000000000002
1738,1.128000000000002
1739,1.1280000000000003
1740,0.9180000000000013
1741,1.5320000000000022
1742,1.1280000000000017
1743,0.7159999999999997
1744,1.4370000000000007
1745,0.9220000000000013
1746,1.4350000000000016
1747,1.4310000000000016
1748,1.3380000000000019
1749,1.4330000000000018
1750,1.734000000000002
1751,1.1280000000000003
1752,1.1220000000000017
1753,1.3260000000000018
1754,1.0270000000000012
1755,1.4350000000000023
1756,1.229000000000001
1757,1.3300000000000025
1758,1.3200000000000023
1759,1.1280000000000014
1760,1.4370000000000018
1761,1.2330000000000014
1762,1.423000000000003
1763,1.526000000000002
1764,1.0250000000000012
1765,1.4230000000000018
1766,1.217000000000002
1767,1.3320000000000016
1768,0.7159999999999996
1769,1.3240000000000023
1770,1.0130000000000026
1771,1.2210000000000023
1772,1.2270000000000019
1773,1.223000000000002
1774,1.136000000000001
1775,1.2290000000000014
1776,1.4290000000000014
1777,1.2230000000000028
1778,1.3360000000000019
1779,1.5420000000000014
1780,1.635000000000002
1781,1.1320000000000008
1782,1.5340000000000023
1783,1.3240000000000023
1784,0.8150000000000003
1785,1.3240000000000018
1786,1.128000000000002
1787,1.1280000000000008
1788,1.639000000000002
1789,0.9140000000000006
1790,1.1220000000000008
1791,1.3340000000000012
1792,1.4430000000000016
1793,1.2390000000000017
1794,0.9200000000000007
1795,1.1200000000000023
1796,1.8390000000000024
1797,0.8170000000000003
1798,1.2230000000000023
1799,1.229000000000002
1800,1.1240000000000014
1801,1.1260000000000019
1802,1.2270000000000023
1803,1.2210000000000025
1804,1.3300000000000027
1805,1.027000000000002
1806,0.9220000000000019
1807,1.5280000000000018
1808,1.5420000000000014
1809,0.9239999999999995
1810,1.4310000000000007
1811,1.3240000000000014
1812,1.4270000000000025
1813,1.1200000000000028
1814,1.132000000000001
1815,1.4270000000000018
1816,1.5320000000000022
1817,1.2210000000000027
1818,1.118000000000001
1819,1.3320000000000016
1820,1.4310000000000027
1821,1.5320000000000025
1822,1.0350000000000015
1823,1.2410000000000019
1824,1.429000000000002
1825,1.2350000000000017
1826,1.324000000000002
1827,1.7340000000000024
1828,1.1220000000000026
1829,1.2230000000000023
1830,1.2330000000000023
1831,1.7420000000000027
1832,1.1260000000000019
1833,1.3240000000000023
1834,1.3320000000000027
1835,1.0230000000000012
1836,1.0310000000000021
1837,1.0230000000000006
1838,1.1260000000000026
1839,1.1420000000000008
1840,1.3280000000000023
1841,1.2230000000000023
1842,1.017000000000001
1843,1.5340000000000011
1844,1.2290000000000016
1845,1.4390000000000012
1846,1.3320000000000018
1847,1.229000000000001
1848,1.0210000000000015
1849,1.124000000000001
1850,1.225000000000002
1851,1.4270000000000025
1852,1.3260000000000005
1853,1.0350000000000008
1854,1.3260000000000014
1855,1.4290000000000018
1856,1.631000000000002
1857,1.122000000000001
1858,1.5300000000000018
1859,1.433000000000001
1860,1.223000000000003
1861,1.126000000000001
1862,1.3200000000000023
1863,1.6370000000000018
1864,1.6210000000000022
1865,1.5320000000000027
1866,1.021000000000002
1867,1.4310000000000012
1868,1.0290000000000012
1869,1.1260000000000014
1870,1.1240000000000008
1871,1.2290000000000014
1872,1.2330000000000014
1873,1.225000000000002
1874,1.2350000000000014
1875,1.433000000000001
1876,1.2270000000000023
1877,1.5360000000000016
1878,1.1280000000000014
1879,1.4330000000000016
1880,1.744000000000002
1881,1.3260000000000014
1882,1.5220000000000022
1883,1.9360000000000022
1884,1.4330000000000025
1885,1.1220000000000017
1886,1.3220000000000025
1887,1.7400000000000027
1888,1.7340000000000024
1889,1.534000000000002
1890,0.8230000000000015
1891,0.9279999999999995
1892,1.1300000000000026
1893,1.0330000000000006
1894,1.5380000000000011
1895,1.027000000000001
1896,0.9140000000000005
1897,1.0330000000000013
1898,0.9260000000000008
1899,1.213000000000002
1900,1.2290000000000025
1901,1.6490000000000018
1902,1.4250000000000023
1903,1.1300000000000008
1904,0.926000000000001
1905,1.3220000000000025
1906,1.5420000000000014
1907,1.6290000000000022
1908,1.1260000000000008
1909,1.0210000000000017
1910,1.1180000000000014
1911,1.3320000000000025
1912,1.3320000000000014
1913,1.2210000000000019
1914,1.2210000000000003
1915,1.2250000000000014
1916,1.3340000000000012
1917,1.3260000000000016
1918,1.5380000000000027
1919,1.2310000000000008
1920,1.645000000000001
1921,1.6470000000000016
1922,1.0190000000000001
1923,1.2230000000000016
1924,1.4290000000000023
1925,1.1200000000000023
1926,1.4250000000000014
1927,1.5220000000000018
1928,0.9160000000000013
1929,1.1380000000000021
1930,1.5380000000000016
1931,1.4450000000000012
1932,1.2210000000000023
1933,1.5280000000000025
1934,1.538000000000002
1935,1.4230000000000016
1936,1.5280000000000027
1937,1.320000000000002
1938,1.7360000000000029
1939,1.2270000000000016
1940,1.5480000000000012
1941,1.2290000000000019
1942,1.3240000000000018
1943,1.0230000000000024
1944,1.3460000000000023
1945,1.4310000000000016
1946,1.4310000000000023
1947,1.524000000000002
1948,1.3240000000000018
1949,1.2230000000000023
1950,1.1260000000000019
1951,0.9220000000000019
1952,1.1240000000000014
1953,0.9240000000000012
1954,1.3360000000000016
1955,1.229000000000002
1956,1.5400000000000018
1957,1.2190000000000012
1958,0.8130000000000007
1959,1.421000000000002
1960,1.324000000000002
1961,1.1240000000000012
1962,1.4270000000000023
1963,1.645000000000002
1964,1.219000000000002
1965,1.4270000000000025
1966,1.1240000000000014
1967,1.023000000000001
1968,1.4310000000000016
1969,1.1300000000000021
1970,0.926000000000001
1971,1.629000000000002
1972,1.0270000000000021
1973,1.2270000000000008
1974,1.1220000000000008
1975,1.0230000000000021
1976,1.2250000000000019
1977,1.1260000000000019
1978,1.4270000000000023
1979,1.2290000000000012
1980,1.1200000000000006
1981,1.328000000000002
1982,1.027000000000001
1983,1.132000000000002
1984,1.6290000000000022
1985,1.6390000000000011
1986,1.328000000000002
1987,1.5340000000000011
1988,1.6330000000000016
1989,1.4290000000000014
1990,1.3280000000000018
1991,1.3380000000000012
1992,1.2190000000000014
1993,1.6370000000000022
1994,1.429000000000002
1995,1.6210000000000022
1996,1.4290000000000012
1997,1.429000000000002
1998,1.4310000000000023
1999,1.4270000000000023
2000,1.528000000000002
2001,1.1380000000000015
2002,0.8170000000000002
2003,1.4330000000000018
2004,1.631000000000002
2005,1.130000000000002
2006,1.5360000000000014
2007,1.930000000000002
2008,1.330000000000002
2009,1.324000000000002
2010,1.4330000000000016
2011,1.2390000000000023
2012,1.5400000000000023
2013,1.734000000000002
2014,1.1160000000000014
2015,1.1200000000000017
2016,1.5420000000000023
2017,1.2270000000000016
2018,1.330000000000002
2019,1.3240000000000018
2020,1.2330000000000023
2021,1.1260000000000017
2022,1.2290000000000005
2023,1.6310000000000011
2024,1.1200000000000019
2025,1.1200000000000012
2026,1.1220000000000017
2027,1.322000000000002
2028,1.0250000000000012
2029,1.4350000000000023
2030,1.6390000000000018
2031,1.4310000000000016
2032,1.9320000000000028
2033,1.229000000000001
2034,1.2190000000000019
2035,1.4330000000000012
2036,1.6330000000000018
2037,1.7360000000000022
2038,1.5300000000000022
2039,1.0310000000000012
2040,1.330000000000001
2041,1.2270000000000025
2042,1.025000000000002
2043,1.3400000000000012
2044,1.233000000000001
2045,1.3260000000000027
2046,1.423000000000002
2047,1.3240000000000012
2048,1.1240000000000012
2049,1.2270000000000025
2050,1.2330000000000028
2051,1.5260000000000027
2052,1.6270000000000022
2053,1.3380000000000012
2054,1.5260000000000031
2055,1.2230000000000012
2056,1.4410000000000018
2057,1.4310000000000016
2058,1.4450000000000012
2059,1.740000000000002
2060,1.1260000000000014
2061,1.734000000000002
2062,1.8430000000000009
2063,1.3260000000000023
2064,1.4270000000000007
2065,1.536000000000002
2066,1.3360000000000012
2067,1.4350000000000016
2068,1.4410000000000025
2069,1.6390000000000018
2070,1.631000000000002
2071,1.4290000000000018
2072,1.3320000000000027
2073,1.1180000000000008
2074,1.631000000000003
2075,1.6330000000000024
2076,1.4310000000000018
2077,1.318000000000002
2078,1.3340000000000014
2079,1.118000000000002
2080,1.0270000000000012
2081,0.9160000000000008
2082,1.2130000000000019
2083,1.7440000000000018
2084,1.3300000000000014
2085,1.6290000000000022
2086,1.8410000000000013
2087,1.3180000000000023
2088,1.3300000000000016
2089,1.530000000000002
2090,1.3340000000000003
2091,1.5220000000000022
2092,1.233000000000001
2093,1.4350000000000016
2094,1.835000000000002
2095,1.0270000000000008
2096,1.3280000000000023
2097,1.4330000000000012
2098,1.7480000000000018
2099,1.5280000000000014
2100,1.4290000000000023
2101,1.5340000000000018
2102,1.2270000000000014
2103,1.4330000000000018
2104,1.5360000000000014
2105,1.2290000000000012
2106,1.4290000000000012
2107,1.730000000000002
2108,1.342000000000001
2109,1.2250000000000005
2110,1.443000000000001
2111,1.538000000000002
2112,1.429000000000002
2113,1.227000000000002
2114,1.3380000000000023
2115,1.2370000000000019
2116,1.2210000000000008
2117,1.3200000000000016
2118,1.118000000000001
2119,1.427000000000003
2120,1.2230000000000019
2121,1.526000000000002
2122,1.4370000000000025
2123,1.5340000000000027
2124,1.6350000000000025
2125,1.3400000000000014
2126,1.4330000000000025
2127,1.3300000000000016
2128,1.6410000000000013
2129,1.5300000000000025
2130,1.5320000000000016
2131,1.3460000000000019
2132,1.6390000000000016
2133,1.4390000000000018
2134,1.538000000000002
2135,1.4190000000000018
2136,1.4270000000000025
2137,1.2350000000000017
2138,1.2250000000000023
2139,1.6350000000000025
2140,1.5360000000000014
2141,1.5320000000000018
2142,1.534000000000002
2143,1.328000000000002
2144,1.1180000000000023
2145,1.0250000000000012
2146,1.0310000000000017
2147,1.2210000000000025
2148,1.6370000000000025
2149,1.4270000000000023
2150,1.3300000000000014
2151,1.3260000000000016
2152,1.1300000000000008
2153,1.2270000000000019
2154,1.5400000000000023
2155,1.4370000000000016
2156,1.334000000000002
2157,1.4310000000000016
2158,1.6310000000000013
2159,1.3380000000000016
2160,1.2270000000000016
2161,1.3320000000000018
2162,1.433000000000002
2163,1.4370000000000018
2164,1.4290000000000012
2165,1.124000000000001
2166,1.6310000000000024
2167,1.633000000000002
2168,1.7340000000000027
2169,1.4290000000000023
2170,1.7300000000000022
2171,0.9240000000000016
2172,1.7320000000000022
2173,1.544000000000002
2174,1.122000000000003
2175,1.225000000000002
2176,1.6330000000000018
2177,1.4370000000000016
2178,1.3400000000000012
2179,1.2270000000000012
2180,1.425000000000002
2181,1.534000000000002
2182,1.1280000000000023
2183,1.4410000000000016
2184,1.5460000000000016
2185,1.429000000000002
2186,1.4290000000000014
2187,1.4270000000000023
2188,1.1420000000000008
2189,1.1260000000000017
2190,1.3260000000000018
2191,1.4270000000000023
2192,1.320000000000002
2193,1.332000000000002
2194,1.3240000000000014
2195,1.2270000000000019
2196,1.2270000000000023
2197,1.2290000000000014
2198,1.122000000000001
2199,1.4450000000000012
2200,1.6410000000000016
2201,1.3260000000000018
2202,1.3200000000000023
2203,1.6390000000000018
2204,1.0290000000000021
2205,1.328000000000002
2206,1.3440000000000005
2207,1.1280000000000026
2208,1.1360000000000017
2209,1.746000000000002
2210,1.0230000000000015
2211,1.435000000000002
2212,1.7320000000000022
2213,1.1220000000000017
2214,1.9440000000000024
2215,1.6310000000000024
2216,1.4270000000000023
2217,1.2390000000000014
2218,1.7420000000000018
2219,0.9200000000000003
2220,1.4330000000000012
2221,1.6390000000000016
2222,1.7280000000000022
2223,1.3440000000000014
2224,1.4310000000000018
2225,1.526000000000002
2226,1.8410000000000017
2227,1.4250000000000014
2228,1.730000000000002
2229,1.2330000000000012
2230,1.332000000000001
2231,1.3220000000000018
2232,1.5280000000000025
2233,1.4350000000000012
2234,1.4190000000000023
2235,1.6230000000000024
2236,1.2370000000000012
2237,1.4250000000000012
2238,1.2310000000000014
2239,1.6270000000000022
2240,1.322000000000002
2241,1.3240000000000025
2242,1.3300000000000014
2243,1.4210000000000025
2244,1.225000000000001
2245,1.3480000000000008
2246,1.0190000000000026
2247,1.3320000000000016
2248,1.1220000000000014
2249,1.5320000000000022
2250,1.3240000000000014
2251,1.7420000000000024
2252,1.5380000000000018
2253,1.5420000000000016
2254,1.4350000000000023
2255,1.132000000000002
2256,1.4270000000000023
2257,1.7340000000000029
2258,1.227000000000002
2259,1.4330000000000016
2260,1.6410000000000016
2261,1.3280000000000018
2262,1.7480000000000018
2263,1.4230000000000018
2264,1.9480000000000017
2265,1.2430000000000014
2266,1.2310000000000019
2267,1.324000000000002
2268,1.1240000000000017
2269,1.6250000000000029
2270,0.9199999999999996
2271,1.6310000000000024
2272,1.2390000000000014
2273,1.5300000000000025
2274,1.6310000000000016
2275,1.730000000000002
2276,1.5300000000000031
2277,1.4370000000000018
2278,1.3260000000000018
2279,1.5300000000000022
2280,1.1280000000000014
2281,1.5280000000000018
2282,1.4310000000000016
2283,1.429000000000001
2284,1.2270000000000019
2285,1.835000000000002
2286,1.227000000000002
2287,1.934000000000002
2288,1.433000000000002
2289,1.5420000000000018
2290,1.4290000000000032
2291,1.4410000000000023
2292,1.5280000000000025
2293,1.4370000000000025
2294,1.4370000000000014
2295,1.1300000000000017
2296,1.322000000000002
2297,1.021000000000002
2298,1.429000000000002
2299,0.8170000000000011
2300,1.1220000000000019
2301,1.3340000000000019
2302,1.5280000000000025
2303,1.0190000000000017
2304,1.1160000000000019
2305,1.3260000000000023
2306,1.534000000000002
2307,1.4490000000000014
2308,1.5220000000000018
2309,1.4250000000000025
2310,1.5320000000000018
2311,1.4370000000000014
2312,1.4310000000000023
2313,1.1320000000000012
2314,1.5360000000000016
2315,1.1220000000000026
2316,1.2250000000000012
2317,1.4430000000000016
2318,1.4290000000000023
2319,1.223000000000002
2320,1.536000000000002
2321,1.8330000000000024
2322,1.6310000000000016
2323,1.423000000000002
2324,1.6330000000000013
2325,1.3220000000000025
2326,1.2230000000000028
2327,1.4270000000000003
2328,1.5400000000000014
2329,1.6370000000000027
2330,1.3260000000000012
2331,1.6350000000000018
2332,1.3160000000000025
2333,1.4410000000000018
2334,1.6290000000000022
2335,1.7380000000000022
2336,1.3240000000000025
2337,1.3360000000000014
2338,1.5420000000000023
2339,1.4390000000000014
2340,1.839000000000002
2341,1.2310000000000014
2342,1.439000000000001
2343,1.6270000000000027
2344,1.5260000000000025
2345,1.6310000000000031
2346,1.433000000000002
2347,0.9180000000000015
2348,1.4290000000000023
2349,1.1300000000000012
2350,1.7380000000000024
2351,1.5340000000000023
2352,1.126000000000001
2353,1.3400000000000014
2354,1.0210000000000015
2355,1.4310000000000025
2356,1.8490000000000015
2357,1.4250000000000016
2358,1.3200000000000016
2359,1.1300000000000008
2360,1.120000000000002
2361,1.7360000000000024
2362,1.3220000000000016
2363,1.5320000000000018
2364,1.3220000000000016
2365,1.8330000000000022
2366,1.8510000000000013
2367,1.3300000000000012
2368,1.3360000000000014
2369,1.6270000000000022
2370,1.328000000000001
2371,1.4310000000000027
2372,1.4250000000000016
2373,1.435000000000003
2374,1.4250000000000025
2375,1.3340000000000014
2376,1.3260000000000025
2377,1.5300000000000018
2378,1.4230000000000018
2379,1.744000000000001
2380,1.437000000000002
2381,2.039000000000003
2382,1.4350000000000023
2383,1.7420000000000027
2384,1.138000000000001
2385,1.643000000000002
2386,2.033000000000002
2387,1.643000000000001
2388,1.423000000000002
2389,1.4210000000000016
2390,1.4250000000000023
2391,1.6330000000000016
2392,1.7320000000000022
2393,1.5260000000000022
2394,1.8350000000000015
2395,1.2310000000000016
2396,1.3260000000000016
2397,1.5440000000000023
2398,1.528000000000002
2399,1.6430000000000013
2400,1.5340000000000023
2401,1.4350000000000016
2402,1.3340000000000019
2403,1.4390000000000007
2404,1.839000000000002
2405,1.528000000000002
2406,1.6390000000000016
2407,1.2190000000000019
2408,1.1220000000000008
2409,1.3300000000000016
2410,1.2350000000000014
2411,1.4290000000000023
2412,1.6430000000000016
2413,1.0290000000000008
2414,1.6310000000000024
2415,1.3320000000000025
2416,1.1260000000000019
2417,1.5320000000000016
2418,1.6350000000000018
2419,1.3300000000000016
2420,1.736000000000002
2421,1.2210000000000025
2422,1.233000000000001
2423,1.4250000000000023
2424,1.4330000000000027
2425,1.8410000000000022
2426,1.3300000000000014
2427,1.328000000000001
2428,1.3280000000000023
2429,1.4350000000000025
2430,1.126000000000001
2431,1.534000000000002
2432,1.5300000000000014
2433,1.7340000000000027
2434,1.6250000000000029
2435,1.3380000000000016
2436,1.5400000000000018
2437,1.429000000000002
2438,1.4290000000000023
2439,1.6370000000000031
2440,1.4310000000000014
2441,1.4450000000000014
2442,1.6430000000000013
2443,1.9280000000000035
2444,1.5260000000000025
2445,1.8410000000000022
2446,1.3220000000000027
2447,1.2270000000000012
2448,1.940000000000002
2449,1.4250000000000016
2450,1.4330000000000018
2451,1.4270000000000018
2452,1.3280000000000012
2453,1.1180000000000019
2454,1.2390000000000017
2455,1.5420000000000025
2456,1.3340000000000014
2457,1.4370000000000018
2458,1.3300000000000012
2459,1.1240000000000014
2460,1.2310000000000023
2461,1.338000000000001
2462,1.2190000000000014
2463,1.3300000000000023
2464,1.538000000000003
2465,1.3300000000000023
2466,1.639000000000002
2467,1.3300000000000032
2468,1.528000000000001
2469,1.7420000000000022
2470,1.6290000000000022
2471,1.425000000000002
2472,1.322000000000002
2473,1.5300000000000022
2474,1.6370000000000027
2475,1.1240000000000014
2476,1.3460000000000016
2477,1.6350000000000022
2478,1.5460000000000012
2479,1.1260000000000014
2480,1.5380000000000025
2481,1.6410000000000022
2482,1.4330000000000025
2483,1.3260000000000014
2484,1.3280000000000018
2485,1.4410000000000025
2486,1.5420000000000018
2487,1.5340000000000011
2488,1.2310000000000012
2489,1.4350000000000014
2490,1.136000000000001
2491,1.6250000000000027
2492,1.956000000000001
2493,1.837000000000002
2494,1.5260000000000016
2495,1.3280000000000018
2496,1.332000000000002
2497,1.7280000000000024
2498,1.328000000000001
2499,1.635000000000002
2500,1.5380000000000018
2501,1.5420000000000014
2502,1.6370000000000011
2503,1.2350000000000012
2504,1.5300000000000011
2505,1.6350000000000022
2506,1.7460000000000016
2507,1.3300000000000016
2508,1.4290000000000014
2509,1.4350000000000023
2510,1.528000000000003
2511,1.3400000000000014
2512,1.538000000000002
2513,1.5300000000000018
2514,1.639000000000002
2515,1.433000000000002
2516,1.5380000000000016
2517,1.3320000000000016
2518,1.6350000000000013
2519,1.7520000000000011
2520,1.2210000000000014
2521,1.746000000000002
2522,1.4330000000000016
2523,1.4330000000000016
2524,1.5260000000000022
2525,1.635000000000002
2526,1.8350000000000017
2527,1.338000000000002
2528,1.5380000000000018
2529,1.4350000000000023
2530,1.538000000000001
2531,1.4290000000000018
2532,1.4310000000000023
2533,1.2210000000000014
2534,1.221000000000001
2535,1.6270000000000024
2536,1.4390000000000014
2537,1.635000000000001
2538,1.536000000000002
2539,1.6350000000000018
2540,1.439000000000002
2541,1.3360000000000012
2542,1.526000000000002
2543,1.1240000000000014
2544,1.6330000000000016
2545,1.2390000000000012
2546,1.3300000000000016
2547,1.6230000000000016
2548,1.427000000000003
2549,1.3320000000000016
2550,1.2230000000000016
2551,1.433000000000002
2552,1.9360000000000017
2553,1.4350000000000014
2554,1.740000000000002
2555,1.6310000000000011
2556,1.0170000000000015
2557,1.4410000000000016
2558,1.524000000000002
2559,1.5260000000000014
2560,1.2330000000000019
2561,1.3260000000000012
2562,1.229000000000001
2563,1.524000000000002
2564,1.7400000000000022
2565,1.6310000000000024
2566,1.3260000000000023
2567,1.740000000000002
2568,1.1320000000000017
2569,1.9340000000000024
2570,1.8550000000000013
2571,1.7380000000000022
2572,1.4390000000000014
2573,1.6330000000000027
2574,1.6270000000000033
2575,1.1240000000000017
2576,1.540000000000001
2577,1.528000000000002
2578,1.5340000000000023
2579,1.6370000000000025
2580,1.4230000000000025
2581,1.4410000000000025
2582,1.6450000000000022
2583,1.3340000000000014
2584,1.839000000000002
2585,1.5360000000000023
2586,1.2250000000000023
2587,1.5320000000000025
2588,1.6290000000000022
2589,1.2310000000000012
2590,1.2310000000000023
2591,1.6330000000000024
2592,1.3280000000000016
2593,1.744000000000002
2594,1.2210000000000019
2595,1.4230000000000016
2596,1.4250000000000025
2597,1.536000000000002
2598,1.530000000000002
2599,1.526000000000002
2600,1.845000000000002
2601,1.528000000000002
2602,1.5240000000000027
2603,1.536000000000002
2604,1.330000000000001
2605,1.5420000000000023
2606,1.425000000000002
2607,1.8430000000000017
2608,1.6390000000000022
2609,1.3300000000000012
2610,1.3300000000000023
2611,1.7280000000000018
2612,1.031000000000001
2613,1.4330000000000018
2614,1.5500000000000014
2615,1.5340000000000018
2616,1.5380000000000018
2617,1.8510000000000013
2618,1.4370000000000018
2619,1.6450000000000025
2620,1.6450000000000011
2621,1.534000000000002
2622,1.3280000000000012
2623,1.6370000000000031
2624,1.534000000000002
2625,1.8270000000000026
2626,1.4290000000000018
2627,1.2170000000000016
2628,1.7360000000000022
2629,2.1420000000000026
2630,1.7380000000000009
2631,1.2310000000000014
2632,1.7300000000000018
2633,1.423000000000003
2634,1.5380000000000018
2635,1.5220000000000018
2636,1.8350000000000022
2637,1.3300000000000014
2638,1.4410000000000025
2639,1.7360000000000024
2640,1.4390000000000012
2641,1.3300000000000016
2642,1.5420000000000018
2643,1.128000000000002
2644,1.5500000000000012
2645,1.2230000000000019
2646,1.6390000000000018
2647,1.435000000000002
2648,1.6370000000000031
2649,1.2230000000000016
2650,1.6370000000000022
2651,1.5380000000000018
2652,1.5320000000000018
2653,1.6350000000000013
2654,1.528000000000002
2655,1.726000000000002
2656,1.4410000000000016
2657,1.536000000000002
2658,1.1260000000000014
2659,1.4230000000000025
2660,1.6310000000000016
2661,1.8430000000000024
2662,1.2270000000000016
2663,1.5280000000000018
2664,1.3240000000000023
2665,1.2290000000000012
2666,1.5360000000000016
2667,1.1280000000000012
2668,1.645000000000002
2669,1.2310000000000012
2670,1.5260000000000014
2671,1.629000000000003
2672,1.845000000000002
2673,1.7320000000000015
2674,1.7300000000000029
2675,2.043000000000002
2676,1.2390000000000014
2677,1.7460000000000013
2678,1.5360000000000014
2679,1.740000000000002
2680,1.5320000000000018
2681,1.4330000000000027
2682,1.6370000000000018
2683,1.627000000000003
2684,1.4290000000000018
2685,1.3360000000000023
2686,1.530000000000003
2687,1.4410000000000016
2688,1.5400000000000023
2689,1.2250000000000016
2690,1.6390000000000022
2691,1.5280000000000018
2692,1.847000000000001
2693,1.5440000000000023
2694,1.4350000000000014
2695,1.8450000000000017
2696,1.6290000000000022
2697,1.427000000000001
2698,1.5240000000000022
2699,1.5380000000000011
2700,1.3320000000000018
2701,1.5280000000000018
2702,1.5360000000000023
2703,1.9340000000000024
2704,1.641000000000002
2705,1.538000000000002
2706,1.9380000000000024
2707,1.6330000000000016
2708,1.629000000000002
2709,1.734000000000002
2710,1.7320000000000026
2711,1.332000000000002
2712,1.8430000000000022
2713,1.2350000000000012
2714,1.7360000000000024
2715,1.744000000000002
2716,1.3240000000000018
2717,1.6330000000000016
2718,1.4250000000000023
2719,1.3320000000000016
2720,1.6370000000000022
2721,1.2290000000000012
2722,1.2270000000000019
2723,1.536000000000002
2724,1.5220000000000018
2725,1.526000000000002
2726,1.5320000000000025
2727,1.6390000000000022
2728,1.827000000000003
2729,1.5500000000000016
2730,1.528000000000002
2731,1.6370000000000018
2732,1.4230000000000025
2733,1.4270000000000018
2734,1.5400000000000011
2735,2.049000000000002
2736,1.7360000000000022
2737,1.2310000000000016
2738,1.6430000000000013
2739,1.7500000000000018
2740,1.4230000000000018
2741,1.3220000000000018
2742,1.5440000000000007
2743,1.4390000000000023
2744,1.532000000000001
2745,1.7400000000000018
2746,1.1200000000000014
2747,1.5260000000000025
2748,1.118000000000002
2749,1.6270000000000024
2750,1.6330000000000018
2751,1.439000000000002
2752,1.7340000000000027
2753,1.5320000000000018
2754,1.8450000000000026
2755,1.8390000000000015
2756,1.9340000000000024
2757,1.4370000000000018
2758,1.5340000000000018
2759,1.4290000000000012
2760,1.2470000000000006
2761,1.2190000000000019
2762,1.4170000000000014
2763,1.726000000000002
2764,1.5260000000000022
2765,1.4350000000000016
2766,1.6370000000000007
2767,1.736000000000002
2768,1.5440000000000018
2769,1.536000000000002
2770,1.4330000000000018
2771,1.3340000000000025
2772,1.5360000000000016
2773,1.437000000000003
2774,1.6350000000000018
2775,1.3340000000000019
2776,1.7480000000000024
2777,1.4270000000000018
2778,1.544000000000002
2779,1.6410000000000013
2780,1.338000000000001
2781,1.4290000000000023
2782,1.8370000000000022
2783,0.9300000000000008
2784,1.3260000000000018
2785,1.225000000000001
2786,1.9280000000000026
2787,1.3320000000000025
2788,1.128000000000002
2789,1.5320000000000018
2790,1.528000000000002
2791,1.5320000000000018
2792,1.3360000000000012
2793,1.7280000000000024
2794,1.7380000000000018
2795,1.528000000000002
2796,1.845000000000001
2797,1.8390000000000017
2798,1.526000000000002
2799,1.8430000000000015
2800,1.4250000000000025
2801,1.847000000000001
2802,1.538000000000002
2803,2.134000000000002
2804,1.9360000000000022
2805,1.445000000000002
2806,1.4310000000000018
2807,1.1220000000000012
2808,1.7440000000000015
2809,1.3300000000000023
2810,1.225000000000002
2811,1.5420000000000014
2812,1.2230000000000019
2813,1.625000000000002
2814,1.8390000000000017
2815,1.4330000000000025
2816,1.4370000000000018
2817,1.6270000000000027
2818,1.1320000000000017
2819,1.7460000000000013
2820,1.5320000000000027
2821,1.528000000000002
2822,1.7440000000000009
2823,1.6350000000000018
2824,1.5320000000000022
2825,1.3200000000000016
2826,1.5320000000000022
2827,1.530000000000002
2828,1.6390000000000018
2829,1.6290000000000022
2830,1.433000000000002
2831,1.4390000000000012
2832,1.5240000000000016
2833,1.6350000000000022
2834,1.4350000000000023
2835,1.4370000000000018
2836,1.5380000000000018
2837,1.5300000000000014
2838,1.4250000000000016
2839,1.734000000000002
2840,1.4330000000000012
2841,1.3280000000000018
2842,1.2210000000000012
2843,1.1380000000000015
2844,1.7460000000000022
2845,1.4370000000000027
2846,1.641000000000002
2847,1.845000000000002
2848,1.330000000000002
2849,1.7400000000000022
2850,1.5460000000000014
2851,1.4230000000000018
2852,1.433000000000002
2853,1.5260000000000025
2854,1.443000000000001
2855,1.633000000000003
2856,1.4350000000000016
2857,1.4310000000000016
2858,1.334000000000002
2859,1.1140000000000017
2860,1.538000000000002
2861,1.6290000000000022
2862,1.3360000000000014
2863,1.7380000000000022
2864,1.7500000000000007
2865,1.324000000000002
2866,1.6370000000000013
2867,1.5380000000000016
2868,1.7340000000000027
2869,1.3420000000000016
2870,1.6390000000000016
2871,1.4310000000000025
2872,1.6290000000000027
2873,1.4430000000000005
2874,1.835000000000002
2875,1.4370000000000018
2876,0.8270000000000006
2877,2.0350000000000024
2878,1.6310000000000022
2879,1.2210000000000025
2880,1.8470000000000022
2881,1.5440000000000027
2882,2.146000000000002
2883,1.4250000000000025
2884,1.5280000000000025
2885,1.635000000000002
2886,1.631000000000002
2887,1.5340000000000016
2888,1.530000000000003
2889,1.1240000000000017
2890,1.6270000000000022
2891,1.6350000000000025
2892,1.540000000000002
2893,1.2350000000000023
2894,1.528000000000002
2895,1.538000000000001
2896,1.8350000000000026
2897,1.6250000000000022
2898,1.839000000000002
2899,1.7380000000000018
2900,1.8370000000000022
2901,1.433000000000002
2902,1.5320000000000022
2903,1.530000000000002
2904,1.5300000000000018
2905,1.5320000000000025
2906,1.6410000000000016
2907,1.122000000000001
2908,1.5360000000000014
2909,1.5340000000000027
2910,1.5380000000000018
2911,1.4270000000000025
2912,1.328000000000001
2913,1.8370000000000022
2914,1.629000000000002
2915,1.8430000000000024
2916,1.4170000000000027
2917,1.5340000000000018
2918,1.4390000000000018
2919,1.9440000000000015
2920,1.8470000000000022
2921,1.8330000000000022
2922,1.6310000000000024
2923,1.1120000000000025
2924,1.7480000000000024
2925,1.839000000000002
2926,1.8330000000000022
2927,1.7320000000000022
2928,1.8370000000000022
2929,1.6370000000000027
2930,1.8310000000000024
2931,1.439000000000002
2932,1.633000000000002
2933,1.6410000000000016
2934,1.9380000000000017
2935,1.5480000000000012
2936,1.8330000000000022
2937,1.3300000000000025
2938,1.740000000000002
2939,1.5340000000000018
2940,1.5460000000000016
2941,1.5420000000000014
2942,1.6310000000000024
2943,1.3340000000000019
2944,1.5360000000000011
2945,1.643000000000001
2946,1.4390000000000014
2947,1.2250000000000016
2948,1.831000000000002
2949,1.643000000000002
2950,1.3380000000000012
2951,1.6290000000000018
2952,1.4290000000000018
2953,1.4270000000000027
2954,1.5260000000000025
2955,1.5420000000000014
2956,1.6430000000000018
2957,1.6370000000000016
2958,1.4290000000000014
2959,1.6270000000000024
2960,1.6330000000000024
2961,1.4410000000000016
2962,1.4270000000000025
2963,1.3240000000000025
2964,1.6270000000000024
2965,1.6350000000000013
2966,1.9460000000000017
2967,1.7380000000000022
2968,1.6370000000000016
2969,1.1180000000000014
2970,1.227000000000002
2971,1.4230000000000025
2972,1.5340000000000011
2973,1.623000000000002
2974,1.625000000000002
2975,1.128000000000002
2976,1.639000000000002
2977,1.7340000000000015
2978,1.9360000000000022
2979,2.039000000000002
2980,1.847000000000002
2981,1.0290000000000008
2982,1.3360000000000016
2983,1.740000000000002
2984,1.6430000000000018
2985,1.5440000000000018
2986,1.8330000000000028
2987,1.5300000000000022
2988,1.7340000000000027
2989,1.946000000000002
2990,1.538000000000002
2991,1.639000000000002
2992,1.8310000000000017
2993,1.8290000000000026
2994,1.629000000000001
2995,1.4270000000000025
2996,1.3260000000000023
2997,1.3320000000000016
2998,1.5400000000000023
2999,1.5400000000000011
3000,1.7340000000000024
3001,1.629000000000002
3002,1.7440000000000015
3003,1.6370000000000018
3004,1.425000000000003
3005,1.6350000000000022
3006,1.5400000000000018
3007,1.5320000000000018
3008,1.7400000000000022
3009,1.3360000000000019
3010,1.8390000000000017
3011,1.6350000000000018
3012,1.9420000000000015
3013,1.744000000000002
3014,1.4290000000000023
3015,1.8330000000000022
3016,1.4310000000000016
3017,1.433000000000002
3018,1.1300000000000017
3019,1.8510000000000013
3020,1.4170000000000023
3021,1.631000000000003
3022,1.4370000000000014
3023,1.4350000000000025
3024,1.9440000000000015
3025,2.1400000000000023
3026,1.5200000000000025
3027,1.9420000000000024
3028,1.427000000000001
3029,1.744000000000002
3030,1.328000000000002
3031,1.5380000000000025
3032,1.639000000000002
3033,1.9440000000000015
3034,1.7360000000000015
3035,1.5360000000000027
3036,1.645000000000002
3037,1.6410000000000013
3038,1.4270000000000025
3039,1.827000000000002
3040,1.526000000000002
3041,1.7300000000000022
3042,1.548000000000001
3043,1.425000000000002
3044,1.5300000000000022
3045,1.6370000000000027
3046,1.3320000000000018
3047,1.635000000000002
3048,1.2230000000000019
3049,1.7380000000000015
3050,1.8430000000000022
3051,1.7360000000000024
3052,1.3420000000000014
3053,1.534000000000002
3054,1.7480000000000016
3055,1.4270000000000027
3056,1.7340000000000015
3057,1.6370000000000011
3058,1.7380000000000027
3059,1.8410000000000017
3060,1.7360000000000015
3061,1.6430000000000016
3062,1.649000000000001
3063,1.7300000000000026
3064,1.8430000000000015
3065,1.328000000000002
3066,1.6470000000000014
3067,1.5400000000000011
3068,1.540000000000002
3069,1.5300000000000022
3070,1.847000000000001
3071,1.5460000000000016
3072,1.7380000000000015
3073,1.8310000000000028
3074,2.0370000000000026
3075,1.7520000000000018
3076,1.3400000000000016
3077,1.736000000000002
3078,1.6310000000000024
3079,1.631000000000003
3080,1.6430000000000016
3081,2.043000000000002
3082,1.6330000000000024
3083,2.0370000000000026
3084,1.5380000000000011
3085,1.7280000000000022
3086,1.6370000000000016
3087,1.4250000000000014
3088,1.7480000000000007
3089,1.5400000000000014
3090,1.5400000000000023
3091,1.9480000000000017
3092,1.7360000000000029
3093,1.5340000000000018
3094,1.7400000000000022
3095,1.538000000000002
3096,1.3380000000000016
3097,1.6290000000000022
3098,1.4410000000000018
3099,1.5320000000000025
3100,1.3240000000000025
3101,1.3300000000000023
3102,1.8350000000000022
3103,1.534000000000002
3104,1.9380000000000015
3105,1.6390000000000022
3106,1.429000000000001
3107,1.2150000000000025
3108,1.5420000000000027
3109,1.6450000000000011
3110,1.5280000000000018
3111,1.942000000000002
3112,1.6310000000000024
3113,1.6370000000000025
3114,1.5340000000000023
3115,1.9460000000000022
3116,1.8530000000000018
3117,1.4310000000000027
3118,2.037000000000002
3119,1.6290000000000018
3120,1.8430000000000015
3121,1.6290000000000022
3122,1.7320000000000026
3123,1.5420000000000018
3124,1.6370000000000018
3125,1.5320000000000018
3126,1.7360000000000015
3127,1.7440000000000018
3128,1.7400000000000013
3129,1.3340000000000014
3130,1.8310000000000024
3131,1.7300000000000022
3132,1.5360000000000025
3133,1.5300000000000018
3134,1.7420000000000018
3135,1.625000000000002
3136,1.5320000000000018
3137,1.7320000000000015
3138,1.1280000000000017
3139,1.540000000000002
3140,1.6410000000000016
3141,1.4370000000000018
3142,1.5200000000000022
3143,1.7360000000000015
3144,1.5380000000000016
3145,1.8470000000000022
3146,1.4270000000000016
3147,1.5260000000000022
3148,2.0350000000000024
3149,1.744000000000002
3150,1.641000000000002
3151,1.6370000000000016
3152,1.536000000000002
3153,1.435000000000002
3154,1.8330000000000024
3155,1.9420000000000015
3156,1.4310000000000014
3157,1.7340000000000018
3158,1.530000000000002
3159,1.4230000000000027
3160,1.7260000000000029
3161,1.534000000000003
3162,1.7280000000000024
3163,1.7360000000000024
3164,1.3220000000000027
3165,1.7380000000000018
3166,1.7420000000000022
3167,1.433000000000002
3168,1.534000000000002
3169,1.5380000000000025
3170,1.639000000000002
3171,1.3340000000000012
3172,1.736000000000002
3173,1.5260000000000022
3174,2.0490000000000026
3175,1.5340000000000016
3176,1.641000000000002
3177,1.2250000000000014
3178,1.6330000000000018
3179,1.3280000000000016
3180,1.7260000000000018
3181,1.839000000000002
3182,1.425000000000002
3183,1.6510000000000016
3184,1.7300000000000022
3185,1.6350000000000018
3186,1.6510000000000007
3187,1.7360000000000013
3188,1.7380000000000018
3189,1.8310000000000024
3190,1.5500000000000016
3191,1.3440000000000012
3192,1.633000000000002
3193,2.2530000000000014
3194,1.6390000000000022
3195,1.5360000000000016
3196,2.0430000000000024
3197,1.6370000000000022
3198,1.3360000000000019
3199,1.3280000000000016
3200,1.3260000000000016
3201,1.8530000000000018
3202,1.952000000000001
3203,1.4350000000000016
3204,1.7280000000000026
3205,1.536000000000002
3206,1.2270000000000028
3207,1.8370000000000022
3208,1.7340000000000027
3209,1.4310000000000018
3210,1.435000000000001
3211,1.4250000000000014
3212,1.7380000000000018
3213,1.3260000000000016
3214,1.7420000000000022
3215,1.5220000000000022
3216,1.0230000000000004
3217,1.839000000000002
3218,1.6390000000000022
3219,1.5360000000000014
3220,1.6330000000000018
3221,1.6390000000000016
3222,1.3260000000000016
3223,1.6370000000000025
3224,1.7300000000000026
3225,1.8470000000000015
3226,1.4330000000000027
3227,1.734000000000002
3228,1.6310000000000022
3229,1.3280000000000018
3230,1.5380000000000011
3231,1.7420000000000015
3232,1.6410000000000022
3233,1.6390000000000027
3234,1.8410000000000022
3235,1.7460000000000022
3236,1.7340000000000027
3237,1.3360000000000019
3238,1.639000000000002
3239,1.8370000000000024
3240,1.6350000000000018
3241,1.7300000000000022
3242,1.3220000000000025
3243,1.3280000000000016
3244,1.536000000000002
3245,1.5380000000000016
3246,1.4290000000000014
3247,1.633000000000002
3248,1.5320000000000025
3249,1.837000000000002
3250,1.536000000000002
3251,1.635000000000002
3252,1.4390000000000023
3253,1.3240000000000012
3254,2.045000000000002
3255,1.736000000000002
3256,1.8370000000000024
3257,1.641000000000002
3258,1.5320000000000022
3259,1.633000000000003
3260,1.7480000000000009
3261,1.7380000000000022
3262,1.5260000000000022
3263,1.8310000000000024
3264,2.0450000000000017
3265,1.4250000000000014
3266,1.8430000000000024
3267,1.1260000000000019
3268,1.631000000000003
3269,1.7260000000000029
3270,1.7480000000000016
3271,1.2250000000000014
3272,1.8370000000000015
3273,1.8430000000000013
3274,1.635000000000002
3275,1.9360000000000022
3276,1.5320000000000027
3277,1.849000000000002
3278,1.6370000000000016
3279,1.7340000000000018
3280,1.8510000000000013
3281,1.6330000000000013
3282,1.4310000000000014
3283,1.5380000000000018
3284,1.7340000000000024
3285,1.5440000000000027
3286,1.338000000000002
3287,1.540000000000002
3288,1.8370000000000022
3289,1.8450000000000022
3290,1.4330000000000018
3291,1.2270000000000016
3292,1.7500000000000013
3293,1.2190000000000023
3294,1.3320000000000016
3295,1.2370000000000019
3296,1.6370000000000027
3297,1.629000000000002
3298,1.7260000000000024
3299,1.7400000000000022
3300,1.627000000000003
3301,1.6370000000000025
3302,1.8370000000000024
3303,1.536000000000002
3304,2.1440000000000023
3305,1.4310000000000025
3306,1.5420000000000016
3307,1.4370000000000016
3308,1.7340000000000029
3309,1.5240000000000022
3310,1.5300000000000022
3311,1.5320000000000018
3312,1.5440000000000023
3313,1.5340000000000023
3314,1.5320000000000014
3315,1.732000000000002
3316,1.6430000000000013
3317,1.9400000000000026
3318,1.7380000000000024
3319,1.9340000000000024
3320,1.6370000000000027
3321,1.6470000000000022
3322,1.6370000000000018
3323,1.8510000000000018
3324,1.6290000000000022
3325,1.9420000000000022
3326,1.9460000000000013
3327,1.6290000000000022
3328,1.9320000000000024
3329,2.0510000000000024
3330,1.5460000000000014
3331,1.4290000000000014
3332,1.6430000000000016
3333,1.243000000000001
3334,1.6470000000000014
3335,2.148000000000002
3336,1.8330000000000024
3337,1.3420000000000014
3338,1.4290000000000014
3339,1.5440000000000011
3340,1.7420000000000022
3341,1.540000000000002
3342,1.9400000000000026
3343,1.750000000000002
3344,1.6410000000000013
3345,1.534000000000002
3346,1.6290000000000027
3347,1.3380000000000016
3348,1.2250000000000019
3349,1.4190000000000034
3350,1.6350000000000013
3351,1.5340000000000016
3352,1.8350000000000017
3353,1.542000000000001
3354,1.4290000000000027
3355,1.5320000000000022
3356,1.8510000000000022
3357,1.746000000000001
3358,1.839000000000002
3359,1.7460000000000016
3360,1.643000000000001
3361,1.6410000000000016
3362,2.0470000000000024
3363,1.732000000000002
3364,1.6310000000000022
3365,1.639000000000002
3366,1.530000000000002
3367,1.7420000000000018
3368,1.7360000000000015
3369,1.5420000000000016
3370,1.7460000000000024
3371,2.0310000000000024
3372,1.633000000000002
3373,1.8330000000000022
3374,1.6330000000000024
3375,1.8370000000000022
3376,1.1280000000000021
3377,1.6330000000000024
3378,1.4250000000000023
3379,1.5340000000000011
3380,1.4270000000000016
3381,1.9360000000000022
3382,1.5400000000000018
3383,1.5400000000000014
3384,1.9400000000000026
3385,1.6330000000000024
3386,1.5280000000000018
3387,2.0330000000000026
3388,1.5320000000000027
3389,1.6370000000000016
3390,1.5400000000000011
3391,1.7320000000000022
3392,1.748000000000002
3393,1.548000000000001
3394,1.5480000000000016
3395,1.5380000000000025
3396,1.641000000000002
3397,1.1240000000000017
3398,1.8410000000000017
3399,1.6330000000000024
3400,1.9480000000000013
3401,1.4250000000000014
3402,1.7420000000000015
3403,1.5340000000000016
3404,1.841000000000002
3405,1.8390000000000024
3406,1.7380000000000022
3407,1.6390000000000018
3408,1.9360000000000026
3409,1.7340000000000029
3410,1.6330000000000018
3411,1.7440000000000015
3412,1.8290000000000028
3413,1.4270000000000025
3414,2.057000000000001
3415,1.4290000000000023
3416,1.641000000000002
3417,1.4250000000000025
3418,1.328000000000002
3419,1.639000000000002
3420,1.6290000000000022
3421,1.3360000000000019
3422,1.6450000000000014
3423,1.6250000000000029
3424,1.8350000000000017
3425,1.944000000000002
3426,1.4350000000000014
3427,1.841000000000002
3428,2.1440000000000023
3429,1.4390000000000023
3430,1.7360000000000022
3431,1.4370000000000027
3432,1.4370000000000014
3433,1.7320000000000022
3434,2.0490000000000013
3435,1.651000000000002
3436,1.631000000000002
3437,1.2350000000000003
3438,1.528000000000002
3439,1.7360000000000015
3440,1.6290000000000027
3441,1.635000000000002
3442,1.423000000000002
3443,1.8410000000000013
3444,1.7460000000000022
3445,1.5420000000000014
3446,1.748000000000002
3447,1.7440000000000027
3448,1.227000000000002
3449,2.154000000000002
3450,1.740000000000002
3451,1.4290000000000023
3452,1.8550000000000022
3453,1.9420000000000022
3454,1.6390000000000022
3455,1.9380000000000026
3456,1.526000000000002
3457,1.936000000000002
3458,1.5320000000000025
3459,1.950000000000002
3460,1.4410000000000023
3461,1.7400000000000018
3462,1.5320000000000027
3463,1.5300000000000022
3464,1.7340000000000018
3465,1.847000000000002
3466,1.334000000000001
3467,1.8450000000000017
3468,1.5300000000000018
3469,1.841000000000002
3470,1.641000000000002
3471,2.2450000000000028
3472,1.530000000000002
3473,1.9440000000000024
3474,1.6430000000000016
3475,1.536000000000002
3476,2.041000000000002
3477,1.423000000000001
3478,1.544000000000002
3479,1.8330000000000024
3480,1.5260000000000027
3481,1.6370000000000016
3482,1.4290000000000027
3483,1.9460000000000022
3484,1.938000000000003
3485,1.6410000000000022
3486,1.5360000000000023
3487,1.5300000000000025
3488,2.0310000000000032
3489,1.631000000000003
3490,1.744000000000002
3491,1.6350000000000018
3492,1.6210000000000024
3493,1.9360000000000017
3494,1.6270000000000018
3495,1.635000000000002
3496,1.4250000000000012
3497,1.7480000000000009
3498,1.6510000000000007
3499,1.9380000000000022
3500,1.6330000000000024
3501,1.8490000000000018
3502,1.3340000000000014
3503,2.039000000000002
3504,1.3260000000000016
3505,1.8410000000000017
3506,1.8430000000000022
3507,1.120000000000002
3508,1.7280000000000033
3509,1.8330000000000028
3510,1.7380000000000018
3511,1.7300000000000029
3512,1.338000000000001
3513,1.8430000000000022
3514,1.5340000000000023
3515,1.6310000000000024
3516,1.7440000000000024
3517,1.4330000000000016
3518,1.633000000000002
3519,1.9480000000000017
3520,1.8310000000000017
3521,1.5340000000000016
3522,1.6270000000000022
3523,1.639000000000002
3524,1.6410000000000025
3525,1.5220000000000018
3526,1.641000000000002
3527,1.5340000000000027
3528,1.645000000000002
3529,1.530000000000002
3530,1.4250000000000016
3531,1.639000000000003
3532,1.734000000000002
3533,1.534000000000003
3534,1.7460000000000029
3535,1.8390000000000029
3536,1.7340000000000018
3537,1.5300000000000025
3538,1.944000000000002
3539,1.4270000000000016
3540,1.8330000000000024
3541,1.530000000000002
3542,1.6370000000000031
3543,2.0430000000000015
3544,1.6430000000000016
3545,1.3220000000000025
3546,1.538000000000002
3547,1.6450000000000025
3548,1.8370000000000022
3549,1.6390000000000016
3550,1.6530000000000018
3551,1.9320000000000024
3552,1.7400000000000013
3553,2.1560000000000015
3554,1.332000000000001
3555,1.2230000000000016
3556,1.8350000000000026
3557,1.829000000000002
3558,1.324000000000002
3559,1.946000000000002
3560,1.6330000000000024
3561,1.4210000000000023
3562,1.5340000000000023
3563,1.7420000000000015
3564,1.8490000000000015
3565,1.6330000000000016
3566,1.5380000000000018
3567,1.423000000000002
3568,1.633000000000002
3569,1.4310000000000014
3570,1.9400000000000022
3571,1.633000000000002
3572,1.6350000000000011
3573,1.536000000000002
3574,1.7340000000000027
3575,1.134000000000001
3576,1.530000000000002
3577,2.0470000000000015
3578,1.8350000000000026
3579,1.5320000000000022
3580,1.3220000000000016
3581,1.7440000000000015
3582,1.7240000000000026
3583,1.6410000000000013
3584,1.3220000000000018
3585,1.8330000000000022
3586,1.4270000000000018
3587,1.7220000000000024
3588,1.8390000000000026
3589,1.8350000000000022
3590,1.6410000000000022
3591,1.9280000000000033
3592,1.5260000000000031
3593,1.4410000000000016
3594,1.4350000000000016
3595,1.9400000000000017
3596,1.435000000000002
3597,1.8370000000000022
3598,1.946000000000002
3599,1.6370000000000022
3600,1.8410000000000022
3601,1.4310000000000016
3602,1.7300000000000026
3603,2.0450000000000017
3604,1.8250000000000028
3605,1.950000000000002
3606,1.6470000000000014
3607,1.7420000000000015
3608,1.5380000000000018
3609,2.150000000000002
3610,1.536000000000002
3611,1.5340000000000027
3612,1.9520000000000013
3613,1.4410000000000014
3614,1.4310000000000023
3615,1.5380000000000025
3616,1.7340000000000015
3617,1.7320000000000022
3618,1.9480000000000022
3619,1.6410000000000027
3620,1.641000000000002
3621,1.633000000000002
3622,1.7400000000000022
3623,1.9400000000000022
3624,1.7460000000000016
3625,2.0450000000000013
3626,1.3320000000000018
3627,1.6270000000000033
3628,1.433000000000002
3629,1.6390000000000022
3630,1.4270000000000023
3631,1.7400000000000018
3632,1.7500000000000009
3633,1.6350000000000025
3634,1.6370000000000022
3635,1.8570000000000007
3636,1.5480000000000016
3637,1.4270000000000016
3638,1.7560000000000013
3639,1.5300000000000014
3640,1.649000000000001
3641,1.7400000000000027
3642,1.6270000000000024
3643,1.5340000000000016
3644,1.8350000000000026
3645,1.8410000000000024
3646,1.6350000000000025
3647,1.7360000000000022
3648,1.5360000000000023
3649,1.8410000000000024
3650,2.031000000000002
3651,1.8410000000000017
3652,1.4230000000000016
3653,1.944000000000002
3654,1.6470000000000016
3655,1.6350000000000025
3656,1.528000000000002
3657,1.5320000000000022
3658,1.5280000000000027
3659,1.5320000000000022
3660,1.635000000000002
3661,2.049000000000001
3662,1.645000000000002
3663,1.5180000000000025
3664,1.6350000000000022
3665,1.330000000000002
3666,1.5460000000000012
3667,2.045000000000002
3668,2.047000000000002
3669,1.8370000000000024
3670,2.041000000000002
3671,1.8370000000000022
3672,1.5480000000000018
3673,1.437000000000002
3674,1.839000000000002
3675,1.8350000000000017
3676,1.6390000000000016
3677,1.746000000000002
3678,2.035000000000003
3679,1.4250000000000023
3680,1.5440000000000027
3681,1.5440000000000018
3682,1.7400000000000013
3683,1.8450000000000015
3684,1.342000000000001
3685,1.847000000000002
3686,1.6250000000000027
3687,1.6370000000000016
3688,1.734000000000002
3689,1.734000000000002
3690,1.4310000000000016
3691,1.5460000000000023
3692,1.8430000000000017
3693,1.932000000000002
3694,1.6270000000000024
3695,1.5380000000000025
3696,2.043000000000002
3697,1.9480000000000017
3698,1.6370000000000016
3699,1.5520000000000014
3700,1.4410000000000014
3701,1.835000000000002
3702,1.8330000000000022
3703,1.4270000000000018
3704,1.845000000000002
3705,1.835000000000002
3706,2.1460000000000017
3707,1.540000000000002
3708,1.6370000000000022
3709,1.7420000000000022
3710,1.9380000000000022
3711,1.6410000000000022
3712,1.9460000000000017
3713,1.7300000000000029
3714,1.8390000000000017
3715,1.7240000000000024
3716,1.7360000000000015
3717,1.6350000000000022
3718,1.540000000000002
3719,1.8390000000000017
3720,1.6430000000000016
3721,1.6290000000000022
3722,1.7360000000000024
3723,1.4310000000000023
3724,1.7340000000000015
3725,1.6310000000000022
3726,1.530000000000002
3727,1.942000000000002
3728,2.144000000000002
3729,1.5280000000000025
3730,1.5420000000000018
3731,1.736000000000002
3732,1.524000000000003
3733,1.5380000000000025
3734,1.6350000000000018
3735,1.6290000000000027
3736,1.837000000000002
3737,2.039000000000002
3738,1.3360000000000014
3739,1.6370000000000013
3740,1.5280000000000018
3741,1.8330000000000028
3742,1.6310000000000022
3743,1.540000000000002
3744,1.940000000000002
3745,1.831000000000002
3746,1.3360000000000019
3747,1.544000000000002
3748,1.8390000000000017
3749,1.845000000000002
3750,1.324000000000002
3751,1.6290000000000011
3752,1.8510000000000024
3753,1.936000000000002
3754,1.2310000000000016
3755,1.631000000000002
3756,1.744000000000002
3757,1.8310000000000024
3758,1.5420000000000014
3759,1.6350000000000022
3760,1.433000000000003
3761,1.639000000000002
3762,1.6390000000000022
3763,1.8490000000000018
3764,1.6270000000000022
3765,2.0410000000000026
3766,1.8430000000000024
3767,1.526000000000002
3768,1.3300000000000012
3769,1.7460000000000016
3770,1.7420000000000022
3771,2.249000000000002
3772,1.7320000000000026
3773,1.6390000000000016
3774,1.645000000000001
3775,1.5240000000000027
3776,1.4310000000000032
3777,1.9440000000000015
3778,1.6370000000000016
3779,1.942000000000002
3780,1.7340000000000024
3781,1.5320000000000022
3782,1.6270000000000016
3783,2.0470000000000024
3784,1.540000000000003
3785,1.6350000000000018
3786,1.7520000000000011
3787,1.6410000000000025
3788,1.734000000000001
3789,1.4270000000000018
3790,1.9400000000000026
3791,1.841000000000002
3792,1.5440000000000011
3793,1.6330000000000027
3794,2.037000000000002
3795,1.645000000000002
3796,1.7360000000000022
3797,1.631000000000003
3798,1.744000000000001
3799,1.6290000000000018
3800,1.950000000000002
3801,1.3220000000000018
3802,1.7500000000000013
3803,1.9400000000000022
3804,1.4330000000000018
3805,1.7300000000000029
3806,1.5240000000000018
3807,1.5320000000000022
3808,1.8470000000000015
3809,1.6430000000000018
3810,1.8330000000000024
3811,1.7480000000000018
3812,1.7360000000000022
3813,1.5380000000000016
3814,1.324000000000002
3815,2.0470000000000024
3816,2.051000000000002
3817,1.532000000000003
3818,1.7360000000000022
3819,1.6370000000000018
3820,1.7340000000000027
3821,2.0530000000000013
3822,2.0390000000000024
3823,1.6350000000000013
3824,1.5300000000000025
3825,1.635000000000002
3826,1.9320000000000024
3827,1.7360000000000015
3828,1.7460000000000013
3829,1.8430000000000015
3830,1.9380000000000022
3831,2.1340000000000017
3832,1.437000000000001
3833,1.8430000000000017
3834,1.8410000000000022
3835,1.7340000000000024
3836,1.3380000000000012
3837,2.2550000000000012
3838,1.6390000000000018
3839,1.7420000000000018
3840,1.6350000000000018
3841,1.740000000000002
3842,1.641000000000002
3843,1.631000000000002
3844,1.8330000000000024
3845,2.148000000000002
3846,1.7300000000000013
3847,1.7400000000000027
3848,1.6330000000000027
3849,1.8490000000000024
3850,1.9380000000000022
3851,2.0410000000000026
3852,1.7460000000000022
3853,1.4270000000000025
3854,1.8470000000000024
3855,1.5360000000000011
3856,1.8390000000000026
3857,1.8310000000000028
3858,1.847000000000002
3859,1.6470000000000016
3860,1.6390000000000022
3861,1.6390000000000027
3862,1.225000000000002
3863,1.746000000000002
3864,1.5380000000000016
3865,1.6430000000000016
3866,1.740000000000002
3867,2.0570000000000017
3868,1.530000000000002
3869,1.732000000000002
3870,1.7240000000000029
3871,1.6390000000000018
3872,1.8350000000000017
3873,1.6350000000000018
3874,1.429000000000002
3875,1.7460000000000022
3876,1.845000000000002
3877,1.3320000000000016
3878,1.5520000000000018
3879,1.9500000000000017
3880,1.6370000000000016
3881,2.1480000000000024
3882,1.6450000000000011
3883,1.6450000000000018
3884,2.148000000000002
3885,1.7420000000000013
3886,1.9300000000000028
3887,1.5480000000000012
3888,1.6330000000000027
3889,1.7400000000000029
3890,1.5380000000000011
3891,1.8330000000000026
3892,1.629000000000002
3893,2.0570000000000017
3894,1.851000000000001
3895,1.6330000000000016
3896,1.6330000000000024
3897,1.837000000000002
3898,1.4310000000000016
3899,1.633000000000002
3900,1.3360000000000016
3901,1.839000000000002
3902,1.952000000000002
3903,1.534000000000002
3904,1.328000000000002
3905,1.5240000000000022
3906,1.5340000000000023
3907,1.8410000000000017
3908,1.8530000000000006
3909,1.7560000000000011
3910,1.940000000000002
3911,1.5480000000000025
3912,1.6390000000000016
3913,1.3340000000000014
3914,1.534000000000002
3915,1.7420000000000018
3916,1.9520000000000015
3917,1.9480000000000022
3918,1.4310000000000027
3919,1.5400000000000018
3920,2.039000000000002
3921,1.6310000000000024
3922,1.8390000000000015
3923,1.3200000000000023
3924,1.746000000000003
3925,1.6410000000000016
3926,1.946000000000002
3927,2.045000000000002
3928,1.3320000000000018
3929,1.9460000000000024
3930,1.8430000000000022
3931,2.045000000000002
3932,1.7340000000000018
3933,1.6250000000000022
3934,1.5300000000000022
3935,1.7500000000000018
3936,1.641000000000002
3937,1.9300000000000028
3938,1.736000000000002
3939,1.7360000000000015
3940,1.643000000000002
3941,1.6310000000000016
3942,1.6370000000000016
3943,1.7480000000000013
3944,1.5300000000000022
3945,1.7360000000000022
3946,1.1180000000000008
3947,2.045000000000002
3948,1.5440000000000014
3949,1.530000000000002
3950,1.534000000000002
3951,2.1500000000000026
3952,1.9380000000000017
3953,1.6310000000000016
3954,1.3320000000000016
3955,1.5280000000000027
3956,1.8450000000000017
3957,1.7480000000000016
3958,1.7420000000000018
3959,1.8370000000000024
3960,1.851000000000002
3961,1.9360000000000022
3962,1.8350000000000026
3963,1.966000000000001
3964,1.9480000000000017
3965,1.9340000000000017
3966,1.5260000000000016
3967,1.6510000000000016
3968,2.0570000000000017
3969,1.6490000000000011
3970,1.6550000000000018
3971,1.8390000000000026
3972,1.5320000000000018
3973,1.9480000000000026
3974,1.7400000000000027
3975,1.829000000000002
3976,1.748000000000002
3977,1.2290000000000012
3978,1.7360000000000022
3979,1.4290000000000027
3980,1.631000000000002
3981,1.9400000000000026
3982,1.8330000000000022
3983,1.6470000000000022
3984,1.9400000000000028
3985,1.758000000000001
3986,1.433000000000002
3987,1.942000000000002
3988,1.835000000000002
3989,1.9480000000000022
3990,2.049000000000002
3991,1.9420000000000022
3992,1.425000000000003
3993,1.8390000000000024
3994,2.0650000000000004
3995,1.6330000000000024
3996,1.740000000000002
3997,1.9380000000000024
3998,1.6390000000000022
3999,1.8450000000000017
4000,1.8350000000000022
4001,1.8550000000000018
4002,1.7500000000000022
4003,1.744000000000002
4004,1.5240000000000027
4005,1.9320000000000028
4006,1.9440000000000024
4007,1.433000000000002
4008,1.7460000000000013
4009,1.9400000000000026
4010,1.5360000000000014
4011,2.039000000000003
4012,1.5320000000000016
4013,1.847000000000002
4014,1.837000000000002
4015,1.5340000000000023
4016,1.736000000000002
4017,1.8470000000000015
4018,1.9380000000000017
4019,1.6310000000000024
4020,1.7360000000000024
4021,1.6530000000000014
4022,1.6350000000000022
4023,1.6310000000000024
4024,1.7280000000000018
4025,1.6330000000000018
4026,1.6370000000000018
4027,1.7360000000000024
4028,1.6310000000000022
4029,1.6430000000000018
4030,1.5420000000000018
4031,2.2390000000000025
4032,1.7480000000000018
4033,1.7440000000000018
4034,1.7400000000000022
4035,1.756000000000002
4036,1.6330000000000027
4037,1.7340000000000024
4038,1.8330000000000026
4039,2.0570000000000017
4040,1.8410000000000022
4041,2.0350000000000024
4042,1.8410000000000022
4043,1.7440000000000024
4044,1.9380000000000022
4045,1.6370000000000016
4046,1.7340000000000015
4047,1.7400000000000027
4048,1.641000000000002
4049,1.643000000000002
4050,1.7360000000000022
4051,1.8410000000000013
4052,1.4290000000000027
4053,1.6370000000000022
4054,1.631000000000003
4055,1.5400000000000005
4056,1.3300000000000023
4057,1.639000000000002
4058,1.2230000000000012
4059,1.5300000000000022
4060,1.6370000000000018
4061,1.835000000000002
4062,1.5440000000000011
4063,1.5380000000000018
4064,1.9440000000000015
4065,2.0350000000000024
4066,1.8370000000000022
4067,1.6410000000000016
4068,2.051000000000002
4069,1.8250000000000022
4070,1.8470000000000015
4071,1.6330000000000024
4072,1.3240000000000018
4073,1.6430000000000018
4074,2.043000000000003
4075,1.6370000000000016
4076,1.4430000000000016
4077,1.6450000000000014
4078,1.3360000000000007
4079,1.7380000000000024
4080,1.6370000000000025
4081,1.9440000000000024
4082,1.9300000000000028
4083,1.7320000000000022
4084,1.736000000000002
4085,1.6290000000000022
4086,2.045000000000002
4087,1.3240000000000025
4088,1.6310000000000024
4089,1.5300000000000022
4090,1.6310000000000031
4091,1.8550000000000009
4092,1.5260000000000022
4093,1.3320000000000027
4094,1.5320000000000027
4095,1.530000000000002
4096,1.7340000000000027
4097,1.6430000000000018
4098,1.6350000000000022
4099,1.9400000000000022
4100,1.5320000000000022
4101,1.8470000000000015
4102,1.7420000000000022
4103,1.744000000000002
4104,1.7300000000000029
4105,1.7420000000000024
4106,1.9420000000000022
4107,1.950000000000002
4108,1.534000000000002
4109,2.1400000000000023
4110,1.7360000000000024
4111,1.4310000000000023
4112,1.5480000000000016
4113,1.9360000000000022
4114,1.8470000000000022
4115,1.635000000000002
4116,1.9360000000000026
4117,2.1420000000000017
4118,1.4290000000000012
4119,1.7380000000000024
4120,1.635000000000002
4121,2.1380000000000017
4122,1.8590000000000009
4123,1.7340000000000015
4124,1.5400000000000014
4125,1.534000000000002
4126,1.736000000000002
4127,1.4290000000000018
4128,1.7420000000000015
4129,1.6370000000000013
4130,1.6290000000000018
4131,2.043000000000002
4132,1.7300000000000026
4133,1.839000000000002
4134,1.639000000000002
4135,2.144000000000003
4136,2.0410000000000026
4137,1.540000000000001
4138,1.9320000000000028
4139,2.146000000000002
4140,1.8290000000000024
4141,1.736000000000002
4142,1.7340000000000024
4143,2.0410000000000026
4144,1.8490000000000015
4145,1.7480000000000016
4146,1.7360000000000013
4147,1.6310000000000024
4148,1.9480000000000017
4149,1.6350000000000025
4150,1.7380000000000024
4151,1.8510000000000018
4152,1.4330000000000018
4153,1.6490000000000016
4154,1.7500000000000013
4155,1.7380000000000022
4156,1.6230000000000027
4157,1.7300000000000026
4158,1.7360000000000024
4159,1.5320000000000022
4160,1.5420000000000018
4161,1.7320000000000024
4162,1.4250000000000023
4163,1.7440000000000024
4164,1.8290000000000017
4165,2.152000000000002
4166,1.6450000000000025
4167,1.7380000000000024
4168,2.1300000000000026
4169,1.7380000000000013
4170,1.730000000000002
4171,1.7380000000000024
4172,2.0490000000000013
4173,1.9440000000000017
4174,1.8450000000000015
4175,2.6390000000000025
4176,1.8370000000000022
4177,1.859000000000002
4178,1.7320000000000024
4179,1.744000000000002
4180,1.7460000000000016
4181,1.2330000000000017
4182,1.5320000000000022
4183,1.534000000000002
4184,1.6250000000000029
4185,2.1380000000000026
4186,1.7520000000000016
4187,1.8330000000000024
4188,1.6370000000000022
4189,1.6250000000000029
4190,1.5320000000000025
4191,1.730000000000003
4192,1.734000000000002
4193,1.5460000000000023
4194,1.730000000000003
4195,1.8430000000000026
4196,1.8470000000000022
4197,1.7500000000000013
4198,1.5300000000000022
4199,1.421000000000002
4200,1.837000000000002
4201,1.7420000000000015
4202,1.6490000000000027
4203,2.265000000000001
4204,1.9620000000000015
4205,2.0470000000000015
4206,1.6370000000000022
4207,2.148000000000002
4208,1.946000000000002
4209,1.629000000000003
4210,1.5420000000000023
4211,1.9480000000000017
4212,1.520000000000003
4213,1.7420000000000027
4214,1.8410000000000024
4215,2.1440000000000023
4216,1.740000000000001
4217,1.7420000000000015
4218,1.9480000000000022
4219,2.043000000000002
4220,1.7380000000000015
4221,2.039000000000002
4222,1.2270000000000025
4223,1.7380000000000022
4224,1.7380000000000015
4225,1.534000000000002
4226,1.730000000000002
4227,2.043000000000002
4228,1.9380000000000022
4229,1.6410000000000016
4230,1.530000000000003
4231,1.5360000000000016
4232,1.8430000000000015
4233,1.7380000000000022
4234,1.7480000000000016
4235,2.251000000000002
4236,1.8390000000000015
4237,1.6270000000000013
4238,1.9360000000000022
4239,1.5280000000000025
4240,1.746000000000002
4241,1.7360000000000024
4242,1.9360000000000028
4243,2.0430000000000024
4244,1.5340000000000023
4245,1.439000000000001
4246,1.7380000000000022
4247,1.9360000000000022
4248,1.8390000000000015
4249,1.8270000000000022
4250,1.8410000000000017
4251,1.7400000000000027
4252,1.6410000000000016
4253,1.8410000000000022
4254,1.9440000000000024
4255,1.6330000000000024
4256,1.8410000000000024
4257,2.0510000000000015
4258,1.837000000000002
4259,1.7360000000000022
4260,1.6330000000000024
4261,1.2270000000000016
4262,1.746000000000002
4263,1.7280000000000029
4264,1.528000000000002
4265,1.8330000000000024
4266,1.7480000000000013
4267,1.7380000000000022
4268,2.148000000000002
4269,1.6370000000000016
4270,2.1420000000000017
4271,1.8430000000000017
4272,1.8450000000000017
4273,1.8350000000000026
4274,1.7400000000000018
4275,1.8370000000000015
4276,1.3320000000000014
4277,1.8330000000000024
4278,1.8410000000000017
4279,1.5360000000000023
4280,1.847000000000002
4281,1.9520000000000022
4282,1.7260000000000035
4283,1.7480000000000018
4284,1.740000000000002
4285,1.7380000000000015
4286,1.6370000000000018
4287,1.4410000000000016
4288,2.043000000000002
4289,1.9400000000000022
4290,1.845000000000001
4291,1.2270000000000016
4292,1.9280000000000026
4293,1.8310000000000022
4294,1.942000000000002
4295,1.2290000000000014
4296,1.7340000000000024
4297,1.851000000000002
4298,1.8490000000000009
4299,1.7580000000000018
4300,1.6390000000000016
4301,1.6310000000000022
4302,1.5280000000000018
4303,1.3300000000000014
4304,1.5260000000000016
4305,2.0530000000000017
4306,2.1580000000000017
4307,1.8410000000000024
4308,1.6490000000000022
4309,1.5420000000000016
4310,1.7420000000000024
4311,1.7320000000000022
4312,1.7380000000000022
4313,2.059000000000001
4314,1.5320000000000025
4315,1.839000000000002
4316,1.5360000000000023
4317,2.0470000000000024
4318,2.2530000000000014
4319,1.4270000000000025
4320,1.9380000000000024
4321,1.4250000000000025
4322,1.9380000000000017
4323,1.8370000000000022
4324,1.744000000000001
4325,1.8450000000000017
4326,1.5320000000000014
4327,1.4270000000000023
4328,1.5340000000000018
4329,1.8270000000000022
4330,1.6370000000000025
4331,1.4310000000000016
4332,1.9440000000000015
4333,1.5340000000000018
4334,1.730000000000002
4335,1.6450000000000022
4336,1.433000000000002
4337,1.5320000000000016
4338,1.946000000000002
4339,1.7400000000000022
4340,1.7380000000000027
4341,1.7300000000000029
4342,1.7440000000000015
4343,1.8390000000000024
4344,1.5300000000000018
4345,1.9540000000000013
4346,1.8410000000000013
4347,1.7280000000000018
4348,1.2310000000000016
4349,1.7360000000000015
4350,1.5320000000000022
4351,1.332000000000001
4352,1.6330000000000018
4353,1.5340000000000023
4354,1.3300000000000014
4355,1.8330000000000015
4356,1.7300000000000018
4357,1.8370000000000024
4358,1.8370000000000022
4359,1.736000000000002
4360,2.148000000000002
4361,1.740000000000002
4362,1.7360000000000022
4363,1.9420000000000022
4364,1.635000000000002
4365,2.1420000000000017
4366,1.5420000000000018
4367,1.6430000000000018
4368,1.7320000000000015
4369,1.8350000000000026
4370,1.534000000000002
4371,1.2230000000000012
4372,1.952000000000002
4373,1.6430000000000013
4374,1.6530000000000018
4375,1.839000000000002
4376,2.0350000000000024
4377,1.845000000000002
4378,1.4470000000000016
4379,1.9400000000000028
4380,1.9400000000000017
4381,1.3240000000000018
4382,1.9280000000000024
4383,1.7400000000000018
4384,1.5400000000000018
4385,1.528000000000002
4386,1.9600000000000022
4387,1.5260000000000027
4388,1.827000000000002
4389,1.8390000000000017
4390,1.544000000000002
4391,2.057000000000002
4392,1.7320000000000022
4393,1.732000000000002
4394,1.5400000000000014
4395,1.736000000000002
4396,1.534000000000003
4397,1.8430000000000017
4398,1.9420000000000022
4399,1.9520000000000022
4400,1.7400000000000022
4401,1.5400000000000018
4402,1.730000000000002
4403,1.746000000000002
4404,1.7340000000000018
4405,1.6430000000000018
4406,1.8330000000000022
4407,1.5440000000000014
4408,1.5360000000000016
4409,1.6330000000000027
4410,1.423000000000002
4411,1.5260000000000022
4412,1.7420000000000015
4413,2.037000000000002
4414,1.9400000000000015
4415,1.7400000000000022
4416,2.0390000000000024
4417,1.8410000000000024
4418,2.1460000000000026
4419,1.3240000000000025
4420,1.8290000000000024
4421,1.8430000000000017
4422,2.0370000000000026
4423,1.7380000000000022
4424,1.8510000000000009
4425,1.7260000000000029
4426,1.7400000000000027
4427,1.641000000000002
4428,1.8370000000000015
4429,1.639000000000002
4430,1.6350000000000022
4431,1.851000000000002
4432,1.6310000000000022
4433,2.049000000000002
4434,1.6330000000000024
4435,1.5320000000000022
4436,1.8350000000000026
4437,1.8390000000000026
4438,1.8370000000000024
4439,1.4410000000000007
4440,1.6390000000000011
4441,1.6370000000000018
4442,1.7300000000000022
4443,1.439000000000002
4444,1.837000000000002
4445,1.7280000000000022
4446,1.9400000000000028
4447,1.740000000000001
4448,1.8490000000000018
4449,1.7420000000000022
4450,1.5520000000000014
4451,2.0470000000000015
4452,1.8510000000000018
4453,2.0570000000000017
4454,1.9300000000000024
4455,1.942000000000002
4456,1.7420000000000018
4457,1.7420000000000013
4458,1.6370000000000016
4459,1.6330000000000018
4460,1.7380000000000015
4461,1.7400000000000027
4462,1.6350000000000022
4463,1.7400000000000018
4464,1.8330000000000022
4465,1.9520000000000022
4466,1.7480000000000013
4467,1.7420000000000024
4468,1.7480000000000018
4469,1.8470000000000022
4470,1.9400000000000028
4471,1.9420000000000024
4472,1.5420000000000018
4473,1.4290000000000023
4474,1.7380000000000013
4475,1.8470000000000022
4476,1.9480000000000022
4477,1.3260000000000023
4478,1.8470000000000024
4479,1.5360000000000014
4480,1.7480000000000016
4481,1.5320000000000016
4482,1.6410000000000022
4483,1.6350000000000018
4484,1.954000000000002
4485,1.6310000000000016
4486,1.8410000000000022
4487,1.9360000000000026
4488,1.6370000000000016
4489,1.7360000000000015
4490,1.7320000000000015
4491,1.5340000000000023
4492,1.8470000000000024
4493,1.4350000000000016
4494,1.7300000000000022
4495,1.4310000000000025
4496,1.6330000000000027
4497,1.9440000000000015
4498,1.635000000000002
4499,1.7360000000000015
4500,1.8390000000000024
4501,2.0290000000000026
4502,2.1560000000000015
4503,1.7280000000000022
4504,1.9420000000000024
4505,1.837000000000002
4506,1.6470000000000018
4507,1.643000000000002
4508,1.5320000000000018
4509,1.9500000000000017
4510,1.5420000000000016
4511,2.146000000000002
4512,1.4270000000000027
4513,2.043000000000002
4514,1.8290000000000017
4515,1.6330000000000024
4516,1.6490000000000018
4517,1.8470000000000015
4518,2.140000000000002
4519,1.5300000000000025
4520,1.9400000000000026
4521,1.4510000000000016
4522,2.0370000000000026
4523,1.7340000000000015
4524,1.6290000000000027
4525,1.732000000000002
4526,1.841000000000002
4527,1.9460000000000013
4528,1.5380000000000016
4529,1.6430000000000013
4530,2.154000000000002
4531,1.9460000000000017
4532,1.845000000000002
4533,1.7420000000000015
4534,1.837000000000002
4535,2.0470000000000024
4536,2.1460000000000026
4537,1.7480000000000016
4538,1.6510000000000011
4539,1.7340000000000015
4540,2.0370000000000026
4541,1.9520000000000015
4542,1.4270000000000027
4543,1.5240000000000027
4544,1.841000000000003
4545,1.635000000000002
4546,1.7400000000000022
4547,1.8410000000000022
4548,1.734000000000002
4549,1.4390000000000014
4550,1.8430000000000022
4551,1.8410000000000024
4552,2.1380000000000026
4553,1.8470000000000015
4554,1.954000000000002
4555,1.332000000000001
4556,1.8450000000000017
4557,1.6350000000000018
4558,1.8250000000000026
4559,1.841000000000002
4560,1.8290000000000026
4561,1.4370000000000016
4562,1.746000000000002
4563,1.740000000000002
4564,1.9340000000000026
4565,1.631000000000002
4566,1.8310000000000028
4567,1.8450000000000015
4568,1.6430000000000018
4569,1.849000000000002
4570,1.435000000000002
4571,2.049000000000002
4572,1.9380000000000022
4573,1.942000000000002
4574,1.734000000000002
4575,1.841000000000002
4576,1.5240000000000022
4577,1.4350000000000023
4578,1.8350000000000022
4579,1.8430000000000017
4580,1.7480000000000018
4581,1.425000000000002
4582,1.8390000000000024
4583,1.952000000000002
4584,2.148000000000001
4585,1.5420000000000014
4586,1.7420000000000015
4587,1.6390000000000011
4588,1.7540000000000018
4589,1.8370000000000022
4590,1.5520000000000018
4591,1.5360000000000014
4592,1.756000000000002
4593,1.7340000000000027
4594,1.8490000000000018
4595,1.936000000000003
4596,1.847000000000002
4597,1.4310000000000016
4598,1.8430000000000026
4599,2.0330000000000026
4600,1.6310000000000024
4601,2.049000000000002
4602,1.6410000000000016
4603,1.744000000000002
4604,2.0390000000000024
4605,1.7360000000000015
4606,1.9360000000000028
4607,1.5480000000000018
4608,1.7420000000000018
4609,1.7440000000000024
4610,1.7420000000000015
4611,1.7380000000000022
4612,1.5340000000000023
4613,1.7420000000000015
4614,1.544000000000002
4615,1.5260000000000025
4616,2.047000000000002
4617,2.144000000000002
4618,2.045000000000002
4619,1.635000000000002
4620,2.148000000000002
4621,1.6370000000000013
4622,2.045000000000002
4623,1.6390000000000018
4624,1.6290000000000011
4625,1.9360000000000026
4626,2.160000000000002
4627,1.9360000000000022
4628,1.7300000000000013
4629,1.6350000000000018
4630,1.952000000000002
4631,1.7520000000000013
4632,1.8310000000000028
4633,1.8330000000000022
4634,1.6350000000000018
4635,1.8410000000000017
4636,1.5320000000000022
4637,1.7340000000000024
4638,2.1500000000000017
4639,1.9540000000000017
4640,1.7480000000000013
4641,2.047000000000001
4642,1.7420000000000024
4643,1.9480000000000015
4644,1.835000000000002
4645,1.8450000000000026
4646,1.7380000000000018
4647,2.0370000000000026
4648,2.059000000000001
4649,1.8330000000000017
4650,2.2630000000000017
4651,1.8390000000000026
4652,1.8430000000000015
4653,1.9440000000000026
4654,1.7320000000000022
4655,1.7360000000000015
4656,1.7320000000000026
4657,1.940000000000002
4658,1.8450000000000022
4659,2.146000000000002
4660,1.845000000000002
4661,1.7340000000000024
4662,1.754000000000002
4663,2.2450000000000028
4664,1.7420000000000022
4665,1.9440000000000026
4666,1.6430000000000018
4667,1.9340000000000024
4668,1.7480000000000024
4669,1.4250000000000025
4670,2.0430000000000024
4671,1.8290000000000028
4672,2.041000000000002
4673,1.6370000000000022
4674,1.7440000000000027
4675,1.6390000000000016
4676,1.5400000000000023
4677,1.7400000000000013
4678,1.7480000000000016
4679,1.839000000000002
4680,1.7520000000000016
4681,1.5360000000000014
4682,2.243000000000002
4683,1.8330000000000017
4684,2.1520000000000015
4685,1.8430000000000024
4686,1.8470000000000015
4687,1.7300000000000026
4688,1.750000000000002
4689,1.746000000000002
4690,1.5320000000000014
4691,1.7480000000000013
4692,1.7420000000000018
4693,1.5340000000000023
4694,2.047000000000002
4695,1.7420000000000022
4696,2.049000000000002
4697,1.8430000000000015
4698,2.0350000000000024
4699,1.7520000000000016
4700,1.8470000000000022
4701,1.5320000000000027
4702,1.641000000000002
4703,1.546000000000002
4704,1.946000000000002
4705,1.631000000000003
4706,2.1500000000000012
4707,1.9340000000000024
4708,1.5200000000000018
4709,1.849000000000002
4710,2.249000000000002
4711,1.835000000000002
4712,2.2630000000000012
4713,1.940000000000002
4714,1.730000000000002
4715,1.6390000000000011
4716,2.0370000000000026
4717,1.956000000000001
4718,1.7520000000000016
4719,1.8430000000000017
4720,1.6370000000000016
4721,1.6370000000000018
4722,1.746000000000001
4723,1.740000000000002
4724,1.7420000000000015
4725,1.8370000000000024
4726,1.6290000000000027
4727,1.5380000000000025
4728,1.8390000000000026
4729,1.8410000000000029
4730,2.1420000000000026
4731,2.0530000000000017
4732,1.7340000000000018
4733,1.4350000000000023
4734,1.7400000000000018
4735,1.9500000000000017
4736,1.9360000000000022
4737,1.5480000000000025
4738,1.8430000000000017
4739,1.8370000000000024
4740,1.6270000000000022
4741,1.6430000000000013
4742,1.8390000000000024
4743,1.845000000000002
4744,2.140000000000002
4745,1.9440000000000015
4746,1.536000000000002
4747,1.9500000000000022
4748,1.7300000000000022
4749,1.9360000000000028
4750,2.146000000000002
4751,1.6270000000000024
4752,1.5420000000000018
4753,1.6310000000000016
4754,1.8470000000000015
4755,1.7420000000000024
4756,1.6410000000000013
4757,1.8450000000000022
4758,2.0470000000000015
4759,1.6350000000000025
4760,1.8430000000000022
4761,1.7480000000000016
4762,2.1480000000000015
4763,2.0630000000000006
4764,1.7360000000000024
4765,1.623000000000002
4766,1.8450000000000026
4767,1.6390000000000022
4768,1.540000000000002
4769,1.9420000000000022
4770,1.8290000000000024
4771,1.4250000000000014
4772,1.841000000000002
4773,1.8350000000000026
4774,1.540000000000002
4775,1.8390000000000024
4776,1.950000000000001
4777,1.9420000000000028
4778,1.8330000000000017
4779,2.140000000000002
4780,1.9400000000000017
4781,1.9480000000000013
4782,1.8410000000000017
4783,2.3340000000000023
4784,1.8390000000000017
4785,1.9380000000000017
4786,1.8490000000000015
4787,1.5280000000000018
4788,1.9340000000000024
4789,1.5340000000000018
4790,1.8350000000000022
4791,2.0350000000000024
4792,1.7500000000000022
4793,1.6370000000000022
4794,1.6370000000000013
4795,1.7400000000000013
4796,1.9380000000000026
4797,1.8430000000000017
4798,1.8330000000000024
4799,1.7340000000000024
4800,2.0310000000000024
4801,1.9340000000000026
4802,2.0430000000000015
4803,1.6330000000000016
4804,1.6470000000000007
4805,2.0330000000000026
4806,1.9460000000000017
4807,1.845000000000002
4808,1.9320000000000028
4809,1.5220000000000018
4810,1.5300000000000025
4811,1.7380000000000022
4812,1.6410000000000016
4813,1.9340000000000028
4814,1.9260000000000022
4815,1.635000000000002
4816,1.7440000000000024
4817,1.740000000000002
4818,1.7360000000000022
4819,1.7320000000000022
4820,1.9380000000000024
4821,2.053000000000002
4822,1.6370000000000022
4823,1.7300000000000029
4824,2.338000000000002
4825,1.6450000000000022
4826,1.6310000000000024
4827,1.746000000000002
4828,1.736000000000002
4829,1.7360000000000015
4830,1.847000000000002
4831,1.6350000000000022
4832,1.8530000000000015
4833,1.6430000000000018
4834,1.7360000000000024
4835,1.6270000000000027
4836,1.6410000000000025
4837,1.8310000000000017
4838,1.7380000000000015
4839,2.2390000000000025
4840,1.5400000000000014
4841,1.7280000000000022
4842,1.7420000000000013
4843,1.5360000000000016
4844,1.9380000000000026
4845,2.0650000000000013
4846,1.8510000000000013
4847,1.734000000000002
4848,2.0390000000000033
4849,1.8550000000000013
4850,1.5400000000000014
4851,1.7400000000000027
4852,2.0390000000000024
4853,1.6270000000000027
4854,1.835000000000002
4855,1.6470000000000018
4856,1.540000000000002
4857,1.7400000000000013
4858,1.8350000000000026
4859,1.7420000000000022
4860,2.037000000000002
4861,2.2450000000000028
4862,1.8390000000000017
4863,1.8410000000000022
4864,1.435000000000002
4865,2.045000000000002
4866,2.1460000000000017
4867,1.8470000000000013
4868,1.631000000000002
4869,1.6430000000000016
4870,2.0490000000000017
4871,1.8450000000000017
4872,1.7380000000000024
4873,1.8430000000000017
4874,2.0370000000000026
4875,1.7280000000000022
4876,1.9400000000000022
4877,1.7320000000000022
4878,1.7380000000000018
4879,1.9500000000000017
4880,1.936000000000002
4881,2.043000000000002
4882,1.6410000000000025
4883,1.6450000000000014
4884,1.9420000000000015
4885,1.855000000000001
4886,1.5380000000000016
4887,1.9500000000000017
4888,1.8390000000000024
4889,2.140000000000002
4890,1.8470000000000022
4891,1.6370000000000025
4892,2.1480000000000024
4893,1.7420000000000018
4894,1.6470000000000018
4895,1.827000000000003
4896,1.8470000000000022
4897,1.6330000000000018
4898,1.8410000000000022
4899,1.7340000000000027
4900,1.4290000000000027
4901,1.6430000000000013
4902,1.9420000000000022
4903,1.8330000000000028
4904,1.9420000000000028
4905,1.534000000000002
4906,1.7360000000000015
4907,1.7420000000000018
4908,1.9460000000000028
4909,1.8330000000000024
4910,2.055000000000002
4911,1.827000000000002
4912,1.6330000000000018
4913,1.8390000000000017
4914,1.3300000000000023
4915,1.7240000000000024
4916,1.8490000000000018
4917,2.055000000000002
4918,1.8430000000000017
4919,1.946000000000002
4920,1.8470000000000022
4921,1.645000000000002
4922,2.0610000000000013
4923,1.7420000000000022
4924,1.9460000000000022
4925,2.1460000000000017
4926,1.653000000000001
4927,1.8290000000000024
4928,2.049000000000002
4929,2.043000000000002
4930,1.736000000000002
4931,1.6470000000000018
4932,1.9400000000000026
4933,1.9540000000000017
4934,1.6370000000000025
4935,1.936000000000002
4936,1.5420000000000025
4937,2.158000000000002
4938,1.3220000000000018
4939,1.8370000000000022
4940,1.940000000000002
4941,1.851000000000001
4942,1.645000000000002
4943,1.8430000000000017
4944,1.9340000000000026
4945,1.7420000000000018
4946,1.6330000000000018
4947,2.057000000000002
4948,1.932000000000002
4949,1.8650000000000007
4950,1.9440000000000017
4951,1.6390000000000011
4952,1.9420000000000015
4953,1.641000000000002
4954,1.6350000000000018
4955,1.5420000000000014
4956,1.9320000000000022
4957,1.9460000000000013
4958,1.8570000000000007
4959,1.7280000000000024
4960,1.7380000000000024
4961,1.7420000000000013
4962,2.148000000000002
4963,1.8410000000000017
4964,1.9400000000000026
4965,2.041000000000002
4966,1.9480000000000017
4967,1.9420000000000015
4968,1.7400000000000027
4969,1.9500000000000017
4970,2.041000000000002
4971,1.8470000000000015
4972,1.6370000000000025
4973,1.8390000000000026
4974,1.7400000000000013
4975,1.4290000000000023
4976,1.5340000000000023
4977,1.8490000000000006
4978,1.8570000000000015
4979,1.736000000000002
4980,1.8370000000000015
4981,2.0410000000000026
4982,1.6310000000000022
4983,1.7420000000000018
4984,2.251000000000002
4985,2.2410000000000014
4986,2.043000000000002
4987,1.9440000000000026
4988,1.835000000000002
4989,1.522000000000003
4990,1.8390000000000017
4991,1.9320000000000024
4992,1.8330000000000026
4993,2.0390000000000024
4994,1.732000000000002
4995,1.4310000000000016
4996,1.7280000000000026
4997,1.633000000000002
4998,1.841000000000002
4999,1.7480000000000007
5000,1.5460000000000012
5001,1.7380000000000022
5002,2.1460000000000017
5003,2.0370000000000026
5004,1.8310000000000022
5005,1.536000000000002
5006,1.841000000000002
5007,1.7520000000000024
5008,1.7380000000000022
5009,1.5440000000000018
5010,1.6410000000000013
5011,1.534000000000002
5012,2.156000000000003
5013,1.6370000000000022
5014,1.6390000000000018
5015,2.1420000000000026
5016,1.936000000000003
5017,2.1500000000000017
5018,1.734000000000002
5019,2.0350000000000024
5020,2.0410000000000017
5021,2.041000000000002
5022,2.037000000000002
5023,1.6470000000000018
5024,1.8330000000000024
5025,1.932000000000002
5026,1.9440000000000024
5027,1.8450000000000015
5028,1.6310000000000033
5029,1.740000000000002
5030,2.146000000000002
5031,1.6490000000000016
5032,1.6430000000000025
5033,1.7400000000000013
5034,1.6330000000000024
5035,1.9380000000000022
5036,2.0450000000000004
5037,1.9500000000000022
5038,1.9300000000000026
5039,1.7440000000000015
5040,1.8390000000000017
5041,1.7380000000000018
5042,1.5300000000000014
5043,1.8390000000000024
5044,1.837000000000002
5045,1.8350000000000022
5046,1.5360000000000025
5047,1.9480000000000017
5048,1.7300000000000022
5049,1.7340000000000029
5050,2.152000000000002
5051,1.8370000000000024
5052,2.043000000000002
5053,1.6250000000000027
5054,1.7380000000000024
5055,2.356000000000002
5056,1.6370000000000018
5057,1.8410000000000013
5058,1.8330000000000024
5059,1.8410000000000017
5060,2.0510000000000024
5061,1.7360000000000022
5062,1.839000000000002
5063,1.629000000000002
5064,1.847000000000001
5065,1.849000000000002
5066,1.5320000000000027
5067,1.7380000000000024
5068,2.1440000000000023
5069,2.049000000000002
5070,2.0530000000000013
5071,1.538000000000002
5072,1.7260000000000024
5073,2.231000000000003
5074,1.4310000000000025
5075,1.6410000000000011
5076,1.536000000000002
5077,1.635000000000002
5078,1.5320000000000014
5079,1.6330000000000024
5080,1.2190000000000025
5081,1.9500000000000017
5082,1.6430000000000016
5083,2.047000000000002
5084,1.7480000000000016
5085,1.936000000000002
5086,1.946000000000002
5087,1.7320000000000015
5088,1.9500000000000022
5089,2.2370000000000023
5090,1.8370000000000015
5091,1.9420000000000022
5092,1.942000000000002
5093,1.623000000000002
5094,1.7400000000000029
5095,1.7520000000000013
5096,1.7380000000000024
5097,1.6390000000000011
5098,1.4310000000000018
5099,1.8250000000000028
5100,1.5320000000000022
5101,1.8330000000000024
5102,1.7360000000000022
5103,1.8510000000000018
5104,1.9400000000000017
5105,2.251000000000002
5106,1.837000000000002
5107,1.5500000000000014
5108,1.7560000000000016
5109,1.839000000000002
5110,2.0350000000000024
5111,1.9360000000000017
5112,1.6330000000000024
5113,1.736000000000002
5114,2.237000000000003
5115,1.6430000000000016
5116,1.952000000000002
5117,1.8390000000000017
5118,1.6370000000000022
5119,1.7360000000000024
5120,2.043000000000002
5121,1.5380000000000016
5122,1.6310000000000024
5123,1.8530000000000015
5124,2.039000000000002
5125,1.8350000000000022
5126,1.9480000000000022
5127,1.9480000000000017
5128,1.8530000000000013
5129,1.744000000000002
5130,1.9340000000000017
5131,1.6470000000000018
5132,1.740000000000002
5133,2.154000000000002
5134,1.847000000000002
5135,1.9480000000000022
5136,1.5480000000000018
5137,1.6390000000000027
5138,1.942000000000002
5139,1.9600000000000009
5140,1.855000000000001
5141,1.8510000000000018
5142,1.9440000000000024
5143,2.041000000000002
5144,1.9460000000000017
5145,1.6370000000000016
5146,1.940000000000002
5147,1.9420000000000015
5148,1.6450000000000018
5149,2.0510000000000015
5150,1.4230000000000016
5151,1.950000000000002
5152,1.942000000000002
5153,1.9460000000000022
5154,1.956000000000001
5155,1.8330000000000026
5156,2.1540000000000012
5157,1.8350000000000017
5158,2.0430000000000015
5159,2.0590000000000015
5160,1.4250000000000025
5161,1.839000000000002
5162,1.6270000000000024
5163,1.5300000000000022
5164,1.847000000000002
5165,1.9440000000000024
5166,1.8430000000000022
5167,1.7360000000000015
5168,1.7400000000000027
5169,1.7420000000000022
5170,1.8450000000000015
5171,1.9480000000000017
5172,1.7440000000000024
5173,2.043000000000002
5174,1.643000000000002
5175,2.0470000000000024
5176,1.6290000000000022
5177,1.8350000000000017
5178,1.9460000000000022
5179,2.0430000000000015
5180,1.845000000000002
5181,1.5380000000000025
5182,1.9480000000000013
5183,1.950000000000001
5184,1.8410000000000024
5185,1.9380000000000022
5186,1.8330000000000026
5187,1.7340000000000027
5188,1.5320000000000022
5189,1.9420000000000028
5190,1.847000000000002
5191,1.9480000000000022
5192,1.7300000000000022
5193,2.249000000000002
5194,1.9480000000000015
5195,1.9660000000000013
5196,1.8370000000000022
5197,1.9400000000000017
5198,1.5300000000000022
5199,1.8390000000000017
5200,1.4310000000000023
5201,1.7360000000000022
5202,1.8410000000000013
5203,1.7360000000000013
5204,1.7500000000000018
5205,1.6490000000000016
5206,2.2470000000000017
5207,1.7380000000000024
5208,2.1520000000000024
5209,1.827000000000003
5210,1.9420000000000015
5211,1.8530000000000006
5212,1.831000000000002
5213,1.7460000000000016
5214,1.9520000000000015
5215,1.4430000000000018
5216,1.730000000000002
5217,1.528000000000002
5218,1.8370000000000024
5219,1.6570000000000005
5220,1.736000000000002
5221,2.3480000000000025
5222,2.2550000000000017
5223,1.8430000000000026
5224,1.9520000000000015
5225,2.243000000000002
5226,1.8390000000000015
5227,1.855000000000001
5228,2.146000000000002
5229,1.6430000000000016
5230,1.934000000000002
5231,1.740000000000002
5232,1.8370000000000022
5233,1.5400000000000011
5234,1.8430000000000015
5235,2.156000000000002
5236,1.8430000000000022
5237,1.9420000000000015
5238,1.540000000000002
5239,1.8430000000000017
5240,1.3280000000000016
5241,2.1580000000000017
5242,1.8350000000000022
5243,2.037000000000002
5244,1.6290000000000027
5245,1.5320000000000025
5246,2.0450000000000017
5247,2.039000000000002
5248,1.730000000000002
5249,1.7320000000000022
5250,1.9460000000000024
5251,1.4350000000000012
5252,1.9440000000000024
5253,1.7360000000000022
5254,1.9480000000000024
5255,2.0390000000000024
5256,1.8470000000000022
5257,1.4330000000000016
5258,2.037000000000002
5259,2.146000000000002
5260,2.043000000000003
5261,1.9580000000000006
5262,1.7300000000000018
5263,2.0410000000000026
5264,1.641000000000002
5265,1.6270000000000024
5266,2.057000000000001
5267,1.946000000000002
5268,2.051000000000002
5269,1.8330000000000013
5270,1.6370000000000018
5271,1.7260000000000024
5272,1.536000000000002
5273,2.045000000000002
5274,2.1440000000000015
5275,1.8450000000000015
5276,1.633000000000002
5277,1.8450000000000017
5278,1.9500000000000017
5279,1.6430000000000013
5280,2.265000000000002
5281,1.7380000000000015
5282,1.6410000000000013
5283,1.8330000000000013
5284,1.9460000000000024
5285,1.5260000000000011
5286,1.8470000000000024
5287,1.7380000000000027
5288,1.8430000000000022
5289,1.9440000000000026
5290,1.9420000000000022
5291,1.9420000000000022
5292,1.6510000000000011
5293,1.8430000000000026
5294,1.8430000000000017
5295,1.956000000000001
5296,1.9460000000000024
5297,2.1500000000000017
5298,1.7400000000000013
5299,2.0330000000000026
5300,1.952000000000002
5301,2.1520000000000015
5302,1.5400000000000025
5303,1.6330000000000024
5304,1.8350000000000022
5305,1.9360000000000026
5306,2.1440000000000023
5307,1.7300000000000026
5308,2.1360000000000023
5309,1.7480000000000024
5310,2.356000000000002
5311,1.930000000000003
5312,2.0550000000000015
5313,2.0530000000000013
5314,1.8430000000000024
5315,1.9480000000000015
5316,1.6310000000000024
5317,1.9400000000000026
5318,1.7380000000000018
5319,2.0370000000000026
5320,1.538000000000002
5321,1.6310000000000022
5322,1.7380000000000018
5323,1.8450000000000015
5324,1.756000000000002
5325,1.8450000000000017
5326,1.5420000000000014
5327,1.8370000000000024
5328,2.1580000000000013
5329,1.839000000000002
5330,1.736000000000002
5331,1.8430000000000017
5332,1.7300000000000013
5333,1.7340000000000015
5334,2.144000000000002
5335,1.649000000000001
5336,1.8330000000000022
5337,1.8410000000000013
5338,1.4350000000000023
5339,1.946000000000002
5340,1.633000000000002
5341,2.0330000000000017
5342,1.847000000000002
5343,1.7580000000000007
5344,1.8410000000000017
5345,1.7400000000000018
5346,1.7340000000000009
5347,1.5340000000000023
5348,1.9480000000000017
5349,2.0450000000000026
5350,1.5400000000000025
5351,1.9420000000000022
5352,1.9420000000000024
5353,1.7340000000000029
5354,2.138000000000002
5355,2.134000000000003
5356,1.8290000000000026
5357,1.8330000000000024
5358,2.140000000000002
5359,1.8410000000000017
5360,1.5320000000000016
5361,1.8410000000000022
5362,1.9440000000000015
5363,1.8490000000000009
5364,1.7400000000000013
5365,2.1500000000000012
5366,1.8430000000000022
5367,1.8290000000000024
5368,1.635000000000002
5369,2.2550000000000012
5370,1.4330000000000016
5371,1.8330000000000022
5372,1.6290000000000022
5373,1.7320000000000022
5374,1.8430000000000024
5375,1.7320000000000022
5376,1.7520000000000016
5377,1.5260000000000031
5378,2.251000000000002
5379,2.035000000000002
5380,1.6310000000000024
5381,1.7340000000000024
5382,2.2450000000000028
5383,1.643000000000002
5384,1.7360000000000022
5385,1.8530000000000015
5386,1.8590000000000015
5387,1.7520000000000011
5388,2.2490000000000014
5389,1.320000000000001
5390,2.029000000000003
5391,1.9320000000000024
5392,2.043000000000002
5393,1.9440000000000017
5394,1.8410000000000024
5395,1.952000000000002
5396,1.9480000000000013
5397,1.8370000000000022
5398,2.047000000000002
5399,1.5360000000000023
5400,1.9500000000000015
5401,1.8410000000000017
5402,1.9480000000000013
5403,1.8470000000000022
5404,1.7500000000000018
5405,2.245000000000002
5406,1.7340000000000015
5407,1.9500000000000017
5408,1.6370000000000011
5409,2.2570000000000014
5410,1.9400000000000022
5411,1.8370000000000022
5412,1.845000000000002
5413,1.8330000000000026
5414,1.9380000000000017
5415,1.5340000000000018
5416,1.8470000000000022
5417,2.0610000000000013
5418,1.6370000000000013
5419,1.8370000000000022
5420,1.952000000000002
5421,1.5280000000000027
5422,1.7400000000000022
5423,1.841000000000002
5424,1.528000000000002
5425,1.730000000000002
5426,1.8470000000000015
5427,1.6310000000000022
5428,1.621000000000003
5429,1.6370000000000025
5430,1.7420000000000018
5431,2.152000000000002
5432,1.849000000000002
5433,1.9480000000000017
5434,1.6350000000000013
5435,2.150000000000002
5436,1.6310000000000022
5437,1.7420000000000018
5438,1.9380000000000022
5439,2.037000000000002
5440,1.851000000000002
5441,1.633000000000001
5442,1.8330000000000017
5443,1.8350000000000026
5444,1.9420000000000024
5445,1.7380000000000022
5446,2.1680000000000015
5447,1.950000000000002
5448,1.7320000000000024
5449,1.435000000000002
5450,1.7440000000000018
5451,1.839000000000002
5452,1.6510000000000016
5453,1.7400000000000027
5454,1.8430000000000015
5455,1.8410000000000017
5456,1.8450000000000017
5457,1.629000000000002
5458,1.736000000000002
5459,2.3460000000000023
5460,1.5380000000000018
5461,1.7420000000000015
5462,2.1360000000000023
5463,2.2570000000000014
5464,1.9380000000000026
5465,1.841000000000002
5466,2.057000000000001
5467,1.9440000000000017
5468,1.6330000000000027
5469,1.5240000000000022
5470,1.847000000000002
5471,1.847000000000002
5472,1.6530000000000014
5473,2.0510000000000015
5474,1.9520000000000013
5475,2.043000000000002
5476,1.8450000000000017
5477,1.841000000000002
5478,2.0550000000000015
5479,1.8330000000000026
5480,2.1460000000000012
5481,1.6190000000000027
5482,1.944000000000002
5483,1.5240000000000022
5484,1.9440000000000026
5485,1.734000000000002
5486,1.6390000000000022
5487,1.4430000000000016
5488,1.6370000000000022
5489,1.8350000000000022
5490,1.8430000000000022
5491,1.7460000000000022
5492,1.6370000000000022
5493,1.8310000000000024
5494,1.841000000000002
5495,1.635000000000002
5496,1.841000000000002
5497,1.841000000000002
5498,1.6430000000000016
5499,1.748000000000002
5500,1.5420000000000014
5501,2.146000000000002
5502,1.6470000000000027
5503,1.841000000000002
5504,1.9320000000000028
5505,2.154000000000002
5506,1.7420000000000018
5507,2.0490000000000017
5508,1.6370000000000025
5509,1.6350000000000018
5510,1.9320000000000024
5511,1.9480000000000015
5512,1.8430000000000015
5513,1.9620000000000015
5514,1.8430000000000022
5515,2.043000000000002
5516,1.7560000000000011
5517,1.940000000000002
5518,1.9380000000000017
5519,1.6390000000000016
5520,1.6390000000000027
5521,1.7320000000000026
5522,1.5400000000000018
5523,2.249000000000002
5524,2.035000000000003
5525,1.633000000000002
5526,1.9460000000000024
5527,1.7440000000000015
5528,2.142000000000002
5529,2.1540000000000017
5530,1.7500000000000027
5531,1.942000000000002
5532,1.7320000000000026
5533,1.7380000000000024
5534,2.148000000000002
5535,2.051000000000002
5536,2.140000000000002
5537,1.9380000000000024
5538,1.8410000000000013
5539,1.744000000000002
5540,1.6390000000000022
5541,1.8430000000000022
5542,1.839000000000002
5543,2.035000000000002
5544,1.6270000000000027
5545,1.9480000000000013
5546,1.3340000000000023
5547,1.5400000000000023
5548,2.249000000000002
5549,1.9400000000000015
5550,1.7440000000000015
5551,1.8530000000000022
5552,1.744000000000001
5553,1.7420000000000018
5554,1.7360000000000024
5555,2.358000000000002
5556,1.5320000000000014
5557,2.152000000000002
5558,1.944000000000002
5559,2.049000000000002
5560,2.3460000000000023
5561,1.9480000000000024
5562,2.045000000000002
5563,2.156000000000002
5564,1.936000000000002
5565,1.9380000000000022
5566,1.7360000000000022
5567,1.7420000000000018
5568,1.9340000000000026
5569,2.152000000000002
5570,1.8410000000000024
5571,2.1500000000000012
5572,1.9420000000000028
5573,1.8490000000000018
5574,1.839000000000002
5575,2.039000000000002
5576,1.950000000000002
5577,1.631000000000002
5578,1.6370000000000016
5579,2.043000000000002
5580,1.7420000000000022
5581,1.7320000000000022
5582,2.1480000000000024
5583,1.839000000000002
5584,1.958000000000001
5585,1.6450000000000018
5586,1.940000000000002
5587,1.950000000000002
5588,2.047000000000002
5589,2.043000000000002
5590,1.9460000000000013
5591,1.419000000000003
5592,1.9360000000000022
5593,1.938000000000001
5594,1.7220000000000033
5595,1.5340000000000027
5596,1.9500000000000022
5597,1.847000000000002
5598,1.8310000000000024
5599,1.6650000000000003
5600,1.6310000000000024
5601,1.6430000000000018
5602,1.8370000000000022
5603,1.8370000000000024
5604,1.6390000000000018
5605,2.035000000000002
5606,1.8390000000000024
5607,2.1420000000000017
5608,1.9520000000000024
5609,1.9420000000000022
5610,1.7360000000000022
5611,1.9360000000000026
5612,1.8390000000000024
5613,1.726000000000003
5614,1.530000000000002
5615,2.045000000000002
5616,1.8510000000000013
5617,1.5420000000000016
5618,1.7420000000000022
5619,1.536000000000002
5620,1.9440000000000024
5621,1.8410000000000022
5622,1.8410000000000017
5623,1.5340000000000023
5624,2.037000000000002
5625,1.3360000000000014
5626,1.9340000000000026
5627,1.8410000000000024
5628,1.7420000000000018
5629,2.059000000000002
5630,1.8470000000000015
5631,1.639000000000002
5632,1.734000000000002
5633,1.9620000000000015
5634,1.6350000000000018
5635,1.7380000000000018
5636,2.255000000000002
5637,2.4530000000000016
5638,1.7480000000000016
5639,1.8310000000000022
5640,1.9360000000000022
5641,1.6370000000000022
5642,1.7360000000000022
5643,2.1420000000000026
5644,1.7340000000000029
5645,1.847000000000001
5646,1.740000000000002
5647,1.8390000000000024
5648,2.1680000000000006
5649,1.5320000000000022
5650,1.6410000000000013
5651,1.7500000000000022
5652,2.247000000000002
5653,1.8390000000000024
5654,2.0370000000000017
5655,1.8370000000000022
5656,1.835000000000002
5657,2.053000000000002
5658,1.9380000000000017
5659,1.845000000000001
5660,2.1380000000000026
5661,1.8370000000000022
5662,1.9540000000000008
5663,1.835000000000002
5664,1.7340000000000024
5665,1.546000000000002
5666,1.8350000000000026
5667,1.835000000000002
5668,2.261000000000001
5669,1.9340000000000028
5670,1.6310000000000022
5671,1.6470000000000016
5672,1.740000000000002
5673,2.2430000000000017
5674,1.944000000000002
5675,1.9400000000000017
5676,1.7300000000000026
5677,1.7360000000000015
5678,2.1520000000000024
5679,2.0470000000000024
5680,1.7360000000000024
5681,2.142000000000002
5682,2.051000000000002
5683,1.837000000000001
5684,2.0510000000000024
5685,2.1540000000000017
5686,1.7280000000000024
5687,1.736000000000002
5688,1.831000000000002
5689,1.736000000000001
5690,1.841000000000002
5691,1.839000000000002
5692,1.9400000000000015
5693,1.2250000000000012
5694,2.1520000000000015
5695,2.049000000000002
5696,1.8370000000000026
5697,1.9400000000000015
5698,2.1400000000000023
5699,2.1580000000000017
5700,1.635000000000003
5701,1.5320000000000025
5702,1.6270000000000027
5703,1.6310000000000016
5704,1.8350000000000029
5705,2.144000000000003
5706,1.9340000000000015
5707,1.841000000000002
5708,1.6470000000000014
5709,1.9380000000000017
5710,1.847000000000002
5711,2.041000000000002
5712,2.033000000000003
5713,2.0510000000000015
5714,1.9420000000000022
5715,1.7380000000000022
5716,2.043000000000003
5717,2.041000000000002
5718,2.0370000000000026
5719,1.8530000000000018
5720,1.528000000000002
5721,2.0410000000000017
5722,1.9460000000000022
5723,1.9480000000000022
5724,1.8450000000000015
5725,1.7420000000000022
5726,1.9440000000000026
5727,1.8370000000000015
5728,1.9380000000000022
5729,2.035000000000002
5730,1.6270000000000016
5731,1.6490000000000018
5732,2.1500000000000012
5733,1.6330000000000016
5734,1.538000000000002
5735,2.0570000000000017
5736,1.9380000000000022
5737,1.6410000000000025
5738,2.1600000000000015
5739,2.134000000000003
5740,1.940000000000002
5741,1.9360000000000026
5742,1.9520000000000015
5743,1.835000000000002
5744,1.9400000000000022
5745,1.8370000000000024
5746,2.047000000000002
5747,1.6390000000000022
5748,1.837000000000002
5749,1.8310000000000017
5750,2.1520000000000015
5751,1.8450000000000009
5752,1.4330000000000012
5753,1.9560000000000017
5754,1.6450000000000011
5755,1.9460000000000017
5756,1.944000000000002
5757,1.9540000000000017
5758,1.7460000000000016
5759,2.045000000000002
5760,2.1560000000000015
5761,1.6330000000000016
5762,1.6390000000000016
5763,1.7340000000000027
5764,1.7480000000000018
5765,2.1520000000000015
5766,2.049000000000002
5767,1.4310000000000023
5768,2.039000000000002
5769,1.954000000000002
5770,1.940000000000002
5771,1.8290000000000026
5772,2.1480000000000024
5773,1.6470000000000022
5774,1.7340000000000024
5775,2.1340000000000026
5776,2.057000000000001
5777,1.7420000000000015
5778,2.049000000000002
5779,1.9320000000000015
5780,1.9560000000000013
5781,1.8490000000000024
5782,1.952000000000002
5783,2.1540000000000017
5784,1.841000000000002
5785,1.8450000000000017
5786,1.9340000000000026
5787,2.148000000000002
5788,1.952000000000002
5789,1.7320000000000022
5790,2.140000000000002
5791,1.8350000000000022
5792,2.0490000000000013
5793,1.9340000000000024
5794,1.7400000000000022
5795,2.0570000000000017
5796,1.8430000000000017
5797,1.940000000000002
5798,1.9320000000000028
5799,1.7380000000000022
5800,2.150000000000002
5801,2.140000000000002
5802,1.5300000000000025
5803,1.7380000000000018
5804,2.1500000000000012
5805,1.9620000000000013
5806,2.0350000000000024
5807,1.9400000000000015
5808,1.9420000000000022
5809,1.7380000000000018
5810,2.0410000000000026
5811,2.1520000000000024
5812,1.940000000000002
5813,2.037000000000002
5814,1.9440000000000024
5815,1.8330000000000024
5816,2.0590000000000015
5817,1.8370000000000015
5818,2.0450000000000017
5819,1.8470000000000013
5820,1.629000000000002
5821,1.6310000000000016
5822,1.8510000000000013
5823,1.8390000000000026
5824,1.736000000000002
5825,1.7380000000000029
5826,1.740000000000002
5827,2.144000000000001
5828,1.6330000000000016
5829,2.0370000000000017
5830,1.835000000000002
5831,1.9440000000000028
5832,1.7420000000000015
5833,1.8430000000000022
5834,2.136000000000002
5835,1.839000000000002
5836,2.148000000000002
5837,1.9480000000000022
5838,1.9320000000000024
5839,1.5260000000000016
5840,1.7420000000000013
5841,1.6530000000000018
5842,2.039000000000002
5843,1.5460000000000014
5844,1.9400000000000022
5845,1.9420000000000028
5846,1.9440000000000017
5847,1.736000000000002
5848,1.9360000000000026
5849,1.8390000000000017
5850,1.9480000000000017
5851,1.9340000000000017
5852,2.2310000000000025
5853,1.6390000000000016
5854,2.055000000000002
5855,1.845000000000002
5856,1.433000000000003
5857,1.7440000000000018
5858,1.841000000000002
5859,1.6410000000000013
5860,2.2470000000000017
5861,2.0330000000000017
5862,2.158000000000001
5863,2.1520000000000024
5864,2.2430000000000025
5865,1.942000000000003
5866,1.7400000000000018
5867,1.9540000000000017
5868,1.8470000000000022
5869,1.7420000000000022
5870,2.0370000000000026
5871,1.8350000000000022
5872,1.9320000000000022
5873,1.6350000000000022
5874,1.8470000000000013
5875,1.6410000000000013
5876,1.9440000000000015
5877,2.0470000000000024
5878,1.9600000000000017
5879,2.140000000000002
5880,1.9480000000000015
5881,1.742000000000001
5882,2.0510000000000015
5883,1.8370000000000022
5884,1.8430000000000022
5885,1.8370000000000024
5886,1.9420000000000015
5887,1.9340000000000017
5888,2.1480000000000015
5889,1.7420000000000018
5890,1.849000000000002
5891,2.0430000000000015
5892,2.0530000000000026
5893,2.0470000000000024
5894,1.6370000000000011
5895,1.9340000000000024
5896,1.8530000000000022
5897,1.835000000000002
5898,1.8450000000000022
5899,2.043000000000003
5900,1.8430000000000017
5901,1.950000000000002
5902,2.0510000000000015
5903,2.041000000000002
5904,2.1620000000000013
5905,2.045000000000002
5906,1.4370000000000014
5907,1.6310000000000024
5908,1.845000000000002
5909,1.631000000000002
5910,1.7300000000000022
5911,2.047000000000002
5912,1.538000000000002
5913,1.7340000000000029
5914,1.9620000000000006
5915,1.8470000000000015
5916,1.8390000000000024
5917,1.7320000000000026
5918,2.2330000000000028
5919,1.944000000000002
5920,2.055000000000002
5921,2.0370000000000017
5922,1.8370000000000015
5923,2.1560000000000024
5924,2.0370000000000026
5925,1.8530000000000015
5926,1.7280000000000022
5927,2.045000000000002
5928,2.0350000000000024
5929,2.156000000000002
5930,2.039000000000003
5931,2.0330000000000026
5932,1.7380000000000018
5933,1.7320000000000024
5934,1.9480000000000017
5935,1.8450000000000017
5936,2.144000000000002
5937,1.8370000000000022
5938,1.9500000000000017
5939,1.845000000000002
5940,1.6370000000000018
5941,2.1420000000000026
5942,1.8550000000000006
5943,1.7460000000000022
5944,1.7380000000000015
5945,1.835000000000002
5946,1.944000000000002
5947,1.7460000000000029
5948,2.162000000000001
5949,1.6570000000000005
5950,1.5320000000000016
5951,2.1460000000000017
5952,1.9380000000000017
5953,1.6310000000000024
5954,2.0450000000000013
5955,1.952000000000002
5956,2.0590000000000015
5957,1.7320000000000026
5958,2.041000000000002
5959,1.9380000000000017
5960,1.7380000000000022
5961,1.8270000000000026
5962,1.847000000000002
5963,1.8530000000000013
5964,1.9400000000000017
5965,2.043000000000002
5966,1.9360000000000017
5967,2.0550000000000024
5968,1.639000000000002
5969,1.740000000000002
5970,1.5420000000000016
5971,1.9420000000000022
5972,1.6490000000000018
5973,1.7500000000000018
5974,1.8510000000000018
5975,1.9400000000000022
5976,1.9440000000000015
5977,1.946000000000002
5978,2.1540000000000012
5979,2.241000000000002
5980,1.540000000000002
5981,2.2590000000000012
5982,2.550000000000002
5983,2.1320000000000023
5984,1.857000000000002
5985,1.1300000000000014
5986,1.9440000000000017
5987,1.7440000000000018
5988,1.8350000000000026
5989,1.8390000000000024
5990,1.629000000000002
5991,1.758000000000001
5992,2.041000000000002
5993,1.7400000000000018
5994,1.9480000000000017
5995,2.148000000000002
5996,1.9560000000000017
5997,2.045000000000002
5998,2.037000000000003
5999,2.0490000000000017
6000,1.7340000000000024
6001,1.8510000000000018
6002,1.6510000000000016
6003,2.1540000000000017
6004,1.8370000000000024
6005,1.9400000000000026
6006,1.8430000000000022
6007,1.8410000000000017
6008,1.934000000000002
6009,1.7540000000000011
6010,2.146000000000002
6011,1.6330000000000018
6012,1.8330000000000024
6013,2.031000000000003
6014,2.3600000000000017
6015,1.8450000000000017
6016,1.831000000000002
6017,2.045000000000002
6018,2.0510000000000015
6019,1.6430000000000018
6020,1.9580000000000013
6021,2.146000000000002
6022,1.639000000000002
6023,1.837000000000002
6024,1.6430000000000025
6025,2.1360000000000023
6026,1.8490000000000015
6027,2.061000000000001
6028,1.7460000000000024
6029,2.041000000000002
6030,1.8470000000000024
6031,1.9420000000000022
6032,1.9400000000000022
6033,1.8450000000000022
6034,2.051000000000001
6035,1.736000000000002
6036,1.8310000000000024
6037,1.8490000000000015
6038,2.0330000000000026
6039,1.7380000000000018
6040,1.8390000000000029
6041,1.8410000000000017
6042,2.2590000000000017
6043,1.8290000000000026
6044,2.045000000000003
6045,1.9480000000000017
6046,1.8370000000000026
6047,1.9460000000000017
6048,1.7400000000000018
6049,1.6350000000000018
6050,2.0370000000000017
6051,1.6310000000000013
6052,2.152000000000002
6053,1.6430000000000018
6054,1.7480000000000024
6055,2.0350000000000024
6056,1.8470000000000022
6057,2.1560000000000015
6058,1.849000000000001
6059,2.1400000000000023
6060,2.063000000000001
6061,1.9420000000000022
6062,1.7340000000000027
6063,1.9420000000000022
6064,1.950000000000002
6065,1.9380000000000026
6066,1.9420000000000015
6067,2.047000000000002
6068,2.0410000000000026
6069,2.356000000000002
6070,1.7300000000000026
6071,1.8370000000000015
6072,1.7380000000000027
6073,1.7460000000000016
6074,2.144000000000002
6075,2.146000000000002
6076,2.035000000000002
6077,1.7560000000000011
6078,1.956000000000001
6079,2.2590000000000017
6080,1.837000000000002
6081,2.0410000000000017
6082,1.6510000000000014
6083,2.037000000000002
6084,2.0530000000000017
6085,1.7400000000000029
6086,1.837000000000003
6087,1.7380000000000018
6088,1.7260000000000029
6089,2.2470000000000026
6090,2.146000000000002
6091,1.942000000000003
6092,1.950000000000001
6093,1.847000000000001
6094,1.9520000000000022
6095,1.7360000000000015
6096,2.049000000000002
6097,1.6370000000000025
6098,1.7380000000000022
6099,1.6450000000000022
6100,1.8430000000000022
6101,2.0470000000000024
6102,1.8410000000000024
6103,1.4410000000000018
6104,1.9440000000000015
6105,1.633000000000002
6106,2.235000000000002
6107,2.0470000000000024
6108,2.1480000000000015
6109,1.6410000000000016
6110,1.7300000000000026
6111,2.1420000000000026
6112,1.7400000000000029
6113,1.6330000000000018
6114,2.0450000000000026
6115,1.962000000000001
6116,1.8390000000000026
6117,1.845000000000002
6118,1.8390000000000024
6119,2.0370000000000026
6120,1.928000000000003
6121,1.740000000000001
6122,1.8390000000000015
6123,2.0590000000000015
6124,1.7380000000000022
6125,2.0390000000000024
6126,1.9580000000000013
6127,1.7300000000000022
6128,2.1540000000000017
6129,1.7380000000000022
6130,2.340000000000002
6131,1.9480000000000022
6132,2.2430000000000017
6133,1.940000000000002
6134,1.9420000000000022
6135,2.0470000000000024
6136,1.8370000000000024
6137,1.732000000000003
6138,1.952000000000002
6139,1.7440000000000018
6140,1.8370000000000022
6141,1.9440000000000013
6142,1.9440000000000026
6143,2.249000000000002
6144,1.9460000000000017
6145,1.9520000000000015
6146,1.9460000000000017
6147,2.037000000000002
6148,2.3460000000000023
6149,1.9440000000000024
6150,1.7320000000000024
6151,2.045000000000002
6152,2.0330000000000026
6153,1.734000000000002
6154,1.6410000000000016
6155,1.8390000000000017
6156,2.0370000000000017
6157,1.849000000000002
6158,2.1520000000000015
6159,2.1520000000000024
6160,1.429000000000002
6161,1.7360000000000022
6162,1.7340000000000018
6163,1.8530000000000022
6164,2.144000000000002
6165,1.845000000000001
6166,1.8330000000000024
6167,1.9460000000000017
6168,2.0630000000000015
6169,2.049000000000002
6170,2.156000000000001
6171,1.6310000000000024
6172,2.1400000000000023
6173,1.6430000000000016
6174,1.8450000000000017
6175,1.9500000000000017
6176,2.0570000000000017
6177,2.148000000000002
6178,1.7340000000000024
6179,1.7400000000000018
6180,2.041000000000002
6181,1.9300000000000024
6182,1.942000000000002
6183,1.9380000000000022
6184,1.841000000000002
6185,1.851000000000001
6186,2.045000000000002
6187,1.4430000000000012
6188,1.6350000000000018
6189,1.7460000000000016
6190,1.6390000000000022
6191,1.6270000000000024
6192,2.1520000000000015
6193,2.043000000000002
6194,1.8510000000000022
6195,1.8550000000000013
6196,2.059000000000001
6197,2.1400000000000023
6198,1.9480000000000022
6199,2.3460000000000023
6200,2.049000000000002
6201,1.6390000000000018
6202,1.631000000000002
6203,2.243000000000002
6204,1.8450000000000017
6205,2.0510000000000015
6206,1.7500000000000022
6207,2.150000000000002
6208,2.0430000000000024
6209,1.847000000000002
6210,1.8270000000000024
6211,1.8430000000000024
6212,1.5240000000000018
6213,1.8530000000000018
6214,1.8430000000000024
6215,2.0490000000000013
6216,2.152000000000002
6217,1.9360000000000022
6218,2.0530000000000017
6219,1.7380000000000027
6220,1.7500000000000018
6221,2.039000000000002
6222,2.249000000000002
6223,2.2410000000000023
6224,1.8430000000000017
6225,2.0510000000000015
6226,1.7380000000000018
6227,1.635000000000002
6228,1.8330000000000026
6229,1.8350000000000022
6230,2.039000000000002
6231,1.9400000000000026
6232,2.2430000000000025
6233,2.043000000000002
6234,1.837000000000002
6235,1.643000000000002
6236,1.9420000000000022
6237,2.556000000000002
6238,1.9400000000000022
6239,2.0530000000000017
6240,2.1620000000000017
6241,1.4390000000000018
6242,2.2590000000000012
6243,2.1460000000000026
6244,2.1520000000000015
6245,2.249000000000002
6246,2.1360000000000023
6247,2.043000000000002
6248,2.049000000000002
6249,1.7420000000000018
6250,1.9400000000000015
6251,1.8370000000000024
6252,1.9380000000000022
6253,2.148000000000002
6254,1.8370000000000022
6255,1.841000000000002
6256,1.9480000000000024
6257,2.0490000000000017
6258,1.8370000000000015
6259,1.720000000000003
6260,2.1540000000000012
6261,2.039000000000003
6262,1.6410000000000016
6263,2.1520000000000015
6264,1.851000000000001
6265,1.8470000000000015
6266,2.0390000000000024
6267,1.6390000000000018
6268,2.0350000000000024
6269,2.247000000000002
6270,1.855000000000001
6271,2.041000000000002
6272,1.6270000000000018
6273,2.1480000000000015
6274,2.5580000000000016
6275,2.051000000000002
6276,1.942000000000002
6277,1.639000000000002
6278,2.039000000000003
6279,1.841000000000002
6280,1.9400000000000022
6281,1.5440000000000018
6282,1.6470000000000016
6283,1.8390000000000024
6284,2.146000000000002
6285,2.3660000000000014
6286,1.4330000000000012
6287,2.0510000000000015
6288,1.9340000000000017
6289,1.8430000000000022
6290,2.148000000000002
6291,1.746000000000001
6292,1.7480000000000018
6293,2.2510000000000012
6294,2.0570000000000013
6295,2.136000000000003
6296,2.253000000000002
6297,1.6290000000000027
6298,1.9360000000000022
6299,2.148000000000002
6300,1.8390000000000015
6301,2.2550000000000017
6302,2.1540000000000017
6303,1.7300000000000022
6304,2.2530000000000014
6305,1.8430000000000022
6306,1.9340000000000024
6307,1.7500000000000009
6308,1.8370000000000022
6309,1.841000000000002
6310,1.932000000000002
6311,2.146000000000002
6312,2.1460000000000026
6313,2.1500000000000026
6314,2.043000000000002
6315,2.241000000000002
6316,1.639000000000002
6317,1.9320000000000028
6318,1.9380000000000022
6319,1.946000000000003
6320,1.6310000000000022
6321,1.5420000000000018
6322,1.6490000000000016
6323,1.9440000000000017
6324,1.6430000000000018
6325,2.0430000000000015
6326,1.5300000000000018
6327,1.9440000000000017
6328,2.0410000000000026
6329,1.7280000000000022
6330,1.7320000000000022
6331,2.047000000000003
6332,2.0610000000000017
6333,1.6430000000000013
6334,1.5420000000000016
6335,1.9320000000000024
6336,1.9420000000000028
6337,2.0390000000000024
6338,1.5320000000000025
6339,1.940000000000002
6340,1.6350000000000022
6341,1.8350000000000026
6342,1.9440000000000024
6343,1.9440000000000024
6344,1.7440000000000015
6345,2.2450000000000023
6346,1.5360000000000016
6347,1.942000000000002
6348,1.855000000000002
6349,1.7380000000000013
6350,1.6370000000000018
6351,2.0430000000000024
6352,2.1560000000000015
6353,2.144000000000003
6354,1.7540000000000016
6355,1.8330000000000022
6356,1.8430000000000013
6357,1.445000000000001
6358,2.1520000000000024
6359,1.8350000000000022
6360,1.835000000000002
6361,1.6390000000000022
6362,1.9520000000000015
6363,1.829000000000002
6364,2.049000000000002
6365,1.855000000000001
6366,1.9320000000000024
6367,1.7360000000000022
6368,2.1520000000000015
6369,1.9400000000000017
6370,2.1580000000000017
6371,2.0370000000000026
6372,1.940000000000002
6373,2.0490000000000013
6374,1.7340000000000015
6375,2.2430000000000025
6376,1.7380000000000013
6377,1.635000000000002
6378,2.140000000000002
6379,1.8430000000000013
6380,2.0530000000000017
6381,2.150000000000002
6382,2.1540000000000017
6383,1.7360000000000024
6384,2.2450000000000028
6385,1.7280000000000029
6386,2.0390000000000024
6387,2.144000000000002
6388,1.835000000000002
6389,2.1440000000000023
6390,1.8530000000000022
6391,2.245000000000002
6392,1.9580000000000013
6393,1.7420000000000024
6394,2.150000000000002
6395,1.746000000000002
6396,2.148000000000003
6397,2.1560000000000015
6398,2.164
6399,1.5360000000000025
6400,1.7460000000000013
6401,1.8390000000000026
6402,2.247000000000002
6403,2.449000000000002
6404,1.9640000000000017
6405,1.5220000000000018
6406,1.9440000000000015
6407,1.9400000000000015
6408,2.049000000000002
6409,2.344000000000002
6410,1.8450000000000015
6411,1.6410000000000022
6412,2.041000000000002
6413,1.9320000000000028
6414,1.7500000000000022
6415,1.8450000000000022
6416,1.8510000000000013
6417,1.7420000000000018
6418,1.9440000000000013
6419,1.8430000000000009
6420,2.150000000000002
6421,2.055000000000001
6422,1.8350000000000026
6423,1.8350000000000029
6424,1.746000000000002
6425,1.9380000000000024
6426,1.837000000000002
6427,1.942000000000002
6428,2.241000000000002
6429,2.1400000000000015
6430,1.940000000000002
6431,1.750000000000001
6432,2.140000000000003
6433,2.1500000000000012
6434,2.1560000000000015
6435,2.3380000000000023
6436,2.0530000000000017
6437,1.956000000000002
6438,1.841000000000001
6439,2.3420000000000023
6440,2.154000000000002
6441,1.9460000000000013
6442,1.8330000000000022
6443,1.8350000000000029
6444,1.4310000000000023
6445,2.0490000000000013
6446,1.9520000000000022
6447,2.1500000000000012
6448,1.8310000000000022
6449,1.7580000000000018
6450,2.154000000000002
6451,1.3260000000000016
6452,1.8430000000000022
6453,1.7500000000000009
6454,2.3500000000000023
6455,2.1560000000000015
6456,1.8330000000000024
6457,1.8530000000000022
6458,1.950000000000002
6459,2.144000000000003
6460,2.1560000000000024
6461,1.944000000000002
6462,1.8370000000000013
6463,1.839000000000002
6464,2.2630000000000012
6465,2.134000000000002
6466,1.736000000000002
6467,2.047000000000002
6468,1.6190000000000024
6469,1.6450000000000018
6470,1.8370000000000024
6471,2.152000000000002
6472,1.9520000000000022
6473,1.942000000000002
6474,1.9500000000000015
6475,2.0570000000000013
6476,1.6410000000000022
6477,2.251000000000002
6478,1.8490000000000018
6479,2.1520000000000015
6480,1.9340000000000026
6481,2.0450000000000035
6482,1.8370000000000026
6483,1.7500000000000009
6484,1.8530000000000015
6485,1.855000000000002
6486,2.3640000000000017
6487,1.837000000000002
6488,2.1540000000000017
6489,1.8390000000000017
6490,2.136000000000003
6491,1.8410000000000022
6492,2.039000000000002
6493,1.6450000000000011
6494,2.045000000000002
6495,2.4530000000000025
6496,1.950000000000001
6497,1.8350000000000026
6498,1.8310000000000024
6499,2.4470000000000023
6500,2.247000000000002
6501,2.049000000000002
6502,1.6410000000000013
6503,2.0570000000000017
6504,1.958000000000001
6505,2.241000000000002
6506,1.8290000000000026
6507,1.8430000000000015
6508,2.043000000000002
6509,1.9460000000000022
6510,1.8430000000000013
6511,1.9420000000000022
6512,2.134000000000002
6513,2.144000000000002
6514,2.140000000000003
6515,1.9500000000000017
6516,1.7420000000000022
6517,2.1460000000000017
6518,1.421000000000002
6519,1.8350000000000022
6520,1.9580000000000015
6521,1.9460000000000022
6522,2.0550000000000024
6523,2.0330000000000026
6524,1.8470000000000013
6525,1.6370000000000016
6526,2.1520000000000024
6527,1.8250000000000028
6528,1.8370000000000022
6529,2.1400000000000023
6530,2.0530000000000017
6531,2.0530000000000017
6532,1.8430000000000013
6533,1.8290000000000026
6534,1.845000000000002
6535,1.7340000000000029
6536,2.059000000000001
6537,1.7380000000000022
6538,1.7440000000000018
6539,1.7360000000000022
6540,2.160000000000002
6541,1.7500000000000009
6542,2.2430000000000017
6543,2.0650000000000013
6544,2.045000000000002
6545,2.148000000000002
6546,1.9460000000000024
6547,2.0550000000000015
6548,2.1460000000000017
6549,2.043000000000002
6550,1.9520000000000013
6551,1.942000000000002
6552,1.6310000000000016
6553,1.9620000000000015
6554,1.643000000000001
6555,1.9340000000000024
6556,1.740000000000002
6557,1.837000000000002
6558,1.7300000000000026
6559,2.039000000000003
6560,2.249000000000002
6561,1.9520000000000013
6562,1.8450000000000015
6563,1.9480000000000024
6564,2.045000000000002
6565,1.9460000000000017
6566,2.134000000000002
6567,1.839000000000002
6568,1.7480000000000009
6569,2.4490000000000016
6570,2.1360000000000023
6571,1.8410000000000022
6572,2.049000000000002
6573,1.8350000000000029
6574,2.0430000000000024
6575,1.732000000000003
6576,1.7340000000000027
6577,1.9400000000000022
6578,2.045000000000002
6579,1.7340000000000024
6580,1.746000000000002
6581,1.944000000000002
6582,1.7440000000000024
6583,1.952000000000002
6584,1.6350000000000013
6585,2.1560000000000015
6586,2.3520000000000016
6587,1.6390000000000022
6588,1.849000000000002
6589,2.154000000000002
6590,1.8350000000000017
6591,2.0470000000000015
6592,1.8390000000000024
6593,1.9380000000000024
6594,2.0470000000000015
6595,2.0430000000000015
6596,1.938000000000003
6597,2.0570000000000013
6598,1.7260000000000029
6599,2.3620000000000014
6600,1.7320000000000024
6601,1.8510000000000018
6602,1.9380000000000024
6603,1.8490000000000018
6604,1.9500000000000022
6605,1.7360000000000022
6606,2.146000000000002
6607,1.8470000000000013
6608,1.8410000000000013
6609,1.9520000000000024
6610,1.9460000000000013
6611,1.756000000000001
6612,1.944000000000002
6613,1.7360000000000024
6614,1.7380000000000024
6615,1.8430000000000017
6616,2.0570000000000017
6617,2.243000000000002
6618,2.1560000000000015
6619,1.8350000000000022
6620,1.8390000000000017
6621,2.1540000000000017
6622,1.7300000000000026
6623,2.051000000000001
6624,1.9460000000000024
6625,1.7360000000000015
6626,1.639000000000002
6627,2.4510000000000023
6628,1.744000000000002
6629,2.0410000000000017
6630,2.239000000000002
6631,1.9340000000000026
6632,2.144000000000002
6633,1.8290000000000024
6634,1.7340000000000018
6635,1.6270000000000024
6636,1.8410000000000024
6637,1.7340000000000027
6638,1.9480000000000022
6639,1.8370000000000026
6640,1.9500000000000017
6641,2.0490000000000017
6642,1.744000000000002
6643,1.7320000000000022
6644,1.7380000000000013
6645,2.2370000000000023
6646,1.8470000000000006
6647,2.0310000000000024
6648,2.144000000000002
6649,2.0370000000000026
6650,1.8310000000000017
6651,1.4350000000000023
6652,2.138000000000002
6653,1.7440000000000018
6654,1.7380000000000029
6655,1.8510000000000022
6656,2.352000000000002
6657,1.7280000000000018
6658,1.8410000000000024
6659,2.041000000000002
6660,1.9380000000000026
6661,1.5360000000000016
6662,1.946000000000002
6663,1.9440000000000015
6664,2.0490000000000013
6665,1.722000000000003
6666,2.0510000000000015
6667,1.8330000000000024
6668,1.9340000000000026
6669,1.7320000000000024
6670,2.3500000000000023
6671,2.2430000000000025
6672,1.8490000000000015
6673,1.9460000000000013
6674,1.7420000000000018
6675,1.8530000000000013
6676,2.0510000000000024
6677,1.8450000000000022
6678,2.2490000000000023
6679,1.9500000000000015
6680,1.9460000000000022
6681,1.7480000000000013
6682,1.5280000000000025
6683,1.9360000000000026
6684,1.6450000000000018
6685,2.0510000000000024
6686,1.5400000000000023
6687,1.7320000000000022
6688,1.5440000000000014
6689,1.6410000000000025
6690,2.2450000000000028
6691,1.641000000000002
6692,1.740000000000001
6693,1.7500000000000022
6694,2.043000000000002
6695,1.7320000000000022
6696,2.2670000000000012
6697,2.047000000000002
6698,2.0430000000000015
6699,2.144000000000002
6700,2.045000000000002
6701,2.0530000000000017
6702,2.0370000000000026
6703,1.635000000000002
6704,1.944000000000002
6705,2.0390000000000024
6706,1.9480000000000022
6707,1.837000000000002
6708,1.9340000000000026
6709,2.049000000000002
6710,2.045000000000002
6711,1.934000000000002
6712,1.6330000000000016
6713,1.7360000000000022
6714,1.944000000000002
6715,1.8450000000000015
6716,1.5340000000000027
6717,1.9300000000000024
6718,1.8410000000000024
6719,2.144000000000002
6720,1.942000000000002
6721,1.6430000000000018
6722,1.934000000000002
6723,1.839000000000002
6724,1.8350000000000022
6725,1.8350000000000026
6726,2.043000000000002
6727,2.1420000000000017
6728,1.5340000000000027
6729,1.8310000000000028
6730,2.243000000000002
6731,2.2510000000000017
6732,1.942000000000002
6733,2.2530000000000014
6734,1.9460000000000017
6735,2.1660000000000013
6736,1.9480000000000022
6737,1.8510000000000013
6738,1.9380000000000017
6739,2.156000000000001
6740,1.8390000000000015
6741,1.8450000000000017
6742,1.7420000000000018
6743,2.1480000000000015
6744,1.9500000000000017
6745,2.144000000000002
6746,1.8430000000000026
6747,1.7520000000000011
6748,1.6390000000000011
6749,1.8350000000000022
6750,1.7540000000000016
6751,2.3420000000000023
6752,2.0350000000000024
6753,2.1440000000000023
6754,2.0450000000000013
6755,2.144000000000002
6756,1.7400000000000022
6757,2.2570000000000014
6758,1.956000000000002
6759,2.043000000000002
6760,2.152000000000002
6761,1.845000000000002
6762,2.051000000000002
6763,2.0430000000000024
6764,1.7380000000000022
6765,1.9440000000000026
6766,2.0530000000000013
6767,1.7260000000000022
6768,2.049000000000002
6769,1.9440000000000026
6770,1.9520000000000015
6771,1.9320000000000024
6772,2.0410000000000013
6773,1.839000000000002
6774,1.649000000000002
6775,2.0390000000000015
6776,1.940000000000002
6777,2.0470000000000024
6778,1.443000000000002
6779,1.9320000000000022
6780,1.841000000000001
6781,1.8410000000000022
6782,2.0450000000000026
6783,2.051000000000001
6784,1.9380000000000024
6785,1.8470000000000015
6786,1.8430000000000017
6787,1.746000000000002
6788,1.942000000000002
6789,2.346000000000002
6790,1.7600000000000018
6791,2.0410000000000026
6792,2.2490000000000014
6793,1.952000000000002
6794,1.9320000000000022
6795,2.0370000000000026
6796,1.9400000000000022
6797,2.146000000000002
6798,1.6350000000000018
6799,1.9500000000000017
6800,1.8510000000000013
6801,2.558000000000002
6802,2.253000000000002
6803,2.148000000000002
6804,1.6310000000000022
6805,2.043000000000002
6806,2.1360000000000023
6807,1.8410000000000024
6808,2.0530000000000017
6809,2.1580000000000017
6810,1.7340000000000029
6811,1.9300000000000028
6812,1.8450000000000022
6813,1.8410000000000022
6814,1.9460000000000013
6815,1.536000000000002
6816,1.8470000000000022
6817,2.051000000000002
6818,1.839000000000002
6819,2.0550000000000015
6820,1.7460000000000024
6821,1.6370000000000016
6822,1.950000000000002
6823,2.4450000000000025
6824,1.8310000000000024
6825,2.146000000000002
6826,2.154000000000002
6827,1.8450000000000017
6828,1.9540000000000024
6829,1.8470000000000022
6830,2.041000000000002
6831,1.8550000000000022
6832,2.039000000000002
6833,1.7360000000000022
6834,2.049000000000002
6835,2.2550000000000012
6836,1.5300000000000022
6837,2.243000000000002
6838,1.7320000000000022
6839,1.8410000000000029
6840,1.9420000000000022
6841,1.7380000000000024
6842,2.253000000000002
6843,1.952000000000002
6844,1.9500000000000015
6845,2.152000000000002
6846,1.8430000000000024
6847,2.0490000000000013
6848,2.0350000000000024
6849,2.1540000000000017
6850,2.0350000000000024
6851,1.9440000000000015
6852,1.9480000000000015
6853,2.043000000000003
6854,1.9340000000000028
6855,2.2550000000000017
6856,1.8490000000000015
6857,2.245000000000002
6858,2.0470000000000024
6859,1.9420000000000024
6860,1.8350000000000029
6861,1.9460000000000024
6862,1.8390000000000024
6863,2.0410000000000026
6864,2.2470000000000017
6865,2.1600000000000015
6866,1.9420000000000022
6867,1.5300000000000018
6868,1.9380000000000017
6869,1.936000000000002
6870,2.1480000000000015
6871,1.9480000000000022
6872,2.041000000000002
6873,1.7400000000000029
6874,2.037000000000002
6875,1.7320000000000026
6876,1.6290000000000016
6877,2.1580000000000013
6878,1.9440000000000026
6879,1.8410000000000024
6880,1.9460000000000022
6881,1.954000000000002
6882,1.4410000000000016
6883,2.2470000000000026
6884,1.7320000000000015
6885,2.039000000000002
6886,1.9380000000000026
6887,1.9340000000000026
6888,1.8330000000000026
6889,2.0490000000000013
6890,1.9440000000000028
6891,2.1580000000000013
6892,2.055000000000001
6893,1.5340000000000023
6894,2.235000000000002
6895,1.7360000000000022
6896,1.9340000000000024
6897,2.041000000000002
6898,1.8270000000000022
6899,1.9340000000000024
6900,1.7340000000000015
6901,1.9540000000000015
6902,2.0410000000000026
6903,2.142000000000002
6904,2.1460000000000026
6905,1.9400000000000026
6906,2.152000000000002
6907,1.7420000000000018
6908,2.251000000000002
6909,1.936000000000002
6910,2.253000000000002
6911,2.0530000000000017
6912,1.827000000000002
6913,1.8390000000000024
6914,2.041000000000002
6915,2.055000000000001
6916,1.9440000000000017
6917,1.7420000000000018
6918,1.7400000000000022
6919,2.2430000000000025
6920,1.9420000000000024
6921,2.045000000000002
6922,1.9440000000000024
6923,2.0430000000000024
6924,1.841000000000002
6925,1.7380000000000024
6926,1.9460000000000017
6927,1.8430000000000013
6928,1.9520000000000015
6929,2.1480000000000015
6930,1.847000000000001
6931,2.051000000000001
6932,1.952000000000002
6933,1.9380000000000017
6934,1.9420000000000024
6935,1.8470000000000022
6936,2.0450000000000026
6937,1.8250000000000022
6938,2.154000000000002
6939,1.7400000000000018
6940,1.8430000000000026
6941,2.0450000000000013
6942,1.841000000000002
6943,2.0510000000000024
6944,1.7380000000000015
6945,2.0470000000000024
6946,2.1540000000000017
6947,1.5340000000000018
6948,2.350000000000002
6949,2.2570000000000014
6950,1.8430000000000022
6951,2.049000000000002
6952,1.9480000000000017
6953,2.055000000000001
6954,1.7320000000000022
6955,1.8450000000000017
6956,2.144000000000003
6957,2.045000000000002
6958,1.744000000000002
6959,1.8490000000000026
6960,2.1420000000000026
6961,2.356000000000001
6962,1.732000000000002
6963,1.7400000000000018
6964,2.043000000000002
6965,1.8370000000000015
6966,1.7320000000000024
6967,1.8330000000000024
6968,2.3500000000000023
6969,1.7360000000000013
6970,2.261000000000001
6971,1.8510000000000018
6972,1.6350000000000022
6973,2.0430000000000024
6974,1.841000000000002
6975,1.9620000000000013
6976,2.2510000000000012
6977,1.4350000000000016
6978,1.8550000000000018
6979,1.8450000000000022
6980,2.5600000000000023
6981,2.235000000000002
6982,1.9380000000000013
6983,2.039000000000003
6984,2.445000000000002
6985,1.9440000000000017
6986,1.7360000000000022
6987,1.942000000000002
6988,2.156000000000002
6989,1.8370000000000022
6990,1.740000000000002
6991,2.0530000000000017
6992,1.9360000000000026
6993,1.6430000000000025
6994,2.154000000000002
6995,1.835000000000002
6996,2.2610000000000015
6997,2.0530000000000017
6998,1.6210000000000022
6999,1.7340000000000018
7000,1.835000000000002
7001,1.9520000000000022
7002,1.835000000000002
7003,2.045000000000002
7004,2.2490000000000014
7005,2.146000000000002
7006,1.7360000000000024
7007,1.9380000000000026
7008,2.0470000000000024
7009,2.041000000000002
7010,1.9480000000000017
7011,1.9560000000000017
7012,2.053000000000002
7013,2.253000000000002
7014,1.8370000000000022
7015,1.7340000000000018
7016,1.8430000000000015
7017,1.9340000000000024
7018,2.142000000000002
7019,1.8430000000000022
7020,2.158000000000001
7021,1.7460000000000013
7022,2.059000000000002
7023,1.8470000000000022
7024,1.8370000000000022
7025,2.047000000000002
7026,1.9420000000000024
7027,2.043000000000002
7028,2.0650000000000017
7029,1.6330000000000016
7030,1.9460000000000024
7031,1.7380000000000018
7032,1.8570000000000007
7033,1.7520000000000024
7034,1.7420000000000018
7035,1.8510000000000013
7036,2.144000000000002
7037,2.0470000000000024
7038,1.946000000000002
7039,1.6370000000000018
7040,2.2590000000000017
7041,2.2530000000000014
7042,1.9520000000000015
7043,1.9400000000000022
7044,1.9500000000000028
7045,1.954000000000002
7046,1.8370000000000013
7047,1.8350000000000022
7048,1.9500000000000022
7049,1.9420000000000015
7050,1.9480000000000017
7051,1.9480000000000015
7052,1.645000000000002
7053,2.0390000000000024
7054,1.7440000000000027
7055,2.1520000000000024
7056,1.9540000000000013
7057,2.249000000000002
7058,2.045000000000002
7059,2.049000000000002
7060,1.8490000000000018
7061,2.059000000000001
7062,2.245000000000002
7063,1.7460000000000016
7064,1.946000000000002
7065,1.9580000000000015
7066,2.039000000000003
7067,1.845000000000002
7068,1.9580000000000006
7069,1.6310000000000016
7070,1.5360000000000011
7071,2.047000000000002
7072,2.045000000000002
7073,2.2390000000000025
7074,1.9480000000000017
7075,2.172000000000001
7076,2.1520000000000015
7077,1.8370000000000026
7078,2.1340000000000026
7079,1.8450000000000026
7080,1.952000000000002
7081,2.039000000000003
7082,1.7460000000000016
7083,1.9580000000000015
7084,1.8430000000000022
7085,2.2330000000000023
7086,1.9400000000000017
7087,2.348000000000002
7088,1.7360000000000029
7089,2.146000000000002
7090,1.9400000000000022
7091,1.946000000000001
7092,2.152000000000002
7093,1.8410000000000024
7094,1.8550000000000013
7095,2.148000000000002
7096,2.035000000000002
7097,2.053000000000002
7098,1.9340000000000015
7099,2.144000000000002
7100,2.3540000000000014
7101,1.5340000000000023
7102,2.1460000000000012
7103,1.6390000000000018
7104,1.851000000000002
7105,1.8490000000000024
7106,2.0550000000000015
7107,2.134000000000002
7108,1.9340000000000028
7109,1.8510000000000013
7110,2.2510000000000012
7111,2.146000000000002
7112,1.9480000000000024
7113,1.9260000000000033
7114,2.043000000000002
7115,1.8370000000000013
7116,2.1500000000000017
7117,1.7340000000000024
7118,1.7440000000000029
7119,1.9380000000000022
7120,1.9420000000000022
7121,2.047000000000002
7122,2.148000000000002
7123,2.152000000000003
7124,1.6530000000000007
7125,1.8530000000000024
7126,2.148000000000002
7127,2.144000000000002
7128,1.9540000000000013
7129,2.0370000000000017
7130,1.845000000000002
7131,1.8570000000000013
7132,2.1420000000000026
7133,1.9360000000000028
7134,1.7380000000000018
7135,1.7320000000000024
7136,1.8410000000000024
7137,1.9380000000000022
7138,1.7560000000000016
7139,2.0390000000000024
7140,1.7360000000000013
7141,2.6570000000000005
7142,1.746000000000001
7143,2.057000000000001
7144,1.8370000000000026
7145,2.1500000000000026
7146,2.4610000000000016
7147,1.7400000000000002
7148,2.043000000000001
7149,2.160000000000001
7150,2.035000000000003
7151,2.041000000000002
7152,1.8410000000000024
7153,1.8590000000000007
7154,2.342000000000002
7155,2.043000000000002
7156,1.8430000000000017
7157,1.8350000000000015
7158,1.839000000000002
7159,1.643000000000002
7160,2.0530000000000017
7161,1.633000000000002
7162,1.8390000000000017
7163,2.134000000000003
7164,1.8410000000000022
7165,1.9480000000000013
7166,1.8390000000000024
7167,2.0330000000000026
7168,2.356000000000001
7169,1.944000000000002
7170,2.1560000000000015
7171,1.950000000000002
7172,2.358000000000002
7173,2.146000000000002
7174,1.6430000000000016
7175,2.0430000000000024
7176,2.2510000000000017
7177,1.6290000000000018
7178,1.8410000000000022
7179,1.6490000000000018
7180,1.849000000000001
7181,1.9440000000000015
7182,2.051000000000002
7183,2.154000000000002
7184,2.0410000000000017
7185,1.6370000000000025
7186,2.0370000000000017
7187,1.9500000000000015
7188,1.9460000000000022
7189,2.269000000000001
7190,2.1460000000000026
7191,1.8410000000000022
7192,2.366000000000001
7193,1.8530000000000018
7194,1.4410000000000007
7195,2.043000000000003
7196,2.1560000000000015
7197,1.7420000000000018
7198,1.9480000000000024
7199,1.9400000000000022
7200,1.9400000000000026
7201,2.037000000000002
7202,2.148000000000002
7203,2.039000000000003
7204,1.8490000000000015
7205,1.8490000000000018
7206,2.047000000000002
7207,1.7400000000000027
7208,1.9580000000000017
7209,2.051000000000002
7210,2.1460000000000012
7211,1.944000000000002
7212,2.041000000000002
7213,1.9500000000000015
7214,1.9340000000000026
7215,1.940000000000002
7216,2.2530000000000014
7217,2.0510000000000015
7218,1.8430000000000015
7219,1.9460000000000017
7220,2.144000000000003
7221,2.0490000000000017
7222,1.837000000000002
7223,2.126000000000002
7224,1.8370000000000026
7225,1.6430000000000018
7226,2.1380000000000017
7227,1.7380000000000018
7228,2.053000000000002
7229,1.8350000000000026
7230,1.9480000000000017
7231,2.2470000000000026
7232,1.6290000000000022
7233,2.2410000000000023
7234,1.7460000000000016
7235,2.043000000000002
7236,1.8590000000000009
7237,1.8510000000000022
7238,1.8350000000000017
7239,2.2490000000000014
7240,1.9500000000000017
7241,2.2470000000000017
7242,1.835000000000002
7243,1.9500000000000022
7244,1.950000000000002
7245,2.1380000000000017
7246,2.0370000000000026
7247,1.8470000000000015
7248,1.7520000000000013
7249,2.142000000000002
7250,2.053000000000001
7251,2.3440000000000025
7252,2.041000000000002
7253,1.8550000000000018
7254,1.9440000000000024
7255,1.9420000000000022
7256,1.9420000000000022
7257,2.043000000000002
7258,1.9420000000000022
7259,2.164000000000002
7260,2.152000000000002
7261,2.2410000000000028
7262,2.0410000000000026
7263,1.7340000000000015
7264,2.041000000000002
7265,2.1400000000000023
7266,1.8470000000000015
7267,2.039000000000003
7268,1.952000000000001
7269,2.2330000000000028
7270,2.0370000000000026
7271,1.8390000000000017
7272,2.142000000000002
7273,2.0470000000000024
7274,2.3660000000000014
7275,1.9460000000000017
7276,1.9400000000000017
7277,2.057000000000001
7278,1.8430000000000024
7279,2.049000000000002
7280,1.633000000000002
7281,1.8410000000000022
7282,2.0510000000000015
7283,1.8270000000000026
7284,2.350000000000002
7285,2.2710000000000012
7286,1.8410000000000017
7287,2.053000000000002
7288,2.0530000000000017
7289,1.8450000000000017
7290,2.059000000000001
7291,2.0430000000000024
7292,1.8450000000000017
7293,1.944000000000002
7294,2.257000000000002
7295,1.845000000000002
7296,2.0470000000000024
7297,1.940000000000002
7298,1.8530000000000013
7299,1.740000000000002
7300,1.8450000000000017
7301,1.9440000000000024
7302,1.7420000000000024
7303,2.0430000000000024
7304,1.7480000000000016
7305,1.9380000000000024
7306,1.9580000000000013
7307,1.950000000000001
7308,1.9540000000000013
7309,1.9540000000000013
7310,2.0550000000000015
7311,2.1560000000000015
7312,2.1420000000000017
7313,2.039000000000003
7314,2.0410000000000026
7315,1.9420000000000024
7316,1.7440000000000018
7317,1.643000000000002
7318,2.1380000000000026
7319,1.958000000000001
7320,1.7320000000000013
7321,1.859000000000002
7322,1.8430000000000022
7323,1.8430000000000026
7324,1.732000000000002
7325,2.047000000000003
7326,1.8430000000000015
7327,2.1480000000000024
7328,2.0470000000000015
7329,1.6310000000000016
7330,2.1460000000000026
7331,1.6430000000000018
7332,2.047000000000002
7333,2.150000000000002
7334,1.9380000000000017
7335,2.2510000000000012
7336,2.043000000000002
7337,1.7480000000000018
7338,1.8370000000000024
7339,2.4430000000000023
7340,1.635000000000002
7341,1.9480000000000015
7342,1.9380000000000026
7343,2.051000000000002
7344,1.8390000000000015
7345,2.1560000000000015
7346,1.8310000000000028
7347,1.9460000000000013
7348,1.841000000000002
7349,1.9360000000000022
7350,1.7380000000000015
7351,2.152000000000002
7352,1.8430000000000013
7353,1.7320000000000022
7354,2.0430000000000015
7355,2.043000000000002
7356,1.835000000000002
7357,2.148000000000003
7358,1.7360000000000022
7359,1.962000000000002
7360,1.6370000000000018
7361,2.043000000000002
7362,1.9400000000000022
7363,1.7440000000000015
7364,1.8350000000000022
7365,2.041000000000002
7366,2.255000000000001
7367,1.847000000000002
7368,1.7380000000000027
7369,1.635000000000002
7370,1.8510000000000022
7371,1.9520000000000024
7372,1.7360000000000022
7373,1.9540000000000013
7374,2.035000000000002
7375,1.6350000000000025
7376,2.043000000000002
7377,1.9380000000000017
7378,1.9540000000000013
7379,2.0550000000000015
7380,2.2390000000000025
7381,2.356000000000002
7382,1.9460000000000022
7383,1.8430000000000015
7384,1.8410000000000024
7385,1.9440000000000024
7386,1.8370000000000022
7387,1.740000000000002
7388,2.144000000000002
7389,1.6350000000000018
7390,1.9360000000000022
7391,2.142000000000002
7392,1.9500000000000015
7393,1.9500000000000022
7394,2.0430000000000015
7395,1.9440000000000017
7396,1.8390000000000017
7397,2.045000000000002
7398,1.8370000000000024
7399,2.027000000000003
7400,1.936000000000002
7401,2.1440000000000023
7402,2.039000000000003
7403,2.142000000000002
7404,1.9540000000000017
7405,2.144000000000002
7406,2.550000000000002
7407,1.8570000000000015
7408,1.8510000000000013
7409,2.265000000000001
7410,1.7340000000000024
7411,2.5540000000000016
7412,1.6430000000000025
7413,2.0550000000000015
7414,2.1340000000000026
7415,2.1360000000000023
7416,1.6350000000000022
7417,1.6450000000000018
7418,2.0390000000000024
7419,1.9380000000000013
7420,2.051000000000002
7421,1.8370000000000024
7422,1.7360000000000015
7423,2.051000000000002
7424,2.1660000000000017
7425,2.2610000000000015
7426,2.249000000000002
7427,2.2470000000000017
7428,2.0430000000000024
7429,2.037000000000002
7430,2.251000000000002
7431,2.136000000000002
7432,2.2570000000000014
7433,1.936000000000002
7434,1.7380000000000022
7435,1.9420000000000022
7436,2.251000000000002
7437,2.0450000000000017
7438,1.944000000000002
7439,2.0510000000000024
7440,2.0530000000000017
7441,2.043000000000002
7442,1.837000000000003
7443,1.9320000000000028
7444,2.247000000000002
7445,1.425000000000002
7446,1.7220000000000022
7447,1.7340000000000027
7448,1.8470000000000026
7449,2.231000000000002
7450,1.7420000000000024
7451,2.3720000000000017
7452,2.144000000000002
7453,1.9420000000000022
7454,2.0450000000000026
7455,1.641000000000002
7456,2.0530000000000017
7457,1.8310000000000013
7458,1.9380000000000017
7459,2.2690000000000006
7460,1.6430000000000016
7461,1.8330000000000022
7462,2.354000000000002
7463,2.1420000000000017
7464,1.946000000000002
7465,2.049000000000002
7466,2.0330000000000026
7467,1.8470000000000015
7468,2.1460000000000012
7469,2.148000000000002
7470,1.8450000000000026
7471,1.855000000000002
7472,1.942000000000002
7473,1.932000000000002
7474,2.043000000000002
7475,2.1540000000000017
7476,2.0470000000000024
7477,1.7240000000000026
7478,1.7400000000000013
7479,1.9420000000000015
7480,1.8370000000000024
7481,2.253000000000002
7482,2.0510000000000015
7483,1.960000000000001
7484,1.5300000000000018
7485,2.0470000000000024
7486,2.0650000000000013
7487,2.144000000000002
7488,1.7400000000000013
7489,1.9540000000000015
7490,1.8390000000000015
7491,1.6250000000000022
7492,1.8490000000000018
7493,2.1420000000000026
7494,1.831000000000002
7495,1.7340000000000018
7496,2.154000000000002
7497,2.039000000000002
7498,1.530000000000002
7499,1.736000000000002
7500,2.043000000000002
7501,1.744000000000002
7502,2.2450000000000023
7503,2.142000000000002
7504,1.8250000000000028
7505,1.9500000000000028
7506,1.9480000000000024
7507,1.944000000000002
7508,1.8470000000000022
7509,1.633000000000002
7510,1.8450000000000022
7511,1.9260000000000026
7512,1.8450000000000022
7513,2.053000000000001
7514,2.1460000000000017
7515,1.944000000000002
7516,2.1400000000000023
7517,1.7380000000000018
7518,2.2390000000000017
7519,2.071000000000001
7520,2.247000000000002
7521,1.8530000000000015
7522,2.1360000000000023
7523,1.7340000000000024
7524,1.9400000000000026
7525,2.0430000000000024
7526,2.1360000000000032
7527,1.950000000000002
7528,2.3480000000000025
7529,1.942000000000002
7530,2.251000000000002
7531,2.0550000000000015
7532,1.6270000000000018
7533,2.562000000000001
7534,1.7360000000000022
7535,2.1500000000000017
7536,1.8430000000000024
7537,1.7320000000000024
7538,1.748000000000002
7539,2.156000000000001
7540,1.9360000000000026
7541,1.8430000000000022
7542,1.9400000000000017
7543,1.8310000000000024
7544,1.8390000000000024
7545,2.2530000000000014
7546,2.0390000000000024
7547,1.942000000000002
7548,1.736000000000002
7549,1.9340000000000017
7550,2.1380000000000026
7551,1.6330000000000024
7552,2.2570000000000014
7553,1.839000000000002
7554,2.152000000000001
7555,1.8410000000000024
7556,2.047000000000002
7557,1.8350000000000026
7558,2.2630000000000012
7559,2.0450000000000026
7560,2.146000000000002
7561,1.8390000000000017
7562,1.9400000000000026
7563,1.8450000000000026
7564,1.7440000000000015
7565,1.9500000000000017
7566,1.7380000000000022
7567,1.9480000000000022
7568,1.8430000000000017
7569,1.7320000000000024
7570,1.746000000000002
7571,2.0530000000000026
7572,2.051000000000002
7573,1.9440000000000015
7574,2.1480000000000015
7575,1.7280000000000033
7576,2.1540000000000017
7577,1.9400000000000017
7578,1.8390000000000017
7579,1.631000000000002
7580,1.6470000000000014
7581,1.9500000000000015
7582,2.160000000000001
7583,2.461000000000001
7584,1.9420000000000022
7585,1.6430000000000016
7586,1.9660000000000013
7587,2.2350000000000025
7588,1.9480000000000022
7589,1.8550000000000018
7590,1.9540000000000015
7591,2.144000000000002
7592,1.9480000000000017
7593,1.7520000000000013
7594,2.1440000000000023
7595,2.0390000000000024
7596,1.847000000000002
7597,2.243000000000002
7598,1.936000000000002
7599,1.9560000000000022
7600,2.1480000000000024
7601,2.445000000000002
7602,1.960000000000001
7603,2.0550000000000015
7604,2.144000000000002
7605,1.8370000000000024
7606,1.8350000000000022
7607,2.0610000000000017
7608,1.536000000000002
7609,2.0690000000000013
7610,1.8370000000000022
7611,2.2530000000000014
7612,2.160000000000002
7613,2.043000000000002
7614,1.9480000000000022
7615,2.247000000000002
7616,2.245000000000002
7617,1.847000000000002
7618,2.146000000000002
7619,1.9500000000000017
7620,1.7440000000000015
7621,1.9520000000000013
7622,1.742000000000001
7623,1.9480000000000017
7624,2.352000000000002
7625,1.7380000000000018
7626,1.9420000000000022
7627,2.0350000000000024
7628,1.7400000000000022
7629,2.0390000000000015
7630,2.2390000000000025
7631,2.1520000000000015
7632,1.9540000000000017
7633,2.0370000000000026
7634,2.130000000000002
7635,2.037000000000002
7636,1.9360000000000026
7637,2.0570000000000017
7638,1.8350000000000017
7639,2.1460000000000026
7640,2.352000000000002
7641,2.0550000000000015
7642,1.8490000000000018
7643,1.837000000000002
7644,1.8410000000000024
7645,1.8410000000000022
7646,1.8450000000000015
7647,1.8270000000000026
7648,2.1540000000000017
7649,1.8570000000000007
7650,2.043000000000002
7651,1.9480000000000017
7652,2.0490000000000017
7653,2.0490000000000017
7654,1.8350000000000026
7655,1.629000000000002
7656,1.936000000000002
7657,1.839000000000002
7658,1.9380000000000024
7659,1.9400000000000026
7660,1.9400000000000026
7661,2.047000000000002
7662,2.049000000000003
7663,1.940000000000002
7664,1.8330000000000024
7665,2.3480000000000016
7666,1.629000000000002
7667,2.451000000000002
7668,2.2570000000000014
7669,1.7360000000000029
7670,1.530000000000002
7671,1.7360000000000015
7672,2.0450000000000013
7673,1.9360000000000026
7674,1.734000000000001
7675,1.8450000000000026
7676,2.346000000000001
7677,1.8410000000000024
7678,2.047000000000002
7679,2.039000000000002
7680,1.9340000000000017
7681,2.0470000000000024
7682,2.043000000000002
7683,2.338000000000002
7684,2.051000000000002
7685,1.9340000000000026
7686,2.148000000000002
7687,1.9420000000000024
7688,2.354000000000002
7689,1.734000000000002
7690,1.7440000000000015
7691,1.9460000000000017
7692,2.249000000000002
7693,1.7340000000000018
7694,2.033000000000002
7695,1.8410000000000013
7696,1.8490000000000015
7697,1.8350000000000022
7698,2.0470000000000015
7699,2.1340000000000026
7700,2.3460000000000023
7701,1.8510000000000013
7702,1.526000000000002
7703,2.138000000000002
7704,2.0570000000000017
7705,2.2470000000000026
7706,2.134000000000003
7707,2.035000000000002
7708,1.9320000000000028
7709,1.8330000000000024
7710,1.6370000000000025
7711,1.328000000000002
7712,2.0490000000000013
7713,1.940000000000001
7714,2.1420000000000026
7715,2.0530000000000017
7716,2.1420000000000026
7717,1.8410000000000024
7718,1.7320000000000022
7719,2.039000000000003
7720,2.1500000000000012
7721,1.8450000000000015
7722,1.7420000000000018
7723,1.9360000000000017
7724,2.0370000000000026
7725,1.9320000000000022
7726,2.039000000000002
7727,2.065000000000001
7728,2.0450000000000026
7729,1.936000000000002
7730,1.845000000000001
7731,1.9500000000000015
7732,1.8530000000000013
7733,1.9480000000000017
7734,2.154000000000001
7735,1.6290000000000018
7736,1.8390000000000024
7737,1.9360000000000026
7738,1.831000000000003
7739,2.041000000000002
7740,1.746000000000002
7741,2.241000000000002
7742,1.9420000000000015
7743,1.9300000000000024
7744,1.952000000000001
7745,1.9500000000000017
7746,1.960000000000002
7747,1.940000000000002
7748,2.0470000000000024
7749,2.459000000000002
7750,2.4590000000000014
7751,1.6270000000000024
7752,1.5240000000000022
7753,2.047000000000002
7754,2.1400000000000023
7755,2.0450000000000026
7756,1.8390000000000024
7757,1.9500000000000022
7758,2.255000000000002
7759,1.946000000000002
7760,1.8450000000000022
7761,2.0470000000000024
7762,1.8410000000000013
7763,1.8390000000000017
7764,1.7400000000000022
7765,2.1540000000000017
7766,1.8390000000000017
7767,1.946000000000002
7768,1.7440000000000024
7769,1.7380000000000022
7770,1.740000000000002
7771,2.2550000000000012
7772,1.740000000000002
7773,1.8430000000000022
7774,2.0490000000000013
7775,1.956000000000001
7776,1.8530000000000022
7777,2.2450000000000028
7778,2.047000000000002
7779,1.7320000000000024
7780,2.146000000000002
7781,1.7260000000000022
7782,2.3480000000000025
7783,2.249000000000002
7784,1.8370000000000022
7785,2.1360000000000023
7786,1.7440000000000024
7787,2.0470000000000024
7788,2.047000000000002
7789,1.946000000000003
7790,2.0450000000000017
7791,1.746000000000001
7792,1.7380000000000018
7793,2.445000000000002
7794,1.6370000000000025
7795,1.8470000000000015
7796,1.9480000000000013
7797,2.2610000000000015
7798,2.2410000000000023
7799,1.631000000000002
7800,2.0590000000000024
7801,1.9400000000000022
7802,1.8350000000000022
7803,1.839000000000002
7804,1.8330000000000022
7805,1.841000000000002
7806,2.146000000000002
7807,2.033000000000002
7808,2.138000000000002
7809,1.942000000000002
7810,2.047000000000002
7811,2.148000000000002
7812,2.3420000000000027
7813,1.744000000000002
7814,1.9420000000000022
7815,2.263000000000001
7816,2.049000000000002
7817,1.8390000000000026
7818,2.039000000000002
7819,1.730000000000002
7820,1.9500000000000017
7821,2.243000000000002
7822,1.7580000000000018
7823,1.8430000000000017
7824,2.2570000000000014
7825,1.9440000000000015
7826,1.9340000000000024
7827,2.049000000000002
7828,2.057000000000001
7829,1.9520000000000015
7830,1.9380000000000022
7831,2.144000000000002
7832,1.8450000000000017
7833,1.7460000000000029
7834,1.8350000000000029
7835,1.7420000000000018
7836,2.1480000000000015
7837,1.9580000000000013
7838,1.7460000000000013
7839,2.150000000000002
7840,2.152000000000001
7841,2.043000000000002
7842,2.0470000000000024
7843,1.8330000000000026
7844,1.839000000000002
7845,1.7400000000000013
7846,1.9500000000000017
7847,2.144000000000002
7848,1.8430000000000015
7849,2.0490000000000017
7850,2.243000000000002
7851,1.940000000000002
7852,1.8470000000000013
7853,2.356000000000001
7854,2.043000000000001
7855,1.8550000000000018
7856,2.142000000000002
7857,1.8410000000000022
7858,2.0410000000000026
7859,1.9420000000000022
7860,1.9360000000000026
7861,1.8410000000000017
7862,1.9600000000000015
7863,2.2430000000000017
7864,1.837000000000002
7865,2.047000000000002
7866,2.1500000000000017
7867,2.051000000000002
7868,2.146000000000002
7869,1.9460000000000017
7870,1.8450000000000017
7871,2.0390000000000024
7872,1.9460000000000024
7873,1.7300000000000022
7874,1.8490000000000015
7875,1.9460000000000017
7876,1.8390000000000017
7877,1.934000000000002
7878,1.9320000000000024
7879,2.255000000000002
7880,1.9480000000000026
7881,2.0330000000000026
7882,1.754000000000002
7883,2.269000000000001
7884,1.6370000000000022
7885,1.9560000000000013
7886,1.9420000000000015
7887,2.045000000000002
7888,2.1460000000000026
7889,1.8390000000000024
7890,2.253000000000002
7891,2.164000000000002
7892,2.0350000000000024
7893,2.247000000000002
7894,1.7480000000000009
7895,2.235000000000002
7896,1.7400000000000029
7897,2.4630000000000014
7898,1.4270000000000018
7899,2.148000000000003
7900,2.043000000000002
7901,1.9500000000000017
7902,1.837000000000002
7903,1.7260000000000022
7904,1.9400000000000028
7905,1.8570000000000015
7906,1.9400000000000028
7907,1.9480000000000024
7908,1.841000000000002
7909,2.0490000000000013
7910,1.9500000000000015
7911,1.6450000000000022
7912,2.144000000000002
7913,2.0410000000000017
7914,1.6370000000000018
7915,1.9580000000000013
7916,2.2590000000000012
7917,1.3360000000000007
7918,1.8290000000000028
7919,2.162000000000001
7920,1.845000000000002
7921,2.1380000000000026
7922,1.8590000000000015
7923,2.144000000000003
7924,2.0470000000000024
7925,1.6430000000000016
7926,1.8370000000000024
7927,2.148000000000002
7928,2.055000000000002
7929,2.2470000000000017
7930,1.9380000000000022
7931,2.144000000000002
7932,2.0350000000000024
7933,1.839000000000002
7934,2.4490000000000025
7935,1.9460000000000017
7936,2.251000000000002
7937,1.9380000000000022
7938,2.1560000000000015
7939,1.940000000000002
7940,2.059000000000001
7941,2.041000000000002
7942,1.956000000000002
7943,2.051000000000002
7944,1.8430000000000022
7945,1.734000000000003
7946,2.152000000000002
7947,1.9500000000000015
7948,2.0390000000000024
7949,2.0370000000000026
7950,2.2450000000000023
7951,2.142000000000002
7952,1.6350000000000025
7953,2.039000000000002
7954,1.8430000000000024
7955,2.0370000000000017
7956,2.1460000000000026
7957,2.1540000000000017
7958,1.8330000000000022
7959,2.0570000000000013
7960,2.0490000000000013
7961,1.7280000000000024
7962,2.045000000000002
7963,1.9500000000000017
7964,2.160000000000002
7965,2.1340000000000026
7966,2.158000000000001
7967,1.8430000000000017
7968,2.146000000000002
7969,2.035000000000002
7970,1.6430000000000016
7971,2.057000000000001
7972,2.041000000000002
7973,2.2450000000000028
7974,2.0490000000000017
7975,2.148000000000002
7976,2.1400000000000023
7977,2.144000000000002
7978,2.0390000000000024
7979,1.8450000000000015
7980,2.055000000000002
7981,2.043000000000002
7982,2.356000000000002
7983,2.0310000000000024
7984,2.041000000000002
7985,2.3380000000000027
7986,2.2450000000000023
7987,2.0550000000000015
7988,1.7360000000000029
7989,1.8470000000000015
7990,2.027000000000003
7991,1.7480000000000016
7992,1.6450000000000014
7993,2.0450000000000017
7994,2.348000000000002
7995,2.1480000000000024
7996,1.8390000000000026
7997,1.9380000000000017
7998,2.047000000000002
7999,1.9380000000000017
8000,2.0430000000000024
8001,2.146000000000002
8002,2.249000000000002
8003,2.0390000000000024
8004,2.1460000000000026
8005,1.9580000000000006
8006,1.948000000000001
8007,1.9380000000000022
8008,1.9420000000000015
8009,2.055000000000001
8010,2.253000000000002
8011,2.0370000000000017
8012,1.847000000000002
8013,1.6390000000000016
8014,1.9440000000000013
8015,2.0310000000000024
8016,1.936000000000002
8017,2.1620000000000013
8018,2.1420000000000026
8019,1.9440000000000017
8020,1.9480000000000015
8021,2.2490000000000023
8022,2.055000000000002
8023,1.9620000000000006
8024,1.8450000000000015
8025,2.1500000000000012
8026,1.9400000000000017
8027,2.045000000000002
8028,1.8470000000000015
8029,2.0450000000000013
8030,2.063000000000001
8031,1.8350000000000017
8032,1.9520000000000013
8033,2.1360000000000023
8034,2.350000000000002
8035,2.0370000000000026
8036,2.059000000000001
8037,2.041000000000002
8038,1.8390000000000017
8039,2.138000000000002
8040,2.152000000000001
8041,1.950000000000002
8042,2.0450000000000017
8043,2.142000000000002
8044,2.1580000000000017
8045,1.9500000000000017
8046,2.144000000000002
8047,1.746000000000001
8048,2.1440000000000023
8049,1.9380000000000017
8050,1.944000000000002
8051,2.0510000000000015
8052,2.0370000000000026
8053,1.433000000000002
8054,2.253000000000002
8055,1.839000000000002
8056,1.8390000000000017
8057,2.045000000000002
8058,1.9400000000000022
8059,2.0470000000000015
8060,1.9420000000000022
8061,2.0450000000000017
8062,2.0590000000000015
8063,1.942000000000002
8064,1.534000000000002
8065,1.9480000000000022
8066,1.8350000000000022
8067,2.253000000000002
8068,1.734000000000002
8069,1.7380000000000013
8070,1.9480000000000022
8071,2.3420000000000027
8072,1.9400000000000017
8073,2.0370000000000017
8074,1.8450000000000022
8075,1.8450000000000017
8076,2.4670000000000014
8077,1.9480000000000015
8078,1.9420000000000024
8079,2.2470000000000026
8080,2.1420000000000026
8081,2.0390000000000024
8082,1.6330000000000024
8083,1.8490000000000015
8084,2.2550000000000017
8085,2.0350000000000024
8086,1.7420000000000024
8087,1.942000000000002
8088,2.0530000000000017
8089,1.9400000000000017
8090,2.2450000000000023
8091,1.7360000000000024
8092,2.0410000000000026
8093,1.8430000000000024
8094,2.144000000000002
8095,2.0670000000000015
8096,2.140000000000002
8097,1.8350000000000026
8098,2.3580000000000014
8099,2.255000000000002
8100,2.2470000000000026
8101,1.8370000000000024
8102,2.2530000000000023
8103,1.7460000000000013
8104,1.8430000000000026
8105,1.8410000000000022
8106,2.144000000000002
8107,1.8410000000000013
8108,2.1500000000000012
8109,1.9460000000000024
8110,1.8330000000000026
8111,2.0350000000000024
8112,2.1620000000000017
8113,1.839000000000002
8114,2.146000000000002
8115,1.8350000000000029
8116,1.934000000000002
8117,1.8510000000000009
8118,1.7500000000000018
8119,1.9500000000000017
8120,1.952000000000001
8121,2.2390000000000025
8122,1.7420000000000027
8123,2.0410000000000017
8124,2.059000000000001
8125,1.746000000000002
8126,1.8410000000000022
8127,2.0370000000000026
8128,2.146000000000002
8129,2.0450000000000026
8130,1.9420000000000024
8131,2.043000000000003
8132,2.045000000000002
8133,1.8430000000000017
8134,1.8350000000000022
8135,1.847000000000002
8136,2.1380000000000017
8137,2.0410000000000017
8138,2.039000000000003
8139,2.0550000000000024
8140,2.043000000000002
8141,2.1360000000000015
8142,2.043000000000002
8143,2.251000000000002
8144,1.7280000000000026
8145,1.4270000000000027
8146,2.150000000000002
8147,2.2570000000000023
8148,1.734000000000003
8149,2.2330000000000028
8150,1.9380000000000022
8151,1.9360000000000022
8152,2.2630000000000012
8153,2.049000000000002
8154,1.851000000000001
8155,1.9480000000000017
8156,2.0490000000000017
8157,1.9360000000000026
8158,2.176000000000001
8159,1.6370000000000018
8160,1.9300000000000024
8161,2.2530000000000014
8162,2.144000000000002
8163,1.839000000000002
8164,2.049000000000002
8165,1.7380000000000022
8166,2.142000000000002
8167,2.0510000000000015
8168,2.2590000000000017
8169,1.8450000000000015
8170,2.0510000000000015
8171,1.9380000000000022
8172,2.0450000000000017
8173,1.9420000000000022
8174,2.150000000000002
8175,1.7340000000000029
8176,2.1500000000000012
8177,2.045000000000002
8178,1.841000000000002
8179,1.9380000000000026
8180,1.8350000000000017
8181,1.940000000000002
8182,2.136000000000003
8183,2.2630000000000017
8184,2.1540000000000017
8185,1.946000000000002
8186,1.7380000000000029
8187,2.0390000000000024
8188,2.049000000000002
8189,2.059000000000001
8190,2.045000000000002
8191,2.0570000000000017
8192,2.061000000000001
8193,2.0370000000000026
8194,2.049000000000002
8195,1.9540000000000017
8196,2.2590000000000017
8197,2.0450000000000013
8198,2.0470000000000015
8199,2.445000000000002
8200,1.9520000000000013
8201,1.9360000000000022
8202,2.2470000000000026
8203,1.8490000000000018
8204,2.255000000000002
8205,1.839000000000002
8206,2.051000000000002
8207,2.0470000000000024
8208,1.9480000000000017
8209,2.2590000000000012
8210,1.9360000000000022
8211,2.1420000000000026
8212,1.841000000000002
8213,2.350000000000002
8214,2.136000000000003
8215,1.9400000000000028
8216,1.9440000000000024
8217,2.1440000000000015
8218,1.9420000000000024
8219,1.847000000000001
8220,1.8550000000000018
8221,2.152000000000002
8222,2.1460000000000012
8223,2.043000000000002
8224,1.8450000000000017
8225,1.8510000000000018
8226,2.2450000000000028
8227,2.0490000000000017
8228,2.156000000000001
8229,1.944000000000002
8230,2.043000000000002
8231,1.9280000000000024
8232,1.9400000000000022
8233,1.8390000000000024
8234,1.8410000000000024
8235,2.043000000000002
8236,2.0470000000000024
8237,1.841000000000002
8238,1.8430000000000022
8239,2.0470000000000024
8240,1.7440000000000018
8241,2.146000000000002
8242,2.3640000000000017
8243,1.6370000000000016
8244,1.930000000000002
8245,1.7300000000000022
8246,2.0490000000000026
8247,2.4650000000000016
8248,1.740000000000002
8249,1.7400000000000018
8250,2.247000000000002
8251,1.6530000000000016
8252,1.9360000000000022
8253,2.140000000000003
8254,2.047000000000002
8255,2.144000000000002
8256,1.9500000000000015
8257,2.0410000000000026
8258,1.7320000000000022
8259,2.144000000000002
8260,1.8350000000000022
8261,1.936000000000002
8262,2.162000000000001
8263,1.849000000000002
8264,2.1520000000000015
8265,1.936000000000002
8266,1.9420000000000015
8267,1.952000000000002
8268,1.9460000000000013
8269,1.9420000000000024
8270,1.8430000000000015
8271,1.9360000000000026
8272,2.1500000000000012
8273,1.9320000000000024
8274,1.8430000000000022
8275,2.2610000000000015
8276,1.7440000000000024
8277,1.839000000000002
8278,2.344000000000002
8279,2.0450000000000017
8280,1.6430000000000013
8281,2.144000000000002
8282,2.170000000000001
8283,2.1500000000000012
8284,1.9440000000000017
8285,2.045000000000002
8286,2.3620000000000014
8287,2.148000000000002
8288,2.2470000000000017
8289,2.249000000000002
8290,2.146000000000002
8291,1.8350000000000026
8292,1.9380000000000022
8293,1.8550000000000013
8294,1.6470000000000016
8295,2.0550000000000015
8296,1.9500000000000017
8297,1.736000000000002
8298,1.849000000000002
8299,1.9380000000000022
8300,2.160000000000002
8301,2.0510000000000015
8302,1.958000000000001
8303,2.152000000000002
8304,1.9340000000000024
8305,1.6330000000000024
8306,1.9380000000000022
8307,1.9500000000000017
8308,1.8370000000000022
8309,1.7340000000000027
8310,2.037000000000002
8311,2.0350000000000024
8312,2.146000000000002
8313,2.3420000000000023
8314,1.9460000000000017
8315,2.1380000000000017
8316,2.0530000000000013
8317,2.4430000000000027
8318,2.3460000000000023
8319,2.045000000000002
8320,2.0610000000000017
8321,2.2590000000000017
8322,1.6350000000000018
8323,2.0530000000000026
8324,1.7440000000000018
8325,2.1520000000000015
8326,2.0430000000000024
8327,1.8310000000000022
8328,1.9460000000000022
8329,2.0450000000000017
8330,1.9460000000000017
8331,2.041000000000002
8332,2.3500000000000014
8333,1.7300000000000022
8334,2.2410000000000023
8335,1.8430000000000017
8336,1.6290000000000031
8337,2.146000000000002
8338,1.9360000000000017
8339,2.0390000000000024
8340,1.8290000000000024
8341,2.045000000000002
8342,1.9320000000000024
8343,1.9320000000000028
8344,1.8450000000000022
8345,2.0510000000000015
8346,2.041000000000002
8347,2.445000000000002
8348,2.0430000000000015
8349,2.140000000000002
8350,1.9320000000000024
8351,2.051000000000002
8352,1.6350000000000018
8353,2.251000000000002
8354,2.1500000000000012
8355,1.9380000000000024
8356,1.936000000000002
8357,2.051000000000002
8358,1.8430000000000024
8359,1.9600000000000017
8360,2.0470000000000024
8361,2.152000000000002
8362,2.148000000000002
8363,1.9480000000000017
8364,2.2470000000000017
8365,2.051000000000001
8366,2.1420000000000026
8367,2.0470000000000015
8368,2.043000000000002
8369,2.0470000000000024
8370,1.940000000000002
8371,2.059000000000001
8372,2.0410000000000026
8373,2.0350000000000024
8374,1.8410000000000022
8375,2.4430000000000023
8376,1.8490000000000018
8377,2.1440000000000023
8378,2.1600000000000015
8379,2.249000000000002
8380,2.0510000000000024
8381,1.8370000000000024
8382,1.8430000000000024
8383,2.1440000000000015
8384,2.451000000000002
8385,1.736000000000002
8386,1.9460000000000017
8387,2.1420000000000026
8388,1.748000000000002
8389,2.148000000000002
8390,2.2370000000000028
8391,1.932000000000002
8392,1.7580000000000024
8393,2.039000000000003
8394,2.152000000000002
8395,2.257000000000002
8396,1.8410000000000022
8397,2.041000000000002
8398,2.0490000000000013
8399,1.9400000000000017
8400,2.0410000000000035
8401,2.0490000000000017
8402,2.0470000000000024
8403,2.1420000000000017
8404,1.7420000000000015
8405,2.235000000000002
8406,1.8450000000000022
8407,1.7580000000000016
8408,2.1380000000000026
8409,1.9540000000000013
8410,2.2610000000000015
8411,2.350000000000002
8412,1.7380000000000022
8413,2.0570000000000017
8414,1.837000000000002
8415,1.942000000000002
8416,1.6430000000000013
8417,1.9380000000000017
8418,2.1440000000000023
8419,1.8290000000000028
8420,2.3440000000000025
8421,1.8430000000000024
8422,2.2370000000000023
8423,2.043000000000002
8424,1.944000000000002
8425,1.740000000000002
8426,1.9520000000000022
8427,1.8450000000000009
8428,1.534000000000002
8429,2.1420000000000017
8430,2.0370000000000026
8431,1.8390000000000024
8432,2.148000000000002
8433,1.841000000000002
8434,1.9460000000000013
8435,2.1420000000000026
8436,2.2570000000000014
8437,2.1440000000000015
8438,1.8510000000000029
8439,1.9360000000000022
8440,1.9500000000000017
8441,1.9520000000000024
8442,1.9340000000000024
8443,1.938000000000003
8444,2.1660000000000004
8445,2.144000000000002
8446,1.639000000000002
8447,1.7400000000000013
8448,2.0470000000000024
8449,1.9420000000000022
8450,1.857000000000002
8451,2.045000000000002
8452,1.835000000000002
8453,1.9420000000000022
8454,1.7280000000000024
8455,1.7440000000000015
8456,2.146000000000002
8457,2.261000000000001
8458,1.7340000000000018
8459,2.0370000000000026
8460,2.160000000000001
8461,1.845000000000002
8462,2.0350000000000024
8463,1.8570000000000013
8464,2.142000000000002
8465,1.740000000000002
8466,2.047000000000002
8467,2.045000000000002
8468,1.9440000000000024
8469,2.0350000000000024
8470,1.9400000000000017
8471,2.449000000000002
8472,1.837000000000002
8473,1.639000000000002
8474,2.1420000000000026
8475,2.045000000000002
8476,1.732000000000003
8477,1.744000000000002
8478,1.8430000000000015
8479,1.7320000000000026
8480,2.1380000000000026
8481,1.9380000000000015
8482,2.051000000000002
8483,2.156000000000001
8484,2.247000000000002
8485,2.130000000000003
8486,1.940000000000002
8487,1.950000000000002
8488,1.944000000000002
8489,2.2410000000000014
8490,2.0470000000000015
8491,1.938000000000003
8492,1.930000000000003
8493,1.8410000000000017
8494,2.0450000000000013
8495,2.251000000000002
8496,1.942000000000002
8497,1.6370000000000018
8498,2.0450000000000026
8499,2.051000000000002
8500,2.057000000000001
8501,2.146000000000002
8502,1.744000000000002
8503,1.940000000000002
8504,2.1380000000000035
8505,2.0590000000000015
8506,2.043000000000002
8507,1.9420000000000022
8508,1.8590000000000007
8509,1.8370000000000024
8510,1.7400000000000013
8511,2.0570000000000017
8512,2.241000000000002
8513,1.950000000000002
8514,2.0410000000000017
8515,1.9460000000000024
8516,2.043000000000002
8517,1.9460000000000024
8518,2.049000000000001
8519,1.8410000000000017
8520,2.059000000000002
8521,2.035000000000002
8522,1.7400000000000022
8523,1.9560000000000028
8524,1.6230000000000027
8525,1.9480000000000022
8526,1.5340000000000023
8527,2.3480000000000016
8528,1.835000000000002
8529,2.154000000000002
8530,2.0510000000000015
8531,1.960000000000001
8532,2.059000000000002
8533,1.8390000000000013
8534,1.9460000000000013
8535,1.744000000000002
8536,2.0470000000000024
8537,2.3580000000000023
8538,2.045000000000002
8539,1.7460000000000013
8540,1.9360000000000022
8541,2.1400000000000023
8542,2.039000000000003
8543,2.336000000000003
8544,2.1420000000000026
8545,1.8450000000000015
8546,1.9320000000000028
8547,2.152000000000002
8548,2.0570000000000017
8549,2.035000000000003
8550,2.1360000000000023
8551,2.0510000000000015
8552,1.9380000000000024
8553,2.2470000000000026
8554,1.837000000000002
8555,2.1400000000000023
8556,2.348000000000002
8557,2.1400000000000023
8558,2.047000000000002
8559,1.9360000000000022
8560,1.934000000000002
8561,2.3440000000000025
8562,1.7260000000000024
8563,1.942000000000002
8564,2.0510000000000015
8565,2.0470000000000024
8566,2.154000000000002
8567,1.8450000000000015
8568,1.831000000000002
8569,2.3480000000000016
8570,2.148000000000002
8571,1.8330000000000022
8572,1.8390000000000017
8573,2.2550000000000012
8574,2.3620000000000014
8575,2.0650000000000017
8576,2.055000000000002
8577,2.148000000000002
8578,1.837000000000002
8579,1.9400000000000022
8580,2.146000000000002
8581,2.156000000000002
8582,2.045000000000002
8583,2.1420000000000017
8584,2.1400000000000023
8585,2.1580000000000017
8586,1.754000000000001
8587,2.055000000000001
8588,1.4270000000000023
8589,1.9360000000000022
8590,2.1600000000000015
8591,1.8370000000000024
8592,2.039000000000002
8593,2.1360000000000023
8594,2.158000000000001
8595,2.0450000000000026
8596,2.043000000000002
8597,1.7380000000000022
8598,1.9540000000000017
8599,2.1540000000000017
8600,2.0530000000000013
8601,2.0410000000000017
8602,2.3620000000000014
8603,1.934000000000002
8604,2.1540000000000017
8605,2.2450000000000023
8606,1.7440000000000024
8607,2.051000000000002
8608,2.1460000000000026
8609,1.9340000000000015
8610,2.057000000000002
8611,1.9460000000000024
8612,2.0430000000000024
8613,1.7340000000000027
8614,2.146000000000002
8615,2.5500000000000025
8616,2.4510000000000023
8617,2.150000000000002
8618,1.740000000000002
8619,2.451000000000002
8620,2.255000000000002
8621,1.643000000000002
8622,2.150000000000002
8623,2.352000000000002
8624,2.059000000000001
8625,2.257000000000002
8626,1.7440000000000018
8627,1.9360000000000026
8628,2.2390000000000025
8629,1.629000000000002
8630,1.9400000000000017
8631,2.144000000000002
8632,2.0430000000000024
8633,1.8410000000000017
8634,1.847000000000002
8635,2.158000000000002
8636,1.9440000000000017
8637,1.8270000000000024
8638,1.9400000000000022
8639,1.8430000000000022
8640,1.8490000000000015
8641,2.0510000000000015
8642,1.9420000000000022
8643,1.635000000000003
8644,2.144000000000002
8645,2.0510000000000015
8646,2.047000000000002
8647,1.7340000000000024
8648,2.0470000000000015
8649,1.8450000000000017
8650,2.3560000000000016
8651,2.045000000000002
8652,1.9460000000000024
8653,1.9380000000000026
8654,2.142000000000002
8655,1.8370000000000022
8656,1.9480000000000015
8657,1.8370000000000024
8658,2.164000000000002
8659,1.8290000000000026
8660,2.1380000000000017
8661,2.0550000000000015
8662,2.0450000000000013
8663,2.231000000000003
8664,1.9360000000000022
8665,2.146000000000002
8666,2.4450000000000016
8667,2.4490000000000016
8668,2.043000000000001
8669,2.039000000000003
8670,2.0470000000000024
8671,1.5260000000000022
8672,1.8610000000000013
8673,1.736000000000002
8674,1.7380000000000022
8675,1.6470000000000022
8676,2.4570000000000016
8677,2.041000000000002
8678,2.049000000000002
8679,1.736000000000002
8680,1.9380000000000017
8681,2.3520000000000016
8682,1.4530000000000016
8683,1.8430000000000026
8684,2.2430000000000025
8685,2.035000000000003
8686,2.043000000000002
8687,2.144000000000002
8688,2.360000000000001
8689,1.845000000000002
8690,2.3580000000000023
8691,1.8410000000000022
8692,1.9540000000000017
8693,1.645000000000002
8694,2.142000000000002
8695,2.1440000000000023
8696,1.9480000000000015
8697,1.8550000000000013
8698,2.160000000000002
8699,1.8350000000000022
8700,1.9340000000000026
8701,2.0530000000000017
8702,2.158000000000002
8703,1.8430000000000022
8704,1.8450000000000009
8705,1.851000000000002
8706,2.154000000000001
8707,2.150000000000002
8708,2.049000000000002
8709,2.0430000000000015
8710,1.8510000000000018
8711,1.8350000000000022
8712,1.9420000000000024
8713,1.9540000000000015
8714,2.0430000000000024
8715,1.8350000000000017
8716,1.8370000000000022
8717,2.239000000000002
8718,2.1440000000000023
8719,2.039000000000002
8720,2.1560000000000015
8721,2.057000000000001
8722,1.7380000000000024
8723,1.7420000000000015
8724,2.1540000000000017
8725,2.0370000000000026
8726,1.944000000000002
8727,2.146000000000002
8728,2.049000000000002
8729,2.043000000000002
8730,2.0530000000000017
8731,2.239000000000002
8732,2.146000000000002
8733,2.0490000000000017
8734,1.9500000000000015
8735,2.0550000000000015
8736,1.8350000000000022
8737,1.730000000000002
8738,2.0410000000000026
8739,1.8490000000000018
8740,2.2630000000000012
8741,2.043000000000002
8742,1.9340000000000026
8743,2.4390000000000027
8744,2.152000000000002
8745,2.1560000000000015
8746,2.142000000000002
8747,1.7380000000000027
8748,1.9440000000000017
8749,2.055000000000001
8750,2.0550000000000015
8751,2.2550000000000017
8752,1.9560000000000013
8753,2.043000000000002
8754,1.946000000000002
8755,1.8390000000000029
8756,2.5640000000000005
8757,2.1440000000000023
8758,2.3520000000000025
8759,1.9380000000000015
8760,1.8290000000000017
8761,2.041000000000003
8762,2.1480000000000015
8763,2.2450000000000028
8764,2.043000000000002
8765,2.146000000000002
8766,1.9360000000000028
8767,1.946000000000002
8768,2.055000000000001
8769,2.2430000000000025
8770,1.946000000000002
8771,2.4650000000000016
8772,2.1500000000000012
8773,2.134000000000002
8774,2.360000000000001
8775,1.8390000000000024
8776,2.2430000000000025
8777,1.8350000000000026
8778,1.9320000000000024
8779,2.3380000000000023
8780,2.049000000000002
8781,2.253000000000002
8782,2.0430000000000024
8783,2.239000000000003
8784,2.253000000000002
8785,2.247000000000002
8786,2.1360000000000023
8787,2.356000000000002
8788,2.0510000000000024
8789,2.6510000000000007
8790,2.1420000000000026
8791,1.835000000000002
8792,1.9440000000000017
8793,2.2450000000000023
8794,2.142000000000002
8795,2.148000000000002
8796,2.3640000000000008
8797,2.144000000000002
8798,2.2470000000000017
8799,1.9340000000000024
8800,2.3460000000000014
8801,1.9440000000000024
8802,2.1540000000000017
8803,2.259000000000001
8804,1.9360000000000026
8805,1.6410000000000016
8806,2.0350000000000024
8807,2.2370000000000023
8808,1.849000000000001
8809,2.0430000000000024
8810,1.8370000000000015
8811,1.8450000000000015
8812,2.3480000000000025
8813,1.9560000000000017
8814,2.1500000000000026
8815,2.0350000000000024
8816,1.9380000000000022
8817,2.247000000000001
8818,2.2630000000000017
8819,1.9320000000000028
8820,2.0570000000000017
8821,1.7400000000000022
8822,1.8430000000000013
8823,2.362000000000001
8824,1.7440000000000015
8825,2.041000000000002
8826,1.8410000000000024
8827,2.1520000000000024
8828,1.9280000000000022
8829,2.150000000000002
8830,2.162000000000001
8831,1.6410000000000013
8832,1.946000000000002
8833,2.053000000000002
8834,2.047000000000002
8835,1.7420000000000022
8836,2.245000000000002
8837,1.8370000000000022
8838,2.158000000000002
8839,2.144000000000002
8840,1.8490000000000015
8841,2.2570000000000014
8842,1.9340000000000026
8843,1.8430000000000024
8844,2.0470000000000015
8845,1.9320000000000033
8846,2.3460000000000023
8847,2.039000000000002
8848,2.1520000000000024
8849,2.1520000000000015
8850,1.6370000000000018
8851,2.0390000000000024
8852,1.9340000000000028
8853,2.1620000000000017
8854,2.148000000000003
8855,2.0490000000000017
8856,1.9340000000000024
8857,2.249000000000002
8858,1.9480000000000022
8859,1.9320000000000024
8860,1.956000000000002
8861,1.845000000000001
8862,1.950000000000001
8863,2.0390000000000024
8864,1.744000000000002
8865,2.0510000000000024
8866,2.3500000000000028
8867,2.352000000000002
8868,2.1320000000000023
8869,1.9580000000000022
8870,2.043000000000002
8871,2.0470000000000024
8872,1.950000000000002
8873,2.043000000000002
8874,1.841000000000002
8875,1.9340000000000024
8876,1.8450000000000015
8877,2.3460000000000023
8878,2.0470000000000024
8879,2.1500000000000012
8880,2.069000000000001
8881,2.1520000000000015
8882,1.9460000000000022
8883,1.861000000000001
8884,1.9420000000000022
8885,2.035000000000002
8886,2.1540000000000017
8887,1.8350000000000015
8888,1.7260000000000029
8889,1.8350000000000017
8890,2.0370000000000017
8891,1.7260000000000029
8892,2.1380000000000026
8893,2.150000000000002
8894,2.249000000000002
8895,2.1580000000000017
8896,1.829000000000002
8897,2.5580000000000016
8898,2.259000000000002
8899,2.041000000000003
8900,1.7500000000000027
8901,2.148000000000002
8902,2.2490000000000023
8903,2.140000000000002
8904,2.1460000000000026
8905,2.0450000000000017
8906,1.946000000000002
8907,1.9360000000000022
8908,2.043000000000002
8909,1.936000000000002
8910,2.0470000000000015
8911,1.940000000000002
8912,1.8330000000000026
8913,1.8350000000000022
8914,2.0350000000000024
8915,2.0350000000000024
8916,2.0470000000000024
8917,2.453000000000002
8918,1.9340000000000024
8919,1.8550000000000013
8920,1.940000000000002
8921,2.1560000000000015
8922,2.358000000000002
8923,2.043000000000002
8924,2.253000000000002
8925,1.8550000000000018
8926,2.5500000000000016
8927,2.045000000000002
8928,1.841000000000002
8929,2.3460000000000023
8930,1.8410000000000013
8931,1.9600000000000006
8932,1.9440000000000024
8933,2.2430000000000017
8934,1.9360000000000026
8935,2.156000000000001
8936,1.942000000000002
8937,2.039000000000002
8938,2.1380000000000017
8939,1.744000000000002
8940,2.2470000000000017
8941,2.1460000000000017
8942,1.9380000000000022
8943,2.2330000000000028
8944,2.0410000000000017
8945,2.2470000000000017
8946,1.8330000000000022
8947,1.631000000000003
8948,1.8290000000000026
8949,2.356000000000002
8950,1.9360000000000026
8951,1.9420000000000022
8952,2.1520000000000015
8953,1.8470000000000022
8954,1.940000000000002
8955,2.156000000000002
8956,1.9420000000000024
8957,2.338000000000002
8958,2.0550000000000015
8959,2.146000000000002
8960,2.0470000000000024
8961,1.6370000000000016
8962,1.7360000000000024
8963,1.7380000000000027
8964,1.962000000000001
8965,1.8490000000000024
8966,1.736000000000002
8967,2.051000000000002
8968,2.263000000000002
8969,1.8390000000000017
8970,2.0490000000000013
8971,1.9360000000000026
8972,2.047000000000002
8973,1.932000000000002
8974,1.8330000000000026
8975,2.1480000000000024
8976,2.049000000000002
8977,2.0470000000000024
8978,1.540000000000002
8979,2.055000000000002
8980,1.9540000000000017
8981,1.9480000000000017
8982,2.0530000000000026
8983,2.045000000000002
8984,2.2550000000000012
8985,2.0430000000000015
8986,2.1420000000000026
8987,1.841000000000002
8988,1.4450000000000023
8989,2.0450000000000013
8990,1.9380000000000024
8991,1.7460000000000013
8992,2.1420000000000017
8993,2.150000000000002
8994,2.045000000000002
8995,1.9380000000000024
8996,1.940000000000002
8997,1.8570000000000013
8998,1.847000000000002
8999,1.9520000000000015
9000,2.0330000000000026
9001,1.9420000000000022
9002,2.3440000000000025
9003,2.3400000000000025
9004,1.8410000000000017
9005,2.245000000000002
9006,2.045000000000002
9007,2.1520000000000015
9008,1.8450000000000022
9009,2.045000000000002
9010,2.2410000000000023
9011,1.9420000000000022
9012,1.845000000000002
9013,2.2490000000000014
9014,2.1460000000000026
9015,2.1480000000000024
9016,1.8470000000000015
9017,1.950000000000002
9018,1.7360000000000022
9019,2.2410000000000028
9020,2.1620000000000017
9021,1.9540000000000015
9022,1.9340000000000026
9023,2.0570000000000017
9024,2.0370000000000026
9025,1.7380000000000022
9026,1.9420000000000028
9027,2.049000000000002
9028,1.8510000000000013
9029,2.1500000000000012
9030,2.340000000000003
9031,2.0290000000000026
9032,1.932000000000002
9033,2.3460000000000023
9034,1.8330000000000024
9035,2.1520000000000024
9036,2.2530000000000023
9037,1.9460000000000017
9038,2.0570000000000013
9039,2.2470000000000026
9040,2.152000000000002
9041,2.1500000000000012
9042,1.7320000000000024
9043,1.7320000000000022
9044,2.146000000000002
9045,2.3440000000000025
9046,2.3460000000000023
9047,1.7440000000000024
9048,2.2550000000000017
9049,1.9480000000000015
9050,2.249000000000002
9051,2.241000000000002
9052,1.9380000000000022
9053,1.746000000000002
9054,1.9440000000000017
9055,2.049000000000002
9056,1.9520000000000015
9057,2.0530000000000017
9058,1.8430000000000022
9059,1.639000000000002
9060,2.150000000000002
9061,2.1380000000000026
9062,2.3420000000000023
9063,2.257000000000002
9064,1.740000000000001
9065,1.8430000000000026
9066,1.9300000000000024
9067,2.0550000000000015
9068,1.744000000000002
9069,1.7340000000000024
9070,2.1380000000000017
9071,1.7420000000000018
9072,1.9400000000000015
9073,2.154000000000002
9074,1.9480000000000017
9075,2.251000000000002
9076,1.8430000000000015
9077,2.043000000000002
9078,2.1400000000000023
9079,1.934000000000002
9080,1.9440000000000015
9081,2.0450000000000017
9082,1.8430000000000017
9083,1.9500000000000017
9084,2.146000000000002
9085,1.936000000000003
9086,2.0390000000000024
9087,2.0350000000000024
9088,2.3420000000000023
9089,2.146000000000002
9090,2.0490000000000017
9091,1.8450000000000017
9092,2.0490000000000013
9093,1.9600000000000015
9094,1.744000000000002
9095,2.051000000000002
9096,1.8570000000000007
9097,1.956000000000001
9098,2.249000000000002
9099,2.1480000000000015
9100,2.049000000000002
9101,2.043000000000002
9102,2.2510000000000012
9103,2.1400000000000023
9104,2.037000000000002
9105,2.2470000000000017
9106,2.043000000000002
9107,2.051000000000002
9108,1.8410000000000022
9109,1.6370000000000013
9110,1.8530000000000013
9111,1.8490000000000009
9112,1.9480000000000022
9113,1.946000000000002
9114,1.7380000000000015
9115,1.9480000000000013
9116,1.8470000000000013
9117,2.1380000000000026
9118,1.9440000000000026
9119,2.150000000000003
9120,1.9440000000000024
9121,1.8430000000000024
9122,2.059000000000001
9123,1.8490000000000009
9124,2.1380000000000017
9125,2.1520000000000024
9126,2.041000000000002
9127,1.9420000000000015
9128,2.360000000000002
9129,2.2450000000000023
9130,1.6530000000000014
9131,2.2470000000000017
9132,1.9440000000000015
9133,2.1360000000000023
9134,2.043000000000002
9135,1.639000000000002
9136,2.2570000000000014
9137,1.950000000000002
9138,1.9420000000000024
9139,1.750000000000001
9140,2.045000000000003
9141,1.7380000000000015
9142,1.9420000000000022
9143,1.6390000000000018
9144,2.356000000000002
9145,1.9440000000000017
9146,1.8350000000000022
9147,2.0450000000000013
9148,1.6390000000000022
9149,2.061000000000001
9150,2.039000000000003
9151,2.3480000000000016
9152,1.9340000000000024
9153,2.3420000000000014
9154,2.043000000000002
9155,2.148000000000002
9156,2.1540000000000017
9157,1.9400000000000022
9158,2.045000000000002
9159,2.0410000000000026
9160,1.8550000000000013
9161,2.249000000000002
9162,1.9580000000000015
9163,1.837000000000002
9164,1.944000000000002
9165,2.146000000000002
9166,1.9460000000000022
9167,1.8530000000000013
9168,1.7400000000000018
9169,1.9540000000000015
9170,1.6390000000000027
9171,2.059000000000002
9172,1.8550000000000009
9173,2.2450000000000014
9174,2.1600000000000015
9175,1.9540000000000013
9176,1.9480000000000017
9177,1.8370000000000026
9178,2.344000000000002
9179,1.9580000000000017
9180,2.0530000000000017
9181,2.1500000000000012
9182,1.942000000000002
9183,1.9380000000000024
9184,2.1580000000000017
9185,1.7380000000000022
9186,2.358000000000002
9187,1.7420000000000015
9188,2.2670000000000017
9189,2.2510000000000017
9190,2.150000000000002
9191,1.7460000000000016
9192,2.049000000000002
9193,2.0450000000000017
9194,1.9480000000000017
9195,1.8430000000000015
9196,2.249000000000002
9197,1.9480000000000022
9198,1.9320000000000024
9199,2.045000000000002
9200,2.0390000000000024
9201,2.0450000000000026
9202,2.3580000000000014
9203,1.847000000000002
9204,1.9400000000000028
9205,1.950000000000001
9206,2.049000000000002
9207,2.1440000000000023
9208,2.0450000000000026
9209,2.443000000000002
9210,2.1480000000000015
9211,1.8470000000000015
9212,1.940000000000002
9213,1.9480000000000017
9214,1.831000000000002
9215,1.9560000000000017
9216,2.136000000000003
9217,2.4730000000000016
9218,2.041000000000002
9219,2.5480000000000023
9220,2.1380000000000026
9221,2.156000000000001
9222,2.0490000000000013
9223,2.253000000000002
9224,1.9440000000000015
9225,2.055000000000001
9226,1.9460000000000017
9227,2.1540000000000012
9228,1.9340000000000024
9229,2.0390000000000024
9230,1.633000000000002
9231,1.8470000000000022
9232,2.041000000000002
9233,2.1580000000000017
9234,1.8370000000000015
9235,1.7540000000000011
9236,2.4570000000000016
9237,2.0450000000000017
9238,1.9380000000000022
9239,1.9420000000000022
9240,1.9360000000000022
9241,2.1600000000000015
9242,2.1480000000000015
9243,2.2430000000000017
9244,2.045000000000002
9245,2.1500000000000017
9246,2.0490000000000013
9247,1.9300000000000028
9248,2.043000000000001
9249,2.1420000000000026
9250,2.4470000000000023
9251,2.0470000000000024
9252,2.0610000000000013
9253,2.251000000000002
9254,1.9380000000000013
9255,2.160000000000001
9256,2.259000000000002
9257,2.0410000000000017
9258,2.148000000000002
9259,2.1360000000000015
9260,2.0490000000000017
9261,2.3440000000000016
9262,2.043000000000002
9263,2.1520000000000015
9264,1.9520000000000022
9265,1.9460000000000028
9266,2.2490000000000014
9267,2.342000000000002
9268,2.1620000000000013
9269,2.1660000000000013
9270,1.9400000000000017
9271,2.035000000000003
9272,2.037000000000002
9273,2.2550000000000012
9274,2.029000000000002
9275,1.7560000000000013
9276,2.2470000000000017
9277,2.047000000000002
9278,1.9540000000000015
9279,1.7340000000000027
9280,1.6270000000000018
9281,2.0550000000000015
9282,2.1380000000000017
9283,1.954000000000002
9284,1.9400000000000022
9285,1.8290000000000026
9286,2.041000000000002
9287,1.8450000000000022
9288,2.2370000000000023
9289,1.8410000000000024
9290,2.037000000000003
9291,2.251000000000002
9292,2.0550000000000015
9293,2.2450000000000028
9294,2.3460000000000023
9295,1.9580000000000015
9296,2.0530000000000017
9297,2.057000000000002
9298,2.3420000000000023
9299,1.9420000000000024
9300,1.940000000000001
9301,1.9520000000000022
9302,1.9460000000000024
9303,1.8330000000000022
9304,2.2470000000000017
9305,1.7540000000000011
9306,2.045000000000002
9307,2.0510000000000024
9308,2.3540000000000014
9309,1.6250000000000029
9310,2.1480000000000015
9311,1.9600000000000009
9312,2.0470000000000024
9313,2.257000000000002
9314,1.6230000000000027
9315,1.8290000000000026
9316,1.8490000000000015
9317,2.047000000000001
9318,1.9520000000000022
9319,1.8530000000000018
9320,1.7360000000000022
9321,1.851000000000002
9322,2.0530000000000013
9323,2.1460000000000026
9324,1.8370000000000022
9325,2.1460000000000017
9326,2.049000000000002
9327,1.835000000000002
9328,2.2570000000000023
9329,1.8430000000000013
9330,1.8430000000000022
9331,1.9380000000000017
9332,2.150000000000002
9333,2.035000000000003
9334,2.1460000000000026
9335,2.152000000000002
9336,1.6390000000000018
9337,2.1400000000000023
9338,2.2570000000000014
9339,1.9500000000000015
9340,2.8610000000000007
9341,1.736000000000002
9342,1.6410000000000025
9343,1.9460000000000024
9344,2.051000000000002
9345,2.251000000000002
9346,2.160000000000002
9347,2.4470000000000023
9348,1.7500000000000018
9349,1.9420000000000015
9350,1.835000000000002
9351,2.2350000000000025
9352,2.1540000000000012
9353,1.7420000000000022
9354,1.8370000000000024
9355,2.041000000000002
9356,2.2550000000000017
9357,2.2550000000000012
9358,2.047000000000002
9359,1.6430000000000018
9360,1.9400000000000022
9361,2.0450000000000017
9362,2.261000000000001
9363,2.0470000000000024
9364,1.6470000000000022
9365,2.049000000000002
9366,2.144000000000002
9367,1.9520000000000015
9368,1.940000000000002
9369,1.950000000000002
9370,2.1580000000000017
9371,1.946000000000001
9372,2.253000000000002
9373,2.350000000000002
9374,2.0450000000000017
9375,1.8530000000000018
9376,2.0450000000000017
9377,2.053000000000001
9378,2.162000000000002
9379,1.9420000000000024
9380,2.2430000000000025
9381,2.0550000000000024
9382,2.6590000000000007
9383,1.9480000000000015
9384,1.8470000000000022
9385,2.255000000000002
9386,1.6530000000000014
9387,1.6370000000000027
9388,1.8370000000000022
9389,1.9460000000000017
9390,1.9360000000000028
9391,2.041000000000002
9392,2.0430000000000024
9393,2.550000000000002
9394,2.350000000000002
9395,1.942000000000003
9396,2.3320000000000025
9397,2.0510000000000015
9398,1.940000000000002
9399,2.243000000000002
9400,1.934000000000002
9401,2.2510000000000017
9402,2.247000000000002
9403,2.039000000000002
9404,2.3440000000000025
9405,1.942000000000002
9406,2.140000000000002
9407,2.1420000000000026
9408,1.8590000000000015
9409,1.8410000000000022
9410,1.7260000000000029
9411,2.051000000000002
9412,2.352000000000002
9413,1.7340000000000029
9414,1.526000000000002
9415,1.7360000000000022
9416,2.1420000000000017
9417,2.245000000000002
9418,2.253000000000002
9419,2.0470000000000015
9420,1.7360000000000015
9421,1.930000000000002
9422,1.9400000000000022
9423,1.8430000000000026
9424,2.043000000000002
9425,2.043000000000002
9426,2.247000000000002
9427,2.0450000000000026
9428,2.1500000000000017
9429,1.9480000000000013
9430,2.0470000000000015
9431,1.9500000000000028
9432,2.1480000000000024
9433,2.3620000000000014
9434,1.944000000000002
9435,1.9520000000000022
9436,1.8450000000000017
9437,1.9380000000000022
9438,2.0450000000000026
9439,2.049000000000002
9440,2.0310000000000024
9441,1.940000000000002
9442,1.839000000000002
9443,1.746000000000002
9444,2.158000000000002
9445,2.0470000000000024
9446,1.9480000000000022
9447,1.9440000000000026
9448,1.9580000000000015
9449,2.0370000000000026
9450,2.0530000000000017
9451,1.9380000000000022
9452,1.8430000000000015
9453,2.1420000000000017
9454,1.740000000000002
9455,1.9400000000000022
9456,1.7320000000000026
9457,2.1420000000000026
9458,2.340000000000002
9459,2.4430000000000023
9460,1.9320000000000024
9461,2.150000000000002
9462,1.7360000000000029
9463,1.7480000000000013
9464,1.8470000000000022
9465,1.633000000000003
9466,2.164000000000001
9467,2.146000000000002
9468,2.045000000000002
9469,2.352000000000002
9470,1.942000000000002
9471,1.9340000000000024
9472,1.9480000000000015
9473,1.8390000000000017
9474,1.946000000000002
9475,1.8430000000000024
9476,1.944000000000002
9477,2.352000000000001
9478,2.0410000000000026
9479,2.1460000000000017
9480,2.148000000000002
9481,2.1520000000000015
9482,2.3560000000000016
9483,1.940000000000002
9484,2.346000000000002
9485,2.150000000000002
9486,2.2390000000000025
9487,1.934000000000002
9488,2.2530000000000014
9489,1.8470000000000022
9490,1.9480000000000017
9491,2.0470000000000015
9492,2.2510000000000017
9493,2.045000000000003
9494,1.9320000000000028
9495,1.6330000000000027
9496,2.035000000000002
9497,2.3600000000000017
9498,2.241000000000003
9499,1.946000000000002
9500,1.6250000000000018
9501,2.035000000000002
9502,1.9480000000000024
9503,2.3420000000000023
9504,1.7380000000000015
9505,2.3640000000000017
9506,2.154000000000002
9507,2.148000000000002
9508,2.1360000000000023
9509,1.6530000000000018
9510,2.1500000000000017
9511,1.9440000000000026
9512,2.045000000000002
9513,1.8330000000000024
9514,2.1520000000000024
9515,2.041000000000002
9516,2.154000000000002
9517,1.9400000000000017
9518,2.0370000000000026
9519,1.9480000000000017
9520,2.554000000000002
9521,1.9300000000000026
9522,2.2450000000000014
9523,2.253000000000002
9524,1.9480000000000017
9525,2.344000000000002
9526,1.851000000000002
9527,1.8490000000000024
9528,1.8430000000000017
9529,2.1520000000000015
9530,2.049000000000002
9531,2.1580000000000017
9532,2.136000000000002
9533,2.2430000000000017
9534,2.144000000000002
9535,2.043000000000002
9536,2.253000000000002
9537,2.150000000000002
9538,1.6370000000000022
9539,2.1420000000000017
9540,2.043000000000002
9541,2.146000000000002
9542,1.8290000000000026
9543,2.354000000000001
9544,2.0570000000000013
9545,2.144000000000002
9546,1.8450000000000022
9547,2.1520000000000024
9548,1.8430000000000015
9549,2.152000000000003
9550,1.8470000000000022
9551,2.2490000000000023
9552,2.241000000000002
9553,1.9500000000000015
9554,2.346000000000002
9555,1.956000000000001
9556,2.2350000000000025
9557,2.265000000000001
9558,1.8290000000000024
9559,1.9460000000000024
9560,1.9460000000000017
9561,2.356000000000001
9562,1.8410000000000022
9563,2.1560000000000015
9564,1.8330000000000026
9565,2.0490000000000017
9566,1.9440000000000024
9567,1.8510000000000022
9568,2.0570000000000013
9569,1.7340000000000018
9570,2.0550000000000015
9571,1.8370000000000022
9572,2.249000000000002
9573,1.9580000000000015
9574,2.1380000000000026
9575,2.150000000000002
9576,2.0390000000000015
9577,1.9300000000000024
9578,2.3560000000000016
9579,1.942000000000002
9580,2.0470000000000015
9581,1.8470000000000015
9582,2.150000000000002
9583,1.946000000000001
9584,1.740000000000001
9585,2.136000000000003
9586,2.041000000000002
9587,1.9300000000000024
9588,2.138000000000002
9589,2.039000000000002
9590,1.9580000000000015
9591,2.1520000000000015
9592,2.340000000000003
9593,2.1420000000000026
9594,2.346000000000002
9595,1.8530000000000009
9596,1.9400000000000026
9597,2.126000000000003
9598,1.9440000000000024
9599,2.051000000000002
9600,2.2490000000000023
9601,2.356000000000002
9602,2.265000000000001
9603,2.043000000000002
9604,2.035000000000002
9605,1.9360000000000028
9606,2.1440000000000023
9607,2.049000000000002
9608,2.2470000000000017
9609,1.8410000000000022
9610,1.962000000000001
9611,2.346000000000002
9612,2.0470000000000024
9613,2.0530000000000013
9614,2.158000000000002
9615,1.9420000000000022
9616,1.9280000000000026
9617,2.144000000000002
9618,1.8370000000000022
9619,1.9340000000000028
9620,2.1320000000000023
9621,2.3580000000000023
9622,2.253000000000002
9623,2.152000000000002
9624,1.8390000000000026
9625,1.8390000000000017
9626,1.944000000000002
9627,2.0450000000000017
9628,2.0470000000000024
9629,2.0550000000000015
9630,1.845000000000002
9631,2.0470000000000015
9632,2.1420000000000017
9633,1.8430000000000015
9634,2.0410000000000026
9635,2.2610000000000015
9636,2.041000000000002
9637,1.942000000000002
9638,1.9400000000000026
9639,2.146000000000002
9640,2.0570000000000017
9641,2.3460000000000023
9642,1.726000000000002
9643,1.9480000000000022
9644,1.6470000000000018
9645,2.255000000000002
9646,1.9420000000000022
9647,2.051000000000002
9648,2.043000000000002
9649,2.241000000000002
9650,2.0550000000000015
9651,1.8350000000000022
9652,2.249000000000002
9653,2.1480000000000024
9654,1.845000000000002
9655,2.249000000000002
9656,2.1480000000000015
9657,1.8550000000000018
9658,2.039000000000002
9659,2.148000000000002
9660,2.0470000000000024
9661,2.1420000000000017
9662,2.1480000000000015
9663,1.9560000000000008
9664,1.930000000000002
9665,1.952000000000002
9666,2.043000000000002
9667,1.851000000000002
9668,2.243000000000002
9669,1.9320000000000024
9670,1.9380000000000026
9671,2.0490000000000013
9672,1.9400000000000017
9673,2.1560000000000015
9674,2.253000000000002
9675,1.6370000000000016
9676,2.0590000000000015
9677,2.1540000000000017
9678,2.3580000000000014
9679,2.136000000000002
9680,1.8390000000000024
9681,1.8530000000000018
9682,2.047000000000002
9683,2.045000000000002
9684,1.8330000000000022
9685,2.0630000000000006
9686,1.8390000000000015
9687,2.1600000000000015
9688,2.0450000000000026
9689,2.049000000000002
9690,2.142000000000002
9691,1.8450000000000022
9692,1.8450000000000015
9693,2.144000000000003
9694,1.8510000000000022
9695,2.1560000000000015
9696,2.154000000000002
9697,1.9440000000000017
9698,2.049000000000002
9699,1.9460000000000022
9700,1.9460000000000017
9701,2.148000000000002
9702,1.9520000000000008
9703,2.253000000000002
9704,1.9400000000000017
9705,2.144000000000002
9706,2.055000000000001
9707,2.037000000000002
9708,2.0530000000000013
9709,1.8430000000000015
9710,2.457000000000001
9711,1.7320000000000022
9712,1.8450000000000017
9713,1.9360000000000022
9714,1.8350000000000026
9715,2.251000000000002
9716,2.2610000000000015
9717,1.9440000000000015
9718,2.148000000000002
9719,1.8390000000000026
9720,2.142000000000002
9721,2.0370000000000026
9722,2.2370000000000023
9723,1.9460000000000022
9724,2.0510000000000015
9725,2.0530000000000017
9726,1.9480000000000022
9727,2.0510000000000015
9728,2.043000000000002
9729,1.9380000000000022
9730,1.9480000000000015
9731,2.366000000000001
9732,2.049000000000002
9733,2.130000000000002
9734,2.1440000000000015
9735,2.2550000000000012
9736,2.1360000000000023
9737,1.9380000000000022
9738,2.0310000000000037
9739,2.0530000000000017
9740,2.1580000000000017
9741,1.5480000000000018
9742,1.9380000000000022
9743,2.0570000000000013
9744,1.8390000000000024
9745,1.9440000000000024
9746,1.9640000000000009
9747,1.950000000000002
9748,1.8450000000000017
9749,2.142000000000003
9750,2.249000000000002
9751,2.1580000000000013
9752,2.253000000000002
9753,2.3640000000000017
9754,2.0490000000000017
9755,1.9460000000000013
9756,2.263000000000001
9757,2.045000000000002
9758,2.043000000000002
9759,1.7380000000000013
9760,1.845000000000002
9761,2.2530000000000014
9762,1.9500000000000022
9763,1.748000000000002
9764,2.344000000000002
9765,1.9420000000000024
9766,2.249000000000002
9767,1.9380000000000026
9768,2.144000000000002
9769,2.0510000000000015
9770,2.037000000000002
9771,2.2490000000000014
9772,2.160000000000001
9773,2.140000000000002
9774,1.9520000000000013
9775,1.6350000000000013
9776,2.156000000000002
9777,2.043000000000002
9778,1.8350000000000026
9779,1.847000000000002
9780,1.9440000000000033
9781,2.1480000000000015
9782,2.0530000000000013
9783,2.253000000000002
9784,2.0590000000000024
9785,1.9380000000000024
9786,1.9440000000000017
9787,1.7400000000000022
9788,1.9420000000000024
9789,2.1460000000000026
9790,1.8310000000000024
9791,2.0530000000000017
9792,2.6590000000000007
9793,2.1360000000000023
9794,2.1580000000000017
9795,2.0470000000000024
9796,1.7300000000000022
9797,2.1580000000000017
9798,2.148000000000002
9799,1.9380000000000017
9800,1.9620000000000022
9801,2.144000000000002
9802,2.1460000000000026
9803,2.138000000000002
9804,2.1580000000000017
9805,1.940000000000002
9806,1.952000000000001
9807,2.065000000000002
9808,2.1420000000000017
9809,2.1420000000000017
9810,2.243000000000002
9811,2.164000000000002
9812,2.3460000000000023
9813,2.2510000000000012
9814,1.9440000000000017
9815,2.3460000000000023
9816,1.9420000000000022
9817,1.9400000000000017
9818,2.1500000000000012
9819,1.7420000000000015
9820,2.045000000000002
9821,1.8490000000000024
9822,1.9420000000000022
9823,1.944000000000002
9824,1.839000000000002
9825,2.0430000000000024
9826,2.0550000000000015
9827,1.7320000000000024
9828,2.043000000000002
9829,2.2530000000000014
9830,1.6330000000000024
9831,2.453000000000002
9832,2.447000000000002
9833,2.059000000000001
9834,1.9460000000000017
9835,1.5440000000000023
9836,2.0510000000000015
9837,1.8270000000000024
9838,2.039000000000002
9839,2.2470000000000026
9840,2.1380000000000026
9841,1.8490000000000024
9842,2.035000000000003
9843,2.1520000000000015
9844,1.7440000000000018
9845,2.041000000000002
9846,1.9420000000000022
9847,2.6490000000000027
9848,2.2410000000000014
9849,2.1360000000000023
9850,1.6410000000000022
9851,1.8470000000000024
9852,2.3340000000000023
9853,2.0450000000000013
9854,2.0390000000000024
9855,1.8430000000000017
9856,2.0470000000000024
9857,2.1480000000000015
9858,1.845000000000002
9859,1.950000000000002
9860,1.732000000000002
9861,1.8390000000000024
9862,2.041000000000002
9863,1.6470000000000027
9864,2.4490000000000016
9865,2.0550000000000015
9866,1.6430000000000018
9867,2.1400000000000023
9868,2.247000000000001
9869,2.0530000000000013
9870,2.047000000000003
9871,2.1520000000000015
9872,2.045000000000002
9873,2.043000000000001
9874,2.134000000000002
9875,1.750000000000001
9876,2.4510000000000023
9877,1.7400000000000018
9878,2.039000000000003
9879,2.043000000000002
9880,1.8450000000000022
9881,1.8470000000000006
9882,1.9400000000000028
9883,1.9460000000000022
9884,1.9420000000000024
9885,2.164000000000001
9886,1.8490000000000009
9887,2.144000000000002
9888,2.239000000000002
9889,1.9400000000000026
9890,2.1540000000000017
9891,1.944000000000002
9892,2.0530000000000017
9893,1.8310000000000024
9894,2.257000000000001
9895,1.8430000000000022
9896,2.3560000000000008
9897,2.2510000000000017
9898,2.0410000000000017
9899,2.041000000000002
9900,1.7380000000000015
9901,2.3540000000000014
9902,1.950000000000002
9903,2.0430000000000024
9904,2.1540000000000012
9905,2.247000000000002
9906,1.746000000000002
9907,1.950000000000002
9908,2.146000000000002
9909,2.162000000000001
9910,2.0450000000000017
9911,2.057000000000001
9912,2.249000000000002
9913,1.952000000000002
9914,1.6430000000000016
9915,1.8330000000000017
9916,2.041000000000002
9917,2.043000000000002
9918,2.2530000000000023
9919,1.857000000000001
9920,2.0370000000000026
9921,1.9420000000000013
9922,2.255000000000002
9923,2.1440000000000023
9924,2.1400000000000023
9925,1.9440000000000024
9926,2.037000000000002
9927,2.3460000000000023
9928,2.1560000000000015
9929,2.041000000000002
9930,1.746000000000002
9931,2.0350000000000024
9932,2.154000000000001
9933,2.1560000000000015
9934,1.9400000000000022
9935,2.1460000000000017
9936,1.9480000000000024
9937,1.8430000000000026
9938,2.0410000000000026
9939,2.0470000000000024
9940,2.0510000000000015
9941,2.0350000000000024
9942,1.9560000000000017
9943,2.0610000000000017
9944,1.9460000000000017
9945,1.9380000000000026
9946,2.0470000000000015
9947,1.942000000000002
9948,2.150000000000002
9949,1.9580000000000015
9950,2.148000000000002
9951,1.9480000000000017
9952,1.837000000000002
9953,1.839000000000002
9954,1.6430000000000016
9955,1.9480000000000024
9956,2.1520000000000015
9957,2.451000000000002
9958,2.049000000000002
9959,2.0350000000000024
9960,2.2510000000000012
9961,2.0570000000000017
9962,2.0450000000000017
9963,1.9600000000000009
9964,2.453000000000002
9965,2.1460000000000012
9966,1.9440000000000015
9967,2.142000000000002
9968,1.936000000000002
9969,2.0350000000000024
9970,1.9460000000000017
9971,1.9340000000000024
9972,1.9500000000000022
9973,2.1640000000000015
9974,2.0430000000000024
9975,2.2430000000000025
9976,1.9540000000000015
9977,1.857000000000002
9978,2.1520000000000015
9979,2.0510000000000015
9980,2.043000000000002
9981,1.9460000000000017
9982,2.154000000000002
9983,1.6350000000000013
9984,2.1420000000000026
9985,2.1480000000000015
9986,2.0350000000000024
9987,2.251000000000002
9988,2.2390000000000025
9989,2.0570000000000017
9990,2.2470000000000017
9991,2.348000000000001
9992,2.1440000000000023
9993,2.0450000000000017
9994,2.142000000000003
9995,1.7380000000000015
9996,1.8570000000000015
9997,2.150000000000002
9998,1.8370000000000022
9999,2.0450000000000017
10000,1.8310000000000024
10001,1.8390000000000024
10002,2.2330000000000028
10003,1.841000000000002
10004,2.1480000000000015
10005,2.3580000000000023
10006,1.8450000000000017
10007,2.374000000000001
10008,1.8470000000000013
10009,1.7380000000000024
10010,2.140000000000002
10011,2.2470000000000017
10012,1.946000000000002
10013,2.0330000000000017
10014,2.059000000000001
10015,2.162000000000001
10016,2.261000000000002
10017,1.9420000000000022
10018,2.2390000000000017
10019,2.3580000000000023
10020,1.8370000000000026
10021,2.253000000000002
10022,1.8470000000000015
10023,1.9360000000000026
10024,2.3480000000000016
10025,2.043000000000002
10026,2.047000000000002
10027,1.8350000000000026
10028,2.1540000000000017
10029,2.146000000000002
10030,2.253000000000002
10031,1.9520000000000015
10032,2.1500000000000017
10033,1.9440000000000013
10034,2.4490000000000025
10035,2.146000000000002
10036,2.2590000000000017
10037,2.1480000000000015
10038,1.9400000000000026
10039,2.1340000000000026
10040,2.1400000000000023
10041,2.041000000000002
10042,1.7380000000000024
10043,2.253000000000002
10044,2.1620000000000017
10045,2.0490000000000017
10046,2.546000000000003
10047,1.7460000000000022
10048,2.144000000000002
10049,2.2410000000000023
10050,2.1520000000000015
10051,2.4590000000000014
10052,1.9320000000000024
10053,1.9380000000000022
10054,2.1420000000000026
10055,2.0370000000000026
10056,2.2550000000000012
10057,2.2450000000000023
10058,2.3420000000000023
10059,2.0470000000000024
10060,2.1520000000000015
10061,2.0410000000000026
10062,2.2450000000000028
10063,1.746000000000002
10064,2.1400000000000023
10065,2.2510000000000017
10066,2.041000000000002
10067,2.2410000000000023
10068,2.1580000000000017
10069,2.6450000000000036
10070,2.2430000000000017
10071,2.039000000000002
10072,2.1360000000000023
10073,1.9360000000000022
10074,2.0390000000000015
10075,1.952000000000002
10076,2.049000000000002
10077,2.2430000000000017
10078,2.0450000000000017
10079,2.0310000000000024
10080,2.457000000000001
10081,1.8450000000000015
10082,2.1400000000000023
10083,2.0430000000000024
10084,2.245000000000002
10085,2.146000000000002
10086,1.946000000000001
10087,2.0590000000000024
10088,1.9320000000000028
10089,2.0310000000000024
10090,2.148000000000002
10091,2.0570000000000013
10092,2.039000000000003
10093,2.1640000000000015
10094,2.148000000000002
10095,2.348000000000002
10096,2.047000000000002
10097,2.043000000000002
10098,2.0390000000000024
10099,2.1420000000000026
10100,1.6330000000000027
10101,2.0530000000000017
10102,1.9460000000000017
10103,2.041000000000002
10104,1.9440000000000017
10105,1.7380000000000022
10106,2.0430000000000024
10107,1.8530000000000013
10108,2.041000000000002
10109,2.045000000000002
10110,2.259000000000002
10111,2.3420000000000023
10112,2.043000000000002
10113,2.0350000000000024
10114,2.1440000000000015
10115,2.142000000000002
10116,1.835000000000002
10117,2.0510000000000015
10118,2.142000000000002
10119,2.047000000000002
10120,2.1520000000000015
10121,2.4430000000000023
10122,1.9400000000000017
10123,1.9360000000000017
10124,1.8490000000000018
10125,2.340000000000003
10126,2.2630000000000017
10127,1.940000000000002
10128,2.0470000000000015
10129,2.1420000000000017
10130,2.2410000000000014
10131,2.049000000000001
10132,1.7280000000000022
10133,2.1460000000000017
10134,2.2510000000000017
10135,1.7320000000000022
10136,1.8450000000000022
10137,2.348000000000002
10138,2.140000000000002
10139,1.9460000000000017
10140,2.1420000000000026
10141,2.146000000000002
10142,1.9440000000000013
10143,1.960000000000001
10144,1.9340000000000024
10145,2.253000000000002
10146,2.1380000000000017
10147,2.140000000000002
10148,2.144000000000003
10149,2.0490000000000017
10150,2.0570000000000017
10151,1.944000000000002
10152,1.8530000000000006
10153,2.144000000000003
10154,1.8390000000000026
10155,1.8350000000000022
10156,2.1460000000000012
10157,1.8490000000000018
10158,2.1480000000000024
10159,1.9320000000000024
10160,2.134000000000002
10161,2.1360000000000023
10162,2.1560000000000015
10163,1.7340000000000029
10164,2.1500000000000012
10165,1.940000000000002
10166,1.8470000000000013
10167,1.855000000000002
10168,2.342000000000002
10169,2.0450000000000013
10170,1.851000000000002
10171,1.8450000000000026
10172,2.1540000000000017
10173,2.1580000000000017
10174,2.3520000000000016
10175,1.9400000000000022
10176,2.1520000000000015
10177,2.136000000000003
10178,2.0530000000000013
10179,1.9500000000000026
10180,2.1380000000000026
10181,2.146000000000002
10182,1.9460000000000024
10183,1.837000000000002
10184,1.8330000000000022
10185,2.045000000000002
10186,2.0430000000000024
10187,2.0370000000000026
10188,1.938000000000003
10189,1.9460000000000022
10190,2.2490000000000023
10191,2.3420000000000023
10192,2.162000000000001
10193,2.0450000000000017
10194,2.039000000000002
10195,1.742000000000003
10196,1.8350000000000029
10197,2.1420000000000026
10198,2.1380000000000017
10199,2.255000000000002
10200,2.0390000000000024
10201,1.8410000000000024
10202,1.8470000000000013
10203,2.033000000000002
10204,2.1360000000000023
10205,2.1540000000000012
10206,2.0510000000000015
10207,2.447000000000002
10208,1.9540000000000013
10209,2.0510000000000015
10210,1.631000000000003
10211,1.8430000000000024
10212,2.344000000000002
10213,1.8450000000000015
10214,1.9440000000000024
10215,1.7380000000000033
10216,1.8310000000000022
10217,2.1420000000000017
10218,2.657000000000002
10219,1.9500000000000015
10220,2.2470000000000017
10221,2.0570000000000004
10222,2.2370000000000023
10223,1.9500000000000015
10224,2.2470000000000017
10225,2.249000000000002
10226,2.164000000000001
10227,2.0370000000000026
10228,1.849000000000002
10229,2.1520000000000024
10230,1.944000000000002
10231,2.1540000000000017
10232,2.0410000000000026
10233,1.9360000000000022
10234,1.8490000000000015
10235,1.8390000000000017
10236,2.051000000000002
10237,1.9460000000000017
10238,1.9280000000000024
10239,1.9440000000000024
10240,1.7320000000000022
10241,2.1580000000000017
10242,1.8450000000000026
10243,2.144000000000002
10244,2.1520000000000015
10245,2.3620000000000014
10246,1.7280000000000022
10247,2.0390000000000024
10248,2.045000000000002
10249,2.251000000000002
10250,2.1460000000000012
10251,2.2530000000000014
10252,1.9300000000000028
10253,2.134000000000002
10254,2.146000000000002
10255,2.1460000000000017
10256,2.053000000000002
10257,2.0350000000000024
10258,2.0490000000000013
10259,2.146000000000002
10260,1.9480000000000017
10261,2.2610000000000015
10262,2.3480000000000016
10263,1.839000000000002
10264,1.9340000000000026
10265,1.9380000000000017
10266,2.1400000000000023
10267,2.2550000000000017
10268,2.465000000000001
10269,1.8430000000000022
10270,1.946000000000002
10271,2.348000000000002
10272,2.3660000000000014
10273,2.352000000000002
10274,1.9540000000000008
10275,1.9420000000000022
10276,2.1500000000000017
10277,2.2550000000000017
10278,1.8350000000000022
10279,2.0470000000000024
10280,2.043000000000003
10281,1.9380000000000017
10282,1.9380000000000026
10283,1.8310000000000024
10284,2.257000000000002
10285,2.2530000000000014
10286,2.154000000000002
10287,1.6350000000000025
10288,2.1500000000000012
10289,1.9520000000000013
10290,2.2450000000000028
10291,1.847000000000002
10292,2.4470000000000023
10293,1.7520000000000016
10294,2.045000000000002
10295,2.340000000000002
10296,1.847000000000002
10297,1.9500000000000017
10298,2.247000000000002
10299,2.1400000000000023
10300,2.0410000000000017
10301,2.039000000000002
10302,2.1380000000000017
10303,1.9400000000000017
10304,1.8410000000000022
10305,1.8330000000000022
10306,1.8370000000000022
10307,2.134000000000002
10308,2.0550000000000006
10309,2.255000000000002
10310,2.2510000000000012
10311,2.243000000000002
10312,2.144000000000002
10313,2.0450000000000026
10314,2.025000000000003
10315,1.7400000000000013
10316,1.855000000000001
10317,2.3480000000000016
10318,2.150000000000002
10319,2.041000000000002
10320,2.1540000000000017
10321,2.0470000000000015
10322,2.148000000000002
10323,1.9340000000000015
10324,1.962000000000001
10325,1.9360000000000026
10326,1.8450000000000015
10327,1.7380000000000022
10328,2.0450000000000026
10329,2.2610000000000015
10330,1.9420000000000015
10331,2.245000000000002
10332,2.3380000000000027
10333,1.8430000000000013
10334,2.1400000000000023
10335,1.7480000000000009
10336,1.8290000000000026
10337,2.2430000000000017
10338,1.7320000000000024
10339,2.247000000000002
10340,2.5520000000000023
10341,1.9480000000000015
10342,1.9400000000000017
10343,1.740000000000002
10344,2.0390000000000024
10345,2.0550000000000015
10346,2.0410000000000013
10347,2.140000000000003
10348,2.239000000000002
10349,2.140000000000002
10350,2.2630000000000012
10351,2.257000000000002
10352,1.8450000000000026
10353,1.7400000000000022
10354,1.9560000000000017
10355,1.946000000000002
10356,2.0550000000000006
10357,2.0370000000000017
10358,2.2470000000000017
10359,2.045000000000002
10360,2.3460000000000023
10361,2.0390000000000024
10362,2.354000000000002
10363,2.162000000000001
10364,1.9360000000000022
10365,1.9520000000000015
10366,1.7420000000000024
10367,2.0530000000000017
10368,2.245000000000002
10369,2.0370000000000026
10370,2.4430000000000023
10371,1.9620000000000013
10372,2.1540000000000017
10373,2.051000000000002
10374,2.2450000000000028
10375,2.352000000000002
10376,1.9400000000000022
10377,2.0370000000000017
10378,2.0490000000000013
10379,1.9540000000000015
10380,1.9340000000000024
10381,2.255000000000002
10382,2.2490000000000014
10383,2.1360000000000023
10384,1.8350000000000015
10385,2.3440000000000025
10386,2.3380000000000027
10387,2.0470000000000024
10388,2.2450000000000023
10389,2.152000000000002
10390,1.821000000000002
10391,1.7300000000000026
10392,1.9380000000000022
10393,1.9480000000000015
10394,2.5540000000000016
10395,2.0470000000000024
10396,1.960000000000001
10397,1.9420000000000022
10398,2.0370000000000017
10399,1.8370000000000022
10400,1.835000000000002
10401,2.3560000000000016
10402,2.2550000000000017
10403,2.057000000000001
10404,2.0530000000000017
10405,2.2430000000000025
10406,2.1600000000000015
10407,1.9640000000000015
10408,2.0290000000000026
10409,1.9440000000000015
10410,2.057000000000001
10411,2.1420000000000017
10412,2.1560000000000015
10413,2.1500000000000017
10414,1.748000000000002
10415,1.8430000000000017
10416,2.249000000000002
10417,2.451000000000002
10418,2.352000000000001
10419,2.352000000000002
10420,2.043000000000003
10421,2.043000000000002
10422,2.2390000000000025
10423,2.0470000000000024
10424,1.9340000000000026
10425,1.8390000000000015
10426,2.043000000000002
10427,1.9540000000000006
10428,1.8330000000000024
10429,2.2530000000000014
10430,2.3460000000000023
10431,1.8410000000000024
10432,2.0610000000000013
10433,2.148000000000002
10434,1.8350000000000022
10435,2.2390000000000025
10436,1.7500000000000013
10437,1.9360000000000017
10438,2.148000000000002
10439,1.944000000000002
10440,2.261000000000002
10441,2.148000000000002
10442,2.146000000000002
10443,2.2670000000000017
10444,2.1580000000000017
10445,1.9460000000000013
10446,1.837000000000002
10447,2.356000000000001
10448,2.0350000000000024
10449,1.7540000000000016
10450,1.8370000000000024
10451,2.063000000000002
10452,2.0610000000000013
10453,2.2370000000000023
10454,1.5320000000000016
10455,1.8490000000000015
10456,1.8410000000000022
10457,1.9340000000000026
10458,2.0530000000000017
10459,2.4530000000000016
10460,2.148000000000002
10461,1.9480000000000015
10462,2.1400000000000023
10463,1.831000000000003
10464,1.7360000000000024
10465,1.9500000000000017
10466,2.3500000000000023
10467,2.1500000000000017
10468,2.2510000000000012
10469,1.9380000000000024
10470,2.249000000000002
10471,1.9480000000000015
10472,1.942000000000002
10473,2.2630000000000012
10474,2.1500000000000012
10475,2.1440000000000023
10476,2.047000000000002
10477,1.9380000000000017
10478,2.251000000000002
10479,2.253000000000002
10480,2.1440000000000023
10481,2.249000000000002
10482,1.9440000000000024
10483,2.160000000000001
10484,1.9500000000000017
10485,2.146000000000002
10486,1.8430000000000017
10487,2.0490000000000017
10488,1.5280000000000025
10489,2.0550000000000015
10490,1.8490000000000024
10491,2.1580000000000017
10492,1.6310000000000022
10493,2.144000000000002
10494,1.8290000000000024
10495,2.340000000000003
10496,1.7340000000000024
10497,2.1560000000000015
10498,2.0470000000000015
10499,2.138000000000002
10500,2.2490000000000028
10501,2.0530000000000013
10502,2.0550000000000015
10503,2.154000000000002
10504,1.746000000000002
10505,1.8310000000000022
10506,2.1480000000000015
10507,1.9640000000000009
10508,2.249000000000002
10509,1.936000000000002
10510,2.144000000000002
10511,1.9560000000000017
10512,2.152000000000002
10513,1.8410000000000022
10514,2.2330000000000028
10515,2.138000000000002
10516,2.1540000000000017
10517,1.9560000000000013
10518,1.946000000000002
10519,2.348000000000002
10520,2.1420000000000017
10521,2.1620000000000017
10522,2.0610000000000017
10523,2.0470000000000015
10524,1.8310000000000024
10525,2.2590000000000012
10526,1.9480000000000015
10527,2.1420000000000026
10528,2.1440000000000023
10529,2.142000000000002
10530,2.1420000000000017
10531,1.6370000000000022
10532,2.1580000000000017
10533,2.035000000000002
10534,2.045000000000003
10535,1.8430000000000017
10536,2.1480000000000024
10537,1.7380000000000015
10538,2.156000000000002
10539,2.146000000000002
10540,1.837000000000002
10541,1.8350000000000022
10542,1.8510000000000022
10543,1.8390000000000013
10544,2.2670000000000017
10545,2.4470000000000023
10546,1.9280000000000026
10547,2.1400000000000023
10548,2.057000000000001
10549,2.0390000000000024
10550,2.249000000000001
10551,2.247000000000002
10552,2.1540000000000017
10553,2.350000000000002
10554,1.942000000000002
10555,2.2550000000000017
10556,2.342000000000002
10557,1.639000000000002
10558,2.047000000000002
10559,2.0470000000000015
10560,2.055000000000002
10561,1.8330000000000026
10562,1.7460000000000013
10563,2.045000000000002
10564,2.449000000000002
10565,2.043000000000002
10566,2.045000000000002
10567,1.8410000000000022
10568,2.041000000000002
10569,2.2490000000000014
10570,2.2490000000000014
10571,2.1540000000000017
10572,2.0470000000000024
10573,1.7440000000000027
10574,2.251000000000002
10575,2.0430000000000024
10576,1.9300000000000028
10577,2.041000000000002
10578,2.251000000000002
10579,1.9380000000000022
10580,2.449000000000002
10581,2.3600000000000008
10582,2.1580000000000017
10583,2.142000000000002
10584,2.158000000000002
10585,2.049000000000002
10586,2.051000000000002
10587,2.2410000000000023
10588,2.150000000000002
10589,2.150000000000002
10590,1.8430000000000017
10591,1.7440000000000015
10592,2.0470000000000015
10593,1.9380000000000017
10594,1.6370000000000011
10595,2.146000000000002
10596,1.8490000000000018
10597,1.946000000000002
10598,1.837000000000002
10599,2.041000000000002
10600,2.3420000000000014
10601,2.0490000000000017
10602,2.152000000000002
10603,2.2550000000000012
10604,2.0470000000000024
10605,1.8410000000000022
10606,1.9320000000000022
10607,2.4530000000000016
10608,2.049000000000002
10609,2.2450000000000028
10610,2.257000000000002
10611,1.950000000000001
10612,2.3480000000000016
10613,2.1640000000000015
10614,1.734000000000002
10615,1.8410000000000017
10616,2.0430000000000015
10617,1.9480000000000022
10618,1.7420000000000015
10619,2.3540000000000023
10620,2.2550000000000012
10621,1.9520000000000013
10622,2.154000000000002
10623,2.2610000000000015
10624,2.2470000000000017
10625,1.6330000000000018
10626,2.3380000000000027
10627,1.8410000000000013
10628,2.041000000000002
10629,1.845000000000002
10630,1.8310000000000024
10631,2.3500000000000014
10632,2.045000000000002
10633,2.4490000000000016
10634,2.0530000000000017
10635,1.8430000000000013
10636,2.043000000000002
10637,1.9420000000000022
10638,2.1420000000000017
10639,2.1480000000000015
10640,1.8510000000000018
10641,1.942000000000002
10642,1.8370000000000022
10643,2.043000000000001
10644,2.1420000000000017
10645,2.253000000000002
10646,2.2470000000000017
10647,2.2690000000000015
10648,1.9280000000000022
10649,2.0450000000000026
10650,1.9540000000000013
10651,1.9360000000000017
10652,1.841000000000002
10653,2.148000000000002
10654,1.9340000000000026
10655,2.0330000000000026
10656,1.942000000000002
10657,2.1400000000000023
10658,2.144000000000002
10659,2.249000000000002
10660,2.0430000000000024
10661,2.0530000000000017
10662,1.9520000000000022
10663,1.7400000000000022
10664,2.029000000000002
10665,2.051000000000002
10666,2.1580000000000013
10667,1.940000000000002
10668,1.9400000000000022
10669,1.944000000000002
10670,1.9520000000000015
10671,2.154000000000002
10672,1.847000000000002
10673,1.9360000000000017
10674,2.2470000000000017
10675,2.1460000000000017
10676,1.8430000000000022
10677,1.9460000000000022
10678,2.0410000000000026
10679,1.956000000000001
10680,2.043000000000002
10681,1.7240000000000026
10682,1.954000000000002
10683,2.148000000000002
10684,2.3540000000000014
10685,2.2570000000000014
10686,2.0510000000000015
10687,1.7300000000000029
10688,2.0430000000000015
10689,1.9340000000000024
10690,2.148000000000002
10691,1.9460000000000022
10692,2.152000000000002
10693,2.455000000000002
10694,1.9420000000000022
10695,1.8370000000000022
10696,2.142000000000002
10697,2.146000000000002
10698,1.8350000000000026
10699,1.9560000000000017
10700,1.9520000000000022
10701,1.7400000000000013
10702,2.4530000000000016
10703,1.9300000000000026
10704,2.247000000000002
10705,2.0310000000000024
10706,2.445000000000002
10707,2.0570000000000013
10708,2.045000000000002
10709,2.4470000000000023
10710,2.3580000000000014
10711,2.251000000000002
10712,2.039000000000002
10713,1.934000000000002
10714,2.3700000000000006
10715,1.7460000000000022
10716,2.1420000000000017
10717,2.247000000000002
10718,1.9380000000000024
10719,2.1480000000000015
10720,2.1600000000000015
10721,1.9320000000000024
10722,2.1540000000000017
10723,2.0570000000000017
10724,2.0370000000000026
10725,2.144000000000002
10726,2.035000000000003
10727,2.1420000000000017
10728,1.9380000000000017
10729,1.9440000000000026
10730,1.940000000000002
10731,2.1360000000000023
10732,2.2410000000000023
10733,2.0530000000000026
10734,2.0370000000000026
10735,2.2530000000000014
10736,2.4530000000000016
10737,1.8610000000000015
10738,2.350000000000002
10739,2.2390000000000025
10740,2.146000000000002
10741,1.946000000000002
10742,1.8510000000000022
10743,1.956000000000002
10744,2.0430000000000024
10745,2.1480000000000015
10746,2.047000000000002
10747,2.2610000000000015
10748,2.144000000000002
10749,2.043000000000002
10750,2.148000000000002
10751,1.8270000000000013
10752,2.1420000000000026
10753,2.0630000000000015
10754,2.362000000000001
10755,1.9420000000000024
10756,2.2590000000000017
10757,2.150000000000002
10758,1.9380000000000017
10759,1.9420000000000022
10760,1.9380000000000024
10761,2.043000000000002
10762,1.9460000000000024
10763,2.049000000000002
10764,2.144000000000002
10765,2.2590000000000017
10766,2.1500000000000012
10767,1.9520000000000015
10768,2.146000000000002
10769,1.8350000000000026
10770,1.936000000000002
10771,1.9440000000000024
10772,2.253000000000002
10773,1.7460000000000022
10774,2.1500000000000026
10775,2.041000000000002
10776,2.1460000000000017
10777,1.8510000000000004
10778,2.049000000000002
10779,2.144000000000002
10780,2.1540000000000017
10781,2.1540000000000017
10782,2.039000000000002
10783,2.144000000000002
10784,2.3580000000000014
10785,1.8370000000000026
10786,2.3580000000000014
10787,1.8370000000000013
10788,1.958000000000001
10789,2.1620000000000004
10790,2.3440000000000016
10791,2.243000000000002
10792,2.0530000000000026
10793,2.2450000000000028
10794,2.0350000000000024
10795,1.9340000000000015
10796,2.2510000000000012
10797,2.360000000000001
10798,1.936000000000002
10799,2.2330000000000023
10800,2.1520000000000024
10801,2.245000000000002
10802,2.144000000000002
10803,2.0530000000000017
10804,1.946000000000002
10805,2.0370000000000017
10806,2.2630000000000012
10807,1.8450000000000015
10808,2.0410000000000017
10809,2.0430000000000024
10810,2.043000000000003
10811,1.8430000000000017
10812,2.1560000000000015
10813,2.0570000000000017
10814,2.1420000000000017
10815,2.1560000000000015
10816,2.0490000000000013
10817,2.3420000000000023
10818,1.7360000000000022
10819,1.9460000000000017
10820,2.350000000000002
10821,1.9380000000000026
10822,1.8330000000000022
10823,1.8410000000000022
10824,1.9540000000000017
10825,2.0310000000000024
10826,2.049000000000002
10827,2.350000000000002
10828,1.6370000000000025
10829,2.2470000000000026
10830,2.445000000000002
10831,2.0490000000000013
10832,2.1440000000000023
10833,1.8430000000000015
10834,1.9380000000000017
10835,1.8430000000000017
10836,2.2470000000000017
10837,2.364000000000001
10838,2.0370000000000017
10839,1.8510000000000018
10840,2.457000000000002
10841,1.9540000000000015
10842,2.2430000000000025
10843,1.8530000000000018
10844,2.245000000000002
10845,1.944000000000002
10846,2.051000000000002
10847,2.0490000000000013
10848,1.9380000000000017
10849,1.9380000000000022
10850,1.9320000000000024
10851,1.9380000000000026
10852,2.041000000000003
10853,1.631000000000002
10854,2.148000000000002
10855,1.835000000000002
10856,2.3460000000000023
10857,2.041000000000002
10858,2.0430000000000024
10859,2.4730000000000016
10860,1.8350000000000026
10861,2.1400000000000023
10862,2.346000000000002
10863,2.0410000000000026
10864,1.734000000000002
10865,2.1540000000000017
10866,1.8390000000000013
10867,2.043000000000002
10868,2.2390000000000025
10869,1.946000000000001
10870,1.9500000000000017
10871,2.0450000000000026
10872,2.150000000000002
10873,2.445000000000002
10874,2.0470000000000024
10875,2.0450000000000017
10876,1.8590000000000018
10877,1.9480000000000022
10878,1.9480000000000015
10879,2.1500000000000017
10880,2.063000000000002
10881,2.2550000000000017
10882,2.059000000000002
10883,2.039000000000002
10884,2.1400000000000023
10885,1.7380000000000024
10886,1.7440000000000024
10887,2.039000000000002
10888,1.7480000000000018
10889,2.037000000000003
10890,1.8490000000000024
10891,2.1420000000000012
10892,1.9380000000000017
10893,2.1580000000000013
10894,2.2490000000000023
10895,2.156000000000002
10896,1.740000000000002
10897,2.4330000000000025
10898,2.041000000000002
10899,1.9560000000000017
10900,1.7320000000000026
10901,2.0450000000000013
10902,1.8430000000000009
10903,1.750000000000001
10904,2.2510000000000017
10905,1.7440000000000018
10906,2.0310000000000024
10907,2.0490000000000017
10908,1.8330000000000017
10909,1.8430000000000022
10910,2.0510000000000024
10911,2.1440000000000023
10912,1.9480000000000022
10913,2.134000000000002
10914,2.1440000000000023
10915,1.944000000000002
10916,2.152000000000002
10917,1.9360000000000026
10918,1.9360000000000026
10919,2.0550000000000015
10920,2.2570000000000014
10921,2.1560000000000015
10922,2.251000000000002
10923,1.936000000000003
10924,1.9580000000000015
10925,2.045000000000002
10926,1.8330000000000022
10927,2.447000000000002
10928,2.2470000000000026
10929,2.0510000000000015
10930,1.940000000000002
10931,2.154000000000002
10932,1.847000000000002
10933,2.4550000000000014
10934,2.235000000000002
10935,1.8330000000000026
10936,1.934000000000002
10937,2.348000000000002
10938,2.033000000000003
10939,2.0390000000000024
10940,1.8370000000000022
10941,2.158000000000001
10942,2.3620000000000005
10943,2.1520000000000015
10944,2.0330000000000026
10945,2.047000000000002
10946,1.9400000000000017
10947,2.0610000000000013
10948,1.8410000000000022
10949,1.9540000000000017
10950,2.1460000000000017
10951,1.736000000000002
10952,2.069000000000001
10953,2.253000000000002
10954,2.150000000000002
10955,1.534000000000002
10956,2.247000000000001
10957,1.9440000000000024
10958,2.148000000000002
10959,2.0530000000000017
10960,2.0390000000000024
10961,2.3620000000000005
10962,2.055000000000002
10963,2.249000000000002
10964,2.0350000000000024
10965,2.134000000000002
10966,2.049000000000002
10967,2.158000000000001
10968,1.9380000000000022
10969,2.1320000000000023
10970,2.344000000000002
10971,2.1420000000000017
10972,1.9520000000000024
10973,2.146000000000002
10974,1.9480000000000017
10975,1.9500000000000022
10976,1.8550000000000018
10977,1.841000000000002
10978,2.0610000000000017
10979,2.366000000000001
10980,2.144000000000002
10981,2.053000000000002
10982,2.160000000000001
10983,2.2470000000000017
10984,2.1560000000000015
10985,2.247000000000002
10986,2.0470000000000024
10987,2.1480000000000024
10988,2.051000000000002
10989,1.9440000000000024
10990,1.7280000000000022
10991,2.0450000000000017
10992,2.142000000000002
10993,1.9520000000000013
10994,1.9360000000000022
10995,1.8330000000000024
10996,2.035000000000002
10997,2.140000000000002
10998,2.1380000000000017
10999,1.8510000000000018
11000,2.136000000000003
11001,1.9440000000000017
11002,2.0510000000000015
11003,2.0450000000000017
11004,1.9440000000000017
11005,2.2410000000000028
11006,2.3640000000000017
11007,1.8330000000000022
11008,1.7340000000000018
11009,1.839000000000002
11010,1.9340000000000024
11011,1.9420000000000022
11012,2.3560000000000016
11013,2.3460000000000023
11014,1.932000000000003
11015,2.2450000000000023
11016,2.160000000000002
11017,2.1540000000000017
11018,2.2530000000000023
11019,2.263000000000001
11020,2.1360000000000023
11021,1.837000000000002
11022,2.1460000000000012
11023,2.039000000000003
11024,2.0510000000000015
11025,1.7460000000000016
11026,2.2510000000000026
11027,1.8410000000000017
11028,2.0450000000000017
11029,2.043000000000002
11030,2.1420000000000017
11031,2.0510000000000024
11032,2.1380000000000026
11033,2.043000000000002
11034,2.045000000000002
11035,2.1440000000000023
11036,2.3440000000000025
11037,2.2410000000000028
11038,1.9480000000000015
11039,2.249000000000002
11040,2.047000000000003
11041,2.4450000000000025
11042,1.7320000000000026
11043,2.156000000000002
11044,2.1540000000000012
11045,2.045000000000002
11046,2.035000000000002
11047,2.1400000000000015
11048,2.1460000000000017
11049,2.0370000000000017
11050,2.3480000000000016
11051,1.9480000000000015
11052,2.041000000000002
11053,1.9440000000000017
11054,2.0350000000000024
11055,2.3440000000000025
11056,1.960000000000001
11057,2.0470000000000024
11058,2.2510000000000017
11059,2.0510000000000024
11060,1.9400000000000022
11061,2.1400000000000023
11062,1.944000000000002
11063,2.0490000000000017
11064,1.8510000000000009
11065,2.243000000000003
11066,2.049000000000002
11067,2.344000000000002
11068,2.0610000000000013
11069,1.9480000000000015
11070,2.550000000000002
11071,2.0410000000000026
11072,1.9480000000000022
11073,2.1360000000000023
11074,1.9440000000000024
11075,1.932000000000002
11076,2.251000000000002
11077,2.346000000000002
11078,1.8430000000000026
11079,2.041000000000002
11080,2.140000000000002
11081,2.053000000000002
11082,1.9360000000000026
11083,1.8410000000000017
11084,1.9380000000000024
11085,2.2570000000000014
11086,2.1480000000000015
11087,2.2430000000000025
11088,2.049000000000002
11089,2.1340000000000017
11090,1.9520000000000015
11091,2.253000000000002
11092,1.9420000000000022
11093,1.9280000000000033
11094,2.251000000000002
11095,2.461000000000001
11096,2.2570000000000014
11097,2.1580000000000017
11098,1.7320000000000022
11099,1.8290000000000015
11100,1.940000000000002
11101,2.2350000000000025
11102,1.9580000000000015
11103,1.8410000000000022
11104,2.0350000000000024
11105,2.0490000000000013
11106,2.2390000000000025
11107,2.045000000000002
11108,2.249000000000002
11109,2.257000000000002
11110,2.0370000000000026
11111,1.6430000000000025
11112,2.063000000000002
11113,1.9440000000000024
11114,2.2550000000000012
11115,1.8390000000000015
11116,2.150000000000002
11117,2.051000000000002
11118,2.148000000000002
11119,2.3580000000000014
11120,2.1440000000000023
11121,2.346000000000002
11122,1.9420000000000024
11123,1.839000000000002
11124,2.6490000000000022
11125,2.144000000000002
11126,1.956000000000001
11127,1.8390000000000024
11128,2.057000000000001
11129,1.8490000000000015
11130,2.1480000000000015
11131,2.2670000000000017
11132,2.340000000000002
11133,2.1420000000000017
11134,2.0470000000000024
11135,2.140000000000003
11136,1.9480000000000024
11137,1.8390000000000017
11138,1.8370000000000022
11139,1.839000000000002
11140,2.257000000000002
11141,2.1640000000000015
11142,2.043000000000002
11143,2.148000000000002
11144,2.055000000000001
11145,1.8330000000000017
11146,2.150000000000002
11147,1.9400000000000026
11148,2.2710000000000004
11149,2.2570000000000023
11150,1.9360000000000028
11151,2.1480000000000015
11152,2.247000000000002
11153,2.158000000000002
11154,2.1500000000000012
11155,1.936000000000002
11156,2.2550000000000017
11157,2.039000000000002
11158,2.3420000000000027
11159,1.9420000000000024
11160,2.2590000000000012
11161,2.1660000000000013
11162,1.9340000000000026
11163,2.247000000000002
11164,2.249000000000002
11165,1.9460000000000013
11166,2.1420000000000017
11167,2.0570000000000017
11168,2.354000000000002
11169,1.944000000000002
11170,2.0410000000000026
11171,1.9480000000000017
11172,2.1400000000000023
11173,2.2610000000000006
11174,2.0410000000000026
11175,1.734000000000002
11176,2.1460000000000026
11177,2.061000000000002
11178,2.0650000000000013
11179,2.146000000000002
11180,1.7420000000000018
11181,2.0530000000000017
11182,1.9360000000000022
11183,1.7440000000000024
11184,2.045000000000002
11185,2.2610000000000015
11186,2.1380000000000026
11187,2.2550000000000012
11188,1.8350000000000022
11189,1.8350000000000026
11190,2.2510000000000017
11191,2.2450000000000023
11192,2.0490000000000017
11193,2.0390000000000024
11194,2.1540000000000017
11195,2.041000000000002
11196,1.6390000000000011
11197,2.2530000000000014
11198,1.7440000000000007
11199,2.360000000000001
11200,1.9320000000000024
11201,2.037000000000002
11202,2.1500000000000012
11203,2.0550000000000006
11204,2.047000000000002
11205,1.952000000000001
11206,2.043000000000002
11207,1.8370000000000022
11208,2.146000000000002
11209,2.261000000000002
11210,1.9520000000000013
11211,2.340000000000002
11212,1.8330000000000024
11213,2.2390000000000025
11214,2.0510000000000015
11215,2.471000000000001
11216,2.053000000000002
11217,2.4490000000000016
11218,2.354000000000001
11219,2.354000000000002
11220,2.148000000000002
11221,2.0370000000000026
11222,1.9320000000000015
11223,1.8390000000000017
11224,2.039000000000002
11225,1.9540000000000024
11226,1.936000000000002
11227,2.1500000000000012
11228,1.9360000000000022
11229,2.255000000000001
11230,2.1420000000000026
11231,1.9480000000000015
11232,2.4570000000000016
11233,2.0510000000000015
11234,2.160000000000002
11235,1.7400000000000018
11236,1.9440000000000024
11237,1.8410000000000017
11238,2.057000000000001
11239,2.0450000000000017
11240,2.146000000000002
11241,2.1500000000000026
11242,2.2430000000000025
11243,1.9420000000000024
11244,2.146000000000002
11245,2.356000000000002
11246,1.7420000000000018
11247,1.8430000000000015
11248,1.9320000000000028
11249,2.245000000000002
11250,2.447000000000002
11251,1.9420000000000022
11252,1.9320000000000024
11253,2.0450000000000026
11254,2.354000000000002
11255,2.354000000000002
11256,2.148000000000002
11257,2.156000000000001
11258,1.946000000000002
11259,1.7420000000000013
11260,2.049000000000002
11261,1.837000000000002
11262,1.9480000000000022
11263,2.2450000000000023
11264,2.457000000000002
11265,1.8270000000000024
11266,1.9540000000000024
11267,1.940000000000002
11268,2.144000000000002
11269,2.041000000000002
11270,2.055000000000002
11271,2.2470000000000026
11272,1.9380000000000024
11273,2.045000000000003
11274,2.0610000000000013
11275,2.560000000000001
11276,2.2430000000000025
11277,1.9540000000000013
11278,2.2470000000000026
11279,1.9380000000000015
11280,2.346000000000002
11281,2.4590000000000005
11282,1.9380000000000013
11283,2.142000000000002
11284,1.8350000000000022
11285,1.9380000000000024
11286,1.936000000000002
11287,2.164000000000001
11288,2.039000000000003
11289,1.9480000000000017
11290,2.144000000000002
11291,2.4470000000000023
11292,2.146000000000002
11293,1.9440000000000017
11294,1.8470000000000015
11295,2.1360000000000023
11296,2.2410000000000023
11297,2.249000000000002
11298,2.2450000000000023
11299,2.253000000000002
11300,2.4470000000000014
11301,2.2570000000000014
11302,2.1440000000000023
11303,1.9420000000000024
11304,2.1560000000000024
11305,1.950000000000001
11306,2.2470000000000026
11307,1.9620000000000013
11308,1.8610000000000015
11309,2.2470000000000017
11310,1.9340000000000026
11311,1.9440000000000015
11312,1.7520000000000011
11313,2.2570000000000014
11314,2.3440000000000016
11315,2.2430000000000025
11316,2.043000000000002
11317,2.041000000000002
11318,2.0370000000000026
11319,2.0430000000000024
11320,1.855000000000001
11321,2.043000000000002
11322,2.041000000000002
11323,2.251000000000002
11324,2.1420000000000026
11325,2.269000000000002
11326,2.0510000000000015
11327,2.144000000000003
11328,2.1480000000000015
11329,2.0610000000000013
11330,2.2330000000000028
11331,2.2430000000000017
11332,2.0550000000000015
11333,1.9500000000000017
11334,2.346000000000002
11335,1.9420000000000024
11336,1.649000000000002
11337,2.1560000000000015
11338,1.7400000000000027
11339,2.3600000000000008
11340,1.944000000000002
11341,2.057000000000002
11342,2.459000000000002
11343,2.3520000000000016
11344,2.253000000000002
11345,2.160000000000001
11346,2.039000000000002
11347,1.845000000000002
11348,2.352000000000002
11349,2.0570000000000013
11350,2.0450000000000017
11351,2.1320000000000023
11352,1.9480000000000015
11353,2.148000000000002
11354,2.0470000000000024
11355,1.9460000000000013
11356,2.0550000000000015
11357,2.1560000000000015
11358,1.845000000000002
11359,1.847000000000002
11360,1.7420000000000018
11361,2.265000000000001
11362,2.463000000000002
11363,2.043000000000002
11364,2.049000000000002
11365,2.1560000000000015
11366,2.3500000000000023
11367,2.0470000000000024
11368,1.9440000000000024
11369,1.8390000000000024
11370,1.9500000000000017
11371,2.043000000000002
11372,2.0490000000000017
11373,2.1460000000000012
11374,1.946000000000003
11375,2.150000000000002
11376,2.0550000000000015
11377,2.2610000000000015
11378,2.350000000000002
11379,2.0330000000000026
11380,2.2630000000000012
11381,2.241000000000002
11382,1.8390000000000017
11383,2.1520000000000015
11384,2.146000000000002
11385,1.940000000000002
11386,2.0470000000000024
11387,2.4450000000000016
11388,2.253000000000002
11389,2.043000000000001
11390,1.946000000000002
11391,1.9440000000000026
11392,2.2570000000000014
11393,2.142000000000002
11394,2.0670000000000015
11395,2.2650000000000015
11396,2.348000000000002
11397,2.2530000000000014
11398,2.251000000000002
11399,2.0490000000000017
11400,1.950000000000002
11401,2.352000000000002
11402,2.1420000000000026
11403,2.2590000000000017
11404,1.847000000000001
11405,2.043000000000002
11406,1.8450000000000026
11407,2.3540000000000014
11408,2.150000000000002
11409,1.9400000000000022
11410,2.245000000000002
11411,2.1420000000000026
11412,1.7380000000000018
11413,2.039000000000002
11414,2.2350000000000025
11415,1.9400000000000015
11416,1.944000000000002
11417,2.1600000000000015
11418,2.041000000000002
11419,2.229000000000002
11420,2.1400000000000023
11421,2.043000000000003
11422,2.047000000000002
11423,2.2470000000000017
11424,2.0490000000000013
11425,1.946000000000002
11426,1.956000000000001
11427,1.9440000000000026
11428,2.0530000000000013
11429,2.457000000000001
11430,1.9300000000000028
11431,2.0530000000000017
11432,2.1540000000000017
11433,2.0430000000000024
11434,2.144000000000002
11435,2.041000000000002
11436,2.1320000000000023
11437,1.851000000000001
11438,1.7520000000000016
11439,2.049000000000002
11440,2.0350000000000024
11441,1.950000000000002
11442,2.3500000000000023
11443,1.8430000000000024
11444,2.0530000000000017
11445,1.9420000000000015
11446,2.150000000000002
11447,2.2590000000000012
11448,2.0390000000000024
11449,2.1460000000000017
11450,2.655000000000001
11451,1.9300000000000024
11452,2.0370000000000026
11453,2.348000000000002
11454,2.247000000000001
11455,2.039000000000002
11456,2.0550000000000015
11457,2.154000000000002
11458,1.8390000000000017
11459,2.0530000000000017
11460,2.2470000000000017
11461,2.1520000000000024
11462,2.1520000000000015
11463,1.837000000000002
11464,2.2510000000000017
11465,2.1380000000000026
11466,2.235000000000002
11467,2.568000000000002
11468,2.1440000000000023
11469,2.3600000000000017
11470,2.0410000000000017
11471,2.2450000000000023
11472,1.9480000000000017
11473,2.255000000000002
11474,2.0430000000000024
11475,2.2430000000000025
11476,1.8470000000000022
11477,2.473000000000001
11478,2.0530000000000017
11479,2.0430000000000015
11480,1.6370000000000027
11481,2.2470000000000017
11482,2.243000000000002
11483,1.9320000000000024
11484,2.0370000000000026
11485,2.1360000000000023
11486,1.932000000000002
11487,1.7440000000000018
11488,2.344000000000003
11489,2.2390000000000025
11490,1.839000000000002
11491,2.0390000000000024
11492,2.1540000000000017
11493,2.3620000000000014
11494,2.1500000000000017
11495,2.045000000000002
11496,2.043000000000002
11497,2.1500000000000012
11498,2.2570000000000014
11499,2.1460000000000026
11500,2.148000000000002
11501,1.8330000000000015
11502,2.039000000000002
11503,2.055000000000002
11504,2.043000000000002
11505,1.8430000000000017
11506,1.6290000000000022
11507,1.946000000000001
11508,2.2510000000000012
11509,2.1400000000000023
11510,2.247000000000002
11511,2.245000000000002
11512,1.9380000000000024
11513,2.043000000000002
11514,2.1500000000000017
11515,2.3380000000000023
11516,2.154000000000002
11517,2.3680000000000008
11518,2.265000000000002
11519,2.1520000000000015
11520,2.249000000000002
11521,1.8530000000000018
11522,1.944000000000002
11523,1.9360000000000026
11524,1.9360000000000026
11525,2.140000000000002
11526,2.1500000000000017
11527,2.7560000000000007
11528,2.0410000000000017
11529,1.9340000000000024
11530,2.055000000000002
11531,2.0430000000000024
11532,2.2470000000000017
11533,2.249000000000002
11534,1.8350000000000022
11535,2.0350000000000024
11536,2.249000000000002
11537,1.956000000000002
11538,2.1460000000000026
11539,2.138000000000002
11540,2.354000000000002
11541,2.051000000000002
11542,1.944000000000002
11543,2.251000000000002
11544,1.7280000000000018
11545,2.1380000000000026
11546,2.259000000000002
11547,2.051000000000002
11548,2.249000000000002
11549,2.3500000000000014
11550,2.1420000000000012
11551,2.045000000000002
11552,2.247000000000002
11553,1.9320000000000024
11554,2.059000000000002
11555,2.0470000000000015
11556,2.0470000000000024
11557,2.148000000000002
11558,2.053000000000002
11559,1.9520000000000015
11560,1.9340000000000026
11561,2.0310000000000024
11562,1.948000000000001
11563,2.0410000000000026
11564,1.936000000000002
11565,2.3520000000000016
11566,2.146000000000002
11567,1.8510000000000024
11568,2.3560000000000016
11569,2.2470000000000017
11570,2.0550000000000015
11571,2.144000000000002
11572,2.1560000000000015
11573,1.9440000000000017
11574,2.2570000000000014
11575,1.8390000000000024
11576,2.039000000000002
11577,2.0510000000000015
11578,2.148000000000002
11579,2.1560000000000015
11580,1.9480000000000022
11581,2.1480000000000024
11582,1.8430000000000017
11583,2.251000000000002
11584,1.9520000000000015
11585,2.0490000000000013
11586,2.1420000000000017
11587,1.940000000000002
11588,2.3480000000000025
11589,1.8530000000000018
11590,1.7380000000000022
11591,2.146000000000002
11592,2.5520000000000023
11593,2.1420000000000017
11594,2.150000000000002
11595,2.1640000000000015
11596,2.447000000000002
11597,2.2450000000000023
11598,1.9460000000000017
11599,2.0470000000000024
11600,2.362000000000001
11601,2.0430000000000024
11602,2.0450000000000017
11603,1.9420000000000013
11604,2.249000000000002
11605,1.9380000000000022
11606,2.059000000000002
11607,1.839000000000002
11608,2.243000000000002
11609,1.9440000000000024
11610,2.0510000000000015
11611,2.043000000000002
11612,2.2470000000000026
11613,1.942000000000002
11614,2.2610000000000015
11615,2.1620000000000013
11616,2.0610000000000013
11617,2.3580000000000014
11618,2.461000000000002
11619,2.148000000000002
11620,2.1500000000000017
11621,2.1420000000000017
11622,2.2490000000000023
11623,2.247000000000002
11624,1.8370000000000022
11625,2.1540000000000017
11626,2.3660000000000014
11627,2.3600000000000017
11628,2.047000000000002
11629,1.5360000000000016
11630,2.247000000000002
11631,2.451000000000002
11632,1.8430000000000022
11633,2.2410000000000023
11634,2.1420000000000026
11635,2.249000000000001
11636,1.839000000000002
11637,2.255000000000002
11638,1.9360000000000022
11639,2.1400000000000023
11640,2.0470000000000024
11641,2.0370000000000026
11642,2.253000000000002
11643,2.3460000000000023
11644,2.0570000000000013
11645,2.0510000000000024
11646,2.2450000000000028
11647,2.138000000000002
11648,2.2430000000000025
11649,1.9480000000000015
11650,2.1480000000000024
11651,1.9520000000000022
11652,2.055000000000002
11653,2.146000000000002
11654,2.1400000000000023
11655,2.4630000000000014
11656,2.146000000000002
11657,2.051000000000002
11658,1.946000000000002
11659,2.2470000000000017
11660,2.146000000000002
11661,2.350000000000002
11662,2.1480000000000015
11663,1.9440000000000024
11664,2.4430000000000023
11665,1.6430000000000016
11666,2.451000000000002
11667,2.0450000000000026
11668,2.3560000000000016
11669,2.0390000000000024
11670,1.9500000000000017
11671,2.2470000000000017
11672,2.1400000000000023
11673,2.154000000000002
11674,1.8370000000000013
11675,1.940000000000002
11676,2.043000000000002
11677,2.259000000000001
11678,2.045000000000003
11679,1.9520000000000013
11680,1.825000000000002
11681,1.8330000000000022
11682,2.1620000000000013
11683,2.160000000000002
11684,2.160000000000001
11685,2.029000000000002
11686,2.2570000000000014
11687,2.0370000000000026
11688,1.8490000000000015
11689,2.1420000000000026
11690,2.1540000000000017
11691,2.043000000000002
11692,2.146000000000002
11693,1.7480000000000009
11694,2.5480000000000023
11695,2.150000000000002
11696,1.7380000000000022
11697,2.3620000000000014
11698,2.035000000000002
11699,2.0310000000000024
11700,1.9380000000000024
11701,2.144000000000002
11702,2.4390000000000023
11703,2.2510000000000017
11704,2.354000000000001
11705,2.150000000000002
11706,2.0370000000000026
11707,2.150000000000002
11708,2.2470000000000026
11709,2.045000000000002
11710,2.7520000000000007
11711,1.851000000000001
11712,2.055000000000002
11713,2.0610000000000017
11714,2.144000000000002
11715,2.154000000000002
11716,2.1420000000000026
11717,1.9420000000000015
11718,2.1380000000000026
11719,2.043000000000002
11720,2.134000000000003
11721,2.045000000000002
11722,2.0330000000000026
11723,2.1540000000000017
11724,2.3540000000000014
11725,2.1540000000000017
11726,1.8430000000000009
11727,2.0550000000000024
11728,2.1440000000000023
11729,2.0370000000000026
11730,2.2390000000000025
11731,2.350000000000002
11732,2.043000000000002
11733,2.2430000000000025
11734,2.4670000000000005
11735,2.049000000000002
11736,2.3580000000000014
11737,2.1480000000000015
11738,1.6410000000000022
11739,2.144000000000002
11740,1.8410000000000033
11741,2.0470000000000015
11742,2.1480000000000015
11743,2.2550000000000017
11744,2.2570000000000014
11745,1.9400000000000017
11746,1.7380000000000018
11747,2.152000000000002
11748,1.8370000000000022
11749,1.944000000000002
11750,2.4590000000000014
11751,1.9680000000000009
11752,2.0410000000000026
11753,1.9420000000000022
11754,1.9380000000000022
11755,1.7260000000000024
11756,1.8390000000000024
11757,2.148000000000002
11758,1.740000000000002
11759,2.1400000000000023
11760,2.0470000000000024
11761,2.0350000000000024
11762,2.037000000000003
11763,2.3460000000000023
11764,2.0550000000000015
11765,2.241000000000002
11766,1.5260000000000016
11767,1.855000000000002
11768,2.245000000000002
11769,2.1420000000000026
11770,2.2350000000000025
11771,2.253000000000002
11772,2.1420000000000026
11773,1.9360000000000017
11774,2.3380000000000027
11775,2.2630000000000017
11776,2.441000000000002
11777,2.2470000000000017
11778,2.150000000000002
11779,1.8630000000000009
11780,2.1580000000000017
11781,2.247000000000001
11782,1.8330000000000022
11783,2.356000000000002
11784,2.241000000000002
11785,2.1480000000000015
11786,1.946000000000002
11787,2.144000000000002
11788,2.255000000000002
11789,2.0450000000000026
11790,2.3380000000000027
11791,2.0490000000000017
11792,2.0530000000000017
11793,1.9540000000000015
11794,2.2670000000000012
11795,1.8390000000000013
11796,2.1560000000000015
11797,1.9400000000000026
11798,2.051000000000002
11799,1.954000000000002
11800,1.7440000000000024
11801,2.1460000000000026
11802,1.740000000000002
11803,2.350000000000002
11804,1.9380000000000022
11805,2.0490000000000017
11806,2.2490000000000014
11807,2.0330000000000026
11808,2.1420000000000026
11809,2.2450000000000023
11810,2.2470000000000017
11811,2.2510000000000017
11812,2.352000000000002
11813,2.346000000000002
11814,2.0590000000000015
11815,2.360000000000001
11816,2.045000000000002
11817,1.8390000000000026
11818,1.8230000000000022
11819,1.9400000000000022
11820,1.8450000000000022
11821,2.0410000000000013
11822,2.142000000000002
11823,2.132000000000003
11824,1.9420000000000022
11825,2.041000000000002
11826,2.0450000000000017
11827,1.9480000000000017
11828,2.146000000000002
11829,2.1460000000000012
11830,1.956000000000001
11831,1.740000000000002
11832,2.134000000000003
11833,2.041000000000002
11834,1.7320000000000022
11835,1.9400000000000017
11836,1.9380000000000024
11837,2.354000000000001
11838,2.2410000000000023
11839,1.8350000000000022
11840,1.8390000000000024
11841,2.247000000000002
11842,2.0550000000000015
11843,2.154000000000002
11844,1.7460000000000016
11845,2.447000000000002
11846,2.1560000000000024
11847,2.045000000000002
11848,1.946000000000002
11849,2.148000000000002
11850,2.243000000000002
11851,1.8390000000000026
11852,1.9460000000000013
11853,1.9540000000000015
11854,2.146000000000002
11855,1.9360000000000022
11856,2.049000000000002
11857,2.1440000000000023
11858,2.1380000000000026
11859,2.2450000000000023
11860,2.4390000000000023
11861,2.2570000000000023
11862,2.0510000000000015
11863,2.356000000000002
11864,2.146000000000002
11865,1.8430000000000024
11866,2.259000000000001
11867,2.4510000000000023
11868,1.9500000000000017
11869,2.3460000000000023
11870,2.051000000000002
11871,2.043000000000003
11872,1.8550000000000018
11873,2.051000000000002
11874,2.0570000000000017
11875,2.1540000000000017
11876,2.6470000000000016
11877,1.8410000000000022
11878,2.0370000000000017
11879,2.2410000000000023
11880,2.146000000000002
11881,1.851000000000002
11882,2.0410000000000026
11883,1.734000000000002
11884,2.045000000000002
11885,1.9480000000000015
11886,2.3440000000000025
11887,1.8430000000000022
11888,2.0410000000000026
11889,2.0530000000000017
11890,2.2450000000000028
11891,1.9480000000000017
11892,2.1380000000000017
11893,2.0510000000000024
11894,2.449000000000002
11895,2.1520000000000015
11896,2.1760000000000015
11897,1.9420000000000022
11898,2.051000000000002
11899,2.1500000000000017
11900,1.7360000000000022
11901,1.847000000000002
11902,2.031000000000003
11903,2.1640000000000015
11904,1.837000000000002
11905,2.2590000000000017
11906,1.9580000000000013
11907,2.2450000000000028
11908,2.340000000000002
11909,2.0330000000000017
11910,2.1580000000000017
11911,2.239000000000003
11912,2.146000000000002
11913,2.352000000000002
11914,2.2410000000000023
11915,2.047000000000001
11916,1.7340000000000027
11917,1.8350000000000026
11918,2.146000000000002
11919,1.7500000000000013
11920,1.946000000000002
11921,1.7360000000000013
11922,2.358000000000002
11923,2.245000000000002
11924,2.2430000000000025
11925,1.9520000000000022
11926,2.152000000000002
11927,1.847000000000002
11928,2.449000000000002
11929,2.0470000000000024
11930,2.0530000000000017
11931,1.845000000000002
11932,2.1320000000000023
11933,1.9360000000000017
11934,1.8470000000000015
11935,1.8430000000000022
11936,2.0490000000000017
11937,2.1520000000000015
11938,1.9420000000000024
11939,1.8450000000000022
11940,2.134000000000003
11941,1.736000000000002
11942,2.2550000000000017
11943,2.239000000000003
11944,1.9560000000000008
11945,2.1500000000000017
11946,2.3360000000000025
11947,2.142000000000002
11948,2.0650000000000013
11949,2.140000000000002
11950,1.9280000000000024
11951,2.2630000000000012
11952,2.3440000000000025
11953,2.2550000000000012
11954,2.4470000000000023
11955,1.734000000000002
11956,2.1540000000000017
11957,2.150000000000002
11958,2.0350000000000024
11959,1.8610000000000013
11960,2.3480000000000016
11961,2.0490000000000013
11962,1.8430000000000015
11963,2.1520000000000015
11964,2.1600000000000024
11965,2.1340000000000026
11966,1.8330000000000033
11967,2.1520000000000015
11968,2.239000000000002
11969,2.0330000000000026
11970,2.0350000000000024
11971,1.9460000000000008
11972,1.9440000000000015
11973,2.3420000000000023
11974,2.039000000000002
11975,2.1460000000000026
11976,2.3480000000000016
11977,1.952000000000002
11978,1.9560000000000017
11979,2.2570000000000014
11980,2.1400000000000023
11981,2.1380000000000026
11982,2.043000000000002
11983,1.8430000000000022
11984,2.2430000000000025
11985,2.1360000000000023
11986,1.7320000000000026
11987,1.849000000000002
11988,2.247000000000002
11989,1.9360000000000026
11990,2.5620000000000016
11991,2.657000000000002
11992,2.047000000000002
11993,2.6570000000000005
11994,1.950000000000002
11995,2.150000000000002
11996,1.7420000000000015
11997,2.451000000000002
11998,2.3520000000000016
11999,2.1280000000000023
12000,1.9420000000000022
12001,2.562000000000001
12002,2.0510000000000024
12003,2.0430000000000024
12004,2.1640000000000015
12005,2.1660000000000013
12006,2.146000000000002
12007,2.2610000000000015
12008,2.4590000000000014
12009,2.0470000000000024
12010,2.154000000000001
12011,1.9560000000000017
12012,2.0450000000000026
12013,2.1520000000000024
12014,2.0410000000000026
12015,2.2410000000000028
12016,1.7420000000000022
12017,1.9460000000000017
12018,2.031000000000002
12019,2.0390000000000024
12020,2.035000000000003
12021,2.3440000000000025
12022,2.2370000000000023
12023,1.9260000000000028
12024,1.956000000000001
12025,2.255000000000002
12026,2.144000000000002
12027,2.148000000000002
12028,2.154000000000002
12029,2.0410000000000013
12030,2.249000000000002
12031,2.0450000000000013
12032,1.837000000000002
12033,2.3420000000000023
12034,2.140000000000002
12035,2.043000000000002
12036,2.0490000000000013
12037,2.148000000000002
12038,2.039000000000003
12039,1.9320000000000024
12040,2.049000000000002
12041,2.0530000000000013
12042,2.346000000000002
12043,1.641000000000002
12044,1.946000000000002
12045,2.2390000000000025
12046,2.2470000000000017
12047,2.0510000000000024
12048,1.825000000000002
12049,2.2470000000000017
12050,1.9500000000000015
12051,1.9420000000000022
12052,1.9400000000000022
12053,2.2570000000000014
12054,1.9380000000000024
12055,2.239000000000003
12056,2.144000000000002
12057,2.0310000000000024
12058,2.1500000000000026
12059,1.9420000000000022
12060,2.063000000000001
12061,1.8330000000000024
12062,2.5580000000000003
12063,2.2530000000000014
12064,2.0610000000000013
12065,2.154000000000002
12066,2.033000000000003
12067,1.8370000000000015
12068,2.154000000000002
12069,2.0530000000000017
12070,2.273000000000001
12071,2.459000000000002
12072,1.845000000000002
12073,2.544000000000002
12074,1.950000000000002
12075,2.2490000000000014
12076,2.1500000000000017
12077,2.045000000000002
12078,1.9480000000000015
12079,2.2670000000000017
12080,2.1400000000000023
12081,2.051000000000002
12082,2.1460000000000017
12083,2.2550000000000017
12084,2.243000000000002
12085,2.0510000000000024
12086,1.9320000000000022
12087,2.2470000000000017
12088,2.152000000000002
12089,2.1480000000000024
12090,1.8390000000000017
12091,2.2590000000000017
12092,2.041000000000002
12093,2.0450000000000017
12094,1.9480000000000013
12095,2.562000000000001
12096,2.3420000000000023
12097,2.144000000000002
12098,1.7360000000000022
12099,1.8470000000000015
12100,2.045000000000002
12101,2.2410000000000014
12102,2.1500000000000012
12103,2.2590000000000017
12104,1.7400000000000027
12105,2.039000000000002
12106,1.7480000000000018
12107,2.045000000000003
12108,1.7440000000000018
12109,2.138000000000002
12110,2.2570000000000014
12111,1.7500000000000022
12112,2.043000000000002
12113,1.9420000000000022
12114,1.9480000000000022
12115,2.160000000000001
12116,2.2390000000000017
12117,1.9480000000000017
12118,1.942000000000002
12119,2.4590000000000014
12120,2.1580000000000013
12121,2.043000000000002
12122,2.0450000000000026
12123,2.0390000000000024
12124,1.8390000000000024
12125,1.8430000000000022
12126,1.7360000000000024
12127,2.134000000000002
12128,2.1660000000000017
12129,2.144000000000002
12130,2.449000000000002
12131,2.2510000000000026
12132,2.1520000000000015
12133,1.8310000000000022
12134,2.1540000000000017
12135,2.055000000000001
12136,1.9520000000000022
12137,2.0370000000000017
12138,2.164000000000001
12139,1.9460000000000022
12140,1.6330000000000024
12141,1.9400000000000028
12142,1.831000000000002
12143,2.1500000000000017
12144,1.8590000000000018
12145,2.041000000000002
12146,2.0470000000000024
12147,2.146000000000002
12148,2.1360000000000032
12149,1.8370000000000024
12150,1.948000000000001
12151,1.9440000000000024
12152,2.156000000000002
12153,2.2450000000000023
12154,1.9440000000000017
12155,1.9320000000000022
12156,1.9420000000000022
12157,2.0430000000000024
12158,2.2450000000000023
12159,2.3580000000000014
12160,1.942000000000002
12161,1.7400000000000013
12162,2.043000000000002
12163,1.9280000000000024
12164,2.136000000000002
12165,1.9440000000000017
12166,1.740000000000002
12167,2.0410000000000026
12168,2.249000000000002
12169,2.1420000000000026
12170,2.051000000000001
12171,2.049000000000002
12172,2.0470000000000024
12173,2.253000000000002
12174,2.2430000000000025
12175,2.128000000000003
12176,2.1540000000000026
12177,1.9420000000000015
12178,2.3340000000000023
12179,2.477000000000001
12180,2.0650000000000013
12181,1.9460000000000017
12182,2.045000000000002
12183,2.360000000000001
12184,1.9360000000000017
12185,2.148000000000002
12186,2.251000000000002
12187,1.6470000000000016
12188,2.045000000000002
12189,2.0350000000000024
12190,2.0490000000000017
12191,1.9560000000000013
12192,2.2610000000000015
12193,1.8510000000000013
12194,2.2370000000000023
12195,1.9480000000000017
12196,2.1460000000000017
12197,2.1580000000000017
12198,1.7360000000000022
12199,2.2470000000000017
12200,1.9480000000000015
12201,1.9260000000000017
12202,2.2630000000000017
12203,2.041000000000002
12204,1.9560000000000017
12205,2.152000000000002
12206,2.2530000000000014
12207,2.2350000000000025
12208,1.740000000000002
12209,2.0370000000000026
12210,2.1540000000000012
12211,1.9420000000000022
12212,2.140000000000002
12213,2.2630000000000012
12214,2.352000000000002
12215,2.3480000000000025
12216,2.150000000000002
12217,1.8350000000000022
12218,2.0470000000000024
12219,2.160000000000002
12220,1.9480000000000015
12221,2.1500000000000012
12222,2.065000000000002
12223,2.4470000000000023
12224,2.0570000000000013
12225,2.1520000000000024
12226,2.146000000000002
12227,1.8370000000000022
12228,2.039000000000002
12229,2.0430000000000024
12230,2.037000000000002
12231,2.1640000000000015
12232,2.451000000000002
12233,1.940000000000002
12234,2.245000000000002
12235,1.944000000000002
12236,2.1400000000000023
12237,2.1540000000000017
12238,2.354000000000002
12239,1.849000000000002
12240,2.352000000000002
12241,2.1400000000000023
12242,2.0370000000000026
12243,2.4490000000000025
12244,1.9460000000000013
12245,2.049000000000002
12246,2.2590000000000017
12247,1.9440000000000024
12248,1.946000000000002
12249,1.9340000000000026
12250,2.235000000000002
12251,2.144000000000003
12252,1.8330000000000024
12253,2.1440000000000023
12254,2.146000000000002
12255,2.1560000000000015
12256,2.043000000000002
12257,2.1540000000000012
12258,2.1520000000000015
12259,2.039000000000002
12260,2.661000000000001
12261,1.9260000000000026
12262,2.2650000000000015
12263,2.1520000000000024
12264,2.0390000000000024
12265,2.2610000000000015
12266,2.2610000000000015
12267,2.0390000000000024
12268,2.0430000000000024
12269,2.039000000000002
12270,1.6410000000000013
12271,1.9540000000000013
12272,2.148000000000002
12273,2.354000000000002
12274,2.261000000000002
12275,2.0430000000000024
12276,1.9440000000000015
12277,2.045000000000002
12278,2.041000000000002
12279,2.245000000000002
12280,1.9520000000000022
12281,2.3580000000000014
12282,2.2610000000000015
12283,1.7360000000000024
12284,1.8410000000000022
12285,2.1520000000000015
12286,2.0490000000000017
12287,2.045000000000002
12288,1.936000000000002
12289,2.2510000000000012
12290,2.1540000000000017
12291,2.253000000000002
12292,2.2370000000000028
12293,2.144000000000002
12294,2.1500000000000026
12295,2.457000000000002
12296,2.1400000000000023
12297,1.740000000000001
12298,2.160000000000002
12299,2.1460000000000017
12300,1.7380000000000027
12301,2.2590000000000017
12302,2.132000000000002
12303,1.9380000000000022
12304,2.0470000000000024
12305,1.9480000000000022
12306,2.1760000000000006
12307,2.154000000000002
12308,1.7440000000000024
12309,1.9560000000000017
12310,2.3540000000000014
12311,1.8510000000000013
12312,2.043000000000002
12313,2.2510000000000017
12314,2.3580000000000014
12315,1.7300000000000026
12316,2.2330000000000028
12317,2.0470000000000024
12318,2.1500000000000012
12319,2.554000000000002
12320,2.041000000000002
12321,2.459000000000002
12322,1.8310000000000024
12323,1.8330000000000024
12324,2.3520000000000016
12325,2.0430000000000024
12326,1.8410000000000022
12327,2.4490000000000025
12328,1.8430000000000022
12329,1.9540000000000017
12330,1.8430000000000022
12331,2.2630000000000017
12332,2.3460000000000023
12333,1.8450000000000015
12334,1.942000000000002
12335,2.041000000000002
12336,1.8410000000000017
12337,2.1500000000000012
12338,1.9400000000000017
12339,1.950000000000001
12340,1.7480000000000029
12341,2.140000000000002
12342,2.560000000000002
12343,2.0510000000000015
12344,2.3600000000000017
12345,1.8450000000000022
12346,2.352000000000002
12347,1.8470000000000015
12348,2.041000000000002
12349,2.144000000000002
12350,2.1540000000000017
12351,2.041000000000002
12352,1.9480000000000022
12353,2.1540000000000012
12354,2.140000000000003
12355,2.045000000000002
12356,2.1580000000000017
12357,1.9420000000000015
12358,1.8330000000000022
12359,2.0550000000000015
12360,1.9340000000000026
12361,2.665
12362,1.956000000000002
12363,1.9480000000000015
12364,2.2410000000000023
12365,2.1520000000000024
12366,1.8450000000000015
12367,2.457000000000001
12368,1.8510000000000018
12369,1.8330000000000026
12370,2.140000000000002
12371,2.134000000000002
12372,2.255000000000002
12373,1.8330000000000022
12374,2.152000000000002
12375,2.445000000000002
12376,2.049000000000002
12377,2.035000000000002
12378,1.952000000000002
12379,2.2470000000000026
12380,1.8450000000000015
12381,2.4450000000000025
12382,2.0410000000000026
12383,2.043000000000002
12384,2.039000000000002
12385,2.3340000000000027
12386,2.3340000000000023
12387,1.9480000000000013
12388,2.241000000000002
12389,2.3420000000000027
12390,1.9480000000000022
12391,2.251000000000003
12392,2.1560000000000024
12393,2.3620000000000014
12394,2.049000000000002
12395,2.144000000000003
12396,2.249000000000002
12397,1.7420000000000018
12398,2.3460000000000023
12399,1.8370000000000022
12400,1.944000000000002
12401,2.647000000000003
12402,1.9600000000000015
12403,2.065000000000001
12404,2.247000000000002
12405,2.245000000000002
12406,2.2430000000000025
12407,2.154000000000002
12408,2.0470000000000015
12409,2.047000000000002
12410,1.9440000000000024
12411,2.1520000000000024
12412,2.5540000000000025
12413,1.9620000000000022
12414,2.1420000000000017
12415,1.7280000000000029
12416,2.063000000000001
12417,2.249000000000002
12418,1.839000000000002
12419,2.3540000000000023
12420,2.1420000000000026
12421,2.251000000000002
12422,1.9360000000000028
12423,2.043000000000002
12424,2.2410000000000023
12425,2.051000000000002
12426,2.3400000000000025
12427,2.3500000000000028
12428,2.4730000000000008
12429,1.7320000000000022
12430,2.4450000000000016
12431,2.0510000000000024
12432,2.150000000000002
12433,1.9380000000000022
12434,2.051000000000002
12435,2.247000000000002
12436,2.4430000000000023
12437,2.1560000000000015
12438,2.033000000000003
12439,1.8410000000000022
12440,2.0490000000000013
12441,1.8450000000000017
12442,2.148000000000003
12443,2.0530000000000017
12444,2.3580000000000014
12445,2.045000000000002
12446,2.3600000000000017
12447,1.9420000000000022
12448,2.3420000000000023
12449,2.2410000000000023
12450,2.0410000000000013
12451,2.344000000000002
12452,1.7460000000000016
12453,2.0370000000000035
12454,2.3640000000000017
12455,2.144000000000002
12456,2.1480000000000015
12457,2.0530000000000017
12458,2.045000000000002
12459,2.1440000000000023
12460,1.9460000000000017
12461,2.1520000000000024
12462,1.9460000000000022
12463,2.0650000000000004
12464,2.661
12465,1.9480000000000015
12466,2.063000000000001
12467,2.245000000000002
12468,2.1540000000000017
12469,2.148000000000002
12470,2.160000000000001
12471,2.0570000000000017
12472,1.8490000000000024
12473,2.3380000000000023
12474,2.1640000000000015
12475,1.9360000000000017
12476,2.4530000000000016
12477,2.0450000000000013
12478,2.356000000000002
12479,2.1460000000000017
12480,2.1460000000000017
12481,1.9480000000000022
12482,2.3640000000000017
12483,1.851000000000001
12484,2.1580000000000013
12485,2.049000000000002
12486,2.1400000000000023
12487,2.4470000000000023
12488,1.9480000000000024
12489,2.049000000000002
12490,2.154000000000002
12491,2.1420000000000026
12492,2.0490000000000017
12493,1.736000000000002
12494,2.039000000000002
12495,2.1520000000000024
12496,2.0470000000000015
12497,1.8630000000000013
12498,2.154000000000002
12499,1.9580000000000017
12500,2.0510000000000024
12501,2.1420000000000017
12502,1.839000000000002
12503,2.142000000000002
12504,1.748000000000002
12505,2.043000000000002
12506,2.1440000000000015
12507,1.9420000000000028
12508,1.9500000000000026
12509,1.9420000000000024
12510,1.9400000000000022
12511,2.243000000000002
12512,1.847000000000002
12513,2.2630000000000012
12514,2.249000000000002
12515,2.142000000000002
12516,2.142000000000002
12517,2.251000000000002
12518,1.9400000000000022
12519,2.150000000000002
12520,2.049000000000002
12521,2.1560000000000015
12522,2.1520000000000024
12523,2.251000000000002
12524,2.4710000000000014
12525,1.7460000000000013
12526,2.2630000000000012
12527,2.041000000000002
12528,2.148000000000002
12529,2.2550000000000012
12530,2.1540000000000017
12531,2.0510000000000015
12532,2.047000000000002
12533,2.360000000000001
12534,2.047000000000002
12535,1.9400000000000022
12536,2.047000000000002
12537,2.265000000000001
12538,2.4490000000000016
12539,2.0470000000000024
12540,2.142000000000002
12541,1.9440000000000017
12542,1.8370000000000022
12543,2.2570000000000014
12544,2.4650000000000016
12545,1.6430000000000018
12546,2.2590000000000017
12547,2.0570000000000017
12548,1.9520000000000015
12549,2.350000000000002
12550,2.4430000000000023
12551,2.1440000000000015
12552,2.2470000000000026
12553,1.7420000000000018
12554,1.950000000000002
12555,2.350000000000002
12556,2.253000000000002
12557,2.3540000000000023
12558,2.1400000000000023
12559,2.255000000000002
12560,2.449000000000003
12561,1.7440000000000015
12562,2.049000000000002
12563,2.148000000000002
12564,2.2550000000000012
12565,2.2290000000000028
12566,2.342000000000002
12567,1.954000000000002
12568,2.0510000000000015
12569,1.730000000000002
12570,2.247000000000002
12571,2.039000000000003
12572,2.1560000000000024
12573,2.2530000000000014
12574,1.9400000000000022
12575,1.7380000000000018
12576,2.1560000000000015
12577,2.043000000000003
12578,2.4610000000000016
12579,2.3420000000000023
12580,2.255000000000002
12581,1.9460000000000022
12582,2.0450000000000017
12583,2.051000000000001
12584,2.0530000000000017
12585,2.0610000000000017
12586,1.9520000000000022
12587,1.8370000000000022
12588,1.9380000000000022
12589,2.039000000000002
12590,2.354000000000002
12591,2.1640000000000015
12592,1.9360000000000026
12593,2.154000000000002
12594,1.8430000000000017
12595,1.946000000000002
12596,2.0330000000000026
12597,1.9620000000000013
12598,2.1520000000000015
12599,2.346000000000002
12600,2.0450000000000017
12601,2.3640000000000017
12602,2.1580000000000017
12603,2.043000000000002
12604,2.255000000000002
12605,1.631000000000002
12606,2.558000000000001
12607,2.0570000000000013
12608,1.8330000000000024
12609,2.247000000000002
12610,2.063000000000001
12611,2.0430000000000024
12612,1.9460000000000017
12613,2.3520000000000025
12614,2.150000000000002
12615,2.0550000000000024
12616,1.6250000000000018
12617,2.148000000000002
12618,2.2470000000000017
12619,1.9420000000000022
12620,2.146000000000002
12621,2.0490000000000017
12622,2.039000000000002
12623,2.1500000000000012
12624,1.946000000000002
12625,1.9420000000000024
12626,2.041000000000002
12627,2.4530000000000016
12628,2.168000000000001
12629,2.2430000000000017
12630,2.0390000000000015
12631,1.944000000000002
12632,1.8330000000000017
12633,1.9560000000000017
12634,2.4630000000000023
12635,2.049000000000002
12636,2.3440000000000025
12637,2.2430000000000025
12638,2.245000000000002
12639,2.360000000000002
12640,2.251000000000003
12641,2.132000000000002
12642,2.162000000000002
12643,2.041000000000002
12644,2.1480000000000024
12645,1.8530000000000018
12646,2.2550000000000017
12647,1.9320000000000028
12648,2.2510000000000017
12649,2.352000000000002
12650,2.271000000000001
12651,2.249000000000002
12652,2.0390000000000024
12653,1.9480000000000022
12654,1.9540000000000015
12655,2.2550000000000017
12656,2.0490000000000017
12657,2.033000000000003
12658,1.942000000000002
12659,2.0410000000000017
12660,1.944000000000002
12661,2.043000000000002
12662,2.257000000000002
12663,2.1560000000000024
12664,2.354000000000002
12665,1.7440000000000018
12666,2.1560000000000015
12667,2.037000000000002
12668,2.146000000000002
12669,2.0490000000000017
12670,1.847000000000002
12671,1.9480000000000015
12672,2.3440000000000016
12673,1.5300000000000018
12674,2.261000000000001
12675,2.3540000000000023
12676,1.938000000000003
12677,2.1460000000000012
12678,2.0390000000000033
12679,2.3620000000000014
12680,2.0370000000000026
12681,2.1420000000000026
12682,2.1440000000000023
12683,1.7380000000000018
12684,2.0550000000000015
12685,1.9400000000000017
12686,1.8510000000000018
12687,2.1400000000000023
12688,2.564000000000001
12689,2.0470000000000024
12690,2.465000000000002
12691,2.041000000000002
12692,2.251000000000002
12693,2.3460000000000027
12694,2.043000000000003
12695,1.8470000000000024
12696,2.2650000000000015
12697,2.0450000000000013
12698,2.0370000000000017
12699,2.0490000000000017
12700,1.7400000000000027
12701,2.350000000000002
12702,2.150000000000002
12703,2.0370000000000026
12704,2.154000000000002
12705,2.350000000000002
12706,2.059000000000001
12707,2.0550000000000015
12708,2.3640000000000017
12709,1.9440000000000024
12710,2.1520000000000015
12711,2.552000000000002
12712,2.4590000000000023
12713,2.1460000000000026
12714,2.144000000000003
12715,1.8370000000000022
12716,2.455000000000002
12717,1.9420000000000022
12718,2.1400000000000015
12719,2.2430000000000025
12720,1.9340000000000024
12721,2.2430000000000025
12722,1.9340000000000033
12723,2.0310000000000024
12724,2.0410000000000026
12725,2.0450000000000017
12726,2.049000000000002
12727,2.4510000000000023
12728,2.251000000000002
12729,2.0410000000000017
12730,2.2530000000000014
12731,2.0410000000000017
12732,2.451000000000002
12733,2.251000000000002
12734,1.9500000000000017
12735,2.2530000000000014
12736,2.2470000000000017
12737,1.9480000000000017
12738,2.354000000000002
12739,2.1420000000000017
12740,2.2550000000000017
12741,2.0490000000000017
12742,2.1380000000000026
12743,2.2410000000000023
12744,1.9440000000000017
12745,2.059000000000002
12746,2.049000000000002
12747,2.146000000000002
12748,2.237000000000002
12749,2.029000000000002
12750,2.160000000000001
12751,2.1520000000000015
12752,2.2410000000000023
12753,2.047000000000002
12754,2.1440000000000015
12755,2.0470000000000015
12756,1.9460000000000022
12757,1.9420000000000015
12758,1.9400000000000017
12759,2.2550000000000012
12760,2.340000000000003
12761,1.8450000000000022
12762,2.0410000000000026
12763,1.9440000000000017
12764,2.152000000000002
12765,2.3480000000000016
12766,2.0490000000000017
12767,1.849000000000002
12768,2.0470000000000024
12769,1.9280000000000026
12770,2.2410000000000028
12771,1.942000000000002
12772,2.043000000000002
12773,2.2590000000000017
12774,2.0370000000000017
12775,2.1520000000000024
12776,2.2550000000000017
12777,2.461000000000002
12778,1.7620000000000016
12779,1.8390000000000024
12780,2.3480000000000016
12781,1.9460000000000013
12782,2.372000000000001
12783,2.164000000000001
12784,2.039000000000002
12785,1.835000000000002
12786,2.340000000000002
12787,2.037000000000002
12788,2.346000000000002
12789,2.1420000000000026
12790,1.7400000000000013
12791,1.9440000000000017
12792,2.2750000000000012
12793,2.041000000000002
12794,2.150000000000002
12795,2.1560000000000015
12796,1.9520000000000013
12797,2.1440000000000023
12798,2.144000000000002
12799,2.1380000000000026
12800,1.9380000000000026
12801,1.7360000000000015
12802,2.055000000000002
12803,2.150000000000002
12804,1.946000000000001
12805,2.041000000000002
12806,1.934000000000002
12807,1.9340000000000024
12808,2.156000000000002
12809,1.9560000000000022
12810,1.8410000000000017
12811,1.8370000000000015
12812,2.1540000000000017
12813,1.956000000000001
12814,1.9300000000000026
12815,2.3580000000000014
12816,2.045000000000002
12817,1.9360000000000028
12818,2.249000000000002
12819,2.1420000000000017
12820,2.0390000000000024
12821,2.045000000000002
12822,1.8530000000000024
12823,1.962000000000001
12824,1.9340000000000024
12825,2.144000000000002
12826,2.2550000000000017
12827,2.2410000000000023
12828,2.1520000000000024
12829,2.2470000000000017
12830,2.4630000000000014
12831,1.9360000000000026
12832,2.4570000000000016
12833,1.952000000000002
12834,1.8390000000000017
12835,1.6310000000000016
12836,2.558000000000001
12837,2.148000000000002
12838,2.2670000000000012
12839,2.1540000000000012
12840,2.031000000000003
12841,2.239000000000002
12842,1.9480000000000013
12843,2.1580000000000017
12844,2.0430000000000015
12845,2.247000000000002
12846,1.9500000000000022
12847,2.043000000000002
12848,2.1380000000000026
12849,2.1480000000000015
12850,1.8450000000000015
12851,2.4590000000000014
12852,2.045000000000003
12853,2.0370000000000017
12854,2.1620000000000013
12855,2.2470000000000017
12856,2.0490000000000013
12857,2.2530000000000014
12858,1.5400000000000018
12859,2.1400000000000023
12860,1.8430000000000024
12861,2.0430000000000024
12862,2.5560000000000014
12863,1.8450000000000015
12864,1.9420000000000015
12865,2.1640000000000006
12866,1.7500000000000018
12867,2.0470000000000024
12868,2.0550000000000015
12869,2.1580000000000013
12870,2.356000000000002
12871,2.239000000000003
12872,2.0610000000000017
12873,1.9380000000000017
12874,1.952000000000002
12875,2.1400000000000023
12876,2.144000000000002
12877,2.148000000000002
12878,1.944000000000002
12879,1.9480000000000015
12880,2.0310000000000024
12881,2.1460000000000026
12882,1.6350000000000018
12883,2.259000000000002
12884,2.057000000000002
12885,2.263000000000001
12886,2.354000000000001
12887,1.9360000000000022
12888,1.8370000000000024
12889,2.0510000000000015
12890,2.247000000000002
12891,2.2550000000000012
12892,2.1520000000000015
12893,2.0470000000000015
12894,1.8350000000000022
12895,2.045000000000002
12896,2.354000000000002
12897,1.829000000000002
12898,2.2630000000000017
12899,1.9520000000000022
12900,2.1500000000000012
12901,2.2590000000000017
12902,2.2530000000000023
12903,1.9360000000000017
12904,2.0570000000000013
12905,2.0610000000000017
12906,2.251000000000002
12907,1.8430000000000022
12908,2.047000000000002
12909,1.9480000000000013
12910,2.251000000000002
12911,2.0370000000000026
12912,1.9480000000000017
12913,2.049000000000002
12914,1.9420000000000028
12915,2.144000000000002
12916,1.9440000000000024
12917,1.9360000000000022
12918,1.9480000000000015
12919,2.0370000000000026
12920,2.354000000000002
12921,2.451000000000002
12922,1.9320000000000028
12923,2.245000000000002
12924,1.9520000000000015
12925,2.2390000000000025
12926,2.150000000000002
12927,1.9480000000000015
12928,1.9460000000000008
12929,2.368000000000001
12930,1.9440000000000015
12931,2.1400000000000023
12932,2.043000000000002
12933,2.051000000000002
12934,2.2390000000000025
12935,2.1560000000000015
12936,2.1580000000000013
12937,1.7240000000000024
12938,2.1360000000000023
12939,2.0530000000000017
12940,1.847000000000002
12941,2.0490000000000017
12942,1.9400000000000017
12943,2.3500000000000014
12944,1.9520000000000013
12945,1.9420000000000015
12946,1.8330000000000017
12947,2.0450000000000017
12948,1.8310000000000028
12949,2.356000000000002
12950,1.9360000000000022
12951,1.633000000000002
12952,2.2510000000000017
12953,1.8430000000000013
12954,1.9540000000000015
12955,2.445000000000002
12956,2.1540000000000017
12957,2.0510000000000015
12958,2.1420000000000017
12959,2.0570000000000017
12960,2.0350000000000024
12961,2.148000000000002
12962,1.9400000000000017
12963,2.251000000000002
12964,2.1560000000000015
12965,2.3300000000000027
12966,2.253000000000002
12967,1.7340000000000027
12968,1.7360000000000022
12969,2.3480000000000016
12970,2.1500000000000017
12971,2.057000000000001
12972,2.1520000000000015
12973,2.2550000000000017
12974,2.047000000000002
12975,2.047000000000002
12976,2.2490000000000014
12977,2.451000000000002
12978,2.1420000000000017
12979,2.0510000000000024
12980,2.059000000000002
12981,2.041000000000002
12982,2.257000000000002
12983,2.043000000000002
12984,2.1400000000000023
12985,2.0430000000000024
12986,2.3640000000000017
12987,2.045000000000002
12988,1.9480000000000013
12989,2.0550000000000024
12990,2.1360000000000023
12991,2.051000000000001
12992,1.9440000000000017
12993,2.546000000000002
12994,2.0470000000000024
12995,2.0450000000000017
12996,2.1420000000000017
12997,2.043000000000002
12998,2.247000000000002
12999,2.6490000000000022
13000,1.740000000000001
13001,2.0570000000000013
13002,2.249000000000002
13003,2.4470000000000014
13004,2.2450000000000028
13005,2.1400000000000023
13006,2.0570000000000013
13007,2.350000000000002
13008,2.144000000000003
13009,2.1420000000000017
13010,1.946000000000002
13011,2.1580000000000013
13012,2.0390000000000024
13013,2.1580000000000017
13014,2.4770000000000003
13015,2.1520000000000024
13016,2.152000000000002
13017,2.1540000000000017
13018,2.1380000000000026
13019,2.140000000000002
13020,2.4430000000000023
13021,1.9420000000000022
13022,2.2590000000000017
13023,2.2550000000000012
13024,2.350000000000002
13025,2.2430000000000025
13026,2.0330000000000026
13027,1.8430000000000017
13028,2.3520000000000025
13029,1.9520000000000013
13030,2.0350000000000024
13031,2.0550000000000015
13032,2.1520000000000024
13033,1.944000000000002
13034,1.9440000000000015
13035,1.736000000000002
13036,1.8330000000000024
13037,2.3580000000000014
13038,2.247000000000002
13039,2.3480000000000016
13040,1.8390000000000013
13041,1.9340000000000028
13042,2.360000000000001
13043,2.2530000000000014
13044,1.7420000000000015
13045,1.9480000000000022
13046,2.0490000000000013
13047,2.352000000000002
13048,2.0490000000000013
13049,1.8390000000000024
13050,1.946000000000002
13051,2.0490000000000013
13052,1.837000000000002
13053,2.247000000000002
13054,2.558000000000001
13055,2.350000000000002
13056,1.9520000000000013
13057,2.2550000000000017
13058,2.1520000000000024
13059,2.047000000000002
13060,1.7280000000000022
13061,1.932000000000003
13062,1.940000000000002
13063,2.2430000000000025
13064,2.2430000000000025
13065,2.2630000000000017
13066,1.9500000000000017
13067,1.7400000000000018
13068,1.9400000000000017
13069,1.8310000000000024
13070,2.5480000000000023
13071,2.140000000000002
13072,2.350000000000002
13073,1.9540000000000017
13074,1.845000000000002
13075,1.9440000000000017
13076,2.142000000000002
13077,2.039000000000002
13078,2.4470000000000023
13079,2.2430000000000017
13080,1.9380000000000015
13081,1.936000000000002
13082,2.350000000000002
13083,2.045000000000002
13084,2.259000000000002
13085,2.138000000000002
13086,2.0430000000000015
13087,2.0410000000000026
13088,2.1460000000000017
13089,2.3340000000000027
13090,2.2510000000000017
13091,2.039000000000003
13092,2.0410000000000017
13093,1.7460000000000013
13094,2.346000000000002
13095,1.9400000000000028
13096,2.441000000000002
13097,2.0370000000000026
13098,1.928000000000003
13099,2.1580000000000017
13100,1.633000000000003
13101,2.057000000000002
13102,1.9440000000000017
13103,1.9440000000000017
13104,2.1520000000000024
13105,2.033000000000002
13106,2.1500000000000012
13107,2.1500000000000012
13108,2.150000000000002
13109,2.059000000000001
13110,2.033000000000002
13111,2.259000000000002
13112,2.2390000000000025
13113,2.3580000000000014
13114,1.9500000000000017
13115,2.241000000000002
13116,2.2610000000000015
13117,2.2430000000000025
13118,1.9480000000000022
13119,2.2410000000000023
13120,2.039000000000003
13121,2.4490000000000025
13122,2.348000000000002
13123,2.031000000000003
13124,2.150000000000002
13125,1.9400000000000028
13126,2.0510000000000015
13127,2.1420000000000026
13128,2.1440000000000023
13129,2.3440000000000025
13130,1.944000000000002
13131,2.2570000000000014
13132,1.956000000000002
13133,2.0510000000000006
13134,2.144000000000002
13135,2.1460000000000026
13136,2.249000000000002
13137,1.946000000000002
13138,2.0390000000000024
13139,1.944000000000002
13140,1.9480000000000022
13141,2.3600000000000017
13142,2.3580000000000014
13143,1.9380000000000015
13144,2.150000000000002
13145,2.0470000000000015
13146,2.2370000000000023
13147,1.7480000000000016
13148,1.9440000000000024
13149,1.9480000000000024
13150,1.8390000000000024
13151,2.3500000000000023
13152,1.9560000000000013
13153,1.8370000000000024
13154,2.1620000000000013
13155,1.9480000000000015
13156,1.9540000000000008
13157,1.9400000000000022
13158,2.0470000000000024
13159,2.047000000000002
13160,2.148000000000002
13161,2.059000000000002
13162,1.942000000000002
13163,2.348000000000002
13164,2.360000000000001
13165,1.9460000000000017
13166,2.043000000000003
13167,2.162000000000001
13168,2.5580000000000016
13169,1.9540000000000013
13170,2.1480000000000015
13171,1.9520000000000024
13172,2.3520000000000016
13173,1.7480000000000013
13174,2.2630000000000017
13175,2.0510000000000015
13176,2.4650000000000016
13177,2.2490000000000028
13178,2.041000000000002
13179,1.9380000000000015
13180,2.245000000000002
13181,1.9400000000000026
13182,2.1560000000000015
13183,2.1560000000000015
13184,2.2690000000000015
13185,2.045000000000002
13186,1.9380000000000022
13187,1.7260000000000024
13188,2.3460000000000023
13189,2.0410000000000017
13190,2.265000000000002
13191,2.144000000000003
13192,1.9400000000000026
13193,1.9380000000000017
13194,2.2410000000000023
13195,2.3480000000000016
13196,2.053000000000002
13197,2.148000000000002
13198,1.9380000000000026
13199,2.136000000000003
13200,2.037000000000002
13201,2.1500000000000026
13202,2.251000000000002
13203,2.3540000000000014
13204,2.251000000000002
13205,2.1400000000000023
13206,2.0410000000000017
13207,1.8470000000000015
13208,2.1520000000000015
13209,2.3420000000000023
13210,1.9360000000000026
13211,2.045000000000002
13212,2.3520000000000016
13213,2.047000000000002
13214,2.1540000000000017
13215,2.2590000000000017
13216,2.148000000000002
13217,1.7480000000000024
13218,1.9500000000000026
13219,2.0450000000000026
13220,2.037000000000002
13221,2.1460000000000026
13222,1.9460000000000022
13223,2.144000000000002
13224,2.1440000000000023
13225,2.1600000000000015
13226,1.946000000000002
13227,1.8390000000000017
13228,2.154000000000002
13229,2.2430000000000017
13230,2.0410000000000026
13231,1.9360000000000022
13232,2.251000000000002
13233,2.1580000000000017
13234,2.051000000000002
13235,2.1560000000000015
13236,2.0370000000000017
13237,2.134000000000003
13238,2.150000000000002
13239,2.0530000000000013
13240,1.8490000000000015
13241,2.1480000000000024
13242,1.9280000000000024
13243,2.053000000000002
13244,1.9460000000000017
13245,1.746000000000001
13246,2.346000000000002
13247,1.9440000000000024
13248,2.158000000000001
13249,2.344000000000002
13250,2.047000000000002
13251,2.2390000000000025
13252,2.043000000000003
13253,2.0510000000000015
13254,2.4430000000000023
13255,2.1540000000000012
13256,2.152000000000002
13257,2.051000000000002
13258,2.366000000000001
13259,1.9440000000000024
13260,2.0310000000000032
13261,1.9480000000000022
13262,2.358000000000002
13263,2.158000000000001
13264,1.9360000000000026
13265,2.0510000000000024
13266,2.1460000000000017
13267,1.8330000000000017
13268,2.2430000000000025
13269,2.2550000000000012
13270,2.0510000000000015
13271,1.9420000000000022
13272,2.8610000000000015
13273,2.2450000000000023
13274,1.944000000000002
13275,1.849000000000002
13276,2.253000000000002
13277,2.4730000000000008
13278,2.1380000000000026
13279,2.4490000000000025
13280,2.245000000000002
13281,1.9300000000000024
13282,2.550000000000002
13283,2.1440000000000023
13284,2.0470000000000024
13285,2.0550000000000015
13286,2.045000000000002
13287,2.245000000000002
13288,2.1400000000000023
13289,2.358000000000001
13290,2.3420000000000023
13291,2.2570000000000014
13292,2.136000000000003
13293,2.148000000000001
13294,2.5480000000000014
13295,1.9540000000000017
13296,2.049000000000002
13297,1.9340000000000026
13298,2.2390000000000025
13299,2.1420000000000026
13300,2.0510000000000015
13301,2.255000000000002
13302,2.2570000000000014
13303,2.1420000000000017
13304,1.8390000000000026
13305,2.374000000000001
13306,2.1620000000000017
13307,2.0470000000000024
13308,1.9340000000000033
13309,2.1460000000000012
13310,2.150000000000002
13311,1.9360000000000026
13312,2.039000000000002
13313,2.1400000000000023
13314,1.845000000000002
13315,1.940000000000002
13316,2.2450000000000023
13317,2.2590000000000012
13318,2.2530000000000014
13319,2.5540000000000016
13320,2.1440000000000023
13321,1.9280000000000022
13322,2.2570000000000014
13323,2.140000000000002
13324,2.2510000000000017
13325,2.1420000000000017
13326,1.9360000000000026
13327,1.9420000000000022
13328,2.0550000000000015
13329,2.457000000000002
13330,1.9420000000000028
13331,2.041000000000002
13332,2.1580000000000017
13333,2.1440000000000023
13334,1.942000000000002
13335,1.7420000000000022
13336,2.0590000000000015
13337,2.356000000000002
13338,2.0530000000000017
13339,2.255000000000002
13340,2.2510000000000026
13341,2.2470000000000017
13342,1.942000000000002
13343,2.1560000000000015
13344,2.2550000000000012
13345,1.9380000000000022
13346,1.847000000000001
13347,2.2550000000000012
13348,1.841000000000002
13349,2.235000000000002
13350,2.1500000000000012
13351,2.142000000000002
13352,2.261000000000001
13353,1.8330000000000024
13354,2.146000000000002
13355,1.942000000000002
13356,1.9440000000000017
13357,2.5440000000000023
13358,2.0390000000000024
13359,2.243000000000002
13360,2.150000000000002
13361,2.261000000000001
13362,2.1420000000000017
13363,2.0530000000000013
13364,2.0470000000000024
13365,2.4430000000000023
13366,1.746000000000002
13367,1.9460000000000022
13368,2.0530000000000013
13369,2.136000000000003
13370,2.150000000000002
13371,1.9380000000000026
13372,2.3360000000000025
13373,2.037000000000002
13374,1.9540000000000013
13375,2.2410000000000023
13376,2.142000000000002
13377,2.140000000000002
13378,1.9420000000000022
13379,2.045000000000002
13380,1.9500000000000008
13381,2.1480000000000015
13382,1.9380000000000013
13383,2.1420000000000026
13384,2.3460000000000023
13385,1.944000000000002
13386,1.9540000000000017
13387,2.0430000000000015
13388,2.041000000000002
13389,2.057000000000002
13390,1.9400000000000026
13391,2.1400000000000023
13392,1.730000000000002
13393,2.1520000000000015
13394,2.249000000000002
13395,2.1540000000000012
13396,1.936000000000002
13397,2.043000000000003
13398,2.0530000000000017
13399,1.940000000000002
13400,2.354000000000002
13401,1.944000000000002
13402,1.9360000000000026
13403,2.1560000000000015
13404,2.2370000000000028
13405,2.1480000000000015
13406,2.354000000000002
13407,2.152000000000002
13408,2.1400000000000023
13409,2.1420000000000026
13410,2.2530000000000014
13411,2.4390000000000023
13412,2.144000000000002
13413,2.2470000000000026
13414,2.0430000000000024
13415,2.144000000000003
13416,1.9620000000000013
13417,2.140000000000002
13418,2.259000000000002
13419,1.944000000000002
13420,1.9360000000000022
13421,1.946000000000002
13422,1.6350000000000025
13423,2.144000000000002
13424,2.152000000000002
13425,2.0530000000000017
13426,2.2450000000000023
13427,1.8350000000000017
13428,2.5500000000000016
13429,2.455000000000002
13430,2.051000000000003
13431,2.350000000000002
13432,2.0530000000000017
13433,2.1580000000000017
13434,1.9360000000000022
13435,2.3460000000000023
13436,2.2470000000000017
13437,1.8350000000000022
13438,2.039000000000002
13439,2.247000000000002
13440,2.0490000000000013
13441,2.358000000000002
13442,2.045000000000002
13443,2.0370000000000026
13444,2.352000000000002
13445,2.4670000000000014
13446,1.9480000000000017
13447,2.245000000000002
13448,1.9480000000000017
13449,2.0590000000000015
13450,2.043000000000002
13451,2.154000000000002
13452,2.1560000000000015
13453,2.0530000000000017
13454,2.251000000000002
13455,2.152000000000002
13456,2.144000000000002
13457,2.374000000000001
13458,2.1400000000000023
13459,1.9380000000000024
13460,1.9500000000000015
13461,2.3660000000000014
13462,2.134000000000002
13463,2.3480000000000016
13464,2.2450000000000014
13465,1.946000000000002
13466,2.140000000000002
13467,2.158000000000002
13468,1.9380000000000017
13469,1.8410000000000024
13470,2.037000000000002
13471,2.1380000000000026
13472,2.150000000000002
13473,1.948000000000001
13474,1.9400000000000022
13475,1.9420000000000022
13476,2.2550000000000017
13477,2.041000000000002
13478,2.144000000000003
13479,1.839000000000002
13480,2.340000000000002
13481,1.7380000000000027
13482,2.1460000000000026
13483,2.1560000000000024
13484,2.253000000000002
13485,2.144000000000002
13486,2.0530000000000017
13487,2.4590000000000014
13488,2.2470000000000017
13489,1.942000000000002
13490,2.3480000000000016
13491,2.1380000000000026
13492,2.2450000000000028
13493,2.3600000000000017
13494,1.9380000000000017
13495,2.152000000000002
13496,2.154000000000002
13497,2.0510000000000024
13498,2.2630000000000017
13499,2.150000000000002
13500,2.2590000000000017
13501,2.352000000000002
13502,1.8630000000000009
13503,2.146000000000002
13504,2.350000000000002
13505,2.043000000000002
13506,1.942000000000002
13507,2.1380000000000026
13508,2.039000000000002
13509,2.0510000000000024
13510,2.142000000000002
13511,1.8370000000000022
13512,2.4670000000000014
13513,2.047000000000002
13514,1.9460000000000017
13515,1.9420000000000013
13516,1.9520000000000015
13517,1.9460000000000022
13518,2.0570000000000017
13519,2.0510000000000015
13520,2.0470000000000024
13521,2.354000000000002
13522,2.0330000000000026
13523,1.9420000000000024
13524,2.455000000000002
13525,2.0430000000000015
13526,1.9400000000000015
13527,2.0370000000000017
13528,2.0450000000000017
13529,2.251000000000002
13530,1.9300000000000026
13531,2.043000000000002
13532,1.960000000000002
13533,2.0510000000000015
13534,2.146000000000002
13535,1.7440000000000018
13536,1.9400000000000022
13537,2.0510000000000015
13538,2.2630000000000017
13539,2.1580000000000013
13540,2.146000000000002
13541,2.049000000000002
13542,1.8430000000000017
13543,2.2390000000000017
13544,2.1480000000000015
13545,2.1400000000000023
13546,2.3580000000000014
13547,2.1420000000000017
13548,1.8370000000000024
13549,2.655000000000001
13550,2.354000000000002
13551,1.6390000000000018
13552,2.3420000000000027
13553,2.257000000000001
13554,2.2550000000000012
13555,2.4470000000000023
13556,2.0430000000000024
13557,2.354000000000002
13558,2.045000000000002
13559,2.2510000000000017
13560,2.348000000000002
13561,2.4550000000000014
13562,2.2570000000000023
13563,2.350000000000002
13564,2.2730000000000015
13565,1.8390000000000026
13566,1.835000000000002
13567,2.0450000000000017
13568,2.1420000000000026
13569,2.037000000000003
13570,2.0530000000000017
13571,2.3380000000000023
13572,1.940000000000002
13573,2.041000000000002
13574,2.146000000000002
13575,2.130000000000003
13576,2.3360000000000025
13577,2.0530000000000017
13578,2.043000000000001
13579,2.150000000000002
13580,1.9400000000000017
13581,2.2610000000000015
13582,2.2410000000000028
13583,2.1420000000000026
13584,2.0530000000000017
13585,1.8350000000000022
13586,2.2410000000000023
13587,1.940000000000003
13588,2.0470000000000024
13589,2.146000000000002
13590,2.156000000000001
13591,2.063000000000001
13592,2.0330000000000026
13593,2.1380000000000026
13594,2.057000000000002
13595,2.1460000000000012
13596,2.039000000000003
13597,2.1540000000000017
13598,2.1540000000000017
13599,2.1420000000000017
13600,2.257000000000002
13601,2.461000000000001
13602,1.9360000000000022
13603,2.1500000000000017
13604,2.1320000000000023
13605,1.8470000000000013
13606,2.2470000000000017
13607,2.2530000000000014
13608,2.231000000000003
13609,2.560000000000001
13610,1.7280000000000024
13611,2.053000000000002
13612,2.0370000000000026
13613,2.354000000000002
13614,2.063000000000001
13615,2.045000000000002
13616,1.9360000000000028
13617,2.140000000000003
13618,2.1460000000000017
13619,2.356000000000001
13620,2.2550000000000012
13621,2.049000000000002
13622,2.1440000000000023
13623,1.9360000000000026
13624,2.255000000000001
13625,2.2510000000000017
13626,1.9600000000000015
13627,2.1580000000000017
13628,1.8430000000000024
13629,2.360000000000001
13630,1.9340000000000026
13631,2.556000000000002
13632,2.2530000000000023
13633,2.045000000000002
13634,2.148000000000002
13635,2.457000000000002
13636,2.3580000000000023
13637,1.950000000000001
13638,2.150000000000002
13639,2.1500000000000012
13640,2.2550000000000012
13641,2.1700000000000017
13642,2.550000000000002
13643,2.148000000000002
13644,1.8430000000000017
13645,2.043000000000002
13646,2.039000000000002
13647,2.2550000000000012
13648,2.1400000000000023
13649,1.7400000000000022
13650,2.047000000000002
13651,2.247000000000002
13652,1.940000000000002
13653,2.1520000000000015
13654,2.0510000000000015
13655,1.9400000000000022
13656,2.574
13657,2.3440000000000016
13658,1.8430000000000024
13659,1.936000000000002
13660,2.453000000000002
13661,2.259000000000002
13662,1.8330000000000024
13663,1.946000000000002
13664,2.2470000000000017
13665,2.045000000000002
13666,2.352000000000002
13667,2.2430000000000025
13668,2.340000000000002
13669,2.0410000000000026
13670,1.734000000000002
13671,2.253000000000002
13672,2.0430000000000024
13673,2.356000000000001
13674,2.2490000000000023
13675,2.0510000000000015
13676,1.7380000000000022
13677,2.037000000000002
13678,2.035000000000002
13679,2.037000000000002
13680,2.247000000000002
13681,2.1440000000000023
13682,2.2450000000000023
13683,2.356000000000001
13684,2.350000000000002
13685,1.6370000000000025
13686,2.051000000000002
13687,1.9400000000000022
13688,2.144000000000002
13689,2.1600000000000015
13690,1.8430000000000015
13691,2.146000000000002
13692,1.851000000000002
13693,2.1520000000000015
13694,2.148000000000002
13695,2.255000000000002
13696,2.144000000000002
13697,1.8410000000000017
13698,2.2510000000000012
13699,2.249000000000002
13700,2.2470000000000026
13701,2.0470000000000015
13702,2.4470000000000023
13703,2.150000000000002
13704,2.148000000000002
13705,1.940000000000002
13706,2.3360000000000025
13707,1.7560000000000016
13708,2.1440000000000023
13709,1.9520000000000022
13710,2.1500000000000017
13711,2.249000000000001
13712,2.160000000000002
13713,2.4510000000000023
13714,1.9360000000000026
13715,2.126000000000003
13716,2.1420000000000017
13717,2.340000000000002
13718,2.350000000000002
13719,2.144000000000002
13720,2.241000000000002
13721,2.3620000000000014
13722,2.1380000000000026
13723,2.043000000000002
13724,1.9480000000000017
13725,2.0470000000000015
13726,1.847000000000002
13727,1.9320000000000024
13728,2.1340000000000026
13729,2.1660000000000013
13730,2.2510000000000017
13731,1.8370000000000024
13732,2.2430000000000025
13733,1.839000000000002
13734,2.3520000000000016
13735,1.9300000000000026
13736,1.8370000000000024
13737,2.0450000000000026
13738,2.049000000000002
13739,2.350000000000002
13740,2.152000000000002
13741,2.1460000000000012
13742,1.9360000000000022
13743,2.0410000000000026
13744,2.2470000000000026
13745,2.2510000000000017
13746,1.9440000000000017
13747,1.950000000000002
13748,1.8490000000000009
13749,1.9380000000000024
13750,2.1440000000000023
13751,1.9440000000000017
13752,1.9400000000000028
13753,1.9420000000000028
13754,2.033000000000002
13755,2.041000000000002
13756,2.4510000000000023
13757,2.2430000000000025
13758,2.1400000000000023
13759,2.2570000000000014
13760,2.3500000000000023
13761,2.253000000000002
13762,2.0390000000000024
13763,2.1520000000000015
13764,2.3640000000000017
13765,2.1420000000000017
13766,1.7440000000000018
13767,1.8450000000000026
13768,2.0470000000000024
13769,2.1400000000000023
13770,2.0650000000000013
13771,2.354000000000002
13772,2.255000000000002
13773,2.2630000000000012
13774,2.043000000000002
13775,2.148000000000002
13776,2.3420000000000023
13777,1.940000000000002
13778,2.449000000000002
13779,2.0410000000000026
13780,2.043000000000002
13781,1.9380000000000015
13782,1.9440000000000024
13783,2.055000000000002
13784,1.9280000000000024
13785,2.039000000000002
13786,1.8430000000000022
13787,2.150000000000002
13788,2.1640000000000015
13789,2.138000000000002
13790,2.0430000000000024
13791,2.5520000000000023
13792,2.249000000000002
13793,2.0550000000000015
13794,2.247000000000002
13795,1.9420000000000022
13796,2.1540000000000017
13797,2.051000000000002
13798,2.2430000000000025
13799,2.138000000000002
13800,2.2450000000000023
13801,2.2430000000000025
13802,2.0490000000000017
13803,2.047000000000003
13804,1.9480000000000026
13805,1.9460000000000017
13806,2.0450000000000017
13807,1.940000000000002
13808,1.8490000000000018
13809,1.9480000000000024
13810,2.1380000000000017
13811,2.1560000000000024
13812,1.950000000000001
13813,2.041000000000002
13814,1.8330000000000024
13815,2.2490000000000023
13816,1.9420000000000028
13817,2.3380000000000027
13818,2.1420000000000017
13819,2.2430000000000017
13820,2.043000000000002
13821,2.162000000000001
13822,2.0450000000000013
13823,2.453000000000002
13824,2.0370000000000026
13825,2.041000000000002
13826,2.0530000000000017
13827,1.9520000000000022
13828,2.144000000000002
13829,2.249000000000002
13830,1.9440000000000017
13831,2.235000000000002
13832,2.1420000000000017
13833,1.8470000000000015
13834,2.457000000000002
13835,2.0490000000000013
13836,2.241000000000002
13837,2.2570000000000014
13838,2.1500000000000017
13839,1.8630000000000015
13840,2.3440000000000025
13841,1.839000000000002
13842,2.364000000000001
13843,2.457000000000001
13844,2.1460000000000026
13845,2.2430000000000025
13846,1.9400000000000017
13847,2.0370000000000026
13848,2.043000000000002
13849,2.144000000000002
13850,2.2470000000000017
13851,2.148000000000003
13852,2.148000000000002
13853,2.2510000000000017
13854,2.3580000000000023
13855,1.9420000000000022
13856,1.9420000000000015
13857,2.047000000000001
13858,2.340000000000002
13859,1.841000000000002
13860,2.051000000000002
13861,2.1540000000000012
13862,2.352000000000002
13863,2.045000000000002
13864,1.9460000000000022
13865,2.2410000000000023
13866,2.647000000000002
13867,1.8530000000000015
13868,1.851000000000002
13869,2.0390000000000024
13870,2.132000000000003
13871,2.3480000000000025
13872,1.9320000000000022
13873,2.150000000000002
13874,1.946000000000002
13875,2.148000000000002
13876,2.2430000000000017
13877,2.1400000000000023
13878,1.9400000000000022
13879,2.2510000000000017
13880,2.255000000000002
13881,2.239000000000003
13882,2.146000000000002
13883,2.0570000000000017
13884,2.2430000000000025
13885,2.154000000000002
13886,2.0450000000000017
13887,2.3480000000000016
13888,2.039000000000002
13889,2.255000000000002
13890,2.0370000000000026
13891,1.9360000000000026
13892,1.9400000000000022
13893,2.041000000000002
13894,1.7340000000000029
13895,1.837000000000002
13896,2.0510000000000024
13897,2.350000000000002
13898,2.3480000000000016
13899,2.534000000000003
13900,2.1560000000000015
13901,2.138000000000002
13902,2.150000000000002
13903,1.7520000000000022
13904,2.340000000000002
13905,2.154000000000002
13906,1.954000000000002
13907,1.9540000000000013
13908,2.3480000000000016
13909,2.4510000000000014
13910,2.148000000000002
13911,2.352000000000002
13912,2.366000000000001
13913,1.8310000000000024
13914,2.249000000000002
13915,2.039000000000002
13916,1.9440000000000017
13917,1.9420000000000024
13918,2.6669999999999994
13919,2.2530000000000023
13920,2.245000000000002
13921,1.9440000000000026
13922,2.168000000000002
13923,2.3560000000000016
13924,2.441000000000003
13925,2.0450000000000026
13926,2.350000000000001
13927,2.4590000000000014
13928,2.154000000000001
13929,2.2570000000000014
13930,2.037000000000002
13931,1.8510000000000009
13932,2.1520000000000024
13933,2.2570000000000014
13934,2.253000000000002
13935,2.057000000000002
13936,2.348000000000002
13937,2.2570000000000014
13938,2.039000000000002
13939,2.0450000000000017
13940,2.2370000000000028
13941,2.039000000000002
13942,1.8430000000000017
13943,1.9580000000000017
13944,2.344000000000002
13945,2.0450000000000017
13946,1.9540000000000008
13947,2.144000000000002
13948,1.635000000000002
13949,2.0490000000000026
13950,2.148000000000002
13951,1.9400000000000017
13952,2.043000000000002
13953,2.2470000000000017
13954,2.2370000000000023
13955,2.049000000000002
13956,2.055000000000001
13957,2.5460000000000025
13958,2.0550000000000024
13959,2.0470000000000024
13960,1.7500000000000013
13961,2.3600000000000017
13962,2.0530000000000017
13963,2.1580000000000013
13964,2.148000000000002
13965,2.1500000000000017
13966,1.9640000000000013
13967,2.3540000000000014
13968,1.8350000000000029
13969,1.9540000000000015
13970,1.8330000000000017
13971,1.8290000000000026
13972,2.0470000000000015
13973,2.2470000000000017
13974,2.0410000000000026
13975,2.4470000000000023
13976,2.352000000000002
13977,2.2530000000000023
13978,2.4670000000000014
13979,2.0550000000000015
13980,2.043000000000002
13981,2.148000000000002
13982,1.8390000000000024
13983,2.148000000000002
13984,2.043000000000002
13985,2.150000000000002
13986,2.5460000000000016
13987,2.065000000000001
13988,2.039000000000002
13989,2.148000000000002
13990,2.035000000000003
13991,2.0470000000000024
13992,1.9500000000000017
13993,2.3580000000000014
13994,2.2510000000000017
13995,2.045000000000002
13996,2.162000000000001
13997,1.960000000000002
13998,2.0390000000000024
13999,2.148000000000002
14000,1.936000000000002
