Episode,AgentStandard-5
1,-0.09799999999999981
2,-0.09799999999999981
3,0.003000000000000117
4,0.11400000000000018
5,-0.09999999999999981
6,-0.09799999999999981
7,0.10800000000000017
8,-0.09799999999999981
9,0.007000000000000161
10,0.001000000000000178
11,0.001000000000000148
12,0.001000000000000028
13,-0.09799999999999981
14,-0.09799999999999981
15,0.11000000000000025
16,0.0030000000000000283
17,0.001000000000000117
18,0.0030000000000000283
19,-0.09999999999999981
20,0.20700000000000002
21,0.007000000000000116
22,0.0010000000000001646
23,-0.09799999999999981
24,0.10600000000000027
25,0.007000000000000125
26,0.0010000000000001882
27,0.009000000000000152
28,-0.09599999999999982
29,0.10600000000000018
30,0.10400000000000016
31,-0.09399999999999982
32,0.005000000000000103
33,-0.09999999999999981
34,0.0050000000000000365
35,0.20299999999999932
36,0.0050000000000001345
37,0.0010000000000001525
38,0.10600000000000025
39,-0.09799999999999981
40,0.003000000000000037
41,0.007000000000000063
42,-0.09799999999999981
43,-0.09399999999999982
44,-0.09999999999999981
45,-0.09999999999999981
46,0.0010000000000001713
47,-0.09399999999999982
48,0.005000000000000028
49,-0.09999999999999981
50,0.0010000000000001525
51,-0.09999999999999981
52,-0.09999999999999981
53,-0.09999999999999981
54,0.20900000000000013
55,-0.09999999999999981
56,0.011000000000000098
57,-0.09599999999999982
58,0.011000000000000027
59,0.0070000000000001875
60,0.10200000000000019
61,-0.09999999999999981
62,-0.09599999999999982
63,0.10600000000000018
64,0.20900000000000013
65,0.10600000000000032
66,0.31399999999999934
67,0.10800000000000017
68,0.1160000000000001
69,0.10400000000000016
70,0.0030000000000000903
71,-0.09399999999999982
72,-0.09799999999999981
73,-0.09799999999999981
74,0.10400000000000022
75,-0.09199999999999983
76,0.001000000000000028
77,0.001000000000000028
78,0.005000000000000099
79,0.1060000000000003
80,-0.09999999999999981
81,0.00900000000000008
82,-0.09599999999999982
83,0.20699999999999977
84,0.10200000000000015
85,0.10200000000000019
86,-0.09199999999999983
87,-0.09999999999999981
88,-0.09999999999999981
89,0.005000000000000108
90,0.005000000000000072
91,-0.09999999999999981
92,0.001000000000000028
93,0.10399999999999979
94,0.001000000000000117
95,-0.09199999999999983
96,-0.09999999999999981
97,0.0010000000000001882
98,0.005000000000000081
99,-0.09999999999999981
100,0.20300000000000004
101,0.0010000000000001614
102,0.0010000000000000547
103,-0.09999999999999981
104,0.0010000000000001436
105,-0.09399999999999982
106,0.10399999999999993
107,0.0050000000000001875
108,-0.09799999999999981
109,0.20899999999999996
110,0.10800000000000011
111,-0.09999999999999981
112,0.001000000000000028
113,-0.09199999999999983
114,0.007000000000000098
115,-0.09999999999999981
116,0.01100000000000017
117,0.10999999999999976
118,-0.09999999999999981
119,-0.09599999999999982
120,-0.09999999999999981
121,-0.09999999999999981
122,0.20699999999999996
123,0.2089999999999997
124,0.31199999999999944
125,0.007000000000000094
126,0.11200000000000015
127,0.01100000000000017
128,0.11000000000000028
129,0.10400000000000023
130,0.21099999999999983
131,0.20499999999999893
132,-0.09999999999999981
133,0.0010000000000001436
134,-0.09999999999999981
135,0.005000000000000028
136,-0.09799999999999981
137,0.1040000000000002
138,-0.09399999999999982
139,0.005000000000000072
140,-0.09799999999999981
141,-0.09799999999999981
142,0.001000000000000139
143,0.011000000000000076
144,-0.09399999999999982
145,0.3159999999999997
146,0.3119999999999996
147,0.005000000000000068
148,0.1160000000000001
149,0.0010000000000001702
150,0.10600000000000015
151,-0.09599999999999982
152,-0.09599999999999982
153,0.0010000000000000813
154,-0.09199999999999983
155,0.011000000000000135
156,0.0030000000000000994
157,0.10400000000000013
158,-0.09399999999999982
159,0.11600000000000027
160,0.10200000000000012
161,0.11200000000000021
162,0.007000000000000037
163,0.003000000000000165
164,0.10799999999999964
165,-0.09999999999999981
166,-0.09999999999999981
167,0.001000000000000028
168,0.10600000000000019
169,0.0030000000000001124
170,0.005000000000000055
171,0.011000000000000044
172,0.1080000000000001
173,0.001000000000000028
174,-0.09799999999999981
175,-0.09399999999999982
176,0.11000000000000011
177,0.11400000000000012
178,0.007000000000000085
179,0.01100000000000017
180,0.0010000000000001713
181,0.009000000000000062
182,0.20699999999999982
183,0.003000000000000117
184,0.3099999999999992
185,-0.09599999999999982
186,0.2089999999999997
187,0.007000000000000058
188,0.10600000000000019
189,0.10600000000000026
190,0.20300000000000015
191,-0.09999999999999981
192,0.10200000000000017
193,-0.09399999999999982
194,0.10200000000000001
195,0.20700000000000018
196,0.007000000000000116
197,-0.09599999999999982
198,0.10600000000000015
199,0.11200000000000018
200,0.0010000000000001646
201,0.011000000000000027
202,0.0030000000000001037
203,0.2049999999999999
204,0.21700000000000016
205,0.1040000000000003
206,-0.09599999999999982
207,0.21100000000000005
208,0.003000000000000126
209,0.00900000000000017
210,0.11000000000000004
211,0.10600000000000011
212,0.11200000000000015
213,-0.09799999999999981
214,0.005000000000000099
215,0.10200000000000026
216,-0.09199999999999983
217,0.10600000000000012
218,0.1060000000000003
219,0.0030000000000001436
220,0.21099999999999994
221,0.009000000000000098
222,0.005000000000000041
223,0.0010000000000000991
224,0.11200000000000015
225,0.2109999999999999
226,0.21099999999999977
227,-0.09999999999999981
228,0.0030000000000001393
229,0.11200000000000024
230,0.209
231,-0.09599999999999982
232,0.007000000000000027
233,0.007000000000000085
234,0.20699999999999996
235,0.001000000000000028
236,-0.09799999999999981
237,-0.09999999999999981
238,0.10200000000000031
239,0.007000000000000027
240,0.001000000000000188
241,-0.09999999999999981
242,0.10600000000000011
243,0.11000000000000013
244,0.2109999999999994
245,0.1059999999999997
246,0.0030000000000000283
247,0.003000000000000086
248,-0.09999999999999981
249,0.0050000000000001476
250,0.0010000000000000369
251,0.10600000000000019
252,0.11000000000000015
253,0.003000000000000126
254,0.007000000000000058
255,0.0030000000000000283
256,0.11000000000000028
257,-0.09999999999999981
258,-0.09999999999999981
259,0.10200000000000015
260,-0.09399999999999982
261,0.21099999999999994
262,0.20700000000000018
263,0.011000000000000072
264,0.203
265,0.0030000000000001124
266,0.0010000000000001746
267,-0.09799999999999981
268,0.11200000000000017
269,-0.08799999999999984
270,0.21300000000000016
271,0.20499999999999904
272,0.001000000000000028
273,0.001000000000000028
274,-0.09999999999999981
275,0.10399999999999972
276,0.001000000000000028
277,0.003000000000000148
278,-0.09799999999999981
279,0.0010000000000000902
280,0.0030000000000001705
281,0.1020000000000002
282,0.0030000000000000283
283,0.10800000000000033
284,0.009000000000000027
285,-0.09799999999999981
286,0.10600000000000014
287,0.0030000000000000283
288,0.003000000000000064
289,-0.09799999999999981
290,-0.09999999999999981
291,-0.09999999999999981
292,0.007000000000000116
293,0.41099999999999914
294,0.005000000000000028
295,0.10400000000000001
296,0.0030000000000000994
297,-0.09999999999999981
298,0.007000000000000037
299,0.12999999999999978
300,0.005000000000000152
301,0.005000000000000121
302,0.11400000000000005
303,0.007000000000000027
304,0.11200000000000024
305,0.001000000000000188
306,0.0030000000000001527
307,0.10200000000000023
308,0.0010000000000001713
309,0.0030000000000000903
310,-0.09799999999999981
311,0.20299999999999904
312,0.005000000000000152
313,0.4209999999999997
314,0.10800000000000015
315,0.1040000000000003
316,0.10800000000000008
317,0.0030000000000000283
318,0.10400000000000018
319,-0.09999999999999981
320,0.11600000000000021
321,0.10400000000000034
322,0.0010000000000000681
323,0.3059999999999992
324,0.00900000000000017
325,-0.09999999999999981
326,0.011000000000000036
327,0.011000000000000095
328,0.007000000000000116
329,0.10800000000000008
330,0.10600000000000012
331,-0.09599999999999982
332,0.1140000000000002
333,-0.09999999999999981
334,0.011000000000000116
335,0.2109999999999999
336,-0.09799999999999981
337,-0.09599999999999982
338,0.21699999999999955
339,0.2129999999999999
340,0.0050000000000001345
341,0.007000000000000027
342,0.0010000000000001347
343,0.10200000000000005
344,0.1040000000000002
345,0.10200000000000008
346,0.2089999999999997
347,0.2169999999999999
348,0.21099999999999994
349,0.001000000000000028
350,0.009000000000000133
351,-0.09199999999999983
352,0.003000000000000117
353,-0.09799999999999981
354,0.11000000000000024
355,0.21299999999999947
356,-0.09999999999999981
357,0.11600000000000027
358,0.0030000000000000283
359,0.0030000000000000283
360,0.10600000000000018
361,-0.09599999999999982
362,0.011000000000000081
363,0.20699999999999996
364,0.005000000000000171
365,0.005000000000000143
366,-0.09999999999999981
367,0.11000000000000028
368,0.40899999999999886
369,0.001000000000000028
370,0.0030000000000000816
371,-0.09599999999999982
372,0.10600000000000008
373,-0.09599999999999982
374,0.005000000000000045
375,0.30999999999999983
376,0.10600000000000019
377,0.10200000000000031
378,0.10800000000000005
379,0.003000000000000135
380,0.005000000000000121
381,0.20900000000000013
382,0.10799999999999971
383,0.21099999999999952
384,0.20499999999999996
385,-0.09999999999999981
386,-0.09999999999999981
387,0.20899999999999974
388,-0.09399999999999982
389,-0.09999999999999981
390,0.0010000000000000636
391,0.2049999999999992
392,0.0030000000000000283
393,0.31199999999999933
394,0.20499999999999993
395,0.009000000000000036
396,-0.09999999999999981
397,0.5079999999999991
398,0.007000000000000116
399,0.00500000000000017
400,0.0030000000000000283
401,0.10400000000000016
402,0.0050000000000000365
403,0.0010000000000001646
404,0.1020000000000001
405,0.2130000000000001
406,0.30399999999999927
407,0.1060000000000002
408,0.007000000000000027
409,0.0030000000000000283
410,0.0070000000000000895
411,0.001000000000000028
412,0.21499999999999958
413,0.21100000000000005
414,0.20899999999999935
415,0.0030000000000000283
416,-0.09799999999999981
417,0.005000000000000028
418,0.2030000000000003
419,0.10200000000000008
420,0.001000000000000117
421,0.007000000000000081
422,0.007000000000000107
423,0.21699999999999967
424,0.21700000000000005
425,0.10400000000000001
426,0.1100000000000002
427,0.11600000000000009
428,0.41099999999999937
429,0.011000000000000044
430,0.1140000000000002
431,0.0010000000000001347
432,0.10800000000000008
433,0.20300000000000026
434,0.0030000000000000903
435,0.2129999999999991
436,0.21300000000000016
437,0.00700000000000005
438,-0.09999999999999981
439,0.0010000000000001037
440,0.10800000000000017
441,0.3159999999999996
442,0.20699999999999918
443,-0.09999999999999981
444,0.001000000000000028
445,0.11000000000000021
446,0.21099999999999983
447,0.3099999999999995
448,-0.09399999999999982
449,0.30799999999999905
450,-0.09999999999999981
451,-0.09799999999999981
452,0.005000000000000045
453,0.003000000000000178
454,0.41099999999999975
455,0.10600000000000023
456,0.007000000000000152
457,0.011000000000000027
458,0.3119999999999992
459,0.20899999999999885
460,0.0030000000000001124
461,0.0030000000000000946
462,-0.09799999999999981
463,0.10600000000000012
464,0.001000000000000188
465,-0.09799999999999981
466,0.2089999999999997
467,0.003000000000000117
468,0.20300000000000012
469,0.21299999999999983
470,0.21300000000000005
471,0.30800000000000005
472,0.1100000000000003
473,-0.09799999999999981
474,0.10600000000000007
475,-0.09999999999999981
476,0.1040000000000002
477,0.0030000000000000283
478,0.20699999999999952
479,0.10400000000000013
480,0.007000000000000072
481,0.0050000000000001345
482,0.2149999999999995
483,0.005000000000000055
484,0.10400000000000018
485,0.005000000000000028
486,0.31399999999999906
487,0.21899999999999964
488,0.21099999999999974
489,0.007000000000000148
490,0.10600000000000014
491,0.001000000000000077
492,0.1040000000000002
493,0.3159999999999998
494,-0.09999999999999981
495,0.001000000000000139
496,0.10800000000000017
497,0.20699999999999896
498,0.009000000000000044
499,0.21100000000000002
500,0.10600000000000011
501,0.0010000000000001525
502,0.11000000000000007
503,0.10800000000000005
504,0.011000000000000027
505,-0.09999999999999981
506,-0.09599999999999982
507,0.20499999999999902
508,0.5139999999999995
509,0.10600000000000026
510,0.005000000000000028
511,0.21299999999999994
512,0.009000000000000027
513,0.10600000000000019
514,0.6169999999999993
515,0.21300000000000016
516,0.20899999999999988
517,0.005000000000000063
518,0.305999999999999
519,0.0030000000000001813
520,0.005000000000000085
521,0.11400000000000012
522,0.5139999999999996
523,0.11000000000000013
524,0.10400000000000034
525,0.11800000000000016
526,-0.08199999999999986
527,0.10999999999999963
528,0.3159999999999991
529,0.2130000000000001
530,0.11000000000000026
531,0.0030000000000001813
532,0.20300000000000018
533,0.11000000000000008
534,0.0030000000000000283
535,0.3159999999999996
536,0.0070000000000001875
537,0.217
538,0.3139999999999992
539,0.11000000000000008
540,0.001000000000000028
541,0.00900000000000007
542,0.41299999999999915
543,0.3079999999999994
544,0.21299999999999975
545,0.21499999999999964
546,0.1060000000000002
547,0.21100000000000005
548,0.11800000000000009
549,0.40699999999999936
550,0.21500000000000014
551,0.11000000000000015
552,0.0010000000000001702
553,0.20699999999999988
554,0.11000000000000014
555,0.11400000000000005
556,0.11600000000000014
557,0.3079999999999995
558,0.1040000000000002
559,0.20699999999999913
560,0.1060000000000003
561,0.013000000000000057
562,0.2049999999999997
563,0.0030000000000000283
564,0.11600000000000009
565,0.3099999999999995
566,0.10400000000000016
567,0.21299999999999958
568,0.11000000000000006
569,0.213
570,-0.09999999999999981
571,0.20899999999999996
572,0.2070000000000002
573,-0.08599999999999985
574,0.01500000000000019
575,-0.09599999999999982
576,0.10800000000000022
577,0.005000000000000116
578,0.21500000000000008
579,0.41299999999999903
580,0.4129999999999992
581,0.618999999999999
582,0.209
583,0.11000000000000032
584,0.207
585,0.003000000000000108
586,0.00900000000000017
587,0.007000000000000098
588,0.2089999999999999
589,0.41899999999999965
590,0.10800000000000018
591,0.20700000000000024
592,0.41100000000000003
593,0.20300000000000004
594,-0.09799999999999981
595,0.007000000000000045
596,0.11000000000000015
597,0.31199999999999917
598,0.3060000000000001
599,0.12399999999999993
600,0.007000000000000152
601,0.21899999999999992
602,0.20899999999999985
603,0.0010000000000000547
604,0.21099999999999955
605,-0.09999999999999981
606,0.20899999999999935
607,0.10800000000000028
608,0.005000000000000028
609,0.208999999999999
610,0.11200000000000014
611,0.41899999999999965
612,0.31199999999999956
613,0.0010000000000001646
614,0.31599999999999945
615,0.31599999999999984
616,0.20700000000000018
617,0.21299999999999997
618,0.12000000000000012
619,0.315999999999999
620,0.0070000000000001875
621,0.21500000000000008
622,0.2189999999999992
623,0.32599999999999985
624,0.10399999999999993
625,0.21500000000000014
626,0.10600000000000018
627,0.10799999999999985
628,0.005000000000000178
629,0.005000000000000045
630,0.30999999999999905
631,0.0030000000000000994
632,0.11000000000000008
633,0.5259999999999991
634,0.013000000000000029
635,0.20699999999999968
636,0.10400000000000018
637,0.325999999999999
638,0.007000000000000027
639,0.21499999999999994
640,0.10600000000000008
641,0.21100000000000005
642,0.3159999999999997
643,0.2129999999999999
644,0.011000000000000187
645,0.5159999999999996
646,0.10600000000000026
647,0.10400000000000015
648,0.3159999999999998
649,0.003000000000000086
650,0.31199999999999933
651,0.0030000000000000773
652,0.11200000000000024
653,0.10800000000000026
654,0.1100000000000003
655,0.4209999999999997
656,0.31600000000000006
657,0.3179999999999998
658,0.1080000000000001
659,0.005000000000000076
660,0.1080000000000001
661,0.3119999999999992
662,0.41699999999999926
663,0.0030000000000000326
664,0.005000000000000028
665,0.005000000000000028
666,0.10600000000000015
667,0.4229999999999993
668,0.3139999999999998
669,0.3079999999999995
670,0.10800000000000017
671,0.11200000000000009
672,0.41300000000000003
673,0.3139999999999992
674,0.0010000000000001301
675,0.203
676,0.10200000000000015
677,0.1100000000000002
678,0.31199999999999906
679,0.30599999999999866
680,0.11399999999999993
681,0.20499999999999927
682,0.10200000000000017
683,0.20900000000000024
684,0.22499999999999992
685,0.42499999999999916
686,0.0010000000000001126
687,0.4149999999999998
688,0.3099999999999996
689,0.009000000000000053
690,0.001000000000000188
691,0.1040000000000002
692,0.408999999999999
693,0.009000000000000133
694,0.315999999999999
695,0.41899999999999926
696,0.11000000000000018
697,0.1020000000000001
698,0.42499999999999966
699,0.20699999999999993
700,0.10600000000000011
701,0.4129999999999989
702,0.0030000000000001527
703,0.11599999999999983
704,0.10200000000000023
705,0.1100000000000003
706,0.4229999999999996
707,0.007000000000000134
708,0.5099999999999999
709,0.11200000000000017
710,0.2050000000000003
711,0.0030000000000000283
712,0.11600000000000027
713,0.01300000000000006
714,0.30599999999999966
715,0.0030000000000000283
716,0.21299999999999994
717,0.3099999999999998
718,0.005000000000000028
719,0.41099999999999964
720,-0.09999999999999981
721,0.10600000000000014
722,0.3139999999999991
723,0.1120000000000003
724,0.30599999999999933
725,0.3079999999999994
726,0.10400000000000008
727,0.4129999999999989
728,0.4069999999999998
729,0.011000000000000044
730,0.3079999999999994
731,0.21699999999999917
732,0.20699999999999982
733,0.41899999999999926
734,0.21499999999999983
735,0.20899999999999985
736,0.3179999999999991
737,0.11800000000000005
738,0.32399999999999957
739,0.4129999999999989
740,0.31399999999999906
741,0.10400000000000013
742,0.10400000000000023
743,-0.09999999999999981
744,0.30999999999999966
745,0.3159999999999998
746,0.10600000000000018
747,0.4089999999999989
748,0.31199999999999983
749,0.20300000000000007
750,0.11000000000000015
751,0.10600000000000019
752,0.20899999999999963
753,0.20499999999999985
754,0.5099999999999991
755,0.11000000000000024
756,0.5119999999999992
757,0.3159999999999989
758,0.3139999999999992
759,0.10600000000000018
760,0.21099999999999994
761,0.2150000000000002
762,0.31799999999999895
763,0.3059999999999995
764,0.30999999999999905
765,0.20699999999999952
766,0.5139999999999993
767,0.31399999999999983
768,0.10600000000000027
769,0.4109999999999996
770,0.10400000000000008
771,0.20899999999999974
772,0.21499999999999964
773,0.10200000000000008
774,0.4069999999999995
775,0.5219999999999996
776,0.0030000000000000283
777,0.5159999999999997
778,0.20499999999999996
779,0.31000000000000005
780,0.11000000000000011
781,0.3179999999999996
782,-0.09399999999999982
783,0.3079999999999995
784,0.009000000000000133
785,0.5139999999999989
786,0.517999999999999
787,0.11000000000000007
788,0.307999999999999
789,0.4149999999999997
790,0.2109999999999997
791,0.21299999999999975
792,0.4089999999999996
793,0.10800000000000017
794,0.4129999999999998
795,0.6169999999999997
796,-0.09999999999999981
797,0.3099999999999993
798,0.21299999999999905
799,0.31599999999999945
800,0.31599999999999967
801,0.30799999999999966
802,0.20700000000000007
803,0.41099999999999937
804,0.31200000000000006
805,0.21299999999999986
806,0.001000000000000028
807,0.40699999999999903
808,0.10600000000000018
809,-0.09599999999999982
810,0.41699999999999965
811,0.5159999999999995
812,0.4069999999999992
813,0.013000000000000171
814,0.10600000000000004
815,0.20899999999999977
816,0.20899999999999921
817,0.10200000000000012
818,0.11200000000000021
819,0.11399999999999975
820,0.3079999999999995
821,0.10800000000000029
822,0.20699999999999996
823,0.1060000000000003
824,0.40899999999999975
825,0.3259999999999997
826,0.20499999999999993
827,0.6189999999999991
828,0.5199999999999991
829,0.10400000000000008
830,0.30599999999999894
831,0.11200000000000014
832,0.6189999999999993
833,0.013000000000000029
834,0.4049999999999996
835,0.4149999999999992
836,0.3159999999999996
837,0.009000000000000102
838,0.2089999999999998
839,0.31599999999999995
840,0.3100000000000001
841,0.3079999999999996
842,0.10800000000000004
843,0.3139999999999993
844,0.6249999999999998
845,0.31000000000000016
846,0.2129999999999999
847,0.009000000000000036
848,0.21100000000000002
849,0.3079999999999996
850,0.11200000000000014
851,0.21299999999999983
852,0.20300000000000026
853,0.1080000000000001
854,0.10800000000000029
855,0.41699999999999915
856,0.11000000000000025
857,0.507999999999999
858,0.1040000000000001
859,0.2050000000000002
860,0.3099999999999989
861,0.21099999999999894
862,0.11400000000000012
863,0.8209999999999996
864,0.21100000000000002
865,0.3159999999999994
866,0.3179999999999991
867,0.3139999999999996
868,0.31599999999999967
869,0.6189999999999997
870,0.31999999999999906
871,0.21099999999999927
872,0.10400000000000018
873,0.21100000000000008
874,0.41099999999999887
875,0.21299999999999983
876,0.21300000000000005
877,0.2070000000000001
878,0.11400000000000007
879,0.515999999999999
880,0.10600000000000015
881,0.2089999999999999
882,0.10600000000000015
883,0.3099999999999993
884,0.2049999999999999
885,0.41699999999999915
886,0.005000000000000028
887,0.205
888,0.1100000000000002
889,0.11200000000000021
890,0.509999999999999
891,0.20499999999999985
892,0.20700000000000013
893,0.41299999999999903
894,0.30799999999999916
895,0.3119999999999994
896,0.21499999999999908
897,0.10800000000000015
898,0.5199999999999992
899,0.20700000000000002
900,0.3159999999999996
901,0.5179999999999993
902,0.20700000000000018
903,0.30999999999999894
904,0.4209999999999992
905,0.31199999999999894
906,0.10800000000000017
907,0.5199999999999989
908,0.41299999999999915
909,0.30799999999999933
910,0.2049999999999994
911,0.509999999999999
912,0.4129999999999992
913,0.3159999999999997
914,0.30599999999999977
915,0.005000000000000095
916,0.2109999999999993
917,0.5099999999999993
918,-0.09799999999999981
919,0.4169999999999991
920,0.2069999999999995
921,0.10800000000000029
922,0.4249999999999994
923,0.41899999999999926
924,0.4089999999999994
925,0.20299999999999951
926,0.10200000000000019
927,0.11200000000000024
928,0.21500000000000008
929,0.21100000000000008
930,0.30999999999999917
931,0.5119999999999993
932,0.20499999999999985
933,0.11000000000000015
934,0.414999999999999
935,0.5199999999999996
936,0.5219999999999992
937,0.21099999999999988
938,0.42299999999999904
939,0.31
940,0.11000000000000015
941,0.11000000000000013
942,0.10800000000000022
943,0.001000000000000108
944,0.4089999999999999
945,0.5159999999999988
946,0.2069999999999991
947,0.2169999999999991
948,0.2109999999999998
949,0.2129999999999999
950,0.20699999999999996
951,0.21099999999999938
952,0.21699999999999986
953,0.0050000000000001345
954,0.41099999999999914
955,0.4109999999999999
956,0.32199999999999995
957,0.6229999999999997
958,0.72
959,0.41499999999999965
960,0.3099999999999997
961,0.12200000000000012
962,0.315999999999999
963,0.21299999999999983
964,0.21899999999999983
965,0.5179999999999991
966,0.30999999999999905
967,0.11400000000000002
968,0.21499999999999994
969,0.3139999999999998
970,0.11600000000000003
971,0.21099999999999908
972,0.31199999999999956
973,0.0030000000000000283
974,0.20300000000000004
975,0.0030000000000000283
976,0.40699999999999903
977,0.21099999999999944
978,0.10800000000000017
979,0.2089999999999997
980,0.20899999999999974
981,0.20699999999999946
982,0.21299999999999997
983,0.20499999999999916
984,0.5199999999999992
985,0.4129999999999993
986,0.4089999999999989
987,0.41699999999999937
988,0.2129999999999992
989,0.10800000000000005
990,0.21300000000000024
991,0.30999999999999944
992,0.11400000000000021
993,0.21499999999999983
994,0.6169999999999991
995,0.5099999999999991
996,0.31599999999999945
997,0.11600000000000003
998,0.42499999999999943
999,0.4089999999999996
1000,0.21100000000000013
1001,0.4149999999999989
1002,0.4229999999999999
1003,0.4049999999999995
1004,0.30799999999999905
1005,0.3079999999999995
1006,0.5299999999999991
1007,0.10400000000000018
1008,0.517999999999999
1009,0.8350000000000005
1010,0.3139999999999995
1011,0.713999999999999
1012,0.610999999999999
1013,0.20900000000000013
1014,0.41699999999999937
1015,0.41899999999999893
1016,0.10800000000000004
1017,0.30599999999999966
1018,0.30999999999999983
1019,0.3139999999999991
1020,0.7280000000000002
1021,0.3099999999999994
1022,0.4109999999999988
1023,0.414999999999999
1024,0.10800000000000028
1025,0.4109999999999991
1026,0.41299999999999926
1027,0.40499999999999886
1028,0.11400000000000007
1029,0.21499999999999939
1030,0.4169999999999991
1031,0.31599999999999917
1032,0.31999999999999973
1033,0.4209999999999991
1034,0.009000000000000027
1035,0.20700000000000002
1036,0.3079999999999996
1037,0.21899999999999992
1038,0.5099999999999995
1039,0.3099999999999995
1040,0.6309999999999997
1041,0.5119999999999996
1042,0.5219999999999996
1043,0.41099999999999925
1044,0.20699999999999938
1045,0.5199999999999989
1046,0.527999999999999
1047,0.6209999999999991
1048,0.6189999999999989
1049,0.4109999999999991
1050,0.21299999999999952
1051,0.2050000000000002
1052,0.3079999999999994
1053,0.01100000000000017
1054,0.30399999999999905
1055,0.41699999999999904
1056,0.31199999999999983
1057,0.30599999999999966
1058,0.5139999999999989
1059,0.408999999999999
1060,0.513999999999999
1061,0.20500000000000007
1062,-0.09999999999999981
1063,0.2129999999999994
1064,0.2170000000000002
1065,0.21700000000000003
1066,0.7119999999999991
1067,0.3159999999999994
1068,0.5139999999999989
1069,0.5139999999999992
1070,0.30999999999999917
1071,0.5159999999999993
1072,0.10800000000000018
1073,0.3099999999999997
1074,0.21500000000000002
1075,0.20499999999999896
1076,0.10200000000000012
1077,0.11200000000000021
1078,0.31399999999999983
1079,0.007000000000000027
1080,0.20299999999999863
1081,0.11000000000000007
1082,0.5139999999999989
1083,0.5179999999999989
1084,0.5099999999999991
1085,0.21299999999999997
1086,0.11200000000000009
1087,0.31799999999999934
1088,0.41299999999999915
1089,0.20899999999999988
1090,0.31799999999999917
1091,0.5179999999999996
1092,0.414999999999999
1093,0.1100000000000002
1094,0.2129999999999994
1095,0.4149999999999994
1096,0.412999999999999
1097,0.42099999999999954
1098,0.41899999999999965
1099,0.31199999999999933
1100,0.4169999999999993
1101,0.31999999999999956
1102,0.5159999999999993
1103,0.6189999999999993
1104,0.527999999999999
1105,0.10800000000000026
1106,0.41699999999999926
1107,0.21899999999999997
1108,0.22299999999999978
1109,0.3059999999999989
1110,0.10800000000000011
1111,0.6230000000000003
1112,0.6169999999999997
1113,0.415
1114,1.0250000000000012
1115,0.3239999999999995
1116,0.21700000000000003
1117,0.41699999999999904
1118,0.41099999999999887
1119,0.3139999999999995
1120,0.622999999999999
1121,0.4089999999999994
1122,0.7199999999999995
1123,0.3139999999999999
1124,0.3139999999999999
1125,0.513999999999999
1126,0.11000000000000011
1127,0.3139999999999998
1128,0.3139999999999998
1129,0.215
1130,0.6289999999999992
1131,0.42299999999999927
1132,0.8290000000000025
1133,0.3119999999999997
1134,0.5159999999999991
1135,0.31399999999999956
1136,0.10400000000000018
1137,0.6229999999999997
1138,0.5179999999999992
1139,0.30999999999999944
1140,0.32599999999999923
1141,0.41499999999999937
1142,0.41899999999999926
1143,0.3119999999999997
1144,0.517999999999999
1145,0.22100000000000025
1146,0.4089999999999991
1147,0.20499999999999996
1148,0.20899999999999883
1149,0.5159999999999991
1150,0.3140000000000002
1151,0.8130000000000003
1152,0.5299999999999994
1153,0.5239999999999998
1154,0.2049999999999998
1155,0.5259999999999992
1156,0.8210000000000008
1157,0.30799999999999933
1158,0.31399999999999956
1159,0.5219999999999994
1160,0.4129999999999998
1161,0.5179999999999996
1162,0.31399999999999983
1163,0.4109999999999991
1164,0.5239999999999995
1165,0.5099999999999989
1166,0.3079999999999996
1167,0.20699999999999968
1168,0.41099999999999876
1169,0.7199999999999992
1170,0.31799999999999917
1171,0.20699999999999974
1172,0.5139999999999992
1173,0.31399999999999956
1174,0.20299999999999968
1175,0.30800000000000005
1176,0.215
1177,0.4089999999999997
1178,0.11200000000000009
1179,0.4149999999999995
1180,0.3159999999999993
1181,0.20899999999999977
1182,0.4069999999999991
1183,0.3159999999999991
1184,0.11000000000000032
1185,0.2129999999999994
1186,0.30799999999999955
1187,0.10600000000000018
1188,0.3159999999999992
1189,0.5119999999999991
1190,0.6129999999999992
1191,0.10600000000000008
1192,0.3119999999999992
1193,0.41899999999999954
1194,0.21099999999999983
1195,0.10600000000000027
1196,0.5159999999999993
1197,0.423
1198,0.309999999999999
1199,0.11000000000000018
1200,0.5099999999999991
1201,0.4209999999999999
1202,0.5319999999999996
1203,0.41299999999999953
1204,0.306
1205,0.3059999999999991
1206,0.4109999999999993
1207,0.513999999999999
1208,0.11000000000000014
1209,0.6129999999999992
1210,0.3119999999999999
1211,0.9180000000000009
1212,0.30999999999999955
1213,0.007000000000000027
1214,0.7259999999999995
1215,0.5159999999999991
1216,0.21499999999999997
1217,0.620999999999999
1218,0.4129999999999994
1219,0.21500000000000008
1220,0.4129999999999996
1221,0.21099999999999994
1222,0.4069999999999992
1223,0.21699999999999986
1224,0.11000000000000021
1225,0.3059999999999996
1226,0.6109999999999989
1227,0.5159999999999993
1228,0.314
1229,0.8330000000000009
1230,0.20899999999999977
1231,0.2049999999999988
1232,0.416999999999999
1233,0.5239999999999992
1234,0.5159999999999992
1235,0.5119999999999991
1236,0.7139999999999993
1237,0.523999999999999
1238,0.5259999999999997
1239,0.521999999999999
1240,0.10400000000000018
1241,0.5139999999999992
1242,0.30799999999999966
1243,0.513999999999999
1244,0.517999999999999
1245,0.6149999999999991
1246,0.31799999999999917
1247,0.3239999999999992
1248,0.41299999999999953
1249,0.5159999999999996
1250,0.6249999999999997
1251,0.41899999999999954
1252,0.5319999999999995
1253,0.4069999999999995
1254,0.21299999999999955
1255,0.10600000000000014
1256,0.1040000000000001
1257,0.4169999999999998
1258,0.31199999999999956
1259,0.309999999999999
1260,0.20900000000000013
1261,0.41099999999999975
1262,0.21299999999999975
1263,0.21699999999999917
1264,0.9319999999999996
1265,0.7159999999999991
1266,0.21500000000000002
1267,0.21100000000000005
1268,0.21299999999999897
1269,0.41699999999999915
1270,0.7180000000000013
1271,0.31199999999999944
1272,0.41099999999999964
1273,0.3159999999999993
1274,0.2109999999999998
1275,0.5159999999999991
1276,0.5239999999999992
1277,0.21699999999999914
1278,0.5219999999999995
1279,0.22499999999999964
1280,0.32199999999999973
1281,0.5119999999999993
1282,0.31999999999999956
1283,0.5279999999999996
1284,0.21499999999999964
1285,0.4289999999999992
1286,0.11000000000000018
1287,0.3099999999999991
1288,0.30999999999999894
1289,0.4109999999999998
1290,0.41299999999999926
1291,0.6189999999999991
1292,0.1080000000000003
1293,0.3159999999999998
1294,0.5119999999999995
1295,0.4149999999999996
1296,0.7280000000000004
1297,0.4089999999999989
1298,0.322
1299,0.30799999999999994
1300,0.3159999999999999
1301,0.22099999999999945
1302,0.20899999999999985
1303,0.41299999999999926
1304,0.207
1305,0.4049999999999996
1306,0.2129999999999999
1307,0.6289999999999994
1308,0.42699999999999927
1309,0.20699999999999988
1310,0.5139999999999995
1311,0.6129999999999988
1312,0.7199999999999995
1313,0.5119999999999991
1314,1.0210000000000012
1315,0.616999999999999
1316,0.32399999999999907
1317,0.620999999999999
1318,0.5219999999999991
1319,0.9220000000000002
1320,0.7260000000000008
1321,0.20899999999999921
1322,0.41899999999999954
1323,0.42099999999999943
1324,0.308
1325,0.4149999999999994
1326,0.0010000000000001525
1327,0.6249999999999991
1328,0.5219999999999996
1329,0.11000000000000018
1330,0.40699999999999925
1331,0.5119999999999991
1332,0.20499999999999952
1333,0.41699999999999926
1334,0.31400000000000006
1335,0.6129999999999991
1336,0.5239999999999992
1337,0.5119999999999993
1338,0.5219999999999992
1339,0.620999999999999
1340,0.31199999999999883
1341,0.7220000000000002
1342,0.20899999999999908
1343,0.209
1344,0.6149999999999989
1345,0.4169999999999995
1346,0.21100000000000002
1347,0.5139999999999989
1348,0.31199999999999906
1349,0.20899999999999955
1350,0.11400000000000014
1351,0.413
1352,0.3079999999999999
1353,0.4169999999999995
1354,0.3199999999999993
1355,0.21500000000000014
1356,0.513999999999999
1357,0.21699999999999992
1358,0.3079999999999996
1359,0.6189999999999991
1360,0.5299999999999997
1361,0.30999999999999917
1362,0.4129999999999993
1363,0.6189999999999993
1364,0.6169999999999997
1365,0.41499999999999937
1366,0.31799999999999995
1367,0.3059999999999995
1368,0.41899999999999976
1369,0.21299999999999972
1370,0.4109999999999994
1371,0.6189999999999991
1372,0.5119999999999989
1373,0.7119999999999993
1374,0.6229999999999997
1375,0.31599999999999945
1376,0.31799999999999934
1377,0.414999999999999
1378,0.6309999999999991
1379,0.4089999999999997
1380,0.3259999999999989
1381,0.20300000000000004
1382,0.4149999999999995
1383,0.8289999999999995
1384,0.4109999999999994
1385,0.4129999999999996
1386,0.20699999999999882
1387,0.5139999999999992
1388,0.11200000000000009
1389,0.3119999999999997
1390,0.5159999999999996
1391,0.2109999999999999
1392,0.6129999999999989
1393,0.3119999999999992
1394,0.4129999999999989
1395,0.5159999999999991
1396,0.7199999999999992
1397,0.4109999999999996
1398,0.620999999999999
1399,0.4209999999999994
1400,0.41699999999999904
1401,0.6109999999999992
1402,0.005000000000000028
1403,0.412999999999999
1404,0.31799999999999945
1405,0.8190000000000012
1406,0.4189999999999997
1407,0.6169999999999992
1408,0.21099999999999983
1409,0.6209999999999998
1410,0.308
1411,0.31000000000000005
1412,0.5159999999999993
1413,0.3119999999999999
1414,0.5159999999999995
1415,0.6209999999999991
1416,0.616999999999999
1417,0.5239999999999992
1418,0.41299999999999926
1419,0.8290000000000023
1420,0.42299999999999927
1421,0.6149999999999989
1422,0.31199999999999956
1423,0.7179999999999993
1424,0.4129999999999993
1425,0.42299999999999927
1426,0.5139999999999991
1427,0.6249999999999991
1428,0.5139999999999992
1429,0.42499999999999893
1430,0.5159999999999997
1431,0.4129999999999999
1432,0.5239999999999994
1433,0.31399999999999956
1434,0.6149999999999999
1435,0.727999999999999
1436,0.5119999999999989
1437,0.10600000000000018
1438,0.5199999999999992
1439,0.6249999999999996
1440,0.8190000000000006
1441,0.31
1442,0.5199999999999991
1443,0.7200000000000003
1444,0.6149999999999989
1445,0.41899999999999954
1446,0.30999999999999966
1447,0.40899999999999875
1448,0.3139999999999994
1449,0.21299999999999955
1450,0.8310000000000002
1451,0.6189999999999991
1452,0.5159999999999991
1453,0.5219999999999991
1454,0.20499999999999993
1455,0.31199999999999983
1456,0.517999999999999
1457,0.8150000000000014
1458,0.5199999999999992
1459,0.2169999999999998
1460,0.519999999999999
1461,0.5179999999999992
1462,0.5139999999999989
1463,1.1280000000000014
1464,0.21500000000000022
1465,0.5179999999999992
1466,0.5179999999999988
1467,0.4209999999999991
1468,0.616999999999999
1469,0.41899999999999926
1470,0.4109999999999996
1471,0.4129999999999992
1472,0.41100000000000003
1473,0.5159999999999992
1474,0.31199999999999894
1475,0.7199999999999994
1476,0.5179999999999996
1477,0.4069999999999995
1478,0.307999999999999
1479,0.7179999999999995
1480,0.30999999999999883
1481,0.4149999999999993
1482,0.3239999999999993
1483,0.42699999999999916
1484,0.6229999999999992
1485,0.41699999999999904
1486,0.4269999999999991
1487,0.5159999999999992
1488,0.7179999999999995
1489,0.7180000000000004
1490,0.6149999999999993
1491,0.5199999999999995
1492,0.40899999999999886
1493,0.6169999999999993
1494,0.21699999999999947
1495,0.5159999999999991
1496,0.4189999999999992
1497,0.7139999999999991
1498,0.40899999999999936
1499,1.0250000000000012
1500,0.7260000000000005
1501,0.009000000000000027
1502,0.628999999999999
1503,0.5119999999999991
1504,0.4149999999999992
1505,0.8169999999999997
1506,0.4189999999999995
1507,0.6169999999999994
1508,0.9260000000000008
1509,0.4109999999999998
1510,0.10600000000000019
1511,0.6189999999999989
1512,0.31999999999999923
1513,0.5159999999999996
1514,0.6209999999999991
1515,0.4109999999999994
1516,0.5279999999999992
1517,0.7180000000000004
1518,0.6189999999999992
1519,0.32799999999999935
1520,0.4149999999999991
1521,0.831000000000001
1522,0.4149999999999993
1523,0.523999999999999
1524,0.6189999999999993
1525,0.6129999999999994
1526,0.4249999999999994
1527,0.4109999999999998
1528,0.4249999999999992
1529,0.41499999999999915
1530,0.31199999999999894
1531,0.2209999999999998
1532,0.7139999999999995
1533,0.7280000000000009
1534,0.6169999999999991
1535,0.508
1536,0.5239999999999996
1537,0.11000000000000007
1538,0.3139999999999995
1539,0.6149999999999991
1540,0.7199999999999995
1541,0.8190000000000012
1542,0.8290000000000006
1543,0.4109999999999989
1544,0.5199999999999991
1545,0.7159999999999995
1546,0.3159999999999991
1547,0.40899999999999875
1548,0.20499999999999954
1549,0.5299999999999995
1550,0.5159999999999989
1551,0.9300000000000014
1552,0.5159999999999991
1553,0.3159999999999993
1554,0.30999999999999966
1555,0.41899999999999954
1556,0.6309999999999991
1557,0.6169999999999989
1558,0.6250000000000008
1559,0.6229999999999992
1560,0.9340000000000015
1561,0.6149999999999989
1562,0.7220000000000016
1563,0.5219999999999996
1564,0.6249999999999993
1565,0.3219999999999994
1566,0.4169999999999993
1567,0.6309999999999995
1568,0.5119999999999997
1569,0.20499999999999985
1570,0.509999999999999
1571,0.4149999999999997
1572,0.31599999999999967
1573,0.8149999999999994
1574,0.41899999999999915
1575,0.517999999999999
1576,0.7119999999999994
1577,0.5119999999999991
1578,0.6269999999999992
1579,0.515999999999999
1580,0.5139999999999996
1581,0.21099999999999924
1582,0.6149999999999989
1583,0.8249999999999998
1584,0.4189999999999992
1585,0.5299999999999994
1586,0.5079999999999995
1587,0.4189999999999992
1588,0.5219999999999991
1589,0.714
1590,0.5219999999999992
1591,0.513999999999999
1592,0.41099999999999964
1593,0.41099999999999953
1594,0.40699999999999903
1595,0.5159999999999989
1596,0.5179999999999991
1597,0.8410000000000017
1598,0.3219999999999997
1599,0.30999999999999944
1600,1.0290000000000017
1601,0.6189999999999991
1602,0.6249999999999994
1603,0.20699999999999996
1604,0.31399999999999934
1605,0.5099999999999988
1606,0.610999999999999
1607,0.7319999999999998
1608,0.20899999999999996
1609,0.5159999999999991
1610,0.5239999999999994
1611,0.922000000000002
1612,0.4089999999999989
1613,0.8229999999999998
1614,0.214999999999999
1615,0.5139999999999995
1616,0.5199999999999991
1617,0.7199999999999994
1618,0.20700000000000013
1619,0.5219999999999994
1620,0.8209999999999998
1621,0.5159999999999995
1622,0.4049999999999991
1623,0.7179999999999991
1624,0.616999999999999
1625,0.5219999999999996
1626,0.31799999999999906
1627,0.5099999999999989
1628,0.4189999999999992
1629,0.4129999999999995
1630,0.6189999999999989
1631,0.4149999999999998
1632,0.10400000000000015
1633,0.5139999999999992
1634,0.5159999999999991
1635,0.8249999999999992
1636,0.5119999999999996
1637,0.5239999999999991
1638,0.6169999999999992
1639,0.40699999999999975
1640,0.31200000000000017
1641,0.315999999999999
1642,0.624999999999999
1643,0.4089999999999991
1644,0.6269999999999992
1645,0.7180000000000011
1646,0.9279999999999993
1647,0.6109999999999988
1648,0.513999999999999
1649,0.6149999999999992
1650,0.8290000000000003
1651,0.30999999999999994
1652,0.624999999999999
1653,0.42299999999999977
1654,0.41499999999999915
1655,0.4109999999999998
1656,0.6169999999999992
1657,0.30399999999999977
1658,0.7320000000000004
1659,0.4169999999999996
1660,0.9200000000000008
1661,0.30999999999999955
1662,0.507999999999999
1663,0.5299999999999992
1664,0.41699999999999937
1665,0.21299999999999955
1666,1.0210000000000004
1667,0.7119999999999994
1668,0.7240000000000001
1669,0.7180000000000011
1670,0.41699999999999976
1671,0.32399999999999934
1672,0.517999999999999
1673,0.412999999999999
1674,0.31999999999999995
1675,0.517999999999999
1676,0.7159999999999996
1677,0.7260000000000011
1678,0.612999999999999
1679,0.10600000000000019
1680,0.6149999999999991
1681,0.6229999999999992
1682,0.30799999999999933
1683,0.3139999999999995
1684,0.6149999999999991
1685,0.6149999999999991
1686,0.8189999999999994
1687,0.5199999999999995
1688,0.31799999999999967
1689,0.6149999999999989
1690,0.7239999999999992
1691,0.6269999999999992
1692,0.4189999999999995
1693,0.5079999999999998
1694,0.5159999999999989
1695,0.6289999999999992
1696,0.7199999999999992
1697,0.7340000000000013
1698,0.8210000000000004
1699,0.416999999999999
1700,0.7179999999999995
1701,0.6189999999999994
1702,0.9239999999999999
1703,0.41499999999999915
1704,0.3219999999999999
1705,0.727999999999999
1706,0.7219999999999993
1707,0.5139999999999991
1708,0.513999999999999
1709,0.6209999999999991
1710,0.821
1711,0.7220000000000006
1712,0.5139999999999989
1713,0.513999999999999
1714,0.41099999999999914
1715,0.5099999999999996
1716,0.4169999999999991
1717,0.622999999999999
1718,0.5119999999999993
1719,0.517999999999999
1720,0.7199999999999995
1721,0.3159999999999994
1722,0.6289999999999992
1723,0.517999999999999
1724,0.7280000000000011
1725,0.3139999999999995
1726,0.618999999999999
1727,0.922000000000001
1728,0.8310000000000011
1729,0.6169999999999992
1730,0.6209999999999991
1731,0.4129999999999995
1732,0.926
1733,1.0230000000000012
1734,0.513999999999999
1735,0.5179999999999992
1736,0.8170000000000012
1737,0.629000000000001
1738,0.7179999999999993
1739,0.41899999999999954
1740,0.42499999999999966
1741,0.6129999999999991
1742,0.821
1743,0.6129999999999989
1744,0.30999999999999917
1745,0.7200000000000008
1746,0.7259999999999998
1747,1.126000000000002
1748,0.5199999999999996
1749,0.5099999999999995
1750,0.3119999999999997
1751,0.509999999999999
1752,0.5139999999999992
1753,0.4249999999999992
1754,0.8190000000000004
1755,0.41699999999999926
1756,0.8309999999999996
1757,0.7180000000000006
1758,0.938000000000001
1759,0.6129999999999988
1760,0.8269999999999998
1761,0.30799999999999905
1762,0.7239999999999992
1763,0.6329999999999996
1764,0.7239999999999995
1765,0.21100000000000016
1766,0.7340000000000002
1767,0.32199999999999923
1768,0.4189999999999998
1769,0.5179999999999993
1770,0.8149999999999994
1771,0.31799999999999934
1772,0.8209999999999994
1773,0.5219999999999992
1774,0.9260000000000025
1775,0.7279999999999993
1776,0.6129999999999991
1777,0.41499999999999937
1778,0.8290000000000015
1779,0.6170000000000002
1780,0.8210000000000008
1781,0.40899999999999936
1782,0.6149999999999995
1783,0.5099999999999989
1784,0.5079999999999991
1785,0.7219999999999993
1786,0.4149999999999996
1787,0.7199999999999999
1788,0.4109999999999991
1789,0.3079999999999995
1790,0.6109999999999991
1791,0.5119999999999989
1792,0.5159999999999991
1793,0.515999999999999
1794,0.5219999999999994
1795,0.8149999999999994
1796,1.0250000000000006
1797,0.7259999999999992
1798,0.20699999999999968
1799,0.6289999999999994
1800,0.616999999999999
1801,0.6109999999999991
1802,0.5199999999999994
1803,0.5159999999999992
1804,0.5219999999999998
1805,0.7219999999999993
1806,0.8249999999999997
1807,0.4069999999999991
1808,0.6129999999999994
1809,0.5179999999999991
1810,0.6129999999999997
1811,0.42499999999999916
1812,0.8190000000000004
1813,0.8169999999999997
1814,0.6189999999999993
1815,0.9180000000000018
1816,0.20899999999999977
1817,0.7179999999999996
1818,0.6190000000000001
1819,0.7200000000000009
1820,0.5299999999999989
1821,0.5159999999999989
1822,0.40699999999999903
1823,0.3159999999999991
1824,0.41699999999999926
1825,0.3079999999999995
1826,0.4229999999999992
1827,0.6189999999999991
1828,0.41499999999999965
1829,0.3179999999999994
1830,0.41299999999999903
1831,0.823000000000002
1832,0.4249999999999995
1833,0.41899999999999976
1834,0.7260000000000002
1835,0.515999999999999
1836,0.5199999999999997
1837,0.5139999999999988
1838,0.7319999999999993
1839,0.8289999999999997
1840,0.6269999999999992
1841,0.3059999999999996
1842,0.8249999999999998
1843,0.5259999999999992
1844,0.4209999999999994
1845,0.21299999999999955
1846,0.6249999999999989
1847,1.0290000000000012
1848,0.517999999999999
1849,0.6250000000000004
1850,0.4189999999999992
1851,0.7239999999999998
1852,0.3239999999999992
1853,0.5099999999999987
1854,0.6109999999999989
1855,0.9180000000000013
1856,0.9300000000000012
1857,0.7220000000000006
1858,0.7219999999999991
1859,0.614999999999999
1860,0.6169999999999991
1861,0.5099999999999993
1862,0.5179999999999988
1863,0.8169999999999998
1864,0.6169999999999991
1865,0.31799999999999895
1866,0.9220000000000016
1867,0.6209999999999991
1868,0.5219999999999994
1869,0.517999999999999
1870,1.021000000000002
1871,0.829000000000001
1872,0.5239999999999992
1873,0.8330000000000011
1874,0.7260000000000011
1875,0.5179999999999991
1876,0.9200000000000026
1877,0.6129999999999989
1878,0.4149999999999992
1879,0.7239999999999995
1880,0.6229999999999994
1881,0.6169999999999991
1882,0.41699999999999954
1883,0.41099999999999887
1884,0.42099999999999915
1885,1.0290000000000008
1886,0.41299999999999903
1887,0.3139999999999998
1888,0.5159999999999995
1889,0.7319999999999999
1890,0.6169999999999993
1891,0.4149999999999993
1892,0.41699999999999937
1893,0.6169999999999989
1894,0.31599999999999967
1895,0.612999999999999
1896,0.9180000000000007
1897,0.8270000000000012
1898,0.41899999999999915
1899,0.5159999999999991
1900,0.4129999999999996
1901,0.5179999999999996
1902,0.936000000000001
1903,0.5139999999999989
1904,0.4109999999999993
1905,0.20900000000000019
1906,0.7159999999999991
1907,0.6229999999999991
1908,1.128000000000002
1909,0.8230000000000007
1910,0.7260000000000002
1911,0.7259999999999996
1912,0.7199999999999999
1913,0.7259999999999991
1914,0.5159999999999989
1915,0.6209999999999991
1916,0.620999999999999
1917,0.7199999999999992
1918,0.7140000000000003
1919,0.7140000000000006
1920,0.4089999999999992
1921,0.4189999999999992
1922,0.3159999999999992
1923,0.5179999999999992
1924,0.825
1925,0.7280000000000006
1926,0.21100000000000002
1927,1.0310000000000001
1928,0.9280000000000004
1929,0.5159999999999996
1930,0.8229999999999997
1931,0.6269999999999992
1932,0.5179999999999989
1933,0.4149999999999991
1934,0.6129999999999993
1935,0.7239999999999995
1936,0.5179999999999992
1937,0.7219999999999992
1938,0.8169999999999993
1939,0.7239999999999992
1940,0.7199999999999994
1941,0.517999999999999
1942,0.7179999999999995
1943,0.41499999999999937
1944,0.5099999999999991
1945,0.6229999999999994
1946,0.3139999999999997
1947,0.31199999999999983
1948,0.5139999999999992
1949,0.5119999999999987
1950,0.5159999999999992
1951,0.5179999999999992
1952,0.4169999999999993
1953,0.5119999999999991
1954,0.9320000000000016
1955,0.6189999999999994
1956,0.7259999999999994
1957,0.6109999999999993
1958,1.0330000000000015
1959,0.3139999999999993
1960,0.8290000000000012
1961,0.616999999999999
1962,0.5179999999999991
1963,0.41099999999999914
1964,0.6209999999999992
1965,0.6249999999999996
1966,0.5279999999999994
1967,0.5199999999999992
1968,0.7200000000000002
1969,0.6269999999999992
1970,0.6149999999999991
1971,0.728000000000001
1972,0.30599999999999966
1973,0.8209999999999998
1974,1.0310000000000006
1975,0.7259999999999995
1976,0.7179999999999995
1977,0.9200000000000017
1978,0.6169999999999992
1979,0.7119999999999997
1980,0.8230000000000007
1981,0.6269999999999994
1982,0.7199999999999994
1983,0.6169999999999991
1984,0.5199999999999996
1985,0.7219999999999998
1986,0.6169999999999995
1987,0.8310000000000008
1988,0.8410000000000014
1989,0.7240000000000015
1990,0.4169999999999991
1991,0.31599999999999945
1992,0.521999999999999
1993,0.8330000000000001
1994,0.819000000000001
1995,0.4149999999999998
1996,0.7199999999999992
1997,0.5179999999999989
1998,0.6229999999999991
1999,1.0330000000000013
2000,0.41099999999999987
2001,0.829000000000001
2002,0.31199999999999906
2003,1.019000000000001
2004,0.517999999999999
2005,1.0190000000000021
2006,1.2290000000000019
2007,0.5179999999999993
2008,0.8330000000000006
2009,0.5199999999999992
2010,1.0210000000000015
2011,0.4069999999999988
2012,0.21699999999999997
2013,0.7120000000000002
2014,0.20499999999999974
2015,0.5159999999999998
2016,0.517999999999999
2017,0.8210000000000011
2018,1.1280000000000012
2019,0.9199999999999992
2020,0.6249999999999991
2021,0.4049999999999994
2022,0.4109999999999991
2023,0.7280000000000019
2024,0.6189999999999992
2025,0.616999999999999
2026,0.42699999999999944
2027,0.5139999999999991
2028,0.6229999999999996
2029,0.6249999999999997
2030,0.7199999999999994
2031,0.513999999999999
2032,0.612999999999999
2033,0.7239999999999999
2034,0.6209999999999993
2035,0.6249999999999991
2036,0.6149999999999989
2037,0.8189999999999997
2038,0.6169999999999999
2039,0.3139999999999992
2040,0.5159999999999989
2041,0.10800000000000015
2042,0.6269999999999992
2043,0.8229999999999998
2044,0.6269999999999996
2045,0.529999999999999
2046,1.219000000000002
2047,0.7159999999999995
2048,0.5199999999999992
2049,0.30799999999999916
2050,0.9300000000000004
2051,0.41499999999999915
2052,0.5219999999999991
2053,0.7220000000000003
2054,0.31400000000000006
2055,0.8210000000000015
2056,0.4069999999999988
2057,0.7179999999999999
2058,0.6169999999999989
2059,0.5219999999999991
2060,0.620999999999999
2061,0.519999999999999
2062,0.620999999999999
2063,0.6269999999999992
2064,0.6169999999999994
2065,0.8270000000000006
2066,0.7140000000000003
2067,0.6209999999999996
2068,0.6229999999999997
2069,0.6169999999999993
2070,1.1300000000000023
2071,0.5199999999999991
2072,0.9300000000000019
2073,0.7300000000000018
2074,1.037000000000002
2075,1.025000000000002
2076,0.6109999999999991
2077,0.7260000000000021
2078,0.8269999999999998
2079,0.5239999999999994
2080,1.033000000000001
2081,0.7260000000000001
2082,0.5179999999999992
2083,0.5179999999999996
2084,0.5219999999999996
2085,1.0310000000000015
2086,0.7139999999999997
2087,0.10600000000000027
2088,0.8249999999999996
2089,0.21900000000000006
2090,0.9200000000000006
2091,0.6189999999999992
2092,0.5179999999999991
2093,0.9300000000000014
2094,0.7159999999999992
2095,0.7279999999999993
2096,0.622999999999999
2097,0.9180000000000015
2098,0.622999999999999
2099,0.8170000000000015
2100,0.5179999999999992
2101,0.7160000000000002
2102,0.8250000000000006
2103,0.9200000000000017
2104,1.027000000000001
2105,0.20900000000000019
2106,0.9199999999999997
2107,1.1200000000000012
2108,1.0310000000000017
2109,0.4269999999999993
2110,0.7239999999999993
2111,0.821
2112,0.7259999999999994
2113,0.5159999999999996
2114,0.7260000000000011
2115,0.821
2116,0.5179999999999988
2117,0.7159999999999994
2118,0.7260000000000005
2119,0.517999999999999
2120,0.8169999999999995
2121,0.6329999999999992
2122,0.5119999999999991
2123,1.231000000000001
2124,0.6109999999999999
2125,0.8270000000000002
2126,0.622999999999999
2127,0.41699999999999954
2128,1.0350000000000008
2129,0.8270000000000014
2130,0.41699999999999965
2131,0.41299999999999926
2132,0.5199999999999998
2133,0.7199999999999995
2134,1.0170000000000017
2135,0.41699999999999965
2136,0.6189999999999991
2137,0.6229999999999997
2138,0.41299999999999915
2139,0.8170000000000002
2140,0.511999999999999
2141,0.7179999999999995
2142,0.4129999999999992
2143,0.4209999999999997
2144,0.7239999999999999
2145,0.5159999999999991
2146,0.5299999999999991
2147,0.9300000000000012
2148,0.3139999999999999
2149,0.9299999999999994
2150,0.5099999999999989
2151,0.7159999999999996
2152,0.7179999999999994
2153,0.829000000000001
2154,0.4089999999999994
2155,0.5159999999999993
2156,0.422999999999999
2157,0.8269999999999993
2158,1.0210000000000021
2159,0.8209999999999996
2160,0.616999999999999
2161,0.8310000000000002
2162,0.7159999999999991
2163,0.8149999999999997
2164,0.6189999999999991
2165,0.4169999999999993
2166,0.6169999999999992
2167,0.6149999999999991
2168,0.40499999999999914
2169,0.7179999999999993
2170,0.6169999999999998
2171,0.42699999999999966
2172,0.5239999999999994
2173,0.7159999999999994
2174,0.5099999999999991
2175,0.5199999999999995
2176,0.4209999999999996
2177,0.7180000000000004
2178,0.6089999999999989
2179,0.6229999999999992
2180,0.6229999999999992
2181,0.9260000000000015
2182,0.5079999999999992
2183,0.5119999999999991
2184,1.1240000000000012
2185,0.5279999999999997
2186,1.0310000000000015
2187,0.7259999999999996
2188,0.11000000000000013
2189,0.6309999999999996
2190,0.5239999999999996
2191,1.0190000000000017
2192,0.3119999999999992
2193,1.0250000000000008
2194,0.6229999999999991
2195,0.624999999999999
2196,1.019000000000002
2197,0.8290000000000021
2198,0.3079999999999999
2199,0.42499999999999916
2200,0.6209999999999992
2201,0.8229999999999998
2202,0.5239999999999991
2203,1.124000000000001
2204,1.0290000000000021
2205,0.8189999999999997
2206,0.6149999999999989
2207,0.6249999999999991
2208,0.8249999999999997
2209,0.8229999999999998
2210,0.7140000000000006
2211,0.6249999999999992
2212,0.8270000000000011
2213,0.624999999999999
2214,0.5179999999999993
2215,0.42099999999999943
2216,0.9180000000000023
2217,0.4089999999999994
2218,0.7299999999999991
2219,0.8249999999999994
2220,0.9360000000000019
2221,0.620999999999999
2222,0.5199999999999992
2223,0.6269999999999992
2224,1.0310000000000001
2225,0.9180000000000001
2226,0.9239999999999996
2227,0.31399999999999956
2228,1.233000000000002
2229,0.716000000000002
2230,0.7299999999999999
2231,0.20499999999999985
2232,0.7320000000000008
2233,0.9300000000000012
2234,0.9220000000000005
2235,0.7239999999999995
2236,0.9260000000000014
2237,0.5199999999999991
2238,0.8269999999999996
2239,0.831
2240,0.8250000000000012
2241,0.6369999999999995
2242,0.31199999999999944
2243,0.321999999999999
2244,0.8169999999999997
2245,0.934000000000002
2246,0.5139999999999991
2247,0.7259999999999994
2248,0.9200000000000014
2249,0.716
2250,0.5179999999999993
2251,1.0250000000000001
2252,0.9240000000000014
2253,0.716
2254,0.6149999999999992
2255,0.3060000000000001
2256,1.1240000000000012
2257,0.6129999999999991
2258,0.6209999999999993
2259,1.0290000000000004
2260,0.3059999999999997
2261,1.031000000000001
2262,0.9280000000000024
2263,0.6269999999999992
2264,0.7259999999999996
2265,0.618999999999999
2266,0.6230000000000002
2267,0.519999999999999
2268,0.30799999999999966
2269,0.9260000000000013
2270,0.9160000000000008
2271,0.9180000000000015
2272,0.6109999999999992
2273,0.9340000000000015
2274,0.9220000000000003
2275,0.6189999999999994
2276,0.716
2277,0.7239999999999995
2278,0.7300000000000011
2279,0.6309999999999996
2280,0.6189999999999991
2281,0.7400000000000005
2282,0.7280000000000006
2283,0.507999999999999
2284,0.6249999999999991
2285,0.4229999999999997
2286,1.023000000000001
2287,0.7400000000000007
2288,1.0270000000000004
2289,0.31599999999999967
2290,0.7260000000000002
2291,0.8209999999999993
2292,0.3179999999999996
2293,1.1360000000000015
2294,0.7140000000000013
2295,1.0350000000000015
2296,0.833000000000001
2297,0.7239999999999998
2298,0.7159999999999995
2299,0.6249999999999993
2300,0.8210000000000001
2301,0.7179999999999999
2302,1.2350000000000014
2303,0.6249999999999993
2304,0.4129999999999994
2305,0.7260000000000004
2306,0.6189999999999991
2307,0.8390000000000009
2308,1.1280000000000012
2309,0.7259999999999998
2310,0.8270000000000006
2311,0.924
2312,0.6229999999999997
2313,0.5219999999999997
2314,0.7320000000000003
2315,0.6149999999999991
2316,0.9300000000000014
2317,0.8150000000000023
2318,0.7319999999999997
2319,0.9340000000000009
2320,0.7259999999999995
2321,0.8190000000000015
2322,0.622999999999999
2323,0.8170000000000011
2324,0.8209999999999998
2325,0.41299999999999915
2326,1.0250000000000015
2327,0.6129999999999991
2328,0.5179999999999999
2329,0.9280000000000003
2330,0.620999999999999
2331,0.6129999999999994
2332,0.42099999999999954
2333,0.616999999999999
2334,0.7119999999999993
2335,0.8330000000000009
2336,0.93
2337,0.513999999999999
2338,0.5219999999999994
2339,0.7259999999999994
2340,0.7199999999999998
2341,0.8169999999999993
2342,0.6169999999999991
2343,0.31599999999999967
2344,0.8329999999999997
2345,0.5159999999999993
2346,0.42499999999999943
2347,0.9240000000000009
2348,0.6209999999999991
2349,0.509999999999999
2350,0.6149999999999991
2351,0.618999999999999
2352,0.7199999999999994
2353,1.0250000000000017
2354,0.823000000000001
2355,0.7260000000000001
2356,0.618999999999999
2357,0.7199999999999995
2358,0.6189999999999993
2359,0.6209999999999991
2360,0.8269999999999997
2361,0.616999999999999
2362,0.8210000000000012
2363,0.5219999999999989
2364,0.9200000000000017
2365,0.7300000000000001
2366,0.7139999999999992
2367,0.9220000000000027
2368,0.8129999999999997
2369,0.8229999999999995
2370,0.5079999999999988
2371,0.924000000000002
2372,0.8229999999999995
2373,0.7179999999999995
2374,0.8390000000000009
2375,0.9280000000000007
2376,0.7279999999999999
2377,0.5119999999999991
2378,0.6209999999999991
2379,0.5219999999999992
2380,0.6229999999999992
2381,1.0269999999999997
2382,0.7159999999999997
2383,0.5299999999999994
2384,1.1200000000000019
2385,0.3079999999999996
2386,0.616999999999999
2387,0.30999999999999955
2388,0.7159999999999994
2389,0.6249999999999993
2390,1.0250000000000012
2391,0.6189999999999991
2392,1.0230000000000015
2393,1.2230000000000019
2394,0.620999999999999
2395,0.8229999999999998
2396,0.7119999999999987
2397,0.42699999999999977
2398,0.5179999999999991
2399,0.6089999999999989
2400,1.130000000000002
2401,0.8230000000000004
2402,0.7260000000000005
2403,0.716
2404,0.6149999999999993
2405,0.7219999999999993
2406,0.9200000000000017
2407,0.7340000000000012
2408,0.4189999999999994
2409,1.1280000000000012
2410,0.9200000000000002
2411,0.5179999999999997
2412,0.4209999999999992
2413,0.5139999999999992
2414,0.8210000000000004
2415,0.6269999999999992
2416,0.6169999999999991
2417,0.8209999999999996
2418,0.8250000000000004
2419,0.926000000000001
2420,0.8250000000000004
2421,0.618999999999999
2422,0.30600000000000016
2423,0.819000000000001
2424,0.5219999999999998
2425,0.9219999999999999
2426,0.7219999999999994
2427,1.0270000000000017
2428,0.9220000000000005
2429,0.7279999999999993
2430,0.5259999999999995
2431,0.3139999999999995
2432,0.4109999999999991
2433,0.7179999999999993
2434,1.0390000000000015
2435,0.9220000000000015
2436,0.5219999999999992
2437,0.9320000000000013
2438,0.8329999999999994
2439,1.0270000000000006
2440,0.7180000000000001
2441,0.5239999999999992
2442,0.8169999999999998
2443,0.8209999999999998
2444,0.9320000000000016
2445,0.8250000000000006
2446,0.7279999999999999
2447,0.7279999999999996
2448,0.4129999999999996
2449,0.6169999999999989
2450,0.616999999999999
2451,0.4229999999999994
2452,0.8170000000000017
2453,0.5239999999999995
2454,0.5239999999999995
2455,0.7179999999999993
2456,0.5199999999999989
2457,0.831000000000002
2458,0.6209999999999989
2459,0.8310000000000011
2460,0.9220000000000012
2461,0.8209999999999994
2462,1.1400000000000015
2463,0.5199999999999995
2464,0.5059999999999987
2465,0.6149999999999989
2466,0.6229999999999993
2467,0.8190000000000026
2468,0.6389999999999993
2469,0.8230000000000011
2470,0.7319999999999999
2471,0.614999999999999
2472,0.8290000000000006
2473,0.8249999999999994
2474,0.7200000000000005
2475,0.3139999999999992
2476,0.7200000000000005
2477,0.6229999999999996
2478,0.9319999999999999
2479,0.7239999999999998
2480,1.0250000000000006
2481,0.5139999999999991
2482,0.9280000000000022
2483,0.507999999999999
2484,0.9180000000000007
2485,0.4129999999999993
2486,0.5179999999999992
2487,0.8230000000000001
2488,0.726
2489,0.7220000000000004
2490,0.4109999999999991
2491,0.7259999999999994
2492,0.519999999999999
2493,0.5159999999999991
2494,0.821000000000002
2495,0.9240000000000015
2496,0.8210000000000005
2497,0.6109999999999995
2498,0.6329999999999995
2499,0.8310000000000012
2500,0.9160000000000017
2501,0.8230000000000007
2502,0.6129999999999991
2503,0.616999999999999
2504,1.0210000000000015
2505,1.041000000000001
2506,0.6209999999999992
2507,0.8250000000000012
2508,0.7200000000000003
2509,0.6209999999999998
2510,0.7220000000000009
2511,0.5239999999999995
2512,0.5199999999999995
2513,0.7219999999999991
2514,0.6129999999999991
2515,1.0270000000000024
2516,0.5179999999999996
2517,0.9200000000000017
2518,0.8190000000000004
2519,0.6089999999999992
2520,0.7159999999999991
2521,0.6129999999999991
2522,0.6189999999999991
2523,0.7179999999999995
2524,0.5099999999999993
2525,0.6189999999999999
2526,1.023000000000002
2527,0.7280000000000001
2528,0.6189999999999989
2529,0.7280000000000014
2530,0.7159999999999994
2531,0.7219999999999993
2532,0.6149999999999988
2533,1.0290000000000006
2534,1.0150000000000017
2535,1.338000000000001
2536,0.7199999999999993
2537,1.1260000000000014
2538,0.7219999999999996
2539,0.7240000000000015
2540,0.41899999999999943
2541,0.9259999999999997
2542,0.5139999999999993
2543,0.8170000000000005
2544,1.0230000000000012
2545,0.519999999999999
2546,0.7219999999999993
2547,0.9360000000000022
2548,0.5379999999999994
2549,0.9300000000000004
2550,1.132000000000002
2551,0.6209999999999993
2552,0.8230000000000007
2553,0.6309999999999992
2554,0.8270000000000027
2555,0.8250000000000017
2556,0.5159999999999997
2557,0.7199999999999998
2558,0.6189999999999989
2559,0.7259999999999994
2560,1.237000000000001
2561,0.8269999999999998
2562,0.6329999999999993
2563,0.8310000000000002
2564,0.7179999999999995
2565,1.1359999999999997
2566,0.42099999999999943
2567,0.7379999999999994
2568,0.8270000000000014
2569,0.9220000000000013
2570,0.8189999999999994
2571,0.9200000000000013
2572,0.5219999999999995
2573,0.523999999999999
2574,0.821
2575,0.527999999999999
2576,1.0250000000000015
2577,0.5219999999999994
2578,0.41499999999999887
2579,0.8250000000000003
2580,0.7159999999999991
2581,1.0330000000000013
2582,0.41299999999999903
2583,0.6329999999999992
2584,0.7279999999999999
2585,0.8289999999999997
2586,0.9300000000000007
2587,0.8250000000000006
2588,0.6149999999999995
2589,0.7179999999999993
2590,1.2330000000000014
2591,0.8270000000000008
2592,0.8230000000000007
2593,0.8289999999999993
2594,1.0310000000000006
2595,0.9180000000000007
2596,1.2350000000000019
2597,0.7240000000000001
2598,1.1300000000000014
2599,0.8310000000000001
2600,1.1240000000000012
2601,0.8309999999999994
2602,0.9280000000000007
2603,1.2230000000000028
2604,0.9320000000000016
2605,0.8270000000000024
2606,1.0270000000000012
2607,1.0290000000000001
2608,0.9260000000000008
2609,0.5219999999999989
2610,0.9220000000000022
2611,0.4129999999999988
2612,1.126000000000001
2613,0.6189999999999991
2614,1.2330000000000012
2615,0.9340000000000017
2616,0.8189999999999995
2617,0.8350000000000013
2618,0.8270000000000002
2619,0.6249999999999993
2620,0.8229999999999995
2621,1.0330000000000013
2622,0.30599999999999916
2623,0.72
2624,0.7180000000000006
2625,0.7200000000000005
2626,0.7139999999999997
2627,1.019000000000001
2628,0.517999999999999
2629,0.523999999999999
2630,0.7219999999999996
2631,0.5279999999999992
2632,0.7159999999999994
2633,0.6169999999999992
2634,0.9240000000000008
2635,0.6209999999999992
2636,0.8269999999999998
2637,1.0270000000000021
2638,0.9300000000000014
2639,0.7240000000000009
2640,0.8129999999999994
2641,1.023000000000002
2642,0.8350000000000003
2643,0.9200000000000028
2644,0.7180000000000015
2645,0.7259999999999998
2646,0.8229999999999993
2647,1.0190000000000021
2648,1.0210000000000001
2649,0.9300000000000014
2650,0.8309999999999996
2651,0.8270000000000016
2652,0.7160000000000025
2653,0.5159999999999989
2654,0.8250000000000017
2655,0.6189999999999991
2656,0.9340000000000009
2657,0.8190000000000001
2658,0.6149999999999991
2659,0.41899999999999904
2660,1.0190000000000003
2661,0.7179999999999993
2662,0.5199999999999991
2663,0.41499999999999915
2664,0.8190000000000015
2665,1.122000000000002
2666,0.9240000000000002
2667,1.0190000000000021
2668,0.9240000000000019
2669,0.5279999999999994
2670,0.9240000000000012
2671,0.8230000000000007
2672,0.6089999999999989
2673,1.2290000000000014
2674,0.717999999999999
2675,0.6229999999999996
2676,0.7179999999999993
2677,1.1340000000000021
2678,0.6149999999999997
2679,0.9300000000000014
2680,0.8249999999999998
2681,0.6089999999999995
2682,0.9360000000000016
2683,0.823000000000002
2684,0.41699999999999915
2685,0.6149999999999989
2686,0.5179999999999991
2687,1.0350000000000008
2688,1.0310000000000008
2689,0.5059999999999998
2690,0.8230000000000004
2691,0.5219999999999998
2692,1.3340000000000012
2693,1.1320000000000028
2694,0.5199999999999991
2695,0.8209999999999994
2696,1.0330000000000008
2697,0.5219999999999992
2698,0.8249999999999992
2699,0.6189999999999991
2700,0.6189999999999991
2701,1.126000000000002
2702,1.1440000000000012
2703,0.7280000000000004
2704,0.612999999999999
2705,0.5179999999999995
2706,0.9240000000000002
2707,1.035000000000002
2708,1.1280000000000028
2709,0.6209999999999992
2710,1.0310000000000012
2711,0.9300000000000006
2712,0.8270000000000002
2713,0.718000000000001
2714,0.9300000000000008
2715,0.8370000000000003
2716,0.6249999999999994
2717,0.5099999999999989
2718,0.5179999999999991
2719,1.0290000000000012
2720,1.025000000000001
2721,0.6189999999999991
2722,1.0290000000000004
2723,0.8190000000000007
2724,0.8290000000000015
2725,0.523999999999999
2726,0.9279999999999998
2727,0.7200000000000003
2728,0.9280000000000025
2729,0.922000000000002
2730,1.0350000000000015
2731,1.0210000000000008
2732,1.0390000000000013
2733,0.7220000000000004
2734,0.7199999999999994
2735,0.7220000000000002
2736,0.7139999999999995
2737,0.738000000000001
2738,0.620999999999999
2739,0.5159999999999989
2740,1.0270000000000006
2741,0.6249999999999991
2742,1.132000000000002
2743,0.6189999999999989
2744,1.0250000000000006
2745,0.9280000000000004
2746,0.8270000000000013
2747,0.9220000000000007
2748,0.6209999999999993
2749,0.7180000000000004
2750,1.027
2751,1.0390000000000008
2752,1.0370000000000013
2753,1.3260000000000023
2754,1.0330000000000008
2755,1.0330000000000006
2756,0.8249999999999997
2757,0.7239999999999995
2758,0.9280000000000002
2759,0.9240000000000008
2760,0.5139999999999989
2761,0.9280000000000007
2762,0.7340000000000004
2763,0.5139999999999991
2764,0.9280000000000005
2765,0.6169999999999993
2766,1.2230000000000023
2767,0.616999999999999
2768,0.8170000000000013
2769,0.9240000000000017
2770,1.124000000000002
2771,1.3300000000000027
2772,0.6229999999999989
2773,0.30999999999999955
2774,0.7139999999999991
2775,0.515999999999999
2776,0.8210000000000002
2777,0.7320000000000008
2778,0.7179999999999994
2779,0.9180000000000004
2780,0.7199999999999992
2781,0.7320000000000004
2782,0.6149999999999992
2783,1.021000000000002
2784,1.0390000000000021
2785,0.9240000000000012
2786,1.023000000000002
2787,0.6209999999999993
2788,0.6249999999999996
2789,1.0210000000000015
2790,0.8249999999999996
2791,0.6249999999999993
2792,0.9200000000000002
2793,0.9340000000000015
2794,0.618999999999999
2795,0.9300000000000006
2796,0.7179999999999999
2797,0.6189999999999997
2798,0.823
2799,0.41499999999999987
2800,1.126000000000002
2801,0.8210000000000005
2802,0.9239999999999995
2803,1.0290000000000015
2804,0.7280000000000004
2805,0.6129999999999994
2806,0.9380000000000007
2807,1.1340000000000012
2808,0.6309999999999991
2809,0.8189999999999995
2810,0.5199999999999992
2811,1.0290000000000017
2812,0.4149999999999996
2813,1.1260000000000019
2814,1.019000000000002
2815,0.7179999999999995
2816,0.4109999999999996
2817,0.8189999999999995
2818,1.0290000000000004
2819,0.9280000000000024
2820,0.9320000000000007
2821,0.5239999999999992
2822,0.7139999999999997
2823,0.7219999999999993
2824,0.9279999999999998
2825,1.0310000000000008
2826,0.9300000000000017
2827,0.6129999999999993
2828,0.9360000000000016
2829,0.9260000000000005
2830,0.9260000000000013
2831,0.717999999999999
2832,0.8229999999999994
2833,0.8290000000000012
2834,0.6249999999999991
2835,0.9379999999999993
2836,0.5159999999999989
2837,1.3400000000000016
2838,1.130000000000002
2839,1.235000000000001
2840,1.0310000000000006
2841,0.523999999999999
2842,1.0230000000000015
2843,0.9299999999999997
2844,0.9260000000000008
2845,0.8270000000000004
2846,0.9200000000000003
2847,1.0290000000000012
2848,0.7240000000000009
2849,0.6269999999999992
2850,0.7259999999999996
2851,0.6269999999999992
2852,0.736
2853,0.6249999999999994
2854,0.7260000000000005
2855,0.6169999999999991
2856,0.6149999999999989
2857,1.2370000000000012
2858,0.9140000000000028
2859,0.8150000000000016
2860,0.9240000000000006
2861,1.0230000000000004
2862,0.9400000000000008
2863,0.815
2864,0.6169999999999992
2865,0.5179999999999991
2866,0.5319999999999994
2867,0.726
2868,0.9340000000000006
2869,0.8210000000000002
2870,0.8310000000000005
2871,0.8209999999999994
2872,1.033000000000002
2873,0.8169999999999998
2874,0.8149999999999998
2875,0.8230000000000007
2876,0.7199999999999995
2877,0.7259999999999995
2878,0.6189999999999989
2879,0.7199999999999992
2880,0.8130000000000009
2881,0.9200000000000006
2882,1.0250000000000008
2883,0.825
2884,1.0250000000000026
2885,0.8230000000000015
2886,0.8210000000000004
2887,0.7260000000000004
2888,0.829000000000001
2889,1.035000000000002
2890,0.618999999999999
2891,0.6189999999999992
2892,1.1280000000000014
2893,0.8230000000000003
2894,0.7239999999999995
2895,0.7279999999999993
2896,1.031000000000001
2897,1.3200000000000023
2898,0.5119999999999991
2899,1.0350000000000006
2900,0.5259999999999992
2901,0.8310000000000011
2902,0.8190000000000007
2903,1.1280000000000008
2904,0.8270000000000011
2905,1.2210000000000014
2906,0.9220000000000007
2907,0.8250000000000002
2908,1.027000000000001
2909,1.0250000000000006
2910,0.9160000000000023
2911,0.8270000000000018
2912,0.6129999999999999
2913,1.2270000000000023
2914,0.616999999999999
2915,1.2470000000000017
2916,0.5219999999999996
2917,0.9300000000000014
2918,0.6189999999999991
2919,0.6169999999999989
2920,0.9280000000000013
2921,1.031000000000001
2922,0.6209999999999992
2923,0.7179999999999996
2924,0.7159999999999994
2925,1.0230000000000012
2926,0.8189999999999995
2927,0.9280000000000015
2928,0.934000000000001
2929,0.614999999999999
2930,1.0250000000000015
2931,0.8250000000000008
2932,1.3380000000000012
2933,1.130000000000002
2934,0.829000000000001
2935,0.5179999999999991
2936,1.0289999999999992
2937,0.9200000000000014
2938,0.9340000000000019
2939,1.0230000000000012
2940,1.132000000000002
2941,0.934000000000001
2942,0.8369999999999997
2943,0.4169999999999991
2944,0.7219999999999998
2945,0.9240000000000015
2946,0.6229999999999992
2947,1.2350000000000014
2948,0.9200000000000014
2949,0.521999999999999
2950,0.8270000000000007
2951,0.5199999999999996
2952,0.7219999999999996
2953,0.9240000000000004
2954,0.7279999999999999
2955,0.511999999999999
2956,0.913999999999999
2957,1.037000000000001
2958,0.8210000000000004
2959,0.7259999999999992
2960,1.2270000000000019
2961,0.8210000000000002
2962,0.9240000000000009
2963,0.9400000000000018
2964,0.8210000000000004
2965,0.7159999999999995
2966,1.2390000000000012
2967,0.9300000000000006
2968,0.9300000000000023
2969,0.9260000000000014
2970,0.8270000000000002
2971,0.5139999999999993
2972,1.0270000000000024
2973,0.6209999999999991
2974,0.6249999999999998
2975,0.8310000000000006
2976,0.6129999999999989
2977,0.732000000000001
2978,0.7260000000000008
2979,1.027000000000002
2980,1.1240000000000014
2981,0.7119999999999999
2982,1.1260000000000012
2983,0.7119999999999991
2984,0.7219999999999996
2985,0.8210000000000008
2986,0.93
2987,0.7140000000000002
2988,1.1320000000000006
2989,1.0350000000000015
2990,0.7239999999999995
2991,0.722
2992,0.6149999999999998
2993,0.614999999999999
2994,0.5219999999999994
2995,1.0390000000000013
2996,0.9360000000000004
2997,1.0430000000000013
2998,0.9240000000000014
2999,1.2330000000000012
3000,0.4109999999999996
3001,0.6209999999999991
3002,0.4069999999999989
3003,0.9280000000000029
3004,1.1400000000000015
3005,0.9139999999999993
3006,0.7239999999999996
3007,0.7200000000000002
3008,0.7159999999999992
3009,1.0210000000000015
3010,0.9280000000000009
3011,1.0290000000000008
3012,1.1300000000000012
3013,0.9240000000000004
3014,0.41499999999999937
3015,0.9220000000000005
3016,0.9220000000000013
3017,0.825
3018,1.124000000000001
3019,0.8190000000000001
3020,0.6169999999999991
3021,1.2390000000000012
3022,1.1300000000000017
3023,1.029
3024,1.2370000000000012
3025,1.0210000000000017
3026,0.7299999999999994
3027,0.8289999999999997
3028,0.9320000000000012
3029,0.8250000000000012
3030,0.8209999999999994
3031,0.7399999999999998
3032,0.8230000000000023
3033,0.7200000000000011
3034,1.023000000000001
3035,0.8170000000000005
3036,0.7260000000000005
3037,1.1460000000000006
3038,1.2290000000000012
3039,0.920000000000002
3040,1.023000000000002
3041,0.9220000000000007
3042,0.8210000000000002
3043,1.2330000000000017
3044,1.0270000000000008
3045,0.9160000000000019
3046,1.122000000000001
3047,0.8149999999999997
3048,1.1220000000000026
3049,0.620999999999999
3050,1.0270000000000004
3051,0.6149999999999989
3052,1.340000000000002
3053,0.9160000000000015
3054,0.41899999999999904
3055,0.6189999999999996
3056,0.8290000000000012
3057,0.8170000000000005
3058,1.017000000000001
3059,1.0250000000000015
3060,0.519999999999999
3061,1.2330000000000019
3062,0.7219999999999993
3063,0.9260000000000008
3064,0.7139999999999997
3065,1.1260000000000017
3066,0.523999999999999
3067,0.7159999999999996
3068,0.9240000000000017
3069,1.5360000000000025
3070,0.8230000000000003
3071,1.237000000000001
3072,1.126000000000002
3073,0.5299999999999996
3074,0.9300000000000002
3075,0.9219999999999996
3076,0.7199999999999994
3077,1.0350000000000017
3078,0.8129999999999998
3079,0.9199999999999997
3080,1.0190000000000023
3081,0.5099999999999991
3082,0.9260000000000019
3083,1.138000000000002
3084,1.027000000000001
3085,1.3200000000000023
3086,0.8250000000000007
3087,1.0270000000000004
3088,1.1300000000000023
3089,1.0290000000000017
3090,1.027000000000002
3091,1.1300000000000014
3092,1.146000000000001
3093,0.9279999999999998
3094,0.7239999999999992
3095,0.9180000000000004
3096,0.9299999999999992
3097,0.6249999999999993
3098,0.9280000000000002
3099,0.6229999999999992
3100,1.3360000000000016
3101,1.2270000000000023
3102,0.7179999999999999
3103,0.7239999999999998
3104,1.2310000000000023
3105,0.8150000000000013
3106,0.7199999999999994
3107,0.8269999999999996
3108,1.0350000000000015
3109,0.833
3110,1.1360000000000017
3111,0.7099999999999999
3112,0.9240000000000004
3113,1.0250000000000012
3114,1.2330000000000012
3115,1.5320000000000016
3116,0.9260000000000013
3117,1.3360000000000023
3118,0.7179999999999993
3119,1.0330000000000021
3120,0.9220000000000006
3121,0.6229999999999989
3122,1.0250000000000012
3123,0.8189999999999997
3124,0.6149999999999992
3125,0.5139999999999992
3126,0.8290000000000003
3127,0.9320000000000006
3128,0.9200000000000008
3129,0.8350000000000005
3130,1.1280000000000012
3131,0.926
3132,1.1400000000000012
3133,0.926000000000001
3134,1.122000000000002
3135,0.620999999999999
3136,1.1240000000000014
3137,0.922000000000001
3138,1.130000000000002
3139,0.8190000000000017
3140,0.8270000000000007
3141,0.9180000000000013
3142,0.9200000000000006
3143,0.823000000000001
3144,0.6189999999999991
3145,1.136000000000001
3146,1.2270000000000025
3147,0.6169999999999992
3148,1.2370000000000005
3149,1.13
3150,0.616999999999999
3151,1.0370000000000017
3152,1.1300000000000014
3153,0.8270000000000013
3154,0.8210000000000016
3155,0.8249999999999998
3156,0.31999999999999956
3157,1.031000000000001
3158,0.6269999999999992
3159,1.0290000000000012
3160,0.825
3161,0.7119999999999996
3162,1.027
3163,0.7219999999999993
3164,1.017000000000002
3165,1.0250000000000017
3166,0.8230000000000011
3167,1.019000000000002
3168,1.2390000000000012
3169,1.0190000000000017
3170,1.1360000000000017
3171,1.2250000000000014
3172,1.0350000000000008
3173,0.914
3174,1.132000000000001
3175,1.0290000000000012
3176,0.7160000000000007
3177,1.2270000000000023
3178,1.0310000000000017
3179,1.0210000000000024
3180,0.8189999999999997
3181,1.1460000000000015
3182,1.3300000000000027
3183,0.7179999999999993
3184,0.821
3185,0.7259999999999996
3186,1.239000000000001
3187,0.8209999999999996
3188,0.9280000000000007
3189,0.8130000000000003
3190,1.126000000000001
3191,1.3300000000000014
3192,0.5199999999999992
3193,1.1340000000000006
3194,1.1280000000000012
3195,0.9280000000000005
3196,0.7199999999999994
3197,0.8190000000000001
3198,1.126000000000001
3199,0.7239999999999995
3200,0.9240000000000004
3201,0.8290000000000011
3202,0.8270000000000002
3203,0.823000000000001
3204,1.1260000000000017
3205,0.7320000000000002
3206,0.6270000000000002
3207,0.8170000000000003
3208,1.0290000000000008
3209,0.9179999999999998
3210,0.7260000000000005
3211,0.5159999999999996
3212,0.7259999999999992
3213,1.1380000000000008
3214,0.5139999999999995
3215,1.219000000000003
3216,1.031000000000001
3217,1.1240000000000026
3218,1.1260000000000026
3219,1.027000000000002
3220,0.4149999999999992
3221,0.6269999999999992
3222,0.922
3223,1.0250000000000012
3224,0.9260000000000003
3225,1.128000000000001
3226,0.4129999999999992
3227,0.7239999999999996
3228,1.126000000000002
3229,0.7219999999999996
3230,0.9280000000000018
3231,0.8210000000000005
3232,1.229000000000002
3233,0.920000000000002
3234,0.5179999999999992
3235,1.1360000000000028
3236,0.9300000000000008
3237,1.124000000000002
3238,0.612999999999999
3239,0.8269999999999997
3240,0.8310000000000014
3241,0.620999999999999
3242,1.435000000000003
3243,1.1220000000000003
3244,0.5199999999999992
3245,1.0270000000000012
3246,1.2350000000000014
3247,0.7279999999999995
3248,0.9300000000000017
3249,1.2290000000000025
3250,1.1340000000000012
3251,1.1340000000000017
3252,1.229000000000001
3253,1.023000000000002
3254,0.6169999999999993
3255,0.6129999999999992
3256,0.8210000000000004
3257,0.8310000000000004
3258,1.229000000000002
3259,1.3340000000000025
3260,0.7139999999999992
3261,1.031000000000001
3262,0.41099999999999903
3263,0.7239999999999992
3264,0.9320000000000007
3265,0.9200000000000017
3266,0.9240000000000017
3267,0.9260000000000015
3268,1.0270000000000017
3269,0.7300000000000003
3270,1.1320000000000017
3271,0.7300000000000009
3272,0.8190000000000015
3273,0.7219999999999996
3274,1.017000000000002
3275,1.2390000000000023
3276,0.815
3277,0.9300000000000008
3278,0.9280000000000007
3279,1.027000000000002
3280,0.5199999999999997
3281,0.9220000000000016
3282,1.1280000000000026
3283,0.5159999999999992
3284,0.8290000000000007
3285,0.922000000000001
3286,0.8249999999999998
3287,0.8170000000000005
3288,0.8249999999999996
3289,0.8269999999999998
3290,1.0390000000000013
3291,1.0230000000000006
3292,0.5199999999999991
3293,0.8210000000000008
3294,0.9260000000000009
3295,0.8270000000000001
3296,0.829000000000001
3297,1.027000000000002
3298,1.0350000000000008
3299,0.8169999999999992
3300,1.0270000000000012
3301,1.0250000000000004
3302,1.0310000000000021
3303,0.8250000000000003
3304,0.9320000000000005
3305,0.6129999999999992
3306,1.0230000000000015
3307,0.4129999999999989
3308,1.0290000000000024
3309,1.2250000000000016
3310,0.8210000000000002
3311,1.0230000000000021
3312,1.0230000000000015
3313,1.1180000000000019
3314,1.1340000000000017
3315,1.0310000000000008
3316,0.8290000000000001
3317,0.821
3318,0.8169999999999997
3319,0.9300000000000016
3320,0.7199999999999998
3321,1.116000000000001
3322,1.0310000000000015
3323,0.9300000000000007
3324,0.9120000000000021
3325,0.7179999999999995
3326,1.1280000000000026
3327,0.7280000000000015
3328,0.9240000000000006
3329,0.9260000000000008
3330,0.9260000000000016
3331,1.0270000000000017
3332,1.1220000000000012
3333,0.9220000000000007
3334,1.3300000000000023
3335,0.7239999999999995
3336,0.7180000000000001
3337,0.7200000000000009
3338,0.9200000000000021
3339,1.0210000000000017
3340,0.8189999999999994
3341,0.9260000000000005
3342,0.9240000000000017
3343,0.7119999999999991
3344,1.0270000000000012
3345,0.8230000000000008
3346,1.1200000000000012
3347,1.1400000000000006
3348,0.8169999999999993
3349,1.239000000000002
3350,0.9360000000000014
3351,1.0170000000000017
3352,1.1320000000000008
3353,1.1260000000000017
3354,1.025000000000001
3355,1.0370000000000021
3356,1.1240000000000026
3357,0.7239999999999995
3358,1.0170000000000012
3359,1.0210000000000008
3360,0.9160000000000014
3361,0.5179999999999993
3362,1.1240000000000014
3363,1.1280000000000012
3364,0.8330000000000005
3365,1.130000000000002
3366,0.833000000000001
3367,1.0270000000000024
3368,0.6209999999999991
3369,1.0350000000000006
3370,1.035000000000002
3371,0.8250000000000018
3372,0.7179999999999995
3373,0.616999999999999
3374,0.8309999999999996
3375,0.9200000000000013
3376,0.8110000000000003
3377,0.8189999999999995
3378,0.9160000000000028
3379,1.023000000000001
3380,0.8250000000000003
3381,1.0250000000000015
3382,0.8230000000000018
3383,1.2290000000000019
3384,0.9220000000000007
3385,0.9260000000000008
3386,0.9340000000000006
3387,0.8210000000000001
3388,1.334000000000001
3389,1.1320000000000023
3390,0.7239999999999995
3391,0.7179999999999996
3392,0.9160000000000008
3393,1.3280000000000018
3394,1.0250000000000006
3395,1.0250000000000017
3396,0.8290000000000017
3397,1.0250000000000012
3398,1.225000000000002
3399,1.1320000000000014
3400,1.4310000000000023
3401,1.0230000000000006
3402,0.6189999999999991
3403,1.0270000000000012
3404,0.8250000000000012
3405,1.2310000000000012
3406,0.7099999999999994
3407,1.2310000000000019
3408,1.2350000000000025
3409,1.2290000000000014
3410,0.622999999999999
3411,0.8229999999999997
3412,1.0170000000000028
3413,0.926000000000001
3414,0.7280000000000006
3415,0.9260000000000008
3416,1.035000000000001
3417,0.7139999999999996
3418,1.0290000000000015
3419,1.223000000000001
3420,1.324000000000002
3421,1.2350000000000019
3422,1.126000000000001
3423,0.7340000000000008
3424,0.8330000000000004
3425,0.9220000000000013
3426,1.1280000000000028
3427,1.1260000000000019
3428,1.1240000000000017
3429,1.3460000000000023
3430,1.1220000000000028
3431,0.6149999999999991
3432,0.920000000000001
3433,0.9180000000000019
3434,0.7180000000000019
3435,0.8230000000000004
3436,0.8390000000000003
3437,0.924000000000001
3438,1.0270000000000026
3439,1.0270000000000008
3440,0.7220000000000002
3441,0.6289999999999992
3442,0.8269999999999991
3443,0.9180000000000001
3444,0.9200000000000004
3445,0.8190000000000004
3446,1.2350000000000017
3447,0.7260000000000002
3448,0.9219999999999999
3449,0.922000000000002
3450,1.0290000000000004
3451,1.116000000000002
3452,0.9320000000000002
3453,1.027000000000002
3454,0.41899999999999915
3455,1.0330000000000006
3456,0.5179999999999992
3457,0.41899999999999926
3458,1.0250000000000012
3459,0.9200000000000012
3460,0.7219999999999996
3461,1.1280000000000017
3462,0.9320000000000007
3463,1.0189999999999997
3464,0.8149999999999997
3465,1.1380000000000012
3466,1.3240000000000032
3467,0.620999999999999
3468,0.8230000000000008
3469,0.9299999999999997
3470,1.324000000000002
3471,1.0270000000000024
3472,1.021000000000001
3473,0.9160000000000005
3474,1.0290000000000006
3475,1.0290000000000015
3476,0.8330000000000021
3477,0.7199999999999994
3478,1.0230000000000015
3479,0.8210000000000014
3480,0.6229999999999991
3481,1.1260000000000026
3482,0.8270000000000016
3483,1.2250000000000016
3484,0.9240000000000017
3485,1.1260000000000014
3486,0.8130000000000009
3487,1.0230000000000006
3488,0.7159999999999992
3489,0.9260000000000014
3490,0.6169999999999998
3491,1.332000000000001
3492,0.916
3493,1.1280000000000014
3494,0.9240000000000015
3495,1.2350000000000012
3496,0.9260000000000006
3497,0.6169999999999988
3498,1.1340000000000021
3499,0.8330000000000013
3500,0.6269999999999993
3501,1.0250000000000012
3502,0.8390000000000006
3503,1.433000000000003
3504,0.924000000000002
3505,1.124000000000002
3506,1.1320000000000012
3507,0.9200000000000002
3508,0.9260000000000014
3509,1.227000000000002
3510,0.9180000000000004
3511,1.1280000000000008
3512,1.328000000000003
3513,1.2390000000000014
3514,0.7139999999999992
3515,0.9180000000000007
3516,1.4310000000000007
3517,1.0149999999999997
3518,1.0270000000000006
3519,0.7220000000000008
3520,1.334000000000002
3521,1.447000000000001
3522,1.2290000000000014
3523,1.0290000000000006
3524,1.027000000000001
3525,0.8229999999999997
3526,1.3380000000000016
3527,0.9240000000000022
3528,1.4330000000000025
3529,0.5139999999999989
3530,0.7099999999999992
3531,0.7199999999999994
3532,0.722
3533,0.9220000000000007
3534,1.1320000000000023
3535,0.7160000000000002
3536,0.8290000000000002
3537,1.0250000000000015
3538,0.7219999999999993
3539,0.9220000000000016
3540,0.7239999999999996
3541,0.9300000000000014
3542,1.2350000000000017
3543,1.2230000000000023
3544,0.5239999999999989
3545,0.4129999999999999
3546,0.9260000000000019
3547,1.0270000000000012
3548,1.0210000000000004
3549,1.2330000000000012
3550,0.7259999999999994
3551,0.9240000000000002
3552,1.1380000000000021
3553,0.7159999999999996
3554,0.9300000000000013
3555,0.9180000000000014
3556,1.0350000000000006
3557,1.2330000000000019
3558,1.2290000000000014
3559,0.9200000000000007
3560,1.3320000000000014
3561,1.0230000000000024
3562,1.1299999999999997
3563,1.1280000000000012
3564,1.2350000000000014
3565,1.023000000000002
3566,0.8290000000000011
3567,1.2310000000000008
3568,0.9220000000000019
3569,1.0330000000000004
3570,0.9280000000000013
3571,1.1380000000000017
3572,0.8209999999999996
3573,1.114000000000003
3574,1.0250000000000004
3575,1.1380000000000023
3576,0.5219999999999991
3577,1.1260000000000023
3578,1.1280000000000023
3579,1.0310000000000006
3580,1.126000000000001
3581,1.0390000000000017
3582,0.8189999999999995
3583,0.6149999999999998
3584,1.128000000000001
3585,1.1340000000000017
3586,0.6230000000000002
3587,1.023000000000002
3588,0.9260000000000009
3589,0.9300000000000017
3590,1.2310000000000016
3591,0.42099999999999965
3592,1.132000000000002
3593,0.6169999999999991
3594,1.1240000000000019
3595,0.31799999999999917
3596,1.2350000000000012
3597,1.1300000000000012
3598,1.3260000000000018
3599,0.6209999999999993
3600,1.1300000000000014
3601,0.922000000000002
3602,1.132000000000001
3603,1.130000000000002
3604,0.9200000000000003
3605,1.1340000000000015
3606,1.0270000000000012
3607,0.9320000000000006
3608,0.7199999999999998
3609,1.1300000000000012
3610,0.7139999999999995
3611,1.1260000000000026
3612,1.132000000000002
3613,0.7159999999999996
3614,0.9200000000000012
3615,0.9239999999999995
3616,1.0310000000000017
3617,0.9260000000000019
3618,1.2230000000000008
3619,0.616999999999999
3620,1.027000000000002
3621,1.0290000000000008
3622,1.4410000000000016
3623,1.0330000000000004
3624,0.821000000000001
3625,0.8170000000000007
3626,0.9260000000000006
3627,0.7299999999999998
3628,0.7199999999999999
3629,0.9220000000000013
3630,0.8170000000000002
3631,1.4370000000000018
3632,0.8210000000000011
3633,1.1220000000000012
3634,1.233000000000001
3635,1.033
3636,0.9180000000000007
3637,1.1340000000000012
3638,0.5139999999999989
3639,0.5219999999999994
3640,1.1280000000000012
3641,1.0190000000000012
3642,1.033000000000001
3643,1.0230000000000021
3644,0.8210000000000002
3645,1.124000000000001
3646,1.021000000000003
3647,1.0290000000000015
3648,0.8189999999999995
3649,0.8410000000000014
3650,0.6169999999999994
3651,1.0210000000000012
3652,1.0370000000000008
3653,0.821
3654,1.0290000000000028
3655,0.7219999999999993
3656,0.9260000000000019
3657,1.233000000000001
3658,1.4330000000000016
3659,0.6189999999999991
3660,0.8269999999999996
3661,1.023000000000001
3662,0.5219999999999991
3663,0.8250000000000012
3664,0.7219999999999991
3665,1.0350000000000006
3666,1.0310000000000008
3667,0.8270000000000018
3668,0.9200000000000006
3669,1.0210000000000001
3670,1.1300000000000012
3671,0.8190000000000007
3672,1.225000000000002
3673,0.8190000000000004
3674,1.0390000000000006
3675,0.8230000000000007
3676,0.5119999999999995
3677,0.9220000000000019
3678,1.3300000000000025
3679,1.241000000000002
3680,0.5259999999999991
3681,0.7319999999999997
3682,1.0330000000000015
3683,1.4250000000000014
3684,0.7200000000000011
3685,1.0210000000000017
3686,1.0210000000000021
3687,0.9220000000000013
3688,0.72
3689,1.4330000000000018
3690,0.9380000000000009
3691,0.8250000000000006
3692,0.8209999999999994
3693,0.8290000000000005
3694,1.433000000000003
3695,1.136000000000002
3696,1.0230000000000006
3697,1.3300000000000012
3698,1.1220000000000026
3699,1.3260000000000018
3700,1.2410000000000017
3701,0.8270000000000007
3702,1.1300000000000008
3703,1.0370000000000001
3704,1.2410000000000019
3705,1.0290000000000012
3706,0.7239999999999998
3707,0.8170000000000002
3708,1.2330000000000014
3709,1.025000000000002
3710,0.9280000000000009
3711,0.7219999999999996
3712,1.1240000000000014
3713,1.1320000000000012
3714,1.1320000000000008
3715,1.3340000000000014
3716,1.2290000000000005
3717,0.9300000000000008
3718,1.6310000000000022
3719,0.8250000000000015
3720,1.130000000000001
3721,1.330000000000002
3722,1.219000000000001
3723,1.2330000000000014
3724,0.9320000000000013
3725,1.1420000000000021
3726,1.2370000000000017
3727,0.8230000000000008
3728,1.0270000000000017
3729,1.1280000000000014
3730,1.128000000000001
3731,0.940000000000001
3732,0.924000000000002
3733,1.2350000000000012
3734,0.7199999999999998
3735,1.0210000000000015
3736,0.825000000000001
3737,1.126000000000002
3738,1.2310000000000016
3739,1.223000000000002
3740,0.9260000000000008
3741,0.9200000000000017
3742,1.1320000000000012
3743,0.6169999999999991
3744,0.8210000000000005
3745,0.9200000000000012
3746,0.9239999999999999
3747,1.0250000000000008
3748,1.2370000000000017
3749,1.2390000000000014
3750,1.2250000000000016
3751,0.8249999999999992
3752,0.9200000000000003
3753,0.9260000000000008
3754,0.9360000000000014
3755,1.5320000000000027
3756,1.0250000000000017
3757,0.8250000000000003
3758,1.2210000000000012
3759,0.4209999999999992
3760,1.4330000000000016
3761,1.1380000000000008
3762,1.429000000000002
3763,0.7199999999999994
3764,1.132000000000002
3765,1.1260000000000008
3766,0.718000000000001
3767,0.9280000000000015
3768,1.2310000000000016
3769,0.8210000000000016
3770,0.9240000000000004
3771,1.2330000000000012
3772,0.9240000000000008
3773,1.0210000000000017
3774,0.8210000000000016
3775,1.0250000000000006
3776,0.9140000000000011
3777,1.132000000000001
3778,1.3300000000000016
3779,0.924000000000001
3780,1.2230000000000023
3781,0.9280000000000009
3782,0.7280000000000004
3783,0.9280000000000004
3784,1.3260000000000023
3785,1.1220000000000008
3786,1.2370000000000008
3787,0.9299999999999994
3788,1.1200000000000019
3789,1.2410000000000019
3790,1.229000000000001
3791,0.8209999999999996
3792,1.4250000000000023
3793,0.5099999999999993
3794,0.8230000000000007
3795,1.0290000000000008
3796,0.9400000000000006
3797,1.1260000000000019
3798,0.5119999999999997
3799,1.013000000000002
3800,0.72
3801,0.9200000000000016
3802,1.1260000000000019
3803,0.9300000000000003
3804,1.4230000000000018
3805,0.8209999999999996
3806,1.134000000000001
3807,0.718
3808,1.134000000000001
3809,1.0269999999999997
3810,0.6209999999999991
3811,1.025
3812,1.5420000000000018
3813,0.7299999999999995
3814,1.023000000000001
3815,1.2310000000000023
3816,1.0230000000000015
3817,1.4450000000000016
3818,0.9179999999999996
3819,0.9240000000000012
3820,1.1200000000000023
3821,1.0330000000000015
3822,1.2290000000000008
3823,1.332000000000002
3824,1.0210000000000015
3825,0.9240000000000004
3826,1.4250000000000025
3827,1.0310000000000006
3828,1.1220000000000012
3829,1.1260000000000019
3830,1.1260000000000012
3831,0.8309999999999991
3832,1.4470000000000016
3833,1.227000000000002
3834,0.9119999999999999
3835,0.8210000000000008
3836,1.138000000000001
3837,1.2190000000000016
3838,0.7199999999999992
3839,0.9220000000000015
3840,1.1200000000000012
3841,1.0270000000000004
3842,0.8210000000000011
3843,1.2350000000000023
3844,1.0250000000000015
3845,1.126000000000002
3846,1.2290000000000019
3847,0.6229999999999992
3848,1.4270000000000025
3849,1.2350000000000028
3850,1.1380000000000003
3851,1.138000000000002
3852,0.821000000000001
3853,1.019000000000001
3854,0.9160000000000007
3855,0.9260000000000008
3856,0.6189999999999991
3857,1.1180000000000028
3858,1.0210000000000008
3859,1.3280000000000027
3860,1.0310000000000012
3861,1.2210000000000019
3862,0.9260000000000014
3863,1.0210000000000012
3864,1.2370000000000017
3865,1.3420000000000019
3866,1.3380000000000007
3867,0.9280000000000004
3868,1.3440000000000012
3869,1.0290000000000008
3870,1.332000000000002
3871,1.0230000000000015
3872,1.0390000000000013
3873,1.433000000000002
3874,1.5400000000000011
3875,1.1260000000000012
3876,0.9200000000000004
3877,0.9220000000000016
3878,1.0230000000000006
3879,1.1260000000000026
3880,1.3260000000000023
3881,1.2250000000000008
3882,1.2250000000000023
3883,1.2330000000000019
3884,1.4270000000000014
3885,0.9240000000000005
3886,1.136000000000002
3887,1.1280000000000021
3888,1.2270000000000019
3889,0.9179999999999992
3890,1.3320000000000025
3891,0.8230000000000005
3892,1.1260000000000012
3893,1.0310000000000021
3894,0.8310000000000008
3895,1.3400000000000014
3896,0.7220000000000008
3897,1.225000000000002
3898,0.7120000000000002
3899,0.821
3900,1.0190000000000015
3901,1.1300000000000012
3902,1.1240000000000026
3903,1.229000000000002
3904,1.4330000000000025
3905,1.0210000000000021
3906,1.0310000000000001
3907,1.2310000000000014
3908,0.7099999999999994
3909,1.4410000000000023
3910,1.1260000000000019
3911,1.2290000000000023
3912,0.8170000000000005
3913,1.237000000000002
3914,1.3260000000000023
3915,1.0310000000000008
3916,0.72
3917,1.0230000000000024
3918,1.2290000000000014
3919,0.9180000000000006
3920,1.5300000000000014
3921,0.9140000000000024
3922,1.3280000000000023
3923,1.0230000000000012
3924,1.3300000000000027
3925,1.0270000000000017
3926,1.128000000000001
3927,0.9240000000000025
3928,1.231000000000001
3929,0.9240000000000012
3930,0.8170000000000002
3931,1.0270000000000017
3932,0.9280000000000004
3933,0.9280000000000013
3934,1.1300000000000012
3935,1.0190000000000015
3936,1.3320000000000018
3937,1.2330000000000023
3938,0.9200000000000014
3939,1.2310000000000023
3940,0.7199999999999994
3941,1.3380000000000016
3942,1.0230000000000021
3943,1.1280000000000014
3944,1.0270000000000008
3945,1.2350000000000012
3946,1.027000000000002
3947,1.1400000000000015
3948,0.8190000000000006
3949,1.227000000000001
3950,1.2390000000000003
3951,1.322000000000003
3952,0.8170000000000005
3953,0.9280000000000012
3954,1.2310000000000014
3955,1.2250000000000012
3956,0.7199999999999998
3957,1.3320000000000018
3958,0.8170000000000024
3959,0.7259999999999996
3960,0.9280000000000013
3961,1.0250000000000008
3962,0.9239999999999998
3963,1.435000000000002
3964,0.8250000000000006
3965,1.3320000000000014
3966,1.0290000000000008
3967,1.0370000000000008
3968,1.1240000000000012
3969,1.0250000000000012
3970,0.9300000000000012
3971,1.229000000000002
3972,1.2290000000000005
3973,0.8310000000000008
3974,0.9280000000000004
3975,1.2370000000000025
3976,0.9220000000000016
3977,1.1300000000000012
3978,0.9260000000000016
3979,0.9159999999999999
3980,1.0210000000000012
3981,1.3280000000000012
3982,0.9200000000000003
3983,0.819
3984,1.0330000000000017
3985,1.1300000000000023
3986,0.8170000000000013
3987,0.8270000000000004
3988,1.4450000000000012
3989,1.132000000000002
3990,0.8190000000000001
3991,1.2370000000000008
3992,0.8170000000000005
3993,1.1260000000000019
3994,0.9320000000000005
3995,1.0190000000000021
3996,1.2310000000000019
3997,0.8230000000000001
3998,0.9220000000000017
3999,1.0210000000000021
4000,0.9280000000000015
4001,1.1320000000000001
4002,1.0310000000000015
4003,1.3320000000000018
4004,1.3280000000000016
4005,1.033000000000001
4006,0.6289999999999992
4007,1.122000000000002
4008,1.2170000000000016
4009,1.239000000000002
4010,1.2450000000000008
4011,1.0230000000000012
4012,1.130000000000002
4013,0.8189999999999997
4014,0.8229999999999997
4015,1.229000000000001
4016,1.2190000000000023
4017,1.023000000000001
4018,0.9280000000000018
4019,0.9280000000000009
4020,0.9360000000000018
4021,0.922000000000001
4022,0.8189999999999997
4023,1.0210000000000021
4024,1.0290000000000012
4025,1.2290000000000023
4026,1.0310000000000012
4027,0.6149999999999993
4028,1.0310000000000021
4029,0.9119999999999999
4030,1.035000000000001
4031,0.9200000000000004
4032,0.6249999999999997
4033,0.620999999999999
4034,1.332000000000001
4035,0.8250000000000006
4036,1.0310000000000006
4037,0.718
4038,1.126000000000001
4039,0.8350000000000025
4040,1.1300000000000008
4041,1.1340000000000012
4042,0.7239999999999995
4043,1.0290000000000008
4044,1.3500000000000012
4045,0.9260000000000016
4046,1.229000000000002
4047,0.926000000000001
4048,1.334000000000003
4049,1.2130000000000005
4050,0.8169999999999996
4051,0.9280000000000008
4052,1.4290000000000014
4053,1.2210000000000014
4054,0.8270000000000016
4055,1.334000000000003
4056,1.0310000000000015
4057,1.237000000000001
4058,1.3340000000000012
4059,1.225000000000001
4060,1.1240000000000017
4061,1.3420000000000019
4062,0.8109999999999999
4063,0.6189999999999993
4064,0.8190000000000012
4065,1.2290000000000012
4066,1.3400000000000014
4067,0.922000000000001
4068,0.7099999999999997
4069,0.9320000000000007
4070,1.023000000000001
4071,1.4310000000000018
4072,1.2250000000000016
4073,1.126000000000002
4074,1.2270000000000016
4075,1.4390000000000018
4076,1.3260000000000023
4077,1.3300000000000014
4078,1.423000000000003
4079,0.926000000000001
4080,1.2390000000000023
4081,1.536000000000002
4082,0.9300000000000002
4083,1.0209999999999995
4084,0.924000000000002
4085,1.0290000000000001
4086,0.9260000000000015
4087,0.7219999999999993
4088,0.8149999999999997
4089,1.136000000000002
4090,1.1360000000000008
4091,1.4350000000000023
4092,0.9240000000000012
4093,1.3260000000000016
4094,0.6169999999999992
4095,0.7199999999999998
4096,0.9280000000000024
4097,1.023000000000002
4098,1.2210000000000014
4099,1.1220000000000006
4100,0.7120000000000012
4101,0.7280000000000005
4102,1.3359999999999999
4103,1.1160000000000019
4104,1.146000000000002
4105,0.821
4106,0.7119999999999997
4107,1.021000000000001
4108,1.5300000000000018
4109,0.8150000000000008
4110,1.1460000000000001
4111,1.2330000000000023
4112,1.4290000000000018
4113,1.0410000000000017
4114,0.9220000000000013
4115,1.031
4116,1.1220000000000017
4117,0.9280000000000007
4118,1.126000000000002
4119,0.9259999999999995
4120,0.926000000000001
4121,1.027000000000001
4122,1.2310000000000012
4123,1.1219999999999999
4124,0.7179999999999994
4125,1.0290000000000024
4126,1.2350000000000012
4127,1.0250000000000017
4128,1.1280000000000014
4129,1.2230000000000023
4130,0.7159999999999994
4131,1.1340000000000001
4132,0.9200000000000013
4133,1.0350000000000015
4134,1.0270000000000017
4135,1.0230000000000012
4136,1.1200000000000012
4137,0.8270000000000018
4138,1.227000000000003
4139,1.021000000000002
4140,0.8270000000000011
4141,1.0450000000000008
4142,1.122000000000001
4143,1.7440000000000015
4144,1.025
4145,0.9260000000000014
4146,1.0330000000000006
4147,0.6149999999999991
4148,0.9220000000000015
4149,0.9280000000000013
4150,0.8170000000000007
4151,1.1200000000000019
4152,1.4370000000000025
4153,0.8150000000000004
4154,1.7380000000000024
4155,0.7299999999999991
4156,0.9240000000000002
4157,0.835
4158,1.1180000000000023
4159,0.9180000000000001
4160,0.8189999999999996
4161,1.227000000000001
4162,1.4390000000000018
4163,0.8170000000000005
4164,1.0270000000000012
4165,1.1360000000000006
4166,1.037000000000002
4167,1.122000000000001
4168,1.0250000000000012
4169,1.2230000000000028
4170,1.3400000000000025
4171,1.021000000000001
4172,0.922000000000001
4173,1.0250000000000012
4174,1.1320000000000021
4175,1.0230000000000006
4176,0.622999999999999
4177,1.0190000000000006
4178,1.524000000000002
4179,0.8270000000000018
4180,0.8210000000000008
4181,1.2230000000000008
4182,1.2270000000000019
4183,0.8249999999999994
4184,0.8310000000000001
4185,1.322000000000001
4186,1.0170000000000021
4187,1.0290000000000001
4188,1.0270000000000028
4189,1.2310000000000016
4190,0.823000000000001
4191,0.8270000000000011
4192,1.0310000000000021
4193,1.322000000000002
4194,0.8250000000000018
4195,1.3280000000000027
4196,0.8250000000000003
4197,1.1200000000000003
4198,0.8250000000000012
4199,0.9240000000000008
4200,0.7239999999999998
4201,1.0290000000000006
4202,1.3420000000000016
4203,1.2390000000000028
4204,1.3340000000000019
4205,1.235000000000002
4206,1.2270000000000012
4207,1.2310000000000025
4208,1.3240000000000025
4209,1.1160000000000019
4210,1.538000000000002
4211,1.3320000000000007
4212,0.926000000000001
4213,1.0250000000000017
4214,1.1320000000000008
4215,0.414999999999999
4216,1.344000000000003
4217,1.1420000000000021
4218,1.2370000000000012
4219,0.8290000000000011
4220,0.7279999999999995
4221,1.229000000000001
4222,1.0350000000000017
4223,1.1200000000000008
4224,1.0190000000000026
4225,1.2290000000000012
4226,0.6269999999999998
4227,0.9240000000000006
4228,1.0330000000000006
4229,1.2330000000000012
4230,0.41699999999999937
4231,1.239000000000001
4232,0.9240000000000004
4233,1.0150000000000015
4234,1.0330000000000004
4235,1.138000000000001
4236,0.9320000000000006
4237,1.0270000000000008
4238,1.1340000000000017
4239,1.2250000000000023
4240,0.9240000000000006
4241,1.2310000000000019
4242,1.0249999999999997
4243,1.2410000000000023
4244,1.1380000000000012
4245,1.433000000000002
4246,1.2250000000000023
4247,0.8169999999999996
4248,1.1300000000000014
4249,1.0290000000000008
4250,0.9279999999999995
4251,1.0210000000000015
4252,1.0230000000000004
4253,1.3200000000000023
4254,1.033000000000001
4255,1.1280000000000028
4256,1.1360000000000015
4257,1.1300000000000008
4258,1.1300000000000014
4259,1.0250000000000012
4260,0.9220000000000013
4261,1.2230000000000012
4262,0.831000000000002
4263,1.1240000000000014
4264,1.1220000000000019
4265,1.0210000000000026
4266,1.435000000000003
4267,1.1240000000000014
4268,1.2310000000000023
4269,0.9180000000000015
4270,1.1420000000000008
4271,1.120000000000002
4272,0.9280000000000002
4273,1.2270000000000025
4274,1.3420000000000016
4275,1.0330000000000015
4276,0.8310000000000005
4277,1.2250000000000014
4278,1.1320000000000017
4279,1.0330000000000013
4280,0.7119999999999992
4281,1.126000000000002
4282,1.037000000000001
4283,1.0290000000000012
4284,1.3460000000000023
4285,1.3480000000000019
4286,1.3300000000000014
4287,1.1380000000000015
4288,1.2330000000000025
4289,1.1200000000000012
4290,1.0330000000000015
4291,1.1220000000000012
4292,1.3200000000000014
4293,1.0230000000000024
4294,0.7179999999999993
4295,1.1220000000000012
4296,1.1300000000000012
4297,1.1180000000000019
4298,1.233000000000001
4299,0.5239999999999991
4300,1.0250000000000015
4301,1.2290000000000014
4302,0.825000000000002
4303,1.1280000000000003
4304,1.025
4305,1.3400000000000014
4306,1.338000000000002
4307,0.9240000000000006
4308,0.7159999999999994
4309,1.3260000000000023
4310,1.2250000000000008
4311,1.0370000000000013
4312,1.0310000000000006
4313,1.1260000000000019
4314,1.2290000000000014
4315,1.227000000000001
4316,1.0230000000000001
4317,1.4530000000000012
4318,1.0190000000000021
4319,0.6289999999999991
4320,1.0270000000000012
4321,1.4450000000000025
4322,0.8310000000000005
4323,1.128000000000003
4324,1.3360000000000023
4325,1.0190000000000021
4326,0.9200000000000012
4327,1.1260000000000014
4328,0.9340000000000009
4329,1.0230000000000015
4330,1.3380000000000012
4331,1.6330000000000016
4332,1.433000000000002
4333,1.1240000000000012
4334,1.1300000000000017
4335,1.031000000000001
4336,1.029000000000001
4337,0.8210000000000002
4338,1.1200000000000012
4339,0.9240000000000009
4340,0.9340000000000004
4341,0.924000000000001
4342,0.8230000000000001
4343,1.0250000000000015
4344,1.0410000000000013
4345,1.1240000000000014
4346,0.8130000000000015
4347,1.3260000000000025
4348,1.4410000000000016
4349,1.023000000000001
4350,1.021000000000001
4351,0.8210000000000008
4352,1.3360000000000019
4353,1.4350000000000023
4354,1.1320000000000023
4355,1.5320000000000025
4356,1.128000000000001
4357,1.2390000000000005
4358,1.1240000000000014
4359,0.8290000000000012
4360,0.8250000000000022
4361,1.5340000000000016
4362,1.1340000000000015
4363,0.7199999999999995
4364,1.0230000000000021
4365,1.128000000000002
4366,1.435000000000002
4367,1.3300000000000023
4368,0.9340000000000006
4369,1.027000000000001
4370,1.3240000000000012
4371,1.2290000000000014
4372,1.231000000000001
4373,1.0190000000000008
4374,1.033000000000001
4375,1.3340000000000023
4376,1.2250000000000028
4377,1.0310000000000021
4378,0.9160000000000004
4379,1.2250000000000014
4380,1.1260000000000008
4381,0.9300000000000012
4382,1.3460000000000008
4383,1.0230000000000006
4384,1.1300000000000008
4385,1.2390000000000023
4386,0.9280000000000002
4387,0.9280000000000014
4388,1.2390000000000017
4389,0.9160000000000019
4390,0.9220000000000025
4391,0.9240000000000029
4392,1.3260000000000027
4393,1.0250000000000004
4394,1.1320000000000012
4395,1.1340000000000012
4396,1.1320000000000017
4397,0.8210000000000008
4398,1.5400000000000018
4399,1.1360000000000015
4400,1.017000000000002
4401,1.2330000000000019
4402,1.5360000000000023
4403,1.3280000000000018
4404,0.9240000000000009
4405,1.2250000000000016
4406,1.0250000000000012
4407,1.2370000000000017
4408,1.0310000000000008
4409,1.3420000000000014
4410,0.6249999999999992
4411,1.1260000000000008
4412,1.2330000000000028
4413,1.437000000000002
4414,1.2410000000000017
4415,1.124000000000002
4416,1.4270000000000025
4417,1.3340000000000014
4418,0.926000000000001
4419,1.3380000000000012
4420,0.821000000000001
4421,1.122000000000003
4422,1.0350000000000008
4423,1.2390000000000017
4424,1.2250000000000014
4425,1.0230000000000006
4426,1.2290000000000014
4427,1.330000000000002
4428,1.126000000000001
4429,0.9320000000000008
4430,1.3340000000000014
4431,1.3220000000000025
4432,1.1240000000000023
4433,1.2370000000000017
4434,1.0290000000000008
4435,0.9260000000000005
4436,1.340000000000002
4437,1.1300000000000017
4438,1.1260000000000019
4439,1.124000000000001
4440,1.2350000000000012
4441,1.3340000000000019
4442,1.4330000000000027
4443,1.0310000000000026
4444,1.2330000000000012
4445,0.9300000000000006
4446,1.146000000000002
4447,0.716000000000001
4448,1.2330000000000008
4449,1.0310000000000015
4450,1.4470000000000014
4451,1.3380000000000016
4452,1.0330000000000013
4453,1.6350000000000022
4454,0.9180000000000007
4455,1.2250000000000016
4456,1.3320000000000025
4457,1.6430000000000013
4458,0.9280000000000012
4459,1.1200000000000025
4460,0.9240000000000012
4461,1.1380000000000015
4462,1.3320000000000025
4463,1.122000000000001
4464,0.9280000000000007
4465,1.2370000000000012
4466,1.1240000000000006
4467,0.916000000000001
4468,1.124000000000001
4469,1.1320000000000012
4470,1.3340000000000012
4471,1.0290000000000017
4472,0.7179999999999995
4473,0.8250000000000008
4474,0.8230000000000007
4475,0.930000000000001
4476,1.1300000000000006
4477,1.3340000000000019
4478,1.2210000000000019
4479,0.9140000000000009
4480,1.1340000000000008
4481,1.1260000000000019
4482,0.8270000000000001
4483,1.5420000000000023
4484,1.033
4485,1.1200000000000025
4486,0.8190000000000005
4487,0.9240000000000008
4488,1.2390000000000012
4489,1.1300000000000012
4490,0.9500000000000006
4491,1.2410000000000014
4492,1.1220000000000017
4493,1.1260000000000028
4494,1.1340000000000015
4495,1.1380000000000008
4496,1.6330000000000016
4497,0.7360000000000015
4498,0.9340000000000014
4499,0.9280000000000003
4500,1.3380000000000012
4501,1.0350000000000013
4502,0.8270000000000002
4503,1.1280000000000014
4504,0.7280000000000012
4505,1.237000000000002
4506,1.140000000000002
4507,1.0190000000000017
4508,1.2430000000000014
4509,1.2330000000000023
4510,0.9320000000000007
4511,1.1340000000000017
4512,0.9300000000000008
4513,1.4230000000000018
4514,1.2250000000000012
4515,1.3400000000000014
4516,1.0230000000000015
4517,1.2270000000000019
4518,1.1300000000000014
4519,1.128000000000002
4520,1.1260000000000012
4521,1.4330000000000025
4522,1.2310000000000014
4523,0.8230000000000018
4524,1.126000000000001
4525,0.8229999999999997
4526,1.0290000000000006
4527,0.7219999999999992
4528,1.3280000000000018
4529,1.5420000000000023
4530,1.128000000000001
4531,1.2350000000000012
4532,1.1340000000000017
4533,1.4370000000000005
4534,0.922000000000001
4535,1.5460000000000014
4536,1.2330000000000023
4537,1.0210000000000015
4538,1.1220000000000014
4539,1.2250000000000023
4540,1.0370000000000013
4541,1.1260000000000014
4542,1.2290000000000023
4543,0.9200000000000017
4544,1.4270000000000016
4545,1.2270000000000019
4546,1.1260000000000006
4547,0.8250000000000007
4548,1.2330000000000012
4549,0.6189999999999991
4550,1.0310000000000015
4551,1.3380000000000012
4552,1.4410000000000023
4553,1.0369999999999997
4554,1.025
4555,0.9219999999999996
4556,1.2410000000000008
4557,1.4350000000000012
4558,1.328000000000002
4559,1.1220000000000019
4560,1.0230000000000012
4561,0.8250000000000012
4562,1.1200000000000014
4563,1.1360000000000015
4564,1.023000000000001
4565,1.1340000000000003
4566,1.3300000000000012
4567,0.8270000000000026
4568,1.1320000000000008
4569,1.233000000000002
4570,1.249000000000001
4571,1.3400000000000012
4572,1.423000000000003
4573,1.1340000000000006
4574,1.0269999999999997
4575,1.227000000000002
4576,1.6470000000000011
4577,1.1200000000000012
4578,0.9340000000000009
4579,1.142000000000001
4580,1.227000000000002
4581,1.239000000000001
4582,1.1280000000000021
4583,1.4390000000000027
4584,1.1360000000000015
4585,1.4310000000000014
4586,1.1220000000000017
4587,1.1160000000000019
4588,1.1380000000000021
4589,1.3240000000000018
4590,1.3240000000000023
4591,1.0290000000000006
4592,1.334000000000002
4593,1.1340000000000017
4594,0.9240000000000012
4595,0.9160000000000013
4596,0.7219999999999999
4597,1.429000000000002
4598,1.229000000000001
4599,1.3260000000000014
4600,1.2290000000000012
4601,0.6109999999999992
4602,1.1260000000000017
4603,1.439000000000002
4604,1.0290000000000012
4605,0.9180000000000009
4606,1.0270000000000017
4607,1.0290000000000012
4608,1.134000000000001
4609,1.3320000000000027
4610,1.3240000000000003
4611,1.2250000000000016
4612,0.9240000000000014
4613,1.2390000000000012
4614,1.0330000000000015
4615,1.3280000000000012
4616,1.0270000000000012
4617,1.1280000000000008
4618,0.926
4619,1.0210000000000021
4620,1.0290000000000006
4621,1.0230000000000006
4622,1.0350000000000017
4623,1.1340000000000017
4624,1.2290000000000019
4625,0.9320000000000012
4626,1.3260000000000018
4627,1.4290000000000018
4628,1.1380000000000021
4629,1.0230000000000001
4630,1.2250000000000032
4631,0.7200000000000014
4632,1.0250000000000017
4633,0.7339999999999995
4634,1.027000000000002
4635,1.2350000000000014
4636,1.3320000000000016
4637,1.1320000000000017
4638,1.027000000000001
4639,0.932000000000001
4640,1.4330000000000018
4641,1.5260000000000027
4642,1.239000000000002
4643,1.1320000000000012
4644,1.0210000000000015
4645,1.5320000000000018
4646,0.9240000000000006
4647,1.0210000000000012
4648,1.5420000000000016
4649,1.530000000000002
4650,1.2330000000000019
4651,0.9420000000000008
4652,1.124000000000001
4653,1.3320000000000018
4654,1.2330000000000014
4655,0.9220000000000016
4656,1.2330000000000012
4657,1.5340000000000018
4658,1.124000000000002
4659,0.8290000000000005
4660,1.3320000000000027
4661,0.72
4662,1.033000000000002
4663,0.8210000000000008
4664,1.3300000000000012
4665,0.5199999999999991
4666,1.4310000000000023
4667,1.0310000000000021
4668,1.540000000000001
4669,1.6470000000000018
4670,0.8149999999999994
4671,0.9240000000000006
4672,1.2330000000000008
4673,1.4370000000000014
4674,1.6390000000000018
4675,1.4270000000000025
4676,1.033000000000001
4677,1.334000000000002
4678,1.1340000000000012
4679,0.8230000000000001
4680,0.7219999999999993
4681,1.2390000000000014
4682,0.9400000000000007
4683,1.1340000000000017
4684,0.8189999999999995
4685,1.0230000000000001
4686,1.1300000000000006
4687,1.3300000000000016
4688,1.0230000000000012
4689,1.1200000000000003
4690,1.1340000000000008
4691,1.0210000000000015
4692,1.0250000000000006
4693,1.2230000000000014
4694,1.1300000000000006
4695,1.023000000000002
4696,1.2330000000000014
4697,1.1300000000000008
4698,1.5280000000000018
4699,0.9280000000000009
4700,0.8249999999999997
4701,1.447000000000002
4702,0.8190000000000015
4703,0.8190000000000002
4704,0.9260000000000019
4705,1.1240000000000014
4706,1.132000000000002
4707,1.1300000000000017
4708,0.9240000000000008
4709,1.0230000000000012
4710,1.3380000000000019
4711,1.1220000000000012
4712,1.1280000000000014
4713,1.1240000000000014
4714,1.3340000000000014
4715,1.4310000000000016
4716,0.9360000000000014
4717,1.027000000000001
4718,1.1380000000000008
4719,1.332000000000002
4720,1.4310000000000016
4721,1.132000000000001
4722,1.1440000000000012
4723,1.027000000000001
4724,1.6410000000000013
4725,0.8249999999999994
4726,0.9280000000000013
4727,1.2290000000000008
4728,1.4370000000000016
4729,1.6330000000000024
4730,0.9320000000000013
4731,1.1260000000000014
4732,1.229000000000001
4733,1.1300000000000006
4734,1.229000000000002
4735,1.0250000000000026
4736,0.8250000000000003
4737,1.0230000000000015
4738,1.4250000000000025
4739,1.3400000000000023
4740,1.3260000000000016
4741,0.7259999999999996
4742,1.437000000000002
4743,1.136000000000001
4744,1.1240000000000014
4745,1.2250000000000019
4746,1.3300000000000025
4747,1.4330000000000025
4748,1.2250000000000025
4749,0.8250000000000007
4750,1.0250000000000012
4751,1.320000000000002
4752,1.130000000000002
4753,1.0270000000000024
4754,1.340000000000002
4755,1.5360000000000025
4756,1.0250000000000015
4757,1.5320000000000027
4758,0.8149999999999997
4759,1.3340000000000019
4760,0.9260000000000014
4761,1.0290000000000008
4762,1.1300000000000008
4763,0.8310000000000002
4764,1.5380000000000018
4765,1.3240000000000018
4766,1.0330000000000013
4767,1.0350000000000004
4768,1.3360000000000016
4769,0.8189999999999995
4770,1.2270000000000014
4771,0.9200000000000013
4772,0.6169999999999991
4773,1.130000000000002
4774,1.4330000000000018
4775,0.9160000000000018
4776,0.8190000000000011
4777,1.328000000000002
4778,1.1320000000000017
4779,1.0290000000000017
4780,0.5179999999999992
4781,1.3320000000000025
4782,1.3320000000000014
4783,1.233000000000002
4784,0.8249999999999997
4785,0.8230000000000015
4786,1.4370000000000025
4787,1.2410000000000008
4788,0.7279999999999995
4789,1.1260000000000017
4790,1.2250000000000014
4791,1.0330000000000008
4792,0.9160000000000015
4793,1.5460000000000012
4794,1.3440000000000014
4795,1.3320000000000014
4796,1.2350000000000017
4797,1.1300000000000014
4798,1.2230000000000019
4799,0.9240000000000002
4800,1.0210000000000017
4801,1.1400000000000015
4802,1.021
4803,0.8229999999999998
4804,0.8310000000000005
4805,0.7200000000000014
4806,1.027000000000002
4807,0.9300000000000006
4808,1.3300000000000016
4809,0.8190000000000006
4810,1.0170000000000017
4811,1.4470000000000025
4812,0.7179999999999999
4813,1.3420000000000014
4814,1.233000000000002
4815,1.1300000000000017
4816,1.229000000000002
4817,1.4470000000000016
4818,1.2370000000000017
4819,1.0210000000000017
4820,1.4250000000000023
4821,0.8250000000000003
4822,1.5300000000000025
4823,1.243000000000002
4824,1.5440000000000018
4825,1.128000000000001
4826,1.4290000000000018
4827,0.9300000000000008
4828,1.528000000000003
4829,1.3300000000000012
4830,1.229000000000002
4831,1.3340000000000019
4832,0.9239999999999999
4833,1.237000000000001
4834,1.1300000000000014
4835,1.0290000000000021
4836,1.5280000000000025
4837,1.334000000000002
4838,1.2250000000000028
4839,1.2370000000000025
4840,1.1300000000000017
4841,1.2410000000000014
4842,1.3260000000000014
4843,1.039000000000001
4844,1.239000000000001
4845,1.1320000000000012
4846,1.1220000000000017
4847,0.9300000000000013
4848,1.1220000000000026
4849,0.9300000000000012
4850,1.215000000000002
4851,1.2230000000000019
4852,1.2290000000000019
4853,1.1260000000000012
4854,1.2370000000000012
4855,1.1320000000000012
4856,1.2250000000000025
4857,0.9200000000000016
4858,1.3380000000000012
4859,1.0330000000000013
4860,0.9200000000000012
4861,1.7460000000000022
4862,1.7380000000000013
4863,1.1280000000000012
4864,1.433000000000002
4865,1.2330000000000012
4866,0.9220000000000009
4867,1.227000000000002
4868,0.9280000000000019
4869,0.8150000000000008
4870,0.9240000000000012
4871,1.5360000000000016
4872,1.3240000000000012
4873,0.934000000000001
4874,1.3320000000000014
4875,1.0190000000000003
4876,1.0330000000000024
4877,1.4310000000000018
4878,1.2170000000000025
4879,1.2350000000000008
4880,1.3380000000000012
4881,1.0229999999999995
4882,1.1400000000000003
4883,1.5320000000000022
4884,0.9220000000000007
4885,1.0310000000000015
4886,1.3340000000000019
4887,0.926000000000001
4888,0.8210000000000005
4889,1.2390000000000014
4890,1.0250000000000017
4891,1.5400000000000014
4892,1.1300000000000012
4893,1.3280000000000016
4894,1.4410000000000018
4895,1.1280000000000021
4896,1.3300000000000023
4897,1.223000000000001
4898,1.2430000000000012
4899,1.4230000000000027
4900,0.8210000000000018
4901,1.3340000000000019
4902,1.4370000000000025
4903,1.1300000000000017
4904,0.8250000000000018
4905,1.334000000000002
4906,1.7380000000000027
4907,1.4390000000000012
4908,1.1200000000000012
4909,0.9300000000000019
4910,1.231000000000001
4911,1.328000000000002
4912,1.744000000000002
4913,0.8230000000000001
4914,1.035000000000001
4915,0.9260000000000009
4916,1.7380000000000013
4917,0.9300000000000008
4918,1.5380000000000025
4919,1.229000000000001
4920,1.1320000000000008
4921,0.9219999999999993
4922,1.0250000000000017
4923,1.4330000000000018
4924,1.330000000000002
4925,1.237000000000001
4926,1.0150000000000017
4927,1.1260000000000017
4928,1.3340000000000023
4929,1.1400000000000017
4930,1.2250000000000025
4931,1.5440000000000018
4932,1.1280000000000012
4933,1.0250000000000028
4934,1.2310000000000008
4935,0.9300000000000014
4936,0.8250000000000008
4937,1.328000000000002
4938,1.2350000000000014
4939,1.1440000000000008
4940,0.9260000000000003
4941,1.736000000000001
4942,1.5360000000000023
4943,1.0310000000000017
4944,1.3360000000000012
4945,1.839000000000002
4946,0.9160000000000003
4947,1.3240000000000018
4948,1.1320000000000017
4949,1.1280000000000014
4950,1.0210000000000008
4951,1.2390000000000017
4952,0.7240000000000008
4953,1.2350000000000012
4954,0.920000000000001
4955,1.0330000000000013
4956,1.128000000000002
4957,1.0350000000000001
4958,0.8210000000000001
4959,1.1340000000000008
4960,1.4270000000000018
4961,1.0210000000000006
4962,0.8230000000000024
4963,1.5360000000000023
4964,1.1220000000000012
4965,1.0210000000000021
4966,1.2310000000000019
4967,1.1200000000000017
4968,1.3520000000000008
4969,1.2310000000000016
4970,1.4470000000000014
4971,1.4350000000000012
4972,1.5360000000000016
4973,1.023000000000001
4974,1.1200000000000012
4975,1.132000000000002
4976,1.3300000000000014
4977,1.124000000000001
4978,0.8209999999999995
4979,1.3320000000000014
4980,1.2330000000000008
4981,1.1340000000000017
4982,1.0290000000000012
4983,1.2330000000000017
4984,1.534000000000002
4985,1.2370000000000017
4986,1.0250000000000026
4987,1.425000000000002
4988,1.1420000000000003
4989,1.2270000000000025
4990,1.4410000000000007
4991,0.8230000000000015
4992,1.2270000000000012
4993,1.3240000000000023
4994,1.3320000000000016
4995,1.2310000000000019
4996,1.033000000000002
4997,1.2270000000000016
4998,1.1320000000000012
4999,1.1320000000000008
5000,1.138000000000002
5001,0.9220000000000026
5002,1.2330000000000028
5003,1.13
5004,1.12
5005,1.2310000000000016
5006,1.2410000000000005
5007,1.4370000000000016
5008,1.1360000000000015
5009,1.5340000000000023
5010,1.0230000000000024
5011,1.334000000000002
5012,0.6209999999999991
5013,1.0310000000000001
5014,1.427000000000003
5015,1.629000000000003
5016,1.124000000000001
5017,1.021000000000001
5018,0.9360000000000016
5019,1.1240000000000012
5020,1.0330000000000008
5021,1.1240000000000017
5022,1.0290000000000001
5023,1.0250000000000017
5024,1.1440000000000015
5025,1.229000000000001
5026,1.6450000000000018
5027,1.2290000000000019
5028,1.1300000000000008
5029,1.3420000000000019
5030,1.2250000000000023
5031,0.9240000000000012
5032,1.4390000000000014
5033,1.1240000000000017
5034,1.037000000000001
5035,1.4350000000000014
5036,1.0270000000000012
5037,1.6470000000000014
5038,1.4350000000000016
5039,1.2310000000000025
5040,1.1280000000000003
5041,0.7239999999999996
5042,1.0250000000000024
5043,1.332000000000002
5044,1.4270000000000025
5045,1.0350000000000008
5046,1.2310000000000016
5047,1.0250000000000006
5048,0.9280000000000009
5049,1.2330000000000012
5050,1.021000000000001
5051,1.3240000000000018
5052,1.3360000000000014
5053,1.5500000000000012
5054,1.3340000000000023
5055,1.1320000000000012
5056,1.3380000000000019
5057,1.1300000000000012
5058,1.338000000000001
5059,1.3360000000000003
5060,1.2310000000000016
5061,1.1300000000000021
5062,1.4310000000000014
5063,1.540000000000002
5064,1.021000000000001
5065,1.7420000000000015
5066,1.1220000000000028
5067,1.641000000000002
5068,1.2350000000000014
5069,1.4350000000000023
5070,1.138000000000002
5071,1.4370000000000016
5072,1.1320000000000023
5073,1.2390000000000019
5074,1.0370000000000013
5075,1.332000000000001
5076,0.6169999999999991
5077,1.1380000000000015
5078,1.1340000000000017
5079,1.6470000000000014
5080,1.0230000000000015
5081,1.3380000000000016
5082,1.4290000000000014
5083,1.3360000000000016
5084,1.1300000000000014
5085,1.3380000000000019
5086,1.3380000000000016
5087,1.027000000000002
5088,1.1300000000000014
5089,0.9480000000000007
5090,1.3380000000000016
5091,1.0330000000000004
5092,1.324000000000002
5093,1.2350000000000008
5094,1.3320000000000027
5095,1.019000000000002
5096,0.9240000000000016
5097,1.5380000000000011
5098,1.4430000000000023
5099,1.4270000000000018
5100,1.1340000000000017
5101,1.3380000000000016
5102,1.2310000000000023
5103,0.9219999999999996
5104,1.031000000000001
5105,1.0210000000000015
5106,1.128000000000001
5107,1.3360000000000025
5108,1.4290000000000014
5109,1.1220000000000019
5110,0.9219999999999997
5111,1.3260000000000014
5112,1.0210000000000006
5113,1.2310000000000016
5114,1.5200000000000022
5115,1.2370000000000012
5116,1.0410000000000013
5117,1.3340000000000019
5118,1.2370000000000019
5119,1.5380000000000025
5120,0.9300000000000006
5121,1.4310000000000023
5122,1.433000000000002
5123,1.237000000000001
5124,1.134000000000002
5125,1.1240000000000003
5126,1.1280000000000012
5127,0.9279999999999998
5128,1.2250000000000014
5129,1.429000000000002
5130,1.225000000000002
5131,1.4330000000000016
5132,1.1260000000000012
5133,1.0370000000000008
5134,1.0290000000000001
5135,1.132000000000002
5136,1.031000000000001
5137,1.132000000000001
5138,1.0250000000000017
5139,1.0230000000000004
5140,1.2310000000000019
5141,1.5320000000000022
5142,1.5360000000000023
5143,1.528000000000002
5144,1.2350000000000008
5145,1.639000000000003
5146,0.726
5147,1.328000000000002
5148,1.3320000000000025
5149,1.6310000000000022
5150,1.0330000000000015
5151,1.4290000000000018
5152,1.4270000000000018
5153,1.2450000000000012
5154,1.0350000000000004
5155,1.138000000000002
5156,1.332000000000002
5157,1.1220000000000012
5158,1.437000000000001
5159,1.635000000000002
5160,1.1260000000000012
5161,1.1260000000000014
5162,0.829000000000001
5163,1.3400000000000012
5164,1.7400000000000027
5165,1.3300000000000023
5166,1.2330000000000012
5167,1.2290000000000014
5168,1.1400000000000015
5169,1.3260000000000012
5170,0.7219999999999991
5171,1.0250000000000008
5172,1.021
5173,1.2350000000000012
5174,0.7179999999999995
5175,0.9320000000000005
5176,1.3400000000000012
5177,0.9220000000000016
5178,1.4290000000000014
5179,1.132000000000001
5180,1.3360000000000016
5181,1.132000000000001
5182,1.1320000000000021
5183,1.1300000000000014
5184,1.322000000000001
5185,1.126000000000001
5186,1.4390000000000032
5187,0.815
5188,1.2290000000000012
5189,1.6530000000000016
5190,1.0350000000000028
5191,1.4350000000000023
5192,1.1240000000000026
5193,0.9239999999999998
5194,1.1180000000000017
5195,1.3360000000000023
5196,1.5460000000000023
5197,1.3260000000000032
5198,1.4410000000000025
5199,1.2210000000000025
5200,0.6109999999999991
5201,1.4290000000000018
5202,1.3360000000000014
5203,1.1180000000000014
5204,0.9240000000000009
5205,1.126000000000002
5206,1.330000000000002
5207,1.037000000000001
5208,1.1200000000000012
5209,1.2330000000000023
5210,1.3440000000000023
5211,1.5340000000000011
5212,1.4390000000000014
5213,1.1260000000000019
5214,1.0350000000000017
5215,1.1220000000000019
5216,0.9260000000000005
5217,1.4370000000000025
5218,1.1280000000000023
5219,1.4450000000000012
5220,1.2270000000000016
5221,1.0310000000000015
5222,1.5380000000000018
5223,1.2230000000000014
5224,1.348000000000001
5225,1.4330000000000025
5226,1.2270000000000028
5227,1.5380000000000018
5228,1.2230000000000023
5229,1.3340000000000023
5230,1.2350000000000012
5231,1.027000000000001
5232,1.1240000000000014
5233,1.540000000000002
5234,1.4370000000000014
5235,1.229000000000003
5236,1.0270000000000008
5237,1.2310000000000019
5238,1.6250000000000027
5239,1.5460000000000012
5240,1.1240000000000026
5241,1.2390000000000008
5242,1.423000000000002
5243,1.1340000000000017
5244,1.1320000000000017
5245,1.2270000000000012
5246,0.9340000000000017
5247,1.5320000000000022
5248,0.9140000000000009
5249,1.2330000000000012
5250,0.8290000000000005
5251,1.2250000000000023
5252,0.8210000000000014
5253,1.219000000000002
5254,1.4330000000000025
5255,1.5280000000000016
5256,1.334000000000002
5257,1.651000000000002
5258,1.1260000000000019
5259,1.6490000000000022
5260,1.3400000000000012
5261,1.534000000000002
5262,1.2310000000000016
5263,1.534000000000001
5264,1.1320000000000028
5265,1.332000000000001
5266,1.5360000000000023
5267,1.435000000000002
5268,1.233000000000002
5269,0.9260000000000019
5270,1.2390000000000012
5271,1.0350000000000008
5272,1.0290000000000006
5273,1.3200000000000032
5274,1.2390000000000014
5275,1.221000000000002
5276,0.7279999999999995
5277,1.027000000000002
5278,1.1260000000000014
5279,1.3420000000000019
5280,1.4350000000000016
5281,1.2350000000000012
5282,1.4370000000000018
5283,1.2230000000000023
5284,1.4410000000000016
5285,1.6430000000000025
5286,1.1260000000000026
5287,1.5320000000000025
5288,1.2230000000000019
5289,1.0250000000000024
5290,1.4390000000000014
5291,1.237000000000001
5292,1.0350000000000015
5293,1.0170000000000008
5294,1.1220000000000012
5295,0.7079999999999997
5296,1.4370000000000016
5297,1.429000000000001
5298,0.7199999999999998
5299,0.8250000000000015
5300,1.1300000000000012
5301,1.2270000000000019
5302,1.223000000000002
5303,1.0190000000000021
5304,1.4390000000000012
5305,1.1300000000000014
5306,1.2330000000000014
5307,1.2270000000000016
5308,1.2370000000000019
5309,1.332000000000001
5310,1.2390000000000017
5311,1.3300000000000005
5312,0.916
5313,0.9260000000000004
5314,1.5320000000000007
5315,1.3340000000000014
5316,0.9280000000000004
5317,1.320000000000002
5318,1.425000000000003
5319,1.021000000000001
5320,1.6370000000000018
5321,1.2350000000000017
5322,1.2330000000000019
5323,1.3260000000000023
5324,1.332000000000001
5325,1.1280000000000012
5326,1.3300000000000016
5327,1.3300000000000016
5328,1.4290000000000018
5329,1.031000000000002
5330,1.330000000000002
5331,1.0270000000000006
5332,1.1360000000000008
5333,1.342000000000002
5334,1.1320000000000017
5335,1.3400000000000014
5336,1.358000000000001
5337,1.1300000000000008
5338,1.027000000000001
5339,1.1240000000000023
5340,1.7420000000000018
5341,1.1260000000000026
5342,1.3300000000000023
5343,1.1260000000000008
5344,1.3360000000000025
5345,1.3360000000000027
5346,1.5400000000000025
5347,1.5320000000000018
5348,1.0250000000000015
5349,1.429000000000003
5350,1.1300000000000017
5351,0.8249999999999996
5352,1.1340000000000023
5353,1.5400000000000018
5354,1.3420000000000014
5355,1.1320000000000021
5356,1.0190000000000017
5357,1.2330000000000012
5358,1.2290000000000012
5359,1.4270000000000023
5360,1.0290000000000012
5361,1.2270000000000016
5362,1.4290000000000014
5363,1.4390000000000014
5364,1.5400000000000023
5365,1.231000000000001
5366,1.231000000000002
5367,1.3300000000000023
5368,1.2230000000000019
5369,1.4410000000000012
5370,1.5380000000000018
5371,1.027000000000002
5372,1.3340000000000014
5373,1.1260000000000017
5374,1.3240000000000025
5375,0.9160000000000025
5376,1.4330000000000018
5377,1.3320000000000014
5378,1.2290000000000019
5379,1.3360000000000019
5380,1.2310000000000016
5381,1.6470000000000014
5382,1.2310000000000023
5383,1.6310000000000031
5384,0.9280000000000007
5385,1.223000000000002
5386,1.2270000000000028
5387,1.5420000000000023
5388,0.8150000000000003
5389,1.0290000000000017
5390,1.2430000000000014
5391,1.2250000000000016
5392,1.1260000000000019
5393,1.2270000000000019
5394,1.6370000000000022
5395,1.6410000000000031
5396,1.334000000000002
5397,1.3340000000000014
5398,1.4390000000000014
5399,1.629000000000002
5400,1.2250000000000014
5401,1.043
5402,1.1340000000000006
5403,1.1240000000000023
5404,1.4230000000000025
5405,1.233000000000001
5406,1.2270000000000016
5407,1.1280000000000021
5408,1.1300000000000014
5409,1.2370000000000012
5410,1.3360000000000019
5411,1.3280000000000018
5412,1.2350000000000017
5413,1.3340000000000019
5414,1.7400000000000013
5415,1.1360000000000015
5416,1.5400000000000018
5417,1.2310000000000025
5418,1.5480000000000018
5419,1.3340000000000012
5420,1.0330000000000017
5421,1.6290000000000022
5422,1.0270000000000017
5423,1.3260000000000016
5424,0.9200000000000004
5425,1.5300000000000014
5426,1.2250000000000023
5427,1.1260000000000014
5428,1.4430000000000018
5429,1.1340000000000012
5430,0.936
5431,1.2290000000000019
5432,1.0250000000000008
5433,1.1280000000000021
5434,1.9480000000000017
5435,1.124
5436,0.616999999999999
5437,1.4410000000000014
5438,0.9280000000000005
5439,1.4330000000000025
5440,1.3400000000000016
5441,1.2290000000000014
5442,0.9300000000000023
5443,1.2290000000000019
5444,1.4270000000000018
5445,1.227000000000002
5446,1.4370000000000016
5447,0.9239999999999996
5448,1.3340000000000023
5449,1.0330000000000013
5450,1.1260000000000014
5451,2.150000000000002
5452,0.6149999999999992
5453,1.4270000000000023
5454,1.1280000000000008
5455,1.4290000000000018
5456,1.324000000000002
5457,1.4370000000000018
5458,1.1340000000000015
5459,1.3340000000000012
5460,1.025000000000002
5461,1.6270000000000022
5462,1.6310000000000022
5463,1.540000000000003
5464,1.0270000000000017
5465,1.1360000000000015
5466,0.9180000000000021
5467,1.332000000000002
5468,1.4290000000000014
5469,1.1240000000000006
5470,1.4310000000000012
5471,1.4450000000000014
5472,1.3320000000000025
5473,1.1400000000000015
5474,1.1280000000000023
5475,1.744000000000002
5476,1.2430000000000005
5477,1.0370000000000021
5478,0.8209999999999996
5479,1.0350000000000008
5480,1.128000000000002
5481,0.8189999999999995
5482,1.225000000000002
5483,1.5220000000000025
5484,1.1340000000000006
5485,1.0250000000000012
5486,1.6430000000000027
5487,1.136000000000002
5488,1.558000000000001
5489,1.3280000000000016
5490,1.534000000000001
5491,1.2350000000000014
5492,1.4370000000000016
5493,1.0350000000000008
5494,1.4270000000000027
5495,1.4370000000000018
5496,1.643000000000002
5497,1.5360000000000023
5498,1.2350000000000012
5499,1.5340000000000016
5500,1.5340000000000011
5501,1.330000000000002
5502,0.8230000000000013
5503,1.2270000000000019
5504,1.9280000000000022
5505,1.3240000000000018
5506,1.1340000000000023
5507,1.7360000000000022
5508,1.538000000000001
5509,1.2250000000000014
5510,1.1280000000000012
5511,1.6390000000000018
5512,1.2430000000000008
5513,1.3360000000000014
5514,0.9240000000000022
5515,1.3360000000000016
5516,1.334000000000002
5517,1.839000000000002
5518,1.6490000000000018
5519,0.9160000000000005
5520,0.8250000000000012
5521,0.7119999999999994
5522,1.1240000000000026
5523,1.633000000000002
5524,1.0270000000000004
5525,1.1380000000000015
5526,1.3420000000000025
5527,1.5280000000000025
5528,1.1340000000000012
5529,1.4390000000000012
5530,1.3280000000000003
5531,1.3260000000000014
5532,1.3200000000000023
5533,1.0230000000000004
5534,1.538000000000002
5535,1.2370000000000019
5536,0.7179999999999999
5537,1.3340000000000012
5538,1.0310000000000017
5539,0.8370000000000016
5540,1.2370000000000005
5541,1.1300000000000017
5542,1.217000000000002
5543,1.2270000000000008
5544,1.2250000000000019
5545,1.1300000000000008
5546,1.3400000000000014
5547,1.841000000000002
5548,0.8130000000000002
5549,1.2290000000000023
5550,0.9220000000000019
5551,1.2350000000000008
5552,1.4310000000000016
5553,1.1360000000000008
5554,1.338000000000001
5555,1.5440000000000014
5556,1.4430000000000012
5557,1.2310000000000008
5558,1.1340000000000015
5559,0.8269999999999995
5560,0.618999999999999
5561,1.0270000000000021
5562,1.4410000000000016
5563,1.0249999999999995
5564,1.3340000000000023
5565,1.1400000000000015
5566,0.8170000000000003
5567,1.4310000000000018
5568,1.5400000000000025
5569,1.0450000000000004
5570,1.330000000000002
5571,1.5260000000000025
5572,1.1280000000000012
5573,1.233000000000001
5574,1.3300000000000023
5575,0.9260000000000005
5576,1.4430000000000016
5577,1.2370000000000005
5578,1.2250000000000014
5579,1.1400000000000003
5580,1.1400000000000008
5581,0.936000000000002
5582,1.425000000000002
5583,1.2430000000000012
5584,1.2250000000000019
5585,0.9260000000000018
5586,1.4350000000000016
5587,1.4330000000000007
5588,1.8430000000000022
5589,1.3280000000000016
5590,1.231000000000001
5591,1.2250000000000023
5592,1.122000000000002
5593,1.1240000000000017
5594,1.463000000000001
5595,0.9360000000000013
5596,1.5400000000000014
5597,1.4290000000000023
5598,1.4370000000000014
5599,1.3360000000000016
5600,1.330000000000002
5601,1.126000000000001
5602,1.4290000000000023
5603,1.3200000000000012
5604,1.5320000000000014
5605,1.0370000000000004
5606,0.9220000000000009
5607,1.6450000000000018
5608,1.437000000000002
5609,1.3300000000000023
5610,1.1280000000000021
5611,0.6149999999999989
5612,1.322000000000003
5613,1.641000000000002
5614,1.3380000000000019
5615,1.2370000000000014
5616,1.3340000000000019
5617,1.5280000000000025
5618,1.340000000000002
5619,1.3360000000000014
5620,1.2310000000000014
5621,1.2310000000000019
5622,1.6470000000000016
5623,1.7460000000000016
5624,1.5340000000000023
5625,1.332000000000002
5626,1.2250000000000023
5627,1.2290000000000019
5628,1.1260000000000017
5629,1.229000000000002
5630,1.1180000000000014
5631,1.0390000000000021
5632,1.2230000000000023
5633,1.1260000000000014
5634,1.2210000000000019
5635,1.225000000000002
5636,1.0230000000000024
5637,1.1200000000000014
5638,1.3300000000000016
5639,1.3300000000000023
5640,1.227000000000001
5641,1.2310000000000019
5642,1.3260000000000023
5643,1.2350000000000017
5644,1.730000000000003
5645,1.1280000000000023
5646,1.3240000000000012
5647,1.530000000000002
5648,0.8169999999999996
5649,1.5360000000000014
5650,1.4410000000000016
5651,0.7140000000000001
5652,1.5420000000000014
5653,1.4350000000000016
5654,1.1180000000000019
5655,0.8109999999999993
5656,1.3320000000000018
5657,1.0269999999999992
5658,1.2350000000000017
5659,1.4410000000000018
5660,1.9380000000000022
5661,1.1260000000000017
5662,1.1220000000000017
5663,1.2370000000000017
5664,1.3340000000000023
5665,1.4330000000000018
5666,1.4310000000000012
5667,1.4470000000000016
5668,1.235000000000002
5669,1.3380000000000027
5670,1.136000000000001
5671,1.4390000000000012
5672,1.2310000000000014
5673,1.2370000000000008
5674,1.2490000000000003
5675,1.8330000000000024
5676,1.332000000000001
5677,1.1200000000000012
5678,1.1300000000000012
5679,1.3420000000000016
5680,1.2310000000000014
5681,1.4290000000000018
5682,1.651000000000002
5683,1.1220000000000026
5684,1.2330000000000023
5685,1.7440000000000018
5686,1.1220000000000028
5687,1.7420000000000022
5688,1.2290000000000014
5689,1.3320000000000016
5690,1.235000000000002
5691,1.3280000000000012
5692,1.7400000000000018
5693,0.8270000000000016
5694,1.3280000000000012
5695,1.2330000000000008
5696,1.136000000000001
5697,1.1300000000000006
5698,1.1300000000000017
5699,1.017000000000002
5700,1.1340000000000021
5701,1.3420000000000014
5702,0.8230000000000007
5703,1.4330000000000012
5704,1.3380000000000012
5705,1.2390000000000014
5706,1.5280000000000027
5707,1.4390000000000018
5708,1.031000000000001
5709,1.639000000000001
5710,1.5280000000000018
5711,1.536000000000002
5712,1.5420000000000023
5713,0.9220000000000017
5714,1.5420000000000016
5715,1.9460000000000022
5716,1.2330000000000019
5717,1.0390000000000006
5718,1.1280000000000023
5719,1.2210000000000008
5720,1.1260000000000014
5721,1.3300000000000016
5722,1.0290000000000012
5723,1.3360000000000025
5724,0.9300000000000008
5725,1.6430000000000027
5726,1.0370000000000017
5727,1.0230000000000012
5728,1.4390000000000012
5729,1.231000000000002
5730,1.2350000000000023
5731,0.9280000000000015
5732,1.2450000000000017
5733,1.5260000000000025
5734,1.1320000000000017
5735,1.2310000000000025
5736,1.6390000000000018
5737,1.3300000000000025
5738,1.1240000000000017
5739,1.2250000000000019
5740,1.322000000000003
5741,1.2270000000000019
5742,1.3340000000000014
5743,1.2390000000000019
5744,1.023000000000002
5745,1.3260000000000018
5746,1.5460000000000023
5747,1.3360000000000016
5748,0.9200000000000006
5749,1.6370000000000016
5750,1.8390000000000017
5751,1.3320000000000027
5752,1.027000000000002
5753,1.4370000000000018
5754,1.239000000000001
5755,1.1440000000000015
5756,1.2270000000000016
5757,1.5380000000000018
5758,1.027000000000002
5759,1.4250000000000023
5760,1.4350000000000016
5761,1.1280000000000001
5762,1.3320000000000018
5763,1.5280000000000018
5764,1.439000000000003
5765,0.922000000000001
5766,1.5480000000000018
5767,1.5420000000000025
5768,1.0310000000000006
5769,1.3280000000000027
5770,1.1300000000000017
5771,1.5360000000000027
5772,1.7340000000000027
5773,1.3340000000000014
5774,1.4350000000000025
5775,1.0190000000000012
5776,1.5360000000000014
5777,1.2250000000000028
5778,1.5420000000000018
5779,1.033000000000001
5780,1.334000000000002
5781,1.231000000000001
5782,1.231000000000002
5783,1.5500000000000012
5784,1.439000000000002
5785,1.536000000000002
5786,1.1340000000000017
5787,1.243000000000002
5788,1.5220000000000022
5789,1.538000000000002
5790,1.4270000000000018
5791,1.1420000000000012
5792,1.3360000000000023
5793,1.4430000000000018
5794,1.7460000000000022
5795,1.631000000000002
5796,1.223000000000002
5797,1.7320000000000033
5798,1.237000000000001
5799,1.5400000000000018
5800,1.4310000000000023
5801,1.0350000000000008
5802,1.0250000000000017
5803,1.2290000000000019
5804,1.2250000000000012
5805,1.5320000000000025
5806,1.1360000000000021
5807,1.235000000000002
5808,1.7340000000000018
5809,1.3440000000000012
5810,1.439000000000001
5811,1.5320000000000016
5812,1.2270000000000019
5813,1.235000000000001
5814,1.2370000000000014
5815,1.2290000000000014
5816,1.1280000000000021
5817,1.4330000000000016
5818,1.8350000000000017
5819,1.6550000000000005
5820,1.029000000000001
5821,1.235000000000002
5822,1.4270000000000014
5823,1.2290000000000019
5824,1.4310000000000018
5825,1.6330000000000016
5826,1.1180000000000019
5827,1.2270000000000019
5828,1.4350000000000016
5829,1.3440000000000012
5830,1.5420000000000023
5831,1.2290000000000019
5832,1.231000000000001
5833,0.7139999999999992
5834,1.0290000000000012
5835,1.328000000000002
5836,1.4330000000000018
5837,1.538000000000003
5838,1.3320000000000016
5839,1.0270000000000024
5840,1.221000000000001
5841,1.1200000000000017
5842,1.2250000000000016
5843,1.3360000000000007
5844,1.0290000000000017
5845,1.1240000000000017
5846,1.2370000000000019
5847,1.1260000000000008
5848,1.229000000000001
5849,1.130000000000002
5850,1.223000000000002
5851,1.2290000000000023
5852,1.7380000000000015
5853,1.2290000000000012
5854,0.9280000000000009
5855,0.821000000000002
5856,1.835000000000002
5857,1.338000000000002
5858,1.0250000000000004
5859,1.5380000000000011
5860,0.8249999999999994
5861,1.0330000000000006
5862,1.0270000000000015
5863,1.3300000000000025
5864,1.2390000000000003
5865,1.2390000000000014
5866,1.1400000000000006
5867,1.2230000000000016
5868,1.4270000000000023
5869,1.5400000000000018
5870,1.1360000000000017
5871,1.0250000000000008
5872,1.6490000000000011
5873,1.134000000000001
5874,1.8410000000000017
5875,1.4350000000000012
5876,1.0170000000000012
5877,1.5320000000000022
5878,1.5320000000000022
5879,1.6350000000000013
5880,1.4390000000000014
5881,1.330000000000002
5882,1.7360000000000022
5883,1.332000000000002
5884,1.136000000000002
5885,1.4370000000000025
5886,1.1320000000000017
5887,1.3260000000000018
5888,1.3360000000000016
5889,1.1220000000000026
5890,1.4310000000000032
5891,1.4270000000000018
5892,1.6390000000000018
5893,1.3400000000000012
5894,1.6470000000000025
5895,1.4290000000000018
5896,1.4290000000000014
5897,1.2230000000000012
5898,1.1300000000000014
5899,1.4350000000000012
5900,1.3400000000000014
5901,1.2330000000000019
5902,1.6310000000000031
5903,1.6470000000000011
5904,1.332000000000002
5905,1.1440000000000021
5906,1.538000000000002
5907,1.3360000000000025
5908,1.4330000000000012
5909,0.7239999999999993
5910,1.2350000000000019
5911,1.344000000000001
5912,1.5360000000000014
5913,1.134000000000001
5914,1.029000000000002
5915,1.5340000000000023
5916,1.5300000000000018
5917,1.2350000000000023
5918,1.439000000000002
5919,1.3440000000000023
5920,1.340000000000002
5921,1.5440000000000023
5922,1.4430000000000018
5923,1.3400000000000014
5924,1.1260000000000019
5925,0.9320000000000012
5926,1.4290000000000018
5927,1.2410000000000003
5928,1.7380000000000027
5929,1.1240000000000017
5930,1.0350000000000001
5931,1.1380000000000015
5932,1.6310000000000013
5933,0.9220000000000013
5934,1.2330000000000014
5935,1.4270000000000025
5936,1.4350000000000012
5937,1.0310000000000006
5938,1.2230000000000016
5939,1.5360000000000023
5940,1.7480000000000018
5941,1.4350000000000014
5942,1.330000000000002
5943,1.4470000000000018
5944,1.124000000000002
5945,0.9240000000000009
5946,1.4330000000000025
5947,1.3320000000000018
5948,1.3360000000000014
5949,1.437000000000001
5950,0.8189999999999996
5951,1.3360000000000016
5952,1.7440000000000018
5953,1.1280000000000012
5954,0.829
5955,1.4390000000000014
5956,1.6490000000000018
5957,1.2250000000000012
5958,1.138000000000001
5959,1.8510000000000013
5960,1.1260000000000014
5961,1.330000000000002
5962,1.734000000000002
5963,1.3360000000000012
5964,0.9220000000000016
5965,1.227000000000002
5966,1.5300000000000014
5967,1.0210000000000026
5968,1.2230000000000023
5969,1.1420000000000003
5970,1.5340000000000011
5971,1.229000000000002
5972,1.5320000000000016
5973,1.1340000000000021
5974,1.3280000000000023
5975,1.2290000000000012
5976,1.332000000000002
5977,1.6390000000000018
5978,1.5360000000000016
5979,1.4390000000000023
5980,1.2250000000000019
5981,1.3360000000000016
5982,1.2270000000000025
5983,1.3420000000000019
5984,1.2310000000000014
5985,1.2330000000000014
5986,1.2290000000000014
5987,1.3260000000000014
5988,1.4270000000000018
5989,1.2330000000000012
5990,1.1340000000000012
5991,1.3300000000000014
5992,1.4350000000000016
5993,1.239000000000002
5994,1.7260000000000029
5995,1.2170000000000025
5996,1.3400000000000016
5997,1.6270000000000027
5998,1.128000000000001
5999,1.3300000000000014
6000,1.534000000000002
6001,1.0290000000000012
6002,1.4350000000000023
6003,1.7400000000000022
6004,1.4350000000000025
6005,0.8230000000000004
6006,1.536000000000002
6007,1.6410000000000013
6008,1.3300000000000023
6009,1.5360000000000011
6010,1.3320000000000018
6011,1.5320000000000016
6012,1.5400000000000011
6013,1.223000000000002
6014,1.3280000000000023
6015,1.3260000000000018
6016,1.4370000000000027
6017,0.9420000000000013
6018,1.3320000000000025
6019,1.1280000000000008
6020,1.2250000000000014
6021,1.2370000000000017
6022,1.124000000000002
6023,1.3380000000000007
6024,1.4330000000000012
6025,1.233000000000001
6026,0.9200000000000018
6027,1.126000000000002
6028,1.229000000000002
6029,1.2350000000000017
6030,1.1240000000000019
6031,1.334000000000001
6032,1.5400000000000011
6033,0.9200000000000014
6034,1.6370000000000018
6035,1.4350000000000014
6036,1.3300000000000016
6037,1.9540000000000013
6038,1.2270000000000012
6039,1.3280000000000023
6040,1.5340000000000018
6041,1.4470000000000014
6042,1.7420000000000018
6043,1.3460000000000019
6044,1.2330000000000019
6045,1.4350000000000023
6046,1.4310000000000018
6047,1.1240000000000014
6048,1.2330000000000014
6049,1.6430000000000013
6050,1.2350000000000017
6051,1.4290000000000027
6052,1.3400000000000025
6053,1.1220000000000019
6054,1.1340000000000021
6055,1.5340000000000027
6056,1.3200000000000014
6057,1.4370000000000018
6058,1.1300000000000023
6059,1.3440000000000019
6060,0.9279999999999998
6061,1.332000000000002
6062,1.2370000000000028
6063,1.2350000000000019
6064,1.0250000000000015
6065,1.021000000000002
6066,0.9240000000000004
6067,1.3320000000000016
6068,1.1300000000000008
6069,1.1280000000000014
6070,1.2350000000000023
6071,1.4250000000000016
6072,1.3280000000000012
6073,1.3220000000000016
6074,1.229000000000003
6075,1.130000000000002
6076,1.2290000000000014
6077,1.1340000000000012
6078,1.5380000000000011
6079,1.0270000000000017
6080,1.328000000000002
6081,1.2310000000000012
6082,1.3260000000000025
6083,1.3500000000000014
6084,1.2230000000000023
6085,1.4470000000000018
6086,1.3300000000000023
6087,1.3260000000000023
6088,0.9220000000000016
6089,1.1300000000000012
6090,1.2410000000000019
6091,1.025000000000001
6092,1.2250000000000014
6093,1.7340000000000018
6094,1.7400000000000018
6095,0.9200000000000003
6096,1.5420000000000007
6097,1.130000000000002
6098,1.419000000000003
6099,1.3420000000000025
6100,1.1260000000000014
6101,1.330000000000002
6102,1.124000000000002
6103,1.633000000000002
6104,1.6310000000000024
6105,1.229000000000003
6106,1.338000000000002
6107,1.130000000000001
6108,1.2390000000000017
6109,1.0330000000000006
6110,1.1280000000000028
6111,1.1160000000000017
6112,1.4390000000000007
6113,1.9440000000000013
6114,1.1300000000000012
6115,1.231000000000002
6116,1.124000000000002
6117,1.0290000000000017
6118,1.4410000000000014
6119,1.4430000000000012
6120,1.2350000000000014
6121,1.5420000000000016
6122,1.3340000000000019
6123,1.2210000000000016
6124,1.0310000000000008
6125,1.2230000000000016
6126,1.332000000000002
6127,1.2390000000000023
6128,1.6470000000000011
6129,1.2410000000000017
6130,1.0290000000000015
6131,1.118000000000002
6132,1.4350000000000016
6133,1.4310000000000018
6134,1.6370000000000022
6135,1.5400000000000025
6136,1.4290000000000018
6137,1.5300000000000025
6138,1.4430000000000023
6139,1.538000000000002
6140,1.132000000000001
6141,1.7380000000000024
6142,1.3360000000000023
6143,1.6310000000000022
6144,1.5320000000000022
6145,1.540000000000002
6146,1.1240000000000017
6147,1.2290000000000012
6148,1.2310000000000003
6149,1.1300000000000014
6150,1.1200000000000017
6151,1.3240000000000023
6152,1.7380000000000018
6153,1.4490000000000014
6154,0.9260000000000006
6155,1.4450000000000014
6156,1.1420000000000017
6157,1.4290000000000023
6158,1.0450000000000015
6159,2.0530000000000017
6160,1.4290000000000027
6161,1.2230000000000014
6162,1.4310000000000014
6163,1.1220000000000008
6164,0.9260000000000023
6165,1.2250000000000012
6166,1.4430000000000023
6167,1.7380000000000015
6168,1.233000000000001
6169,1.5440000000000018
6170,1.3240000000000025
6171,1.3280000000000018
6172,1.0270000000000017
6173,0.9220000000000013
6174,1.534000000000001
6175,1.031000000000001
6176,1.437000000000002
6177,1.0290000000000008
6178,1.1220000000000019
6179,1.124000000000001
6180,1.3260000000000018
6181,1.4370000000000016
6182,1.324000000000002
6183,1.433000000000001
6184,1.0190000000000017
6185,1.2230000000000019
6186,1.5260000000000022
6187,1.6470000000000022
6188,1.2190000000000023
6189,1.7380000000000027
6190,1.1280000000000012
6191,1.7480000000000016
6192,1.530000000000002
6193,1.2210000000000016
6194,1.4410000000000012
6195,1.4270000000000025
6196,1.6390000000000022
6197,1.3360000000000012
6198,1.6370000000000022
6199,1.1320000000000017
6200,1.4310000000000025
6201,1.3300000000000025
6202,1.332000000000002
6203,1.1220000000000019
6204,1.324000000000002
6205,1.1200000000000014
6206,0.920000000000002
6207,1.7400000000000018
6208,1.1280000000000003
6209,1.328000000000002
6210,1.3300000000000012
6211,1.3320000000000014
6212,1.5320000000000018
6213,1.3360000000000012
6214,1.1240000000000006
6215,1.2350000000000017
6216,1.2250000000000016
6217,1.2210000000000016
6218,1.4330000000000025
6219,1.3260000000000023
6220,1.6330000000000018
6221,1.439000000000002
6222,1.6390000000000016
6223,1.1320000000000014
6224,1.2210000000000019
6225,1.3340000000000019
6226,1.5380000000000016
6227,1.4290000000000014
6228,1.435000000000001
6229,1.4330000000000016
6230,1.5480000000000005
6231,1.5340000000000016
6232,1.4230000000000025
6233,1.239000000000002
6234,1.2350000000000014
6235,1.027000000000001
6236,1.6430000000000013
6237,1.033
6238,1.4450000000000014
6239,1.2310000000000019
6240,1.3200000000000012
6241,1.3360000000000019
6242,1.3360000000000019
6243,1.6430000000000018
6244,1.2370000000000025
6245,1.2190000000000025
6246,1.132000000000001
6247,1.2230000000000028
6248,1.7500000000000022
6249,1.328000000000002
6250,1.9440000000000017
6251,1.9420000000000022
6252,1.1240000000000017
6253,1.530000000000002
6254,1.338000000000002
6255,1.0190000000000003
6256,1.3320000000000018
6257,1.3280000000000018
6258,1.0270000000000008
6259,1.1240000000000006
6260,1.7400000000000027
6261,1.4430000000000012
6262,1.3300000000000014
6263,1.1320000000000001
6264,1.7340000000000027
6265,1.3320000000000016
6266,1.2250000000000012
6267,1.8430000000000024
6268,1.4310000000000018
6269,1.4390000000000014
6270,1.2190000000000014
6271,1.3280000000000007
6272,1.544000000000001
6273,1.3300000000000014
6274,1.2230000000000028
6275,1.538000000000002
6276,1.2270000000000019
6277,1.0250000000000015
6278,1.338000000000002
6279,1.4350000000000012
6280,1.528000000000003
6281,1.4350000000000014
6282,1.4230000000000025
6283,1.4350000000000005
6284,1.3420000000000016
6285,1.4350000000000023
6286,2.0510000000000015
6287,1.2250000000000016
6288,1.4350000000000016
6289,1.4250000000000023
6290,1.4390000000000023
6291,1.2290000000000019
6292,1.5480000000000016
6293,1.4270000000000025
6294,1.1280000000000012
6295,1.2330000000000014
6296,1.4250000000000025
6297,1.229000000000002
6298,0.8150000000000003
6299,1.328000000000002
6300,0.9240000000000006
6301,1.0270000000000008
6302,1.1340000000000015
6303,1.1280000000000014
6304,1.429000000000002
6305,1.5460000000000025
6306,1.7360000000000015
6307,1.3420000000000016
6308,1.8390000000000024
6309,1.3320000000000016
6310,1.7460000000000016
6311,1.0250000000000008
6312,1.330000000000002
6313,1.6430000000000016
6314,1.7440000000000018
6315,1.5360000000000016
6316,1.5480000000000012
6317,1.5420000000000016
6318,1.4290000000000018
6319,1.3360000000000012
6320,1.2250000000000016
6321,1.3320000000000014
6322,1.8350000000000022
6323,1.3340000000000019
6324,1.1280000000000017
6325,1.639000000000002
6326,0.9280000000000007
6327,1.4350000000000016
6328,1.5280000000000027
6329,1.534000000000002
6330,1.649000000000002
6331,1.2230000000000003
6332,1.5320000000000022
6333,1.3400000000000005
6334,1.2290000000000023
6335,1.0270000000000008
6336,1.0210000000000024
6337,1.4310000000000023
6338,1.3240000000000014
6339,1.2190000000000019
6340,1.3260000000000016
6341,1.3300000000000016
6342,1.4390000000000018
6343,1.2330000000000019
6344,1.3400000000000007
6345,1.7360000000000013
6346,1.429000000000002
6347,1.528000000000002
6348,1.6370000000000022
6349,1.2290000000000023
6350,1.641000000000002
6351,1.330000000000002
6352,1.536000000000002
6353,1.2290000000000019
6354,1.227000000000002
6355,1.4230000000000025
6356,1.5380000000000016
6357,1.3340000000000019
6358,1.3240000000000023
6359,1.3300000000000023
6360,1.4450000000000014
6361,1.4330000000000012
6362,1.6430000000000016
6363,1.6370000000000022
6364,1.6370000000000027
6365,1.5380000000000016
6366,1.3240000000000018
6367,1.5300000000000014
6368,1.2350000000000014
6369,1.3280000000000027
6370,1.5320000000000027
6371,0.9260000000000008
6372,1.5360000000000023
6373,1.5340000000000023
6374,1.5360000000000025
6375,1.530000000000003
6376,1.231000000000001
6377,1.3220000000000016
6378,1.5380000000000016
6379,1.2250000000000019
6380,1.227000000000001
6381,1.4310000000000016
6382,1.1280000000000014
6383,1.425000000000003
6384,1.851000000000001
6385,1.2230000000000019
6386,1.4330000000000018
6387,1.2410000000000008
6388,1.4430000000000016
6389,1.2310000000000019
6390,0.9160000000000025
6391,1.4310000000000023
6392,1.4330000000000016
6393,1.324000000000003
6394,1.643000000000002
6395,1.7380000000000018
6396,1.433000000000002
6397,1.1400000000000006
6398,1.2270000000000016
6399,1.9520000000000013
6400,1.3300000000000016
6401,1.4370000000000014
6402,1.4310000000000016
6403,1.2250000000000012
6404,1.5340000000000018
6405,1.225000000000002
6406,1.5420000000000018
6407,1.2370000000000017
6408,1.3460000000000005
6409,1.4390000000000012
6410,1.2350000000000019
6411,1.324000000000002
6412,1.2310000000000016
6413,1.6370000000000022
6414,1.229000000000001
6415,1.3380000000000012
6416,1.3340000000000014
6417,1.2230000000000016
6418,1.136000000000001
6419,1.3340000000000012
6420,1.6350000000000025
6421,1.334000000000002
6422,1.2310000000000019
6423,1.2430000000000014
6424,1.3260000000000025
6425,1.631000000000003
6426,1.2250000000000008
6427,1.433000000000001
6428,1.3220000000000025
6429,1.3420000000000014
6430,1.5360000000000025
6431,1.439000000000002
6432,1.0250000000000015
6433,1.6410000000000022
6434,1.3360000000000014
6435,1.4550000000000016
6436,1.3420000000000014
6437,1.4290000000000027
6438,1.9420000000000024
6439,1.5400000000000025
6440,0.920000000000001
6441,1.1340000000000015
6442,1.5340000000000011
6443,1.023000000000001
6444,1.1320000000000017
6445,1.0270000000000008
6446,1.328000000000002
6447,0.9139999999999999
6448,1.239000000000002
6449,1.732000000000002
6450,1.635000000000002
6451,1.5480000000000012
6452,1.5460000000000014
6453,1.225000000000002
6454,1.5280000000000016
6455,1.6350000000000013
6456,1.6290000000000027
6457,1.124000000000003
6458,1.5360000000000014
6459,1.235000000000002
6460,1.433000000000001
6461,1.2350000000000003
6462,0.9240000000000014
6463,1.643000000000001
6464,1.225000000000002
6465,1.6230000000000027
6466,1.8470000000000013
6467,1.439000000000002
6468,1.5500000000000012
6469,1.223000000000001
6470,1.0210000000000017
6471,1.5400000000000014
6472,1.2350000000000017
6473,1.6290000000000018
6474,1.3340000000000014
6475,1.3360000000000019
6476,1.5340000000000023
6477,1.3380000000000019
6478,1.4250000000000023
6479,1.2370000000000025
6480,1.5420000000000023
6481,1.7380000000000018
6482,1.6370000000000016
6483,1.5420000000000014
6484,1.5340000000000027
6485,1.3280000000000023
6486,1.2410000000000019
6487,1.126000000000001
6488,1.4310000000000018
6489,1.2310000000000014
6490,1.6370000000000018
6491,1.4270000000000018
6492,1.1240000000000006
6493,1.6350000000000011
6494,1.3220000000000018
6495,1.332000000000001
6496,1.2310000000000008
6497,1.4350000000000005
6498,1.8450000000000022
6499,1.4230000000000016
6500,1.1300000000000021
6501,1.330000000000002
6502,1.6430000000000013
6503,1.1220000000000023
6504,1.5440000000000014
6505,1.1300000000000012
6506,1.5400000000000011
6507,1.227000000000002
6508,1.528000000000002
6509,1.324000000000002
6510,1.8310000000000024
6511,1.2230000000000028
6512,1.4370000000000014
6513,1.6310000000000013
6514,1.3300000000000023
6515,1.2230000000000019
6516,2.142000000000002
6517,1.2270000000000012
6518,1.5380000000000016
6519,0.8190000000000004
6520,1.4330000000000027
6521,1.538000000000002
6522,1.6410000000000022
6523,1.5300000000000025
6524,1.2310000000000016
6525,1.340000000000002
6526,1.4290000000000018
6527,1.536000000000002
6528,1.1299999999999997
6529,1.4250000000000025
6530,1.328000000000001
6531,1.1380000000000015
6532,1.6410000000000011
6533,1.1260000000000014
6534,1.4450000000000005
6535,1.5360000000000023
6536,1.3380000000000007
6537,1.2290000000000019
6538,1.229000000000002
6539,1.3400000000000012
6540,1.5400000000000023
6541,1.2210000000000016
6542,1.5360000000000014
6543,1.3500000000000025
6544,1.433000000000002
6545,1.2330000000000019
6546,1.1260000000000014
6547,1.0290000000000012
6548,1.3320000000000018
6549,1.0229999999999997
6550,1.4370000000000025
6551,1.4310000000000027
6552,1.6330000000000016
6553,1.7380000000000018
6554,1.0290000000000001
6555,1.3320000000000025
6556,2.041000000000002
6557,1.2170000000000012
6558,1.3300000000000027
6559,1.5400000000000018
6560,1.7500000000000013
6561,1.328000000000002
6562,1.5380000000000016
6563,1.4290000000000018
6564,1.3320000000000016
6565,0.9300000000000008
6566,1.0250000000000012
6567,0.9219999999999996
6568,1.5420000000000023
6569,1.4350000000000012
6570,1.5220000000000018
6571,1.0250000000000004
6572,1.4290000000000018
6573,1.429000000000002
6574,1.6430000000000016
6575,1.2270000000000023
6576,1.332000000000002
6577,1.324000000000001
6578,1.3300000000000012
6579,1.0150000000000015
6580,1.6610000000000011
6581,1.2270000000000019
6582,1.443000000000002
6583,1.4310000000000018
6584,1.3260000000000012
6585,1.643000000000001
6586,1.6470000000000022
6587,1.8350000000000029
6588,1.4330000000000025
6589,1.1240000000000014
6590,1.4410000000000014
6591,1.322000000000002
6592,1.2310000000000014
6593,1.5400000000000023
6594,1.2270000000000008
6595,1.3300000000000016
6596,1.5300000000000022
6597,1.1320000000000017
6598,1.5360000000000014
6599,1.0270000000000017
6600,1.6270000000000016
6601,1.027000000000001
6602,1.124000000000002
6603,1.5380000000000018
6604,1.6370000000000018
6605,1.1240000000000017
6606,1.2410000000000005
6607,1.3340000000000012
6608,1.237000000000002
6609,1.5460000000000016
6610,1.4270000000000018
6611,0.9180000000000013
6612,1.3320000000000018
6613,1.132000000000002
6614,1.831000000000003
6615,1.6370000000000027
6616,1.2270000000000025
6617,1.425000000000002
6618,1.5400000000000023
6619,1.6410000000000025
6620,1.3200000000000023
6621,1.1320000000000017
6622,1.5320000000000027
6623,1.116000000000003
6624,1.4310000000000023
6625,1.2250000000000014
6626,1.1220000000000026
6627,1.3240000000000018
6628,1.233000000000002
6629,1.136000000000001
6630,1.4330000000000025
6631,1.227000000000002
6632,1.332000000000002
6633,1.6350000000000025
6634,1.5320000000000016
6635,1.5420000000000016
6636,1.0390000000000017
6637,1.2210000000000016
6638,1.7360000000000024
6639,1.2210000000000027
6640,1.7300000000000026
6641,1.7220000000000026
6642,1.6530000000000014
6643,1.4370000000000018
6644,1.1180000000000019
6645,1.7500000000000022
6646,1.641000000000002
6647,1.4430000000000018
6648,1.1240000000000014
6649,1.225000000000001
6650,1.2230000000000028
6651,1.740000000000002
6652,1.4410000000000018
6653,1.5380000000000018
6654,1.5300000000000014
6655,1.225000000000002
6656,1.2330000000000019
6657,1.5320000000000025
6658,1.6330000000000027
6659,1.223000000000002
6660,1.4250000000000025
6661,1.5260000000000025
6662,1.1280000000000008
6663,1.0270000000000012
6664,1.631000000000002
6665,1.5260000000000022
6666,1.4530000000000007
6667,1.037000000000001
6668,1.5300000000000014
6669,1.225000000000002
6670,1.2290000000000023
6671,1.342000000000001
6672,1.5360000000000014
6673,1.631000000000002
6674,1.1240000000000026
6675,1.5520000000000025
6676,1.4350000000000014
6677,1.3320000000000025
6678,1.5340000000000018
6679,1.4290000000000018
6680,1.6470000000000018
6681,1.5280000000000016
6682,1.4330000000000016
6683,1.0250000000000024
6684,1.8470000000000013
6685,1.4250000000000016
6686,1.5380000000000025
6687,1.2330000000000008
6688,1.5440000000000018
6689,1.334000000000001
6690,1.1320000000000012
6691,1.643000000000003
6692,1.538000000000001
6693,1.0250000000000008
6694,1.4270000000000027
6695,1.639000000000002
6696,1.433000000000001
6697,1.2210000000000025
6698,1.2250000000000016
6699,1.1300000000000017
6700,1.4430000000000016
6701,1.2330000000000019
6702,1.427000000000003
6703,1.2310000000000014
6704,1.247
6705,1.5440000000000011
6706,1.229
6707,1.740000000000002
6708,1.229000000000002
6709,1.338000000000002
6710,1.126000000000003
6711,1.6330000000000027
6712,1.2230000000000025
6713,1.4270000000000018
6714,1.332000000000001
6715,1.3240000000000023
6716,1.6530000000000014
6717,1.1160000000000023
6718,1.423000000000002
6719,1.1260000000000014
6720,1.017000000000002
6721,1.3340000000000023
6722,1.439000000000002
6723,1.4410000000000012
6724,1.2310000000000023
6725,0.9180000000000027
6726,1.1340000000000017
6727,1.5440000000000027
6728,1.433000000000002
6729,1.2290000000000019
6730,1.334000000000002
6731,1.231000000000001
6732,1.6430000000000018
6733,1.4330000000000016
6734,1.524000000000003
6735,1.3360000000000019
6736,1.136000000000001
6737,0.912
6738,1.4370000000000018
6739,1.1260000000000012
6740,1.136000000000002
6741,1.8310000000000017
6742,2.0530000000000017
6743,1.3340000000000014
6744,1.021000000000002
6745,1.2250000000000008
6746,1.4310000000000027
6747,1.6410000000000016
6748,1.4270000000000018
6749,1.3220000000000014
6750,1.3200000000000025
6751,1.534000000000002
6752,1.3320000000000018
6753,1.4370000000000014
6754,1.3320000000000018
6755,1.3300000000000014
6756,1.0310000000000021
6757,1.4430000000000018
6758,1.5240000000000022
6759,1.126000000000001
6760,1.3360000000000005
6761,1.2310000000000023
6762,1.3260000000000032
6763,1.5320000000000025
6764,1.651000000000002
6765,1.2270000000000014
6766,1.4270000000000023
6767,1.6530000000000018
6768,1.4330000000000018
6769,1.641000000000002
6770,1.231000000000001
6771,1.5440000000000011
6772,1.1240000000000017
6773,1.3240000000000018
6774,1.8510000000000013
6775,1.2230000000000019
6776,1.4310000000000016
6777,1.2270000000000025
6778,1.5260000000000011
6779,1.639000000000002
6780,1.445000000000001
6781,1.2230000000000016
6782,1.6430000000000025
6783,1.4310000000000027
6784,1.1360000000000006
6785,1.1320000000000006
6786,1.429000000000002
6787,1.223000000000002
6788,1.2310000000000014
6789,1.5440000000000018
6790,1.5400000000000023
6791,1.4310000000000018
6792,1.126000000000001
6793,1.3360000000000025
6794,1.3340000000000023
6795,1.4310000000000025
6796,1.8430000000000022
6797,1.4370000000000018
6798,1.5340000000000018
6799,1.2130000000000019
6800,1.138000000000002
6801,1.0270000000000017
6802,1.4470000000000018
6803,1.635000000000003
6804,1.4390000000000018
6805,1.5420000000000014
6806,1.4350000000000023
6807,1.3340000000000025
6808,1.4370000000000018
6809,1.3240000000000023
6810,1.6330000000000016
6811,1.5400000000000014
6812,1.8490000000000018
6813,1.3260000000000007
6814,1.1360000000000008
6815,1.3360000000000007
6816,1.6330000000000024
6817,1.6370000000000018
6818,1.132000000000001
6819,1.2310000000000014
6820,1.3400000000000023
6821,1.1240000000000017
6822,1.1460000000000012
6823,1.5400000000000018
6824,1.6390000000000018
6825,1.2430000000000019
6826,1.219000000000001
6827,1.4310000000000025
6828,1.3380000000000012
6829,1.437000000000002
6830,1.3360000000000012
6831,1.227000000000002
6832,1.237000000000001
6833,1.4350000000000025
6834,1.0270000000000021
6835,1.429000000000002
6836,1.4370000000000016
6837,1.6330000000000024
6838,1.5360000000000025
6839,1.6490000000000018
6840,1.5420000000000023
6841,1.225000000000002
6842,1.3380000000000012
6843,1.3340000000000019
6844,1.4370000000000016
6845,1.2290000000000014
6846,1.7300000000000029
6847,1.5420000000000016
6848,1.6410000000000025
6849,1.5440000000000011
6850,1.4330000000000016
6851,1.5220000000000022
6852,1.3440000000000014
6853,1.0350000000000008
6854,1.5360000000000023
6855,1.126000000000002
6856,1.2310000000000014
6857,1.3220000000000018
6858,1.4350000000000023
6859,1.5320000000000018
6860,1.2330000000000014
6861,1.544000000000002
6862,1.528000000000002
6863,1.3320000000000018
6864,1.540000000000002
6865,1.225000000000002
6866,1.4290000000000014
6867,1.0330000000000024
6868,1.122000000000002
6869,1.7380000000000018
6870,1.1360000000000006
6871,1.4430000000000007
6872,1.425000000000002
6873,1.6490000000000011
6874,1.5420000000000016
6875,1.2290000000000025
6876,1.2370000000000012
6877,1.740000000000002
6878,1.3340000000000023
6879,1.5500000000000012
6880,1.4310000000000018
6881,1.4290000000000014
6882,1.5400000000000023
6883,1.7220000000000035
6884,1.2350000000000017
6885,1.5380000000000018
6886,1.4170000000000018
6887,1.3360000000000023
6888,1.3360000000000023
6889,1.6330000000000024
6890,0.9260000000000008
6891,1.3200000000000023
6892,1.324000000000001
6893,1.0270000000000012
6894,1.0230000000000012
6895,1.3320000000000025
6896,1.6390000000000011
6897,1.3380000000000012
6898,1.1240000000000014
6899,1.7440000000000024
6900,1.3340000000000025
6901,1.4370000000000018
6902,1.2310000000000016
6903,1.5380000000000011
6904,1.645000000000002
6905,1.4330000000000012
6906,1.1300000000000017
6907,2.0510000000000024
6908,1.7380000000000027
6909,1.2230000000000019
6910,1.744000000000002
6911,1.3260000000000025
6912,1.6490000000000011
6913,1.4370000000000014
6914,1.2470000000000017
6915,1.2250000000000032
6916,1.5320000000000018
6917,1.5380000000000018
6918,1.122000000000001
6919,1.2410000000000019
6920,1.6390000000000016
6921,1.6330000000000018
6922,1.2370000000000017
6923,1.3240000000000025
6924,1.4450000000000016
6925,1.5280000000000018
6926,1.645000000000002
6927,1.3320000000000018
6928,1.7380000000000024
6929,1.3280000000000027
6930,1.948000000000001
6931,1.1300000000000014
6932,1.4230000000000018
6933,1.5460000000000014
6934,1.229000000000002
6935,1.5340000000000027
6936,1.1260000000000017
6937,1.3360000000000012
6938,1.4270000000000025
6939,1.3300000000000005
6940,1.8370000000000024
6941,1.1220000000000006
6942,1.3360000000000016
6943,1.229000000000002
6944,1.3380000000000012
6945,1.8510000000000024
6946,1.237000000000001
6947,1.2290000000000016
6948,1.6370000000000022
6949,1.542000000000001
6950,1.6350000000000013
6951,1.4330000000000027
6952,1.6470000000000016
6953,1.5280000000000018
6954,1.2330000000000014
6955,1.3320000000000018
6956,1.2350000000000017
6957,1.4410000000000023
6958,1.427000000000001
6959,1.342000000000002
6960,1.342000000000001
6961,1.4270000000000016
6962,1.7500000000000013
6963,1.2290000000000016
6964,1.548000000000002
6965,1.1360000000000015
6966,1.0230000000000012
6967,1.443000000000002
6968,1.5460000000000025
6969,1.5340000000000016
6970,1.6470000000000011
6971,1.0190000000000015
6972,1.4430000000000018
6973,1.534000000000002
6974,1.2310000000000019
6975,1.2350000000000008
6976,1.5360000000000025
6977,1.4350000000000023
6978,1.530000000000002
6979,1.6430000000000013
6980,1.6310000000000024
6981,1.538000000000003
6982,1.4250000000000016
6983,1.5440000000000031
6984,1.8330000000000022
6985,1.1260000000000017
6986,1.6290000000000027
6987,1.4390000000000014
6988,1.3300000000000014
6989,1.4310000000000025
6990,1.0230000000000006
6991,1.633000000000002
6992,1.6370000000000016
6993,1.7480000000000016
6994,1.6310000000000022
6995,1.0210000000000012
6996,1.6470000000000016
6997,1.8330000000000028
6998,1.2490000000000012
6999,1.0210000000000012
7000,1.338000000000003
7001,1.5520000000000023
7002,1.2350000000000017
7003,1.2270000000000014
7004,1.439000000000002
7005,1.530000000000002
7006,1.0270000000000006
7007,1.4390000000000014
7008,1.122000000000002
7009,1.6210000000000024
7010,1.730000000000002
7011,1.1280000000000021
7012,1.6350000000000013
7013,1.4310000000000018
7014,1.524000000000002
7015,1.534000000000002
7016,1.5320000000000022
7017,1.122000000000002
7018,1.1380000000000012
7019,1.8350000000000026
7020,1.4310000000000016
7021,1.0290000000000015
7022,1.2350000000000012
7023,1.3360000000000016
7024,1.6290000000000018
7025,1.6430000000000027
7026,1.4430000000000018
7027,1.0270000000000008
7028,1.4330000000000025
7029,1.2230000000000016
7030,1.534000000000002
7031,1.3340000000000019
7032,1.5320000000000025
7033,1.124000000000002
7034,1.6330000000000018
7035,1.5400000000000023
7036,1.330000000000002
7037,1.1380000000000021
7038,1.235000000000002
7039,1.1280000000000021
7040,1.217000000000002
7041,1.5400000000000018
7042,1.5420000000000023
7043,1.5320000000000018
7044,1.2490000000000014
7045,1.1380000000000026
7046,1.6410000000000011
7047,1.2390000000000014
7048,0.8169999999999996
7049,1.3420000000000014
7050,1.334000000000002
7051,1.8310000000000024
7052,1.4430000000000012
7053,1.4330000000000018
7054,1.330000000000002
7055,1.3480000000000012
7056,1.5380000000000025
7057,1.2290000000000019
7058,1.445000000000002
7059,1.7340000000000027
7060,1.2310000000000008
7061,1.433000000000002
7062,1.3260000000000016
7063,1.7440000000000018
7064,1.4310000000000018
7065,1.8350000000000026
7066,1.2310000000000023
7067,1.1340000000000006
7068,1.5400000000000023
7069,1.7380000000000015
7070,1.330000000000002
7071,1.2250000000000014
7072,1.439000000000001
7073,1.7460000000000013
7074,1.3280000000000012
7075,1.1260000000000026
7076,1.2270000000000019
7077,1.2330000000000017
7078,1.3300000000000005
7079,1.536000000000002
7080,1.4430000000000018
7081,1.631000000000003
7082,1.3260000000000018
7083,1.6390000000000016
7084,1.3220000000000018
7085,1.3480000000000012
7086,1.8390000000000017
7087,1.4330000000000018
7088,1.0250000000000008
7089,1.6430000000000013
7090,1.3380000000000012
7091,1.534000000000002
7092,1.3320000000000018
7093,1.439000000000002
7094,1.3360000000000016
7095,1.3280000000000012
7096,1.5260000000000027
7097,1.544000000000001
7098,1.3380000000000027
7099,1.3460000000000014
7100,1.2190000000000023
7101,1.2230000000000016
7102,0.9260000000000013
7103,1.5340000000000018
7104,1.027000000000001
7105,1.1340000000000006
7106,1.3440000000000012
7107,1.5420000000000023
7108,1.4330000000000027
7109,1.033000000000001
7110,1.322000000000002
7111,1.7320000000000024
7112,0.9220000000000012
7113,1.0230000000000024
7114,1.429000000000003
7115,1.4310000000000023
7116,1.445000000000002
7117,1.4390000000000023
7118,1.4330000000000025
7119,1.6390000000000018
7120,1.5480000000000016
7121,1.1260000000000014
7122,1.2350000000000005
7123,1.2230000000000016
7124,1.9440000000000017
7125,1.1340000000000015
7126,1.5300000000000022
7127,1.330000000000002
7128,1.334000000000002
7129,1.3340000000000019
7130,1.5340000000000023
7131,1.439000000000002
7132,1.140000000000002
7133,1.4510000000000014
7134,1.5320000000000022
7135,1.544000000000001
7136,1.4370000000000016
7137,1.2290000000000014
7138,1.3260000000000023
7139,1.1240000000000017
7140,1.6330000000000027
7141,1.3280000000000012
7142,1.4370000000000018
7143,1.6370000000000018
7144,1.2330000000000008
7145,1.5360000000000011
7146,1.5420000000000018
7147,1.2250000000000019
7148,1.6390000000000018
7149,1.9360000000000026
7150,1.435000000000001
7151,1.4390000000000018
7152,1.7440000000000029
7153,1.4310000000000018
7154,1.1300000000000008
7155,1.748000000000002
7156,1.122000000000002
7157,1.7400000000000013
7158,1.944000000000002
7159,1.9300000000000026
7160,1.4330000000000025
7161,1.2310000000000019
7162,1.0190000000000026
7163,1.6450000000000018
7164,1.2330000000000019
7165,1.1280000000000012
7166,1.6390000000000011
7167,1.334000000000002
7168,1.0350000000000001
7169,1.6270000000000027
7170,1.534000000000002
7171,1.2310000000000023
7172,1.2290000000000016
7173,1.3380000000000012
7174,1.330000000000001
7175,0.9180000000000018
7176,1.227000000000003
7177,1.2270000000000019
7178,1.3300000000000014
7179,0.9280000000000009
7180,1.5320000000000014
7181,1.2250000000000014
7182,1.6370000000000018
7183,1.2310000000000008
7184,1.130000000000002
7185,1.5380000000000011
7186,1.340000000000002
7187,1.6450000000000018
7188,1.1340000000000021
7189,2.0430000000000024
7190,1.332000000000002
7191,1.5380000000000018
7192,1.328000000000002
7193,1.4370000000000014
7194,1.3340000000000019
7195,1.4270000000000025
7196,1.2270000000000019
7197,1.017000000000002
7198,1.124000000000002
7199,1.3480000000000019
7200,1.4290000000000012
7201,1.625000000000002
7202,1.3400000000000014
7203,1.223000000000001
7204,1.4390000000000023
7205,1.3260000000000023
7206,1.7540000000000018
7207,1.3360000000000016
7208,1.3280000000000012
7209,1.6470000000000022
7210,1.332000000000002
7211,1.530000000000002
7212,1.6410000000000025
7213,1.2270000000000005
7214,1.3320000000000016
7215,1.6310000000000016
7216,1.4350000000000016
7217,1.5320000000000025
7218,1.3420000000000016
7219,1.4330000000000018
7220,1.1320000000000014
7221,1.3240000000000023
7222,1.3360000000000003
7223,1.5260000000000022
7224,1.6310000000000022
7225,1.0210000000000006
7226,1.7440000000000024
7227,1.6330000000000024
7228,1.3280000000000012
7229,1.5320000000000022
7230,1.2270000000000016
7231,1.227000000000002
7232,1.7380000000000022
7233,1.2250000000000014
7234,1.3360000000000023
7235,1.2170000000000025
7236,1.4310000000000018
7237,1.5280000000000031
7238,1.4350000000000012
7239,1.528000000000002
7240,1.3340000000000012
7241,1.4350000000000023
7242,1.122000000000002
7243,1.1240000000000014
7244,1.3380000000000019
7245,1.4250000000000023
7246,1.5440000000000027
7247,1.4370000000000016
7248,1.5320000000000014
7249,1.7400000000000018
7250,1.3340000000000005
7251,1.5220000000000018
7252,1.2350000000000014
7253,1.128000000000002
7254,1.6470000000000022
7255,1.5320000000000016
7256,1.5440000000000014
7257,1.5380000000000016
7258,1.5280000000000025
7259,1.3340000000000019
7260,1.5440000000000014
7261,1.3420000000000007
7262,1.4390000000000012
7263,1.3240000000000018
7264,1.9660000000000017
7265,1.4410000000000016
7266,1.5220000000000022
7267,1.7360000000000015
7268,1.3400000000000012
7269,1.3320000000000014
7270,0.9300000000000019
7271,1.5400000000000003
7272,1.6430000000000018
7273,1.5360000000000011
7274,1.1320000000000014
7275,1.3500000000000008
7276,1.5320000000000022
7277,1.5500000000000003
7278,1.5460000000000023
7279,1.5340000000000011
7280,1.334000000000002
7281,1.3260000000000025
7282,1.3280000000000023
7283,1.3380000000000012
7284,1.649000000000002
7285,1.5420000000000025
7286,1.4310000000000014
7287,1.3320000000000018
7288,1.1360000000000015
7289,1.0210000000000021
7290,1.6430000000000025
7291,1.2250000000000019
7292,1.4310000000000025
7293,1.1200000000000019
7294,1.3360000000000014
7295,1.528000000000002
7296,1.2290000000000014
7297,1.4250000000000014
7298,1.425000000000002
7299,1.7340000000000024
7300,0.9320000000000023
7301,1.5320000000000018
7302,1.3360000000000019
7303,1.3320000000000018
7304,1.0330000000000024
7305,1.639000000000002
7306,1.439000000000002
7307,1.3300000000000016
7308,1.3340000000000019
7309,1.7380000000000027
7310,1.6390000000000018
7311,1.4250000000000023
7312,1.4350000000000016
7313,1.6430000000000018
7314,1.6390000000000022
7315,1.5380000000000016
7316,1.0190000000000017
7317,1.6410000000000016
7318,1.437000000000001
7319,1.639000000000001
7320,1.6470000000000014
7321,1.3360000000000016
7322,1.4430000000000012
7323,1.4290000000000027
7324,1.0270000000000017
7325,1.633000000000002
7326,1.1260000000000014
7327,1.2310000000000016
7328,1.142000000000001
7329,1.3440000000000019
7330,1.4370000000000016
7331,1.4350000000000016
7332,1.4470000000000025
7333,1.332000000000002
7334,1.4430000000000016
7335,1.2310000000000014
7336,1.340000000000002
7337,0.9180000000000013
7338,1.7380000000000024
7339,1.3400000000000014
7340,1.5440000000000014
7341,1.8290000000000017
7342,1.3400000000000012
7343,1.5400000000000018
7344,1.225000000000002
7345,1.8290000000000024
7346,1.122000000000002
7347,1.5380000000000016
7348,1.7380000000000024
7349,1.2250000000000012
7350,1.4350000000000023
7351,1.3460000000000014
7352,1.4330000000000016
7353,1.6290000000000027
7354,1.453000000000002
7355,1.4290000000000023
7356,1.3300000000000025
7357,1.5260000000000025
7358,1.8510000000000024
7359,1.1240000000000008
7360,1.1280000000000014
7361,1.1280000000000012
7362,1.7520000000000018
7363,1.645000000000002
7364,1.5400000000000018
7365,1.5440000000000011
7366,1.6430000000000018
7367,1.3340000000000019
7368,1.2410000000000019
7369,1.0290000000000012
7370,1.6270000000000022
7371,1.2370000000000023
7372,1.5320000000000016
7373,1.3360000000000016
7374,1.4430000000000018
7375,0.9240000000000014
7376,1.3300000000000016
7377,1.429000000000002
7378,1.2290000000000019
7379,1.7460000000000016
7380,1.5400000000000025
7381,1.4390000000000018
7382,1.645000000000002
7383,1.6450000000000018
7384,1.1260000000000014
7385,1.744000000000002
7386,1.2210000000000023
7387,1.5380000000000018
7388,1.6370000000000016
7389,1.3320000000000014
7390,1.429000000000002
7391,1.4350000000000016
7392,1.5460000000000016
7393,1.324000000000001
7394,1.4330000000000018
7395,1.4410000000000016
7396,1.641000000000002
7397,1.4270000000000025
7398,1.4430000000000016
7399,1.0310000000000008
7400,1.6290000000000022
7401,1.5280000000000025
7402,1.4330000000000018
7403,1.4410000000000016
7404,1.7420000000000018
7405,1.4310000000000023
7406,1.439000000000002
7407,1.3360000000000012
7408,2.0630000000000024
7409,1.2330000000000012
7410,1.6330000000000027
7411,1.5400000000000025
7412,1.3320000000000016
7413,1.2290000000000023
7414,1.5380000000000007
7415,1.542000000000001
7416,1.6310000000000024
7417,1.3200000000000025
7418,1.5400000000000023
7419,1.4310000000000007
7420,1.5360000000000011
7421,1.6330000000000016
7422,1.5260000000000014
7423,1.538000000000002
7424,1.6370000000000027
7425,1.633000000000002
7426,1.3380000000000016
7427,1.4330000000000018
7428,1.4370000000000018
7429,1.338000000000001
7430,1.3260000000000014
7431,1.540000000000002
7432,1.629000000000002
7433,1.5340000000000018
7434,1.8350000000000022
7435,1.3300000000000025
7436,1.2310000000000014
7437,1.2230000000000016
7438,1.1340000000000015
7439,1.5300000000000022
7440,1.126
7441,1.4330000000000018
7442,1.437000000000001
7443,1.538000000000003
7444,1.635000000000002
7445,1.3320000000000016
7446,1.2310000000000014
7447,1.7280000000000026
7448,1.9320000000000022
7449,1.4330000000000018
7450,1.740000000000001
7451,1.1220000000000026
7452,1.5340000000000018
7453,1.534000000000002
7454,1.1280000000000012
7455,1.4450000000000014
7456,1.746000000000002
7457,1.3380000000000007
7458,1.433000000000002
7459,1.0150000000000012
7460,1.7380000000000027
7461,1.318000000000003
7462,1.641000000000002
7463,1.6390000000000027
7464,1.4450000000000016
7465,1.643000000000002
7466,1.2310000000000019
7467,1.635000000000002
7468,1.6310000000000016
7469,1.8390000000000017
7470,1.5320000000000027
7471,1.435000000000002
7472,1.2310000000000019
7473,1.4330000000000018
7474,1.3300000000000014
7475,1.0270000000000015
7476,1.2310000000000014
7477,1.126000000000002
7478,1.132000000000002
7479,1.530000000000002
7480,1.4250000000000016
7481,1.5320000000000022
7482,1.643000000000002
7483,1.342000000000002
7484,1.6450000000000005
7485,1.330000000000002
7486,1.5200000000000018
7487,2.0490000000000013
7488,1.7380000000000022
7489,1.437000000000002
7490,1.4250000000000016
7491,1.7320000000000022
7492,0.9220000000000012
7493,1.1260000000000019
7494,1.5320000000000018
7495,1.2410000000000019
7496,1.2310000000000019
7497,1.8390000000000024
7498,1.3440000000000012
7499,1.5360000000000014
7500,1.2310000000000023
7501,1.1260000000000017
7502,1.1280000000000028
7503,1.3380000000000007
7504,1.429000000000001
7505,1.332000000000002
7506,1.6390000000000016
7507,1.437000000000003
7508,1.435000000000002
7509,1.4410000000000025
7510,1.740000000000001
7511,1.4290000000000018
7512,1.639000000000002
7513,1.5480000000000018
7514,1.4430000000000023
7515,1.4310000000000016
7516,1.5440000000000018
7517,1.4290000000000018
7518,1.4250000000000014
7519,1.3440000000000012
7520,1.7380000000000015
7521,1.633000000000003
7522,1.2350000000000005
7523,1.4250000000000023
7524,1.4310000000000027
7525,1.5320000000000018
7526,1.4350000000000016
7527,1.538000000000002
7528,1.7420000000000024
7529,1.227000000000002
7530,1.5300000000000014
7531,1.5420000000000018
7532,1.128000000000002
7533,1.2310000000000003
7534,1.1320000000000008
7535,1.1240000000000023
7536,1.4370000000000016
7537,1.635000000000002
7538,1.6390000000000011
7539,1.342000000000001
7540,1.1260000000000019
7541,1.132000000000002
7542,1.6390000000000016
7543,1.7420000000000018
7544,1.5380000000000016
7545,1.124000000000001
7546,1.524000000000003
7547,1.122000000000002
7548,1.443000000000001
7549,1.2310000000000016
7550,1.3380000000000019
7551,1.6390000000000022
7552,1.1260000000000003
7553,1.2310000000000019
7554,1.734000000000002
7555,1.6330000000000016
7556,0.8190000000000011
7557,1.6410000000000025
7558,1.5360000000000023
7559,1.136000000000001
7560,1.4370000000000025
7561,1.6470000000000011
7562,1.344000000000001
7563,1.6430000000000016
7564,1.2270000000000008
7565,1.7340000000000015
7566,1.231000000000002
7567,1.6470000000000022
7568,1.6590000000000011
7569,1.5340000000000016
7570,1.720000000000003
7571,1.6490000000000022
7572,1.4390000000000012
7573,1.0330000000000001
7574,1.3280000000000012
7575,1.3280000000000012
7576,1.124000000000002
7577,1.3300000000000023
7578,1.342000000000001
7579,1.532000000000001
7580,1.6390000000000016
7581,1.5380000000000018
7582,1.5260000000000027
7583,1.6330000000000013
7584,1.6410000000000022
7585,1.3340000000000012
7586,1.3440000000000014
7587,1.5360000000000014
7588,1.4290000000000018
7589,1.4330000000000018
7590,1.5380000000000018
7591,1.4310000000000016
7592,1.5340000000000023
7593,1.631000000000002
7594,1.3300000000000012
7595,1.5420000000000018
7596,1.4390000000000014
7597,1.538000000000002
7598,1.7440000000000024
7599,1.4510000000000016
7600,1.7400000000000013
7601,1.5280000000000014
7602,1.534000000000002
7603,1.7280000000000026
7604,1.4330000000000025
7605,1.4390000000000014
7606,1.120000000000002
7607,1.5360000000000023
7608,1.3280000000000023
7609,1.4310000000000016
7610,1.0410000000000017
7611,1.2310000000000019
7612,1.6310000000000016
7613,1.7460000000000022
7614,1.3360000000000019
7615,1.2230000000000012
7616,1.4350000000000014
7617,1.1180000000000019
7618,1.6330000000000013
7619,1.8410000000000022
7620,1.1280000000000021
7621,1.4310000000000025
7622,1.633000000000002
7623,1.6290000000000022
7624,1.6250000000000022
7625,1.9480000000000013
7626,1.5380000000000011
7627,1.435000000000002
7628,1.540000000000001
7629,1.540000000000002
7630,1.3300000000000014
7631,1.6350000000000022
7632,2.0410000000000026
7633,1.1200000000000014
7634,0.9240000000000015
7635,1.5300000000000025
7636,1.1220000000000028
7637,1.8410000000000022
7638,1.2250000000000019
7639,1.4350000000000016
7640,1.324000000000002
7641,1.9460000000000022
7642,1.3360000000000023
7643,1.429000000000002
7644,1.532000000000001
7645,1.229000000000001
7646,1.5320000000000016
7647,1.3200000000000016
7648,1.643000000000002
7649,1.841000000000002
7650,1.1240000000000006
7651,1.126000000000001
7652,1.3260000000000025
7653,1.9440000000000017
7654,1.1300000000000026
7655,1.4370000000000016
7656,1.8350000000000022
7657,1.7380000000000015
7658,1.447000000000001
7659,1.1240000000000017
7660,1.3380000000000007
7661,1.631000000000003
7662,1.1200000000000014
7663,1.1220000000000023
7664,1.3280000000000016
7665,1.2350000000000023
7666,1.7360000000000022
7667,1.4230000000000025
7668,1.2330000000000012
7669,1.2290000000000019
7670,1.3280000000000012
7671,1.231000000000001
7672,1.4310000000000025
7673,1.540000000000002
7674,1.7420000000000024
7675,1.6390000000000018
7676,1.4270000000000023
7677,1.3360000000000014
7678,1.6370000000000022
7679,1.3340000000000019
7680,1.3280000000000018
7681,1.1240000000000014
7682,1.5380000000000016
7683,1.5360000000000023
7684,1.8490000000000015
7685,1.324000000000002
7686,1.4350000000000014
7687,1.7420000000000022
7688,1.4210000000000025
7689,1.435000000000002
7690,1.5320000000000022
7691,1.437000000000002
7692,1.635000000000003
7693,1.2190000000000023
7694,1.5200000000000018
7695,1.544000000000002
7696,1.4450000000000005
7697,1.643000000000002
7698,1.6350000000000025
7699,1.8410000000000029
7700,1.5320000000000025
7701,1.4290000000000018
7702,1.330000000000002
7703,1.6450000000000014
7704,1.5360000000000023
7705,1.3280000000000023
7706,1.239000000000002
7707,1.942000000000002
7708,1.5340000000000018
7709,1.3240000000000023
7710,1.6390000000000022
7711,1.5500000000000012
7712,1.6290000000000027
7713,1.528000000000002
7714,1.629000000000002
7715,1.641000000000002
7716,1.8470000000000022
7717,1.5420000000000023
7718,1.554000000000001
7719,1.6370000000000025
7720,1.3340000000000014
7721,1.5280000000000027
7722,1.5320000000000018
7723,1.524000000000003
7724,0.8230000000000013
7725,1.1300000000000012
7726,1.0230000000000026
7727,1.635000000000002
7728,1.5300000000000025
7729,1.651000000000002
7730,1.3320000000000014
7731,1.439000000000002
7732,1.2290000000000014
7733,1.124000000000001
7734,1.5320000000000014
7735,1.3260000000000014
7736,1.5380000000000018
7737,1.5340000000000011
7738,1.6350000000000022
7739,1.4430000000000012
7740,1.6430000000000027
7741,1.4330000000000025
7742,1.6470000000000016
7743,1.1260000000000017
7744,1.8470000000000013
7745,1.2290000000000014
7746,1.6490000000000011
7747,1.4350000000000016
7748,1.435000000000002
7749,1.5280000000000027
7750,1.435000000000002
7751,1.437000000000001
7752,1.3360000000000007
7753,1.1220000000000019
7754,1.5440000000000014
7755,1.1360000000000021
7756,0.9259999999999999
7757,1.3320000000000014
7758,2.0470000000000024
7759,1.3400000000000012
7760,1.5360000000000016
7761,1.229000000000003
7762,1.5240000000000027
7763,1.3280000000000018
7764,1.447000000000002
7765,1.1260000000000019
7766,1.754000000000002
7767,1.2330000000000008
7768,1.7300000000000022
7769,0.9120000000000013
7770,1.3320000000000018
7771,1.8430000000000017
7772,1.3280000000000027
7773,1.5420000000000018
7774,1.1180000000000012
7775,1.6430000000000025
7776,1.330000000000002
7777,1.6250000000000022
7778,1.6450000000000011
7779,1.332000000000002
7780,1.744000000000001
7781,1.6370000000000018
7782,1.5360000000000023
7783,1.6310000000000022
7784,1.536000000000002
7785,1.8450000000000022
7786,1.5380000000000016
7787,1.5300000000000025
7788,1.227000000000002
7789,1.437000000000002
7790,1.4250000000000016
7791,1.324000000000002
7792,1.3300000000000016
7793,1.5360000000000027
7794,1.1180000000000003
7795,1.2310000000000025
7796,1.7380000000000018
7797,1.5380000000000018
7798,1.2430000000000012
7799,1.7480000000000018
7800,1.2290000000000019
7801,1.6370000000000027
7802,0.9200000000000014
7803,1.5300000000000014
7804,1.1280000000000012
7805,1.8410000000000022
7806,1.1280000000000028
7807,1.4310000000000018
7808,1.841000000000002
7809,1.122000000000001
7810,1.3360000000000025
7811,1.5280000000000018
7812,1.4310000000000018
7813,1.433000000000002
7814,1.3280000000000023
7815,1.4230000000000025
7816,1.2290000000000005
7817,1.035000000000001
7818,1.5340000000000016
7819,1.5380000000000016
7820,1.4350000000000016
7821,1.7560000000000011
7822,1.324000000000002
7823,1.651000000000002
7824,1.2350000000000023
7825,1.7480000000000018
7826,1.5420000000000014
7827,1.4350000000000023
7828,1.4310000000000018
7829,1.4390000000000014
7830,1.4390000000000014
7831,1.7380000000000024
7832,1.4330000000000016
7833,1.4390000000000023
7834,1.429000000000002
7835,1.2250000000000014
7836,1.7460000000000029
7837,1.8370000000000015
7838,1.5380000000000016
7839,1.5420000000000016
7840,1.235000000000002
7841,1.433000000000002
7842,1.1280000000000021
7843,1.5380000000000018
7844,1.3180000000000023
7845,1.4270000000000023
7846,1.2350000000000012
7847,1.4310000000000023
7848,1.3260000000000025
7849,1.6330000000000024
7850,1.6390000000000018
7851,1.5280000000000027
7852,1.5380000000000016
7853,1.118000000000002
7854,1.2330000000000012
7855,1.851000000000001
7856,1.5320000000000018
7857,1.633000000000002
7858,1.1240000000000014
7859,1.5420000000000005
7860,1.7360000000000024
7861,1.633000000000002
7862,1.6310000000000024
7863,1.5300000000000025
7864,1.1240000000000014
7865,1.3280000000000023
7866,1.641000000000002
7867,1.7380000000000022
7868,1.3300000000000023
7869,1.9360000000000022
7870,1.6270000000000018
7871,1.8430000000000022
7872,1.932000000000002
7873,1.5460000000000005
7874,1.8550000000000022
7875,1.330000000000002
7876,1.3360000000000025
7877,1.6330000000000024
7878,1.6330000000000027
7879,0.8250000000000014
7880,1.2350000000000023
7881,1.6370000000000022
7882,1.2330000000000017
7883,1.433000000000001
7884,1.6310000000000024
7885,1.960000000000002
7886,1.5280000000000036
7887,1.2330000000000012
7888,1.6390000000000016
7889,1.3260000000000014
7890,1.7500000000000013
7891,1.3320000000000018
7892,1.324000000000002
7893,1.4350000000000005
7894,1.3240000000000012
7895,1.3480000000000012
7896,1.5460000000000016
7897,1.7380000000000027
7898,1.7320000000000024
7899,1.4370000000000016
7900,1.6350000000000022
7901,1.5320000000000025
7902,1.4310000000000023
7903,1.5460000000000025
7904,1.5360000000000023
7905,1.9480000000000022
7906,1.3220000000000025
7907,1.4470000000000018
7908,1.4410000000000014
7909,1.2290000000000012
7910,1.6550000000000011
7911,1.5360000000000027
7912,1.4290000000000018
7913,1.7340000000000027
7914,1.7420000000000018
7915,1.7480000000000018
7916,1.5440000000000014
7917,1.3420000000000019
7918,1.2290000000000014
7919,1.2390000000000014
7920,1.5260000000000022
7921,1.0290000000000015
7922,1.2270000000000016
7923,1.5380000000000027
7924,1.7360000000000015
7925,1.9460000000000017
7926,1.7380000000000013
7927,1.4350000000000025
7928,1.4430000000000016
7929,1.3260000000000023
7930,1.435000000000003
7931,1.5520000000000014
7932,1.534000000000002
7933,1.3320000000000016
7934,1.8430000000000024
7935,1.0250000000000012
7936,1.3320000000000016
7937,1.6510000000000016
7938,1.4310000000000018
7939,1.7340000000000018
7940,1.2270000000000019
7941,1.2350000000000023
7942,1.6310000000000022
7943,1.4430000000000018
7944,1.6410000000000022
7945,1.3480000000000016
7946,1.4330000000000025
7947,1.5300000000000022
7948,1.6310000000000024
7949,1.229000000000001
7950,1.5340000000000031
7951,1.5460000000000016
7952,1.4270000000000025
7953,1.124000000000002
7954,1.4290000000000014
7955,1.6450000000000018
7956,1.0290000000000021
7957,1.7420000000000018
7958,1.6310000000000022
7959,1.530000000000002
7960,1.433000000000002
7961,1.6470000000000022
7962,1.3400000000000014
7963,1.5440000000000014
7964,1.7360000000000022
7965,1.4370000000000025
7966,1.4450000000000016
7967,1.4410000000000007
7968,1.6330000000000024
7969,1.631000000000003
7970,1.5400000000000018
7971,1.7320000000000026
7972,1.4310000000000018
7973,1.433000000000002
7974,1.4310000000000023
7975,1.8470000000000022
7976,1.2290000000000014
7977,1.8310000000000017
7978,1.330000000000002
7979,1.740000000000001
7980,1.5420000000000018
7981,1.6490000000000011
7982,1.132000000000002
7983,1.6390000000000011
7984,1.6370000000000022
7985,1.9480000000000024
7986,1.231000000000002
7987,1.3300000000000023
7988,1.0250000000000012
7989,1.5300000000000018
7990,1.2370000000000012
7991,1.4350000000000014
7992,1.4390000000000014
7993,1.528000000000002
7994,1.639000000000002
7995,1.7340000000000027
7996,1.534000000000002
7997,1.5320000000000018
7998,1.6410000000000027
7999,1.6350000000000022
8000,1.641000000000002
8001,1.6330000000000018
8002,1.429000000000003
8003,1.3400000000000012
8004,1.4290000000000018
8005,1.5340000000000018
8006,1.437000000000002
8007,1.7280000000000018
8008,1.340000000000002
8009,1.7360000000000022
8010,1.3260000000000023
8011,1.334000000000002
8012,1.5440000000000018
8013,1.5340000000000023
8014,1.6330000000000033
8015,1.534000000000002
8016,1.3360000000000019
8017,1.4330000000000016
8018,1.2330000000000019
8019,1.3260000000000016
8020,1.4370000000000016
8021,1.4410000000000007
8022,1.4310000000000025
8023,1.6390000000000016
8024,1.5320000000000018
8025,1.6310000000000022
8026,1.4330000000000025
8027,1.4330000000000025
8028,1.6330000000000024
8029,1.4270000000000027
8030,1.536000000000002
8031,1.5400000000000011
8032,1.3320000000000016
8033,1.629000000000002
8034,1.536000000000002
8035,1.3400000000000012
8036,1.6250000000000022
8037,1.4270000000000023
8038,1.631000000000003
8039,1.7380000000000018
8040,1.3420000000000019
8041,1.2330000000000025
8042,1.4370000000000016
8043,1.8410000000000029
8044,1.8430000000000022
8045,1.7420000000000022
8046,1.3380000000000007
8047,1.3340000000000019
8048,1.4510000000000005
8049,1.5300000000000022
8050,1.5320000000000022
8051,1.3360000000000025
8052,1.2450000000000023
8053,1.3300000000000027
8054,1.6330000000000018
8055,1.3300000000000014
8056,1.1260000000000019
8057,1.324000000000003
8058,1.0290000000000008
8059,1.530000000000002
8060,1.8430000000000017
8061,1.3300000000000014
8062,1.3300000000000016
8063,1.4350000000000012
8064,1.237000000000002
8065,1.3360000000000023
8066,1.4330000000000018
8067,1.5320000000000018
8068,1.132000000000002
8069,1.3360000000000014
8070,1.7420000000000022
8071,1.4350000000000014
8072,1.6390000000000011
8073,1.6430000000000018
8074,1.8490000000000018
8075,1.3400000000000016
8076,1.7380000000000024
8077,0.9280000000000009
8078,1.5520000000000014
8079,1.5360000000000027
8080,1.7480000000000024
8081,1.3400000000000005
8082,1.6310000000000022
8083,1.1240000000000019
8084,1.538000000000002
8085,1.3340000000000014
8086,1.4350000000000016
8087,1.1340000000000003
8088,1.6430000000000025
8089,1.1340000000000017
8090,1.6350000000000018
8091,1.5300000000000022
8092,1.4310000000000018
8093,1.3320000000000007
8094,1.750000000000001
8095,1.5480000000000018
8096,1.4290000000000014
8097,1.4310000000000016
8098,1.631000000000001
8099,1.4310000000000018
8100,1.433000000000002
8101,1.528000000000003
8102,1.4290000000000018
8103,1.5320000000000027
8104,1.6370000000000031
8105,1.6390000000000018
8106,1.5440000000000018
8107,1.7360000000000024
8108,1.7380000000000027
8109,1.6330000000000018
8110,1.425000000000002
8111,1.4310000000000018
8112,1.536000000000002
8113,1.021000000000002
8114,1.3260000000000016
8115,1.3220000000000018
8116,1.6530000000000016
8117,1.2390000000000019
8118,1.3300000000000012
8119,1.7460000000000016
8120,1.3380000000000012
8121,1.7340000000000024
8122,1.5380000000000025
8123,1.6370000000000022
8124,1.6390000000000016
8125,1.635000000000002
8126,1.5440000000000018
8127,1.5360000000000016
8128,1.7320000000000015
8129,1.2310000000000014
8130,1.4430000000000016
8131,1.4250000000000025
8132,1.6370000000000016
8133,1.5260000000000022
8134,1.6430000000000013
8135,1.5420000000000018
8136,1.5260000000000027
8137,1.3300000000000016
8138,1.734000000000002
8139,1.433000000000002
8140,1.126
8141,1.2330000000000023
8142,1.740000000000002
8143,1.746000000000001
8144,1.5360000000000023
8145,1.435000000000002
8146,1.1220000000000006
8147,1.5420000000000018
8148,1.3380000000000012
8149,1.427000000000001
8150,1.5420000000000016
8151,1.7420000000000015
8152,1.5480000000000016
8153,1.0250000000000008
8154,1.5400000000000014
8155,1.4310000000000023
8156,1.3360000000000016
8157,1.332000000000001
8158,1.837000000000002
8159,1.825000000000002
8160,1.2310000000000023
8161,1.4330000000000012
8162,1.7400000000000013
8163,1.534000000000002
8164,1.6390000000000027
8165,1.3400000000000023
8166,1.4310000000000012
8167,1.544000000000002
8168,1.4290000000000023
8169,1.2350000000000012
8170,1.7320000000000026
8171,1.5360000000000023
8172,1.6410000000000005
8173,1.4330000000000012
8174,1.9400000000000022
8175,1.3360000000000014
8176,1.4310000000000023
8177,1.4330000000000025
8178,1.5440000000000018
8179,1.429000000000002
8180,1.4290000000000018
8181,1.7300000000000026
8182,1.7260000000000022
8183,1.4370000000000016
8184,1.3280000000000018
8185,1.5380000000000016
8186,1.6310000000000016
8187,1.334000000000003
8188,1.6350000000000018
8189,1.328000000000002
8190,1.6470000000000016
8191,1.4310000000000023
8192,1.8410000000000022
8193,1.6370000000000025
8194,1.645000000000002
8195,1.3240000000000014
8196,1.5260000000000022
8197,1.837000000000002
8198,1.3400000000000007
8199,1.4410000000000012
8200,1.4370000000000005
8201,1.237000000000002
8202,1.7320000000000022
8203,1.4350000000000016
8204,1.8390000000000017
8205,1.6430000000000018
8206,1.4450000000000023
8207,1.4350000000000016
8208,1.6330000000000018
8209,1.5380000000000011
8210,1.2390000000000014
8211,1.322000000000002
8212,1.2330000000000019
8213,1.425000000000002
8214,1.530000000000002
8215,1.330000000000002
8216,1.433000000000001
8217,1.2190000000000014
8218,1.3280000000000012
8219,1.6510000000000005
8220,1.3280000000000018
8221,1.429000000000002
8222,1.225000000000002
8223,1.6310000000000022
8224,1.5320000000000016
8225,1.3420000000000019
8226,1.128000000000003
8227,1.4290000000000023
8228,1.4250000000000023
8229,1.3300000000000023
8230,1.8630000000000007
8231,1.6410000000000016
8232,1.631000000000003
8233,1.6490000000000016
8234,1.5280000000000031
8235,1.3440000000000014
8236,1.6310000000000024
8237,1.544000000000002
8238,1.4450000000000005
8239,1.3360000000000023
8240,1.3360000000000014
8241,1.6330000000000024
8242,1.7300000000000022
8243,1.4370000000000018
8244,1.6510000000000014
8245,1.6370000000000018
8246,1.6390000000000018
8247,1.4310000000000018
8248,1.2270000000000019
8249,1.4390000000000018
8250,1.5300000000000018
8251,1.4390000000000012
8252,1.744000000000002
8253,1.7340000000000024
8254,1.6350000000000018
8255,1.5460000000000012
8256,1.3320000000000016
8257,1.6470000000000016
8258,1.7480000000000018
8259,1.6390000000000007
8260,1.4310000000000025
8261,1.0230000000000015
8262,1.6410000000000016
8263,1.635000000000003
8264,1.7380000000000027
8265,1.4350000000000016
8266,1.5340000000000023
8267,1.4350000000000023
8268,1.3380000000000019
8269,1.3300000000000016
8270,1.4310000000000014
8271,1.5320000000000018
8272,1.7400000000000022
8273,1.126000000000001
8274,1.1340000000000017
8275,1.8370000000000024
8276,1.5400000000000011
8277,1.9320000000000022
8278,1.5340000000000011
8279,1.5320000000000018
8280,1.3260000000000012
8281,1.5440000000000027
8282,1.328000000000002
8283,1.2210000000000023
8284,1.6250000000000022
8285,1.4370000000000025
8286,1.433000000000002
8287,1.3240000000000023
8288,1.6370000000000027
8289,1.7380000000000015
8290,1.5440000000000018
8291,1.746000000000002
8292,1.7460000000000016
8293,1.8470000000000022
8294,1.6230000000000027
8295,1.7460000000000013
8296,1.227000000000001
8297,1.1280000000000012
8298,1.6430000000000018
8299,1.7360000000000024
8300,1.538000000000002
8301,1.530000000000002
8302,1.4270000000000023
8303,1.845000000000002
8304,1.229000000000002
8305,1.6290000000000018
8306,1.2310000000000012
8307,1.5500000000000014
8308,1.524000000000003
8309,1.4370000000000003
8310,1.7460000000000013
8311,1.8430000000000013
8312,1.429000000000002
8313,1.8330000000000026
8314,1.6390000000000022
8315,1.4350000000000023
8316,1.3300000000000025
8317,1.6250000000000022
8318,1.2250000000000016
8319,1.6530000000000016
8320,2.037000000000002
8321,1.5440000000000018
8322,1.534000000000001
8323,1.2350000000000023
8324,1.4410000000000018
8325,1.7540000000000016
8326,1.3260000000000023
8327,1.9560000000000013
8328,1.4450000000000005
8329,1.3300000000000027
8330,1.9460000000000022
8331,1.643000000000002
8332,1.7480000000000018
8333,1.4290000000000023
8334,1.1200000000000017
8335,1.6330000000000027
8336,1.443000000000002
8337,1.5440000000000018
8338,1.7360000000000013
8339,1.3380000000000007
8340,1.435000000000001
8341,1.530000000000002
8342,1.5360000000000014
8343,1.5320000000000022
8344,1.6490000000000011
8345,1.9420000000000015
8346,1.0290000000000008
8347,1.445000000000003
8348,1.1360000000000015
8349,1.3320000000000018
8350,1.536000000000002
8351,1.6270000000000024
8352,1.534000000000002
8353,1.3340000000000014
8354,1.641000000000002
8355,1.5360000000000016
8356,1.4390000000000014
8357,1.7520000000000016
8358,1.4410000000000016
8359,1.6430000000000025
8360,1.4310000000000016
8361,1.5420000000000014
8362,1.8330000000000022
8363,1.4310000000000018
8364,1.3320000000000018
8365,1.538000000000002
8366,1.6290000000000027
8367,1.2270000000000005
8368,1.5360000000000025
8369,1.3360000000000019
8370,1.1300000000000023
8371,1.7340000000000027
8372,1.7320000000000024
8373,1.1300000000000012
8374,1.447000000000002
8375,1.8470000000000022
8376,1.536000000000002
8377,1.7360000000000022
8378,1.748000000000002
8379,1.2310000000000019
8380,1.0190000000000021
8381,1.6310000000000016
8382,1.2270000000000012
8383,1.5300000000000018
8384,1.8430000000000024
8385,1.4410000000000023
8386,2.148000000000002
8387,1.9560000000000013
8388,1.8390000000000015
8389,1.2370000000000019
8390,1.6330000000000024
8391,1.6370000000000007
8392,1.5420000000000007
8393,1.9580000000000006
8394,1.6370000000000013
8395,1.6490000000000018
8396,1.5300000000000025
8397,1.7440000000000009
8398,1.7320000000000024
8399,1.4390000000000018
8400,1.6410000000000022
8401,1.433000000000003
8402,1.8430000000000022
8403,0.9159999999999995
8404,1.7420000000000015
8405,1.6430000000000025
8406,1.5260000000000022
8407,1.8370000000000024
8408,1.5420000000000018
8409,1.3280000000000012
8410,1.5340000000000016
8411,1.5400000000000018
8412,1.0250000000000012
8413,1.8550000000000013
8414,1.6430000000000018
8415,1.4390000000000018
8416,1.5440000000000014
8417,1.8370000000000022
8418,1.3340000000000012
8419,1.322000000000002
8420,1.4370000000000016
8421,1.7260000000000029
8422,1.8410000000000024
8423,1.6350000000000022
8424,1.837000000000002
8425,1.7380000000000027
8426,1.425000000000002
8427,1.7520000000000013
8428,1.532000000000001
8429,1.2330000000000014
8430,1.6290000000000027
8431,1.3260000000000018
8432,1.2250000000000014
8433,1.7320000000000026
8434,1.740000000000001
8435,1.641000000000002
8436,1.8510000000000022
8437,1.4410000000000016
8438,1.437000000000001
8439,1.7360000000000024
8440,1.322000000000002
8441,1.530000000000002
8442,1.5400000000000023
8443,1.534000000000002
8444,1.7360000000000015
8445,1.1220000000000019
8446,1.429000000000002
8447,1.7380000000000022
8448,1.558000000000001
8449,1.4250000000000023
8450,1.8430000000000013
8451,1.7340000000000018
8452,1.4490000000000014
8453,1.5380000000000025
8454,1.4270000000000018
8455,1.7360000000000029
8456,1.8410000000000022
8457,1.7400000000000013
8458,1.726000000000002
8459,1.6310000000000016
8460,1.6370000000000018
8461,1.3320000000000025
8462,1.5400000000000018
8463,1.3280000000000027
8464,1.7400000000000018
8465,1.433000000000002
8466,1.6390000000000022
8467,1.2310000000000016
8468,1.4250000000000014
8469,1.6290000000000022
8470,1.8350000000000026
8471,1.437000000000002
8472,1.227000000000002
8473,1.4310000000000023
8474,1.4350000000000023
8475,1.4470000000000014
8476,1.0209999999999995
8477,1.6330000000000016
8478,1.3380000000000019
8479,1.643000000000002
8480,1.6550000000000014
8481,1.4270000000000018
8482,1.3300000000000012
8483,1.4310000000000018
8484,1.5360000000000031
8485,1.4350000000000016
8486,1.6410000000000016
8487,1.4310000000000007
8488,1.5480000000000016
8489,1.6390000000000011
8490,1.338000000000002
8491,1.2330000000000019
8492,1.548000000000001
8493,1.5320000000000018
8494,1.534000000000002
8495,1.8510000000000018
8496,1.6450000000000014
8497,1.2230000000000019
8498,1.7320000000000024
8499,1.5380000000000011
8500,1.2370000000000025
8501,1.6250000000000027
8502,1.5380000000000027
8503,1.7360000000000024
8504,1.7320000000000022
8505,1.3260000000000014
8506,1.4390000000000012
8507,1.4290000000000014
8508,1.7380000000000018
8509,1.748000000000002
8510,1.2310000000000023
8511,1.4350000000000016
8512,1.8410000000000022
8513,1.219000000000002
8514,1.435000000000002
8515,1.6390000000000016
8516,1.4370000000000018
8517,1.1220000000000017
8518,1.734000000000002
8519,1.538000000000002
8520,1.2350000000000008
8521,1.4430000000000007
8522,1.6290000000000018
8523,1.9540000000000024
8524,1.7540000000000018
8525,1.4270000000000018
8526,1.7500000000000022
8527,1.5280000000000025
8528,1.6470000000000014
8529,1.3360000000000007
8530,1.0210000000000021
8531,1.4450000000000012
8532,1.6430000000000025
8533,1.8410000000000022
8534,1.3240000000000014
8535,2.0490000000000017
8536,1.635000000000002
8537,1.2210000000000019
8538,1.6430000000000013
8539,1.235000000000002
8540,1.6370000000000027
8541,1.229000000000002
8542,1.5360000000000016
8543,1.1440000000000021
8544,1.4350000000000016
8545,1.3300000000000016
8546,1.641000000000001
8547,1.6490000000000011
8548,1.5320000000000018
8549,1.7460000000000013
8550,1.6270000000000022
8551,1.4330000000000025
8552,1.3320000000000014
8553,1.4430000000000012
8554,1.439000000000002
8555,1.7380000000000015
8556,1.536000000000002
8557,1.433000000000002
8558,1.0210000000000001
8559,1.3300000000000023
8560,1.3280000000000016
8561,1.1260000000000014
8562,1.6430000000000016
8563,1.7460000000000016
8564,1.433000000000002
8565,2.0450000000000017
8566,1.845000000000002
8567,1.8290000000000017
8568,1.3300000000000014
8569,1.2250000000000016
8570,1.3380000000000016
8571,1.429000000000002
8572,1.7440000000000018
8573,1.334000000000001
8574,1.2370000000000025
8575,1.3260000000000025
8576,1.641000000000002
8577,1.635000000000002
8578,1.2350000000000017
8579,1.4550000000000012
8580,1.6290000000000022
8581,1.3360000000000016
8582,1.6550000000000022
8583,1.4330000000000018
8584,1.4330000000000012
8585,1.5280000000000027
8586,1.3280000000000018
8587,1.6330000000000027
8588,1.5360000000000016
8589,1.5300000000000022
8590,1.625000000000003
8591,1.5360000000000023
8592,1.5420000000000027
8593,1.3280000000000018
8594,1.5300000000000022
8595,2.0390000000000024
8596,1.4410000000000018
8597,1.538000000000002
8598,1.4290000000000014
8599,1.8530000000000013
8600,1.320000000000002
8601,1.7300000000000029
8602,1.8350000000000029
8603,1.6310000000000024
8604,1.6290000000000022
8605,1.6350000000000025
8606,1.7460000000000016
8607,1.3280000000000016
8608,1.629000000000002
8609,1.6350000000000013
8610,1.6290000000000027
8611,1.5400000000000018
8612,1.538000000000002
8613,2.043000000000003
8614,1.645000000000001
8615,1.1200000000000023
8616,1.4310000000000018
8617,1.5440000000000023
8618,1.4450000000000014
8619,1.3320000000000014
8620,1.540000000000002
8621,1.5300000000000025
8622,1.734000000000002
8623,2.0470000000000024
8624,1.126000000000002
8625,1.445000000000001
8626,1.4270000000000023
8627,1.5260000000000027
8628,1.5360000000000016
8629,1.4310000000000027
8630,1.5460000000000016
8631,1.942000000000002
8632,1.7420000000000018
8633,1.6290000000000018
8634,1.5380000000000027
8635,1.5320000000000018
8636,1.4350000000000014
8637,1.4330000000000018
8638,1.6390000000000018
8639,1.7420000000000013
8640,1.5460000000000016
8641,1.2290000000000014
8642,1.8330000000000022
8643,1.950000000000002
8644,1.6390000000000018
8645,1.7360000000000015
8646,1.3300000000000016
8647,1.3360000000000016
8648,1.439000000000002
8649,1.227000000000002
8650,1.7440000000000024
8651,1.6350000000000031
8652,1.3360000000000019
8653,1.2270000000000012
8654,1.7380000000000022
8655,1.4390000000000023
8656,1.1300000000000012
8657,1.332000000000001
8658,1.9320000000000024
8659,1.9460000000000022
8660,1.3280000000000016
8661,1.1200000000000019
8662,1.5220000000000022
8663,1.4310000000000016
8664,1.8450000000000026
8665,1.4310000000000018
8666,1.7400000000000022
8667,1.1300000000000012
8668,1.3300000000000014
8669,1.3260000000000025
8670,1.746000000000002
8671,1.732000000000002
8672,1.2210000000000016
8673,1.9360000000000026
8674,1.5360000000000016
8675,1.4350000000000005
8676,1.5320000000000022
8677,1.4310000000000025
8678,1.231000000000001
8679,1.5480000000000016
8680,2.041000000000002
8681,1.6350000000000018
8682,1.2290000000000025
8683,1.025
8684,1.4270000000000025
8685,1.847000000000002
8686,1.3320000000000014
8687,1.3240000000000018
8688,1.5420000000000014
8689,1.6310000000000016
8690,1.7400000000000018
8691,1.4310000000000016
8692,1.3360000000000016
8693,1.1260000000000017
8694,1.8250000000000022
8695,2.0390000000000024
8696,1.5360000000000016
8697,1.6270000000000022
8698,1.3300000000000014
8699,1.544000000000002
8700,1.2250000000000012
8701,1.225000000000002
8702,1.7380000000000013
8703,1.4310000000000018
8704,1.528000000000002
8705,1.5480000000000012
8706,1.744000000000002
8707,1.3360000000000014
8708,1.3320000000000025
8709,1.3280000000000018
8710,1.4350000000000016
8711,1.338000000000001
8712,1.7440000000000018
8713,1.8410000000000017
8714,1.6490000000000016
8715,1.5320000000000016
8716,1.6390000000000018
8717,1.6370000000000025
8718,1.433000000000002
8719,1.4270000000000014
8720,1.2310000000000019
8721,1.4290000000000027
8722,1.3320000000000007
8723,1.4450000000000016
8724,1.9440000000000017
8725,1.433000000000002
8726,1.4450000000000014
8727,1.2370000000000012
8728,1.4330000000000012
8729,1.5320000000000022
8730,1.3400000000000016
8731,1.3340000000000019
8732,1.5460000000000014
8733,1.5220000000000022
8734,1.3320000000000014
8735,1.942000000000002
8736,1.6470000000000025
8737,1.4390000000000014
8738,1.6410000000000016
8739,1.1260000000000014
8740,1.2290000000000019
8741,1.8250000000000026
8742,1.4390000000000018
8743,1.7440000000000027
8744,1.3360000000000016
8745,1.625000000000002
8746,1.9500000000000022
8747,1.4450000000000025
8748,1.4230000000000012
8749,1.2250000000000014
8750,1.6310000000000013
8751,1.7320000000000026
8752,1.7320000000000024
8753,1.3300000000000012
8754,1.3360000000000023
8755,1.932000000000002
8756,1.4350000000000016
8757,1.3320000000000018
8758,1.528000000000002
8759,1.2310000000000014
8760,1.342000000000002
8761,1.6270000000000024
8762,2.1380000000000026
8763,1.7460000000000013
8764,1.5320000000000025
8765,1.8490000000000018
8766,1.534000000000002
8767,1.4470000000000014
8768,1.4250000000000023
8769,1.6490000000000018
8770,1.6270000000000018
8771,1.6350000000000025
8772,1.5380000000000025
8773,1.344000000000002
8774,1.7460000000000022
8775,1.5360000000000016
8776,1.6430000000000016
8777,1.6330000000000018
8778,1.2370000000000019
8779,1.5380000000000018
8780,0.9279999999999998
8781,1.942000000000002
8782,1.5360000000000031
8783,1.2310000000000019
8784,1.6430000000000016
8785,1.6370000000000018
8786,1.332000000000002
8787,1.6250000000000027
8788,1.1200000000000019
8789,1.750000000000002
8790,1.7540000000000018
8791,1.2290000000000012
8792,1.8490000000000015
8793,1.8410000000000017
8794,1.6510000000000007
8795,1.5380000000000011
8796,1.548000000000002
8797,1.5340000000000018
8798,1.340000000000002
8799,1.7300000000000026
8800,1.2310000000000019
8801,1.6330000000000033
8802,1.4230000000000025
8803,1.8330000000000022
8804,1.4290000000000014
8805,1.3300000000000027
8806,1.6370000000000016
8807,1.4230000000000027
8808,1.6410000000000022
8809,1.5320000000000022
8810,1.9600000000000017
8811,1.5400000000000014
8812,1.5420000000000023
8813,1.2130000000000019
8814,1.3340000000000014
8815,1.641000000000002
8816,1.3320000000000016
8817,1.3320000000000018
8818,1.4310000000000016
8819,1.3460000000000014
8820,1.8550000000000013
8821,2.1520000000000024
8822,1.534000000000002
8823,1.4430000000000016
8824,1.7380000000000024
8825,2.140000000000002
8826,1.6390000000000018
8827,1.6390000000000016
8828,1.7360000000000029
8829,1.4350000000000016
8830,1.4330000000000007
8831,2.035000000000002
8832,1.5460000000000016
8833,1.7380000000000018
8834,1.429000000000002
8835,1.8430000000000022
8836,1.736000000000002
8837,1.227000000000001
8838,1.536000000000002
8839,1.6410000000000025
8840,1.8490000000000018
8841,1.425000000000002
8842,1.5360000000000025
8843,1.643000000000001
8844,1.4390000000000014
8845,1.7360000000000013
8846,1.6490000000000016
8847,1.7460000000000016
8848,1.3520000000000019
8849,1.633000000000002
8850,1.6410000000000022
8851,1.322000000000003
8852,1.6370000000000022
8853,1.6350000000000013
8854,1.1320000000000017
8855,1.3400000000000016
8856,1.839000000000002
8857,1.5460000000000023
8858,1.8490000000000015
8859,2.035000000000002
8860,1.4410000000000014
8861,1.7380000000000022
8862,1.1220000000000017
8863,1.4370000000000016
8864,1.540000000000002
8865,1.633000000000002
8866,1.4290000000000012
8867,1.6370000000000016
8868,1.4350000000000016
8869,1.1439999999999997
8870,1.4450000000000014
8871,1.744000000000002
8872,1.7500000000000018
8873,1.736000000000002
8874,1.2310000000000008
8875,1.7320000000000022
8876,1.6370000000000022
8877,1.124000000000001
8878,1.5340000000000011
8879,1.2210000000000016
8880,1.2430000000000008
8881,1.756000000000002
8882,1.3260000000000025
8883,1.7520000000000018
8884,1.5340000000000023
8885,1.4290000000000027
8886,1.9380000000000024
8887,1.6270000000000027
8888,1.3320000000000014
8889,1.7400000000000029
8890,1.6350000000000022
8891,1.740000000000002
8892,1.5360000000000023
8893,1.5360000000000014
8894,1.3320000000000016
8895,1.7380000000000018
8896,1.4290000000000018
8897,1.1240000000000017
8898,1.3340000000000023
8899,1.2290000000000019
8900,1.7380000000000022
8901,1.6330000000000013
8902,2.059000000000002
8903,1.5460000000000014
8904,1.6370000000000022
8905,1.5500000000000012
8906,1.5260000000000025
8907,1.3380000000000016
8908,1.633000000000002
8909,1.631000000000002
8910,2.0570000000000017
8911,1.8490000000000024
8912,1.6390000000000027
8913,1.2270000000000012
8914,1.2250000000000016
8915,1.6330000000000018
8916,1.4390000000000012
8917,1.6410000000000025
8918,1.433000000000002
8919,1.6390000000000031
8920,1.6430000000000013
8921,1.4330000000000027
8922,1.5360000000000025
8923,1.229000000000002
8924,1.5340000000000018
8925,1.534000000000001
8926,1.4250000000000012
8927,1.7580000000000018
8928,1.437000000000001
8929,1.6470000000000018
8930,1.9420000000000015
8931,1.835000000000002
8932,1.6430000000000013
8933,1.536000000000002
8934,1.9500000000000017
8935,1.5300000000000022
8936,1.942000000000002
8937,1.6310000000000022
8938,1.122000000000002
8939,2.0350000000000024
8940,1.7480000000000024
8941,1.1280000000000014
8942,1.746000000000002
8943,1.6350000000000022
8944,1.629000000000002
8945,1.4450000000000014
8946,1.1260000000000019
8947,1.3300000000000014
8948,1.7400000000000018
8949,1.635000000000002
8950,1.7580000000000016
8951,1.3360000000000014
8952,1.734000000000002
8953,1.6350000000000022
8954,1.7280000000000018
8955,1.5300000000000022
8956,1.5320000000000022
8957,1.6490000000000016
8958,1.534000000000002
8959,1.1380000000000021
8960,1.6530000000000016
8961,1.5360000000000011
8962,1.6410000000000022
8963,1.8470000000000015
8964,1.439000000000002
8965,1.6350000000000018
8966,1.4350000000000016
8967,1.6350000000000025
8968,1.1340000000000006
8969,1.633000000000002
8970,1.7480000000000018
8971,1.6430000000000013
8972,1.6410000000000022
8973,1.3400000000000007
8974,1.5220000000000016
8975,1.7420000000000015
8976,1.328000000000002
8977,1.4330000000000016
8978,1.6430000000000016
8979,1.437000000000002
8980,1.3280000000000018
8981,1.4310000000000018
8982,1.536000000000002
8983,1.4390000000000014
8984,1.942000000000002
8985,1.8470000000000024
8986,1.8430000000000022
8987,1.229000000000002
8988,1.944000000000002
8989,1.4270000000000025
8990,1.1220000000000019
8991,1.5440000000000018
8992,1.3320000000000016
8993,1.6370000000000022
8994,1.5440000000000011
8995,1.2330000000000019
8996,1.6370000000000027
8997,1.5380000000000027
8998,1.9460000000000013
8999,1.340000000000002
9000,1.6410000000000022
9001,1.3380000000000012
9002,1.6370000000000018
9003,1.4270000000000016
9004,1.6390000000000027
9005,1.6310000000000013
9006,1.8490000000000015
9007,1.639000000000002
9008,1.5460000000000014
9009,1.4430000000000027
9010,1.5340000000000018
9011,1.4290000000000027
9012,1.9500000000000015
9013,1.6490000000000011
9014,1.5400000000000025
9015,1.3280000000000016
9016,1.740000000000001
9017,1.6350000000000018
9018,1.8430000000000017
9019,1.5420000000000018
9020,1.3180000000000018
9021,1.4430000000000023
9022,1.5380000000000018
9023,1.9420000000000024
9024,1.5440000000000023
9025,1.5320000000000016
9026,1.2230000000000008
9027,1.328000000000002
9028,1.9520000000000015
9029,1.629000000000002
9030,1.7500000000000022
9031,0.9280000000000015
9032,1.3360000000000016
9033,1.744000000000002
9034,1.520000000000002
9035,1.435000000000002
9036,1.6370000000000018
9037,1.6390000000000027
9038,1.6430000000000007
9039,1.7340000000000027
9040,1.6390000000000022
9041,1.3340000000000019
9042,1.2290000000000008
9043,1.639000000000002
9044,2.0410000000000013
9045,1.746000000000001
9046,1.429000000000002
9047,1.1320000000000021
9048,1.7260000000000024
9049,1.5360000000000011
9050,1.6470000000000016
9051,1.6370000000000011
9052,1.534000000000002
9053,1.449000000000001
9054,1.4330000000000016
9055,1.6350000000000018
9056,1.6430000000000018
9057,1.5260000000000022
9058,1.6250000000000022
9059,1.7380000000000029
9060,1.536000000000002
9061,1.5420000000000016
9062,1.0290000000000008
9063,1.443000000000001
9064,1.330000000000002
9065,1.5340000000000027
9066,1.544000000000002
9067,1.748000000000002
9068,1.3360000000000014
9069,1.3300000000000016
9070,1.6430000000000018
9071,1.5400000000000018
9072,1.3300000000000016
9073,1.744000000000002
9074,1.7400000000000013
9075,1.5300000000000018
9076,1.4370000000000016
9077,1.8490000000000015
9078,1.7340000000000027
9079,1.2370000000000017
9080,1.6470000000000016
9081,1.7400000000000018
9082,1.2210000000000014
9083,1.2430000000000012
9084,1.6530000000000007
9085,1.7340000000000018
9086,2.2490000000000014
9087,1.845000000000002
9088,1.7440000000000018
9089,1.237000000000002
9090,1.6390000000000018
9091,1.5320000000000025
9092,1.439000000000002
9093,1.835000000000002
9094,1.3440000000000025
9095,1.946000000000001
9096,1.9460000000000013
9097,1.1200000000000012
9098,1.332000000000002
9099,1.4190000000000023
9100,1.538000000000002
9101,1.746000000000002
9102,1.342000000000001
9103,1.237000000000001
9104,1.5400000000000023
9105,1.9300000000000024
9106,1.5360000000000014
9107,1.5480000000000025
9108,1.7360000000000022
9109,1.6370000000000022
9110,1.7340000000000029
9111,1.3300000000000014
9112,1.849000000000001
9113,2.2470000000000026
9114,1.534000000000002
9115,1.435000000000001
9116,1.4290000000000018
9117,1.6390000000000016
9118,1.5300000000000022
9119,1.8490000000000015
9120,1.3220000000000018
9121,1.5400000000000011
9122,1.2290000000000025
9123,1.334000000000002
9124,1.5280000000000025
9125,1.1260000000000012
9126,1.6390000000000022
9127,1.641000000000002
9128,1.130000000000002
9129,1.5380000000000018
9130,1.7500000000000013
9131,1.8570000000000013
9132,1.841000000000002
9133,1.8430000000000024
9134,1.8350000000000026
9135,1.6350000000000013
9136,1.5320000000000014
9137,1.449000000000002
9138,1.944000000000002
9139,1.2270000000000012
9140,1.7400000000000018
9141,1.4350000000000016
9142,1.9420000000000024
9143,1.641000000000002
9144,1.7340000000000024
9145,1.5340000000000016
9146,1.7360000000000013
9147,1.6530000000000014
9148,1.8450000000000026
9149,1.5380000000000025
9150,1.534000000000003
9151,1.4450000000000023
9152,1.3280000000000012
9153,1.3300000000000016
9154,2.1400000000000023
9155,1.5420000000000014
9156,2.0530000000000017
9157,1.439000000000001
9158,1.4330000000000012
9159,1.829000000000002
9160,1.7420000000000015
9161,1.5300000000000022
9162,1.6410000000000022
9163,1.5300000000000022
9164,1.124000000000003
9165,1.6310000000000022
9166,1.5400000000000018
9167,1.5220000000000018
9168,1.4210000000000023
9169,1.2270000000000019
9170,1.2230000000000016
9171,1.1280000000000003
9172,2.049000000000002
9173,1.8430000000000024
9174,1.8450000000000009
9175,1.6430000000000016
9176,1.3260000000000018
9177,1.3260000000000025
9178,1.6310000000000024
9179,1.4310000000000014
9180,1.3280000000000023
9181,1.5360000000000025
9182,1.5360000000000016
9183,1.126000000000001
9184,1.4250000000000025
9185,1.9520000000000013
9186,1.5400000000000023
9187,1.3340000000000012
9188,1.3300000000000014
9189,1.3260000000000023
9190,1.536000000000002
9191,1.4330000000000016
9192,1.4270000000000023
9193,2.0470000000000024
9194,1.425000000000002
9195,1.736000000000002
9196,1.338000000000001
9197,1.8270000000000026
9198,1.4310000000000023
9199,1.7520000000000022
9200,1.4270000000000025
9201,1.8450000000000029
9202,1.1280000000000014
9203,1.734000000000002
9204,1.6410000000000022
9205,1.5360000000000023
9206,1.6370000000000027
9207,1.5300000000000025
9208,1.4330000000000016
9209,1.534000000000003
9210,1.7460000000000013
9211,1.5380000000000025
9212,1.7440000000000018
9213,1.7380000000000022
9214,1.5400000000000018
9215,1.538000000000002
9216,1.623000000000002
9217,1.2290000000000025
9218,1.2210000000000023
9219,1.633000000000002
9220,2.045000000000002
9221,1.950000000000001
9222,1.3300000000000016
9223,1.5360000000000016
9224,1.7480000000000016
9225,1.219000000000002
9226,1.2330000000000014
9227,1.4330000000000025
9228,1.4310000000000016
9229,1.8330000000000028
9230,1.4370000000000016
9231,1.4310000000000016
9232,1.7340000000000027
9233,1.4330000000000027
9234,1.639000000000002
9235,1.429000000000002
9236,1.229000000000002
9237,1.536000000000002
9238,1.6330000000000027
9239,1.528000000000002
9240,1.3220000000000016
9241,1.3260000000000012
9242,1.9260000000000022
9243,1.423000000000002
9244,1.0230000000000015
9245,1.6310000000000022
9246,1.8370000000000026
9247,1.534000000000001
9248,1.2210000000000023
9249,1.4290000000000023
9250,1.4310000000000016
9251,1.3440000000000023
9252,1.633000000000003
9253,1.4350000000000025
9254,1.643000000000002
9255,1.3260000000000018
9256,1.332000000000002
9257,1.1280000000000012
9258,1.2330000000000008
9259,1.437000000000002
9260,1.534000000000002
9261,1.5340000000000018
9262,1.2290000000000019
9263,1.5340000000000011
9264,1.3320000000000014
9265,1.2230000000000012
9266,1.6370000000000018
9267,2.0450000000000017
9268,1.6410000000000025
9269,1.7360000000000022
9270,1.3440000000000012
9271,1.9380000000000017
9272,1.7300000000000018
9273,1.6310000000000011
9274,1.2290000000000019
9275,1.4330000000000027
9276,1.3340000000000014
9277,1.6350000000000022
9278,1.5260000000000034
9279,1.4230000000000018
9280,1.6350000000000022
9281,1.233000000000001
9282,1.3240000000000023
9283,1.239000000000002
9284,1.336000000000003
9285,1.6250000000000022
9286,1.5320000000000018
9287,1.4290000000000018
9288,1.5420000000000016
9289,1.6390000000000027
9290,1.740000000000002
9291,1.2350000000000014
9292,1.8450000000000022
9293,1.433000000000002
9294,1.229000000000001
9295,1.4390000000000012
9296,1.538000000000002
9297,1.231000000000002
9298,1.6290000000000022
9299,1.7440000000000018
9300,1.2310000000000019
9301,1.3260000000000025
9302,1.2290000000000014
9303,1.6370000000000018
9304,1.5420000000000016
9305,1.318000000000002
9306,1.239000000000002
9307,1.3380000000000019
9308,1.746000000000002
9309,1.6330000000000018
9310,1.9400000000000028
9311,1.421000000000002
9312,1.5280000000000025
9313,1.6430000000000013
9314,1.7280000000000022
9315,1.9380000000000024
9316,1.829000000000002
9317,1.6410000000000013
9318,1.530000000000002
9319,2.0350000000000024
9320,1.3380000000000023
9321,1.625000000000002
9322,1.3360000000000025
9323,1.425000000000002
9324,1.8290000000000017
9325,1.6270000000000022
9326,1.8450000000000026
9327,1.433000000000002
9328,1.7520000000000016
9329,1.4410000000000016
9330,1.7380000000000018
9331,1.4310000000000018
9332,1.8330000000000026
9333,1.6230000000000027
9334,1.2350000000000014
9335,1.7280000000000026
9336,1.334000000000001
9337,1.6350000000000013
9338,1.4410000000000023
9339,1.4370000000000025
9340,1.4410000000000016
9341,1.5420000000000007
9342,1.433000000000002
9343,1.5400000000000014
9344,1.5440000000000027
9345,1.837000000000002
9346,1.7360000000000022
9347,1.6410000000000025
9348,1.5320000000000016
9349,1.4310000000000014
9350,1.6370000000000022
9351,1.8530000000000006
9352,2.0430000000000024
9353,1.5520000000000016
9354,1.6430000000000018
9355,1.2210000000000014
9356,1.429000000000003
9357,1.734000000000002
9358,1.5300000000000022
9359,1.3320000000000014
9360,1.6310000000000016
9361,1.2250000000000016
9362,1.7420000000000018
9363,1.6410000000000022
9364,1.3260000000000016
9365,1.7380000000000022
9366,1.8370000000000024
9367,1.7240000000000018
9368,1.746000000000001
9369,1.5240000000000022
9370,1.6310000000000024
9371,1.7360000000000015
9372,1.2250000000000012
9373,1.4310000000000018
9374,1.9420000000000028
9375,1.7400000000000022
9376,1.536000000000002
9377,1.5420000000000018
9378,1.2410000000000019
9379,1.944000000000002
9380,1.330000000000002
9381,1.633000000000002
9382,1.7280000000000024
9383,1.5340000000000018
9384,1.8350000000000026
9385,1.7480000000000018
9386,1.4310000000000018
9387,1.429000000000002
9388,1.6270000000000022
9389,1.6230000000000029
9390,1.6350000000000011
9391,1.7340000000000015
9392,1.639000000000002
9393,1.6290000000000018
9394,2.150000000000002
9395,1.6450000000000018
9396,1.4330000000000016
9397,1.5440000000000007
9398,1.6290000000000027
9399,1.643000000000002
9400,1.4370000000000016
9401,1.5400000000000025
9402,1.534000000000002
9403,1.8410000000000017
9404,1.5340000000000018
9405,1.641000000000002
9406,1.5380000000000018
9407,1.8310000000000022
9408,1.219000000000002
9409,1.2330000000000019
9410,1.7400000000000018
9411,1.8350000000000026
9412,1.5440000000000014
9413,1.5340000000000023
9414,1.946000000000002
9415,1.5380000000000011
9416,1.5300000000000018
9417,1.8430000000000015
9418,1.5280000000000025
9419,1.5380000000000018
9420,1.7420000000000018
9421,1.2190000000000019
9422,1.3360000000000023
9423,1.6470000000000027
9424,1.639000000000002
9425,1.4310000000000023
9426,1.857000000000001
9427,1.7240000000000029
9428,1.5380000000000016
9429,1.3240000000000018
9430,1.6270000000000024
9431,1.5300000000000025
9432,1.1260000000000019
9433,1.8350000000000029
9434,1.530000000000002
9435,1.2250000000000016
9436,1.8390000000000024
9437,1.734000000000002
9438,1.3240000000000018
9439,1.524000000000002
9440,1.942000000000002
9441,1.3300000000000014
9442,1.8290000000000024
9443,1.5440000000000023
9444,2.041000000000003
9445,1.3300000000000016
9446,1.3360000000000012
9447,1.429000000000003
9448,2.0390000000000024
9449,1.4390000000000023
9450,1.4250000000000023
9451,1.6330000000000018
9452,1.4290000000000027
9453,1.8390000000000026
9454,1.2330000000000014
9455,1.7420000000000022
9456,1.7340000000000018
9457,1.4290000000000018
9458,1.7340000000000024
9459,1.4370000000000018
9460,1.0290000000000001
9461,1.6350000000000018
9462,1.437000000000002
9463,1.7420000000000015
9464,1.528000000000002
9465,1.7500000000000018
9466,1.5260000000000025
9467,1.8510000000000013
9468,1.4350000000000023
9469,1.6410000000000013
9470,1.7360000000000022
9471,1.231000000000001
9472,1.540000000000002
9473,1.9360000000000017
9474,1.4290000000000018
9475,1.4350000000000012
9476,1.3420000000000007
9477,1.6470000000000018
9478,1.7360000000000013
9479,1.7420000000000022
9480,1.639000000000002
9481,1.732000000000002
9482,1.229000000000002
9483,1.5300000000000022
9484,1.6350000000000018
9485,1.7360000000000013
9486,1.4310000000000025
9487,1.324000000000002
9488,1.6410000000000016
9489,1.5400000000000014
9490,1.334000000000001
9491,1.5340000000000018
9492,1.9420000000000024
9493,1.4430000000000018
9494,1.930000000000003
9495,1.1300000000000012
9496,1.4250000000000023
9497,1.4410000000000016
9498,1.641000000000002
9499,1.5320000000000016
9500,1.3320000000000025
9501,1.7380000000000018
9502,1.4210000000000023
9503,1.2290000000000016
9504,1.3260000000000023
9505,1.6590000000000016
9506,1.526000000000002
9507,1.5380000000000027
9508,1.8410000000000022
9509,1.4310000000000016
9510,1.8350000000000022
9511,1.7360000000000013
9512,1.6270000000000013
9513,1.538000000000001
9514,1.6430000000000013
9515,1.633000000000002
9516,1.7280000000000022
9517,1.2310000000000019
9518,1.8410000000000022
9519,1.6330000000000016
9520,1.3320000000000005
9521,1.3400000000000023
9522,1.851000000000002
9523,1.7380000000000018
9524,1.4450000000000016
9525,1.5320000000000016
9526,1.5340000000000027
9527,2.037000000000002
9528,1.639000000000002
9529,1.4330000000000018
9530,1.5340000000000011
9531,1.1300000000000012
9532,1.4370000000000014
9533,1.6370000000000013
9534,1.4330000000000005
9535,1.7340000000000024
9536,1.6450000000000018
9537,1.7480000000000018
9538,1.6470000000000014
9539,1.1380000000000021
9540,1.7460000000000013
9541,1.538000000000002
9542,1.5280000000000016
9543,1.429000000000002
9544,1.9400000000000017
9545,1.9480000000000017
9546,1.227000000000002
9547,1.8390000000000024
9548,1.5460000000000012
9549,1.7340000000000018
9550,1.6290000000000018
9551,1.528000000000003
9552,1.3260000000000016
9553,1.528000000000002
9554,1.645000000000001
9555,1.5280000000000016
9556,1.6470000000000016
9557,1.552000000000001
9558,1.8530000000000022
9559,1.8370000000000026
9560,1.6330000000000024
9561,1.643000000000002
9562,1.2270000000000023
9563,1.1380000000000012
9564,1.5460000000000012
9565,1.5360000000000023
9566,1.742000000000001
9567,1.5300000000000022
9568,1.5320000000000025
9569,1.3220000000000014
9570,1.9480000000000013
9571,1.5360000000000014
9572,1.7220000000000026
9573,1.5360000000000014
9574,1.9360000000000028
9575,1.528000000000002
9576,1.734000000000002
9577,1.3400000000000014
9578,1.8390000000000017
9579,1.3300000000000012
9580,1.4270000000000023
9581,1.6370000000000022
9582,1.7360000000000015
9583,1.4270000000000025
9584,1.643000000000002
9585,1.6310000000000022
9586,1.5320000000000027
9587,1.7400000000000022
9588,1.9520000000000013
9589,1.4390000000000023
9590,1.8450000000000022
9591,1.8430000000000017
9592,1.3320000000000018
9593,1.847000000000002
9594,1.5360000000000023
9595,1.5340000000000011
9596,1.9580000000000013
9597,1.6330000000000024
9598,1.5320000000000025
9599,1.425000000000003
9600,1.7540000000000011
9601,1.0210000000000017
9602,1.9520000000000013
9603,1.538000000000002
9604,1.544000000000001
9605,1.8310000000000022
9606,1.8250000000000028
9607,1.540000000000002
9608,1.736000000000002
9609,1.3360000000000016
9610,1.7340000000000027
9611,1.5400000000000025
9612,1.7520000000000016
9613,1.639000000000002
9614,1.5480000000000012
9615,1.6370000000000018
9616,1.4230000000000012
9617,1.6370000000000018
9618,1.2290000000000019
9619,1.7540000000000016
9620,1.1260000000000017
9621,1.841000000000002
9622,1.7380000000000015
9623,1.8430000000000017
9624,1.7360000000000022
9625,1.1280000000000014
9626,1.4330000000000018
9627,1.0170000000000023
9628,1.2230000000000028
9629,1.6290000000000022
9630,1.6430000000000016
9631,1.5320000000000025
9632,1.7360000000000022
9633,1.8450000000000017
9634,1.3300000000000023
9635,1.932000000000002
9636,1.5280000000000018
9637,1.8390000000000017
9638,1.542000000000003
9639,1.433000000000002
9640,1.6290000000000022
9641,1.5440000000000023
9642,1.5420000000000016
9643,1.534000000000002
9644,2.1360000000000032
9645,1.2310000000000016
9646,1.5420000000000014
9647,1.6530000000000016
9648,1.3380000000000019
9649,1.7320000000000022
9650,1.5440000000000018
9651,1.4350000000000023
9652,1.6390000000000018
9653,1.8310000000000024
9654,1.7420000000000015
9655,1.7380000000000022
9656,1.429000000000002
9657,1.3360000000000019
9658,1.3300000000000014
9659,1.641000000000002
9660,2.0510000000000015
9661,1.9400000000000022
9662,1.3400000000000012
9663,1.635000000000002
9664,1.5380000000000011
9665,1.7400000000000013
9666,1.439000000000002
9667,1.2330000000000023
9668,1.6410000000000025
9669,1.9580000000000015
9670,1.3380000000000012
9671,1.6310000000000024
9672,1.748000000000002
9673,1.6550000000000014
9674,1.744000000000001
9675,1.2290000000000019
9676,1.3360000000000019
9677,1.2310000000000019
9678,1.7440000000000027
9679,1.5320000000000022
9680,1.6370000000000013
9681,1.5420000000000018
9682,1.746000000000002
9683,2.1400000000000023
9684,1.6350000000000022
9685,1.4290000000000014
9686,1.7360000000000029
9687,1.4270000000000034
9688,1.8430000000000013
9689,0.9280000000000018
9690,1.5360000000000023
9691,1.8590000000000018
9692,1.6530000000000018
9693,1.6410000000000025
9694,1.7380000000000024
9695,1.633000000000002
9696,1.342
9697,1.6330000000000024
9698,1.8370000000000024
9699,1.7360000000000022
9700,1.5340000000000023
9701,1.445000000000001
9702,1.8390000000000024
9703,1.5340000000000023
9704,1.5340000000000023
9705,1.4430000000000016
9706,1.7440000000000024
9707,1.435000000000001
9708,1.7420000000000015
9709,1.8290000000000024
9710,1.744000000000002
9711,1.4290000000000018
9712,1.641000000000002
9713,1.5260000000000022
9714,1.8390000000000017
9715,1.6290000000000022
9716,1.6390000000000022
9717,1.6270000000000022
9718,1.6330000000000018
9719,1.8390000000000017
9720,1.6410000000000016
9721,1.7360000000000024
9722,1.7420000000000022
9723,1.9500000000000017
9724,1.229000000000002
9725,1.5400000000000023
9726,1.5340000000000011
9727,1.6450000000000022
9728,1.328000000000002
9729,2.352000000000001
9730,1.4290000000000023
9731,1.746000000000002
9732,1.524000000000002
9733,1.3380000000000019
9734,1.2250000000000016
9735,1.7480000000000016
9736,1.1240000000000014
9737,1.9440000000000024
9738,1.5380000000000011
9739,1.7400000000000018
9740,1.6350000000000018
9741,1.3260000000000025
9742,1.5360000000000027
9743,1.6330000000000027
9744,1.7260000000000024
9745,1.5320000000000025
9746,1.536000000000002
9747,1.6390000000000018
9748,1.9460000000000017
9749,1.940000000000002
9750,1.1280000000000014
9751,1.748000000000002
9752,1.8510000000000022
9753,1.7520000000000013
9754,1.5320000000000027
9755,1.5460000000000014
9756,1.7340000000000018
9757,1.7360000000000024
9758,1.942000000000001
9759,1.6510000000000014
9760,1.5320000000000025
9761,1.2190000000000019
9762,1.7400000000000027
9763,1.835000000000002
9764,1.8370000000000022
9765,1.3320000000000027
9766,1.7400000000000018
9767,1.6350000000000013
9768,1.6410000000000022
9769,2.3520000000000016
9770,1.7380000000000018
9771,1.7360000000000022
9772,1.2210000000000012
9773,1.429000000000003
9774,1.8470000000000015
9775,1.4410000000000012
9776,1.4470000000000007
9777,1.1140000000000014
9778,1.9440000000000017
9779,1.835000000000002
9780,1.4330000000000018
9781,1.7380000000000024
9782,1.7420000000000015
9783,1.5380000000000016
9784,1.6330000000000013
9785,1.5420000000000005
9786,1.2330000000000019
9787,1.2270000000000019
9788,1.629000000000002
9789,1.231000000000001
9790,1.4330000000000025
9791,1.5540000000000014
9792,1.4430000000000016
9793,1.231000000000002
9794,1.3400000000000014
9795,1.8470000000000024
9796,1.641000000000002
9797,1.6390000000000027
9798,1.5320000000000016
9799,1.3200000000000014
9800,1.7380000000000022
9801,1.3300000000000016
9802,1.9340000000000013
9803,1.6350000000000025
9804,1.4390000000000018
9805,1.8390000000000015
9806,1.6370000000000016
9807,1.8410000000000024
9808,1.5240000000000027
9809,1.6370000000000018
9810,1.8410000000000024
9811,1.3360000000000007
9812,1.3400000000000007
9813,1.7520000000000011
9814,1.639000000000002
9815,1.3280000000000012
9816,1.7460000000000022
9817,1.6410000000000031
9818,1.538000000000002
9819,1.7380000000000027
9820,1.540000000000003
9821,1.3300000000000012
9822,1.6370000000000027
9823,1.7340000000000024
9824,1.6350000000000022
9825,1.3320000000000018
9826,1.324000000000002
9827,1.3380000000000016
9828,1.445000000000002
9829,1.5300000000000022
9830,1.2190000000000016
9831,1.9460000000000017
9832,1.9420000000000024
9833,1.639000000000002
9834,1.7420000000000024
9835,1.7300000000000029
9836,1.6370000000000016
9837,1.641000000000002
9838,1.6250000000000022
9839,1.7460000000000022
9840,1.6390000000000018
9841,1.625000000000002
9842,1.5420000000000023
9843,1.635000000000002
9844,1.6410000000000022
9845,1.3440000000000014
9846,1.3360000000000016
9847,1.433000000000001
9848,1.5280000000000018
9849,1.8450000000000015
9850,1.7360000000000022
9851,1.5360000000000027
9852,1.5240000000000027
9853,1.8450000000000017
9854,1.4470000000000018
9855,1.5260000000000022
9856,1.7480000000000016
9857,1.3320000000000016
9858,1.3380000000000007
9859,1.6410000000000016
9860,1.5340000000000023
9861,1.631000000000003
9862,1.4330000000000012
9863,1.5380000000000018
9864,1.6390000000000018
9865,1.435000000000002
9866,1.645000000000002
9867,1.5340000000000023
9868,1.837000000000002
9869,1.6550000000000002
9870,1.332000000000001
9871,1.4270000000000025
9872,1.9400000000000026
9873,1.5400000000000018
9874,1.8570000000000015
9875,1.5380000000000025
9876,1.8430000000000026
9877,1.4290000000000018
9878,1.5360000000000025
9879,1.2390000000000014
9880,1.5360000000000023
9881,1.734000000000002
9882,1.7460000000000024
9883,1.330000000000001
9884,1.9420000000000028
9885,1.7260000000000029
9886,1.7420000000000015
9887,1.6330000000000018
9888,1.6410000000000013
9889,1.736000000000002
9890,1.8410000000000022
9891,1.4410000000000007
9892,1.4310000000000018
9893,1.536000000000002
9894,1.2330000000000019
9895,1.5300000000000018
9896,1.5340000000000018
9897,1.532000000000001
9898,1.6310000000000022
9899,1.7420000000000018
9900,1.6310000000000022
9901,1.7440000000000009
9902,1.5420000000000025
9903,1.5360000000000027
9904,1.4430000000000023
9905,1.7420000000000018
9906,1.3280000000000018
9907,1.4290000000000012
9908,1.439000000000001
9909,1.750000000000002
9910,1.4250000000000025
9911,1.6330000000000027
9912,1.7360000000000024
9913,1.9440000000000017
9914,1.6410000000000022
9915,1.6430000000000018
9916,1.5320000000000025
9917,1.8290000000000026
9918,1.0290000000000017
9919,1.6370000000000011
9920,1.532000000000001
9921,1.5400000000000018
9922,1.6330000000000027
9923,1.227000000000001
9924,1.9680000000000013
9925,1.3260000000000023
9926,1.6450000000000018
9927,1.3240000000000023
9928,1.4370000000000018
9929,1.6290000000000022
9930,1.3400000000000007
9931,1.6370000000000022
9932,1.544000000000002
9933,1.3220000000000014
9934,1.740000000000002
9935,1.643000000000002
9936,1.839000000000002
9937,1.7480000000000018
9938,1.4310000000000016
9939,1.437000000000002
9940,1.8470000000000022
9941,1.2330000000000014
9942,1.8290000000000026
9943,1.8430000000000017
9944,1.7420000000000015
9945,1.1240000000000026
9946,1.8430000000000017
9947,1.5300000000000022
9948,1.4370000000000016
9949,1.5380000000000016
9950,1.7500000000000018
9951,1.7400000000000022
9952,1.536000000000002
9953,1.6370000000000025
9954,1.4310000000000018
9955,1.5380000000000025
9956,1.5440000000000018
9957,1.7580000000000016
9958,1.5400000000000023
9959,1.4230000000000025
9960,1.4370000000000014
9961,1.6230000000000024
9962,1.8330000000000024
9963,1.528000000000003
9964,1.6390000000000018
9965,1.5460000000000023
9966,2.144000000000002
9967,1.6370000000000022
9968,1.7300000000000022
9969,1.6410000000000013
9970,1.6350000000000011
9971,1.9540000000000015
9972,1.639000000000002
9973,1.4310000000000023
9974,1.8410000000000013
9975,1.6510000000000011
9976,1.5360000000000014
9977,1.8570000000000022
9978,1.7360000000000022
9979,1.944000000000002
9980,1.4470000000000005
9981,1.6310000000000013
9982,1.4350000000000014
9983,1.5440000000000011
9984,1.3300000000000014
9985,1.621000000000002
9986,1.4330000000000012
9987,1.5440000000000018
9988,1.3340000000000019
9989,1.944000000000002
9990,1.550000000000001
9991,1.7520000000000022
9992,1.534000000000002
9993,1.530000000000002
9994,1.8330000000000024
9995,1.5500000000000016
9996,1.4310000000000016
9997,1.4390000000000023
9998,1.7480000000000018
9999,1.8370000000000022
10000,1.4410000000000025
10001,1.6330000000000024
10002,1.5440000000000011
10003,1.1220000000000019
10004,1.6390000000000022
10005,1.3240000000000018
10006,1.8530000000000013
10007,1.8330000000000026
10008,1.8370000000000026
10009,1.643000000000002
10010,1.5440000000000027
10011,1.8590000000000015
10012,1.635000000000002
10013,1.437000000000002
10014,1.8410000000000022
10015,1.6450000000000011
10016,1.8310000000000028
10017,1.7480000000000016
10018,2.0430000000000024
10019,1.5380000000000011
10020,1.423000000000002
10021,1.5480000000000025
10022,1.8410000000000029
10023,1.530000000000002
10024,1.750000000000002
10025,1.4310000000000012
10026,1.7460000000000016
10027,2.1420000000000026
10028,1.3360000000000023
10029,1.124000000000002
10030,1.7360000000000022
10031,1.5440000000000018
10032,1.4410000000000014
10033,1.338000000000002
10034,1.744000000000002
10035,1.3260000000000016
10036,1.6410000000000027
10037,1.433000000000001
10038,1.8410000000000017
10039,1.4250000000000014
10040,1.6370000000000018
10041,1.8430000000000017
10042,1.631000000000002
10043,1.5240000000000022
10044,1.7580000000000016
10045,1.8610000000000013
10046,1.4350000000000016
10047,1.8350000000000026
10048,1.6330000000000024
10049,1.8350000000000029
10050,1.3280000000000012
10051,1.8390000000000024
10052,1.8490000000000024
10053,1.2290000000000019
10054,1.6370000000000025
10055,1.6410000000000016
10056,1.9400000000000026
10057,1.3260000000000023
10058,1.7560000000000011
10059,1.9540000000000015
10060,1.6330000000000024
10061,1.3160000000000018
10062,1.5520000000000016
10063,1.5440000000000027
10064,1.528000000000002
10065,1.4310000000000016
10066,1.7360000000000022
10067,1.7360000000000024
10068,1.8410000000000024
10069,2.055000000000002
10070,1.750000000000001
10071,1.7480000000000013
10072,1.1320000000000017
10073,1.4330000000000016
10074,1.7480000000000024
10075,1.8410000000000029
10076,1.7300000000000022
10077,1.4330000000000027
10078,1.9460000000000008
10079,1.8410000000000017
10080,1.8570000000000013
10081,1.6270000000000027
10082,1.6310000000000022
10083,1.4410000000000016
10084,1.6430000000000013
10085,1.7380000000000013
10086,1.649000000000002
10087,1.5340000000000018
10088,1.1360000000000012
10089,1.9380000000000017
10090,1.5420000000000027
10091,1.8290000000000026
10092,1.3320000000000016
10093,1.633000000000002
10094,1.7420000000000015
10095,1.7320000000000022
10096,1.6430000000000018
10097,1.7400000000000013
10098,1.5280000000000025
10099,1.540000000000002
10100,1.538000000000001
10101,1.6310000000000022
10102,1.5340000000000018
10103,1.3320000000000016
10104,1.5320000000000018
10105,1.3360000000000014
10106,1.534000000000002
10107,1.5440000000000014
10108,2.146000000000002
10109,1.9420000000000013
10110,1.6430000000000013
10111,1.6370000000000007
10112,1.9420000000000013
10113,1.6350000000000013
10114,2.0350000000000024
10115,1.6310000000000016
10116,1.5380000000000027
10117,1.4350000000000023
10118,1.5320000000000027
10119,1.4310000000000023
10120,1.649000000000002
10121,1.8430000000000015
10122,1.6350000000000022
10123,1.4290000000000014
10124,1.6450000000000018
10125,1.5260000000000016
10126,1.9360000000000026
10127,1.7300000000000026
10128,1.5300000000000022
10129,1.4350000000000014
10130,1.536000000000002
10131,1.736000000000002
10132,1.4270000000000016
10133,1.746000000000002
10134,2.043000000000002
10135,1.5440000000000014
10136,1.7360000000000022
10137,1.5520000000000018
10138,1.845000000000002
10139,1.645000000000002
10140,1.4330000000000016
10141,1.3360000000000019
10142,1.9340000000000015
10143,1.4390000000000014
10144,1.223000000000002
10145,1.4290000000000023
10146,1.641000000000002
10147,1.542000000000001
10148,1.6430000000000018
10149,1.7340000000000027
10150,1.5360000000000014
10151,1.9440000000000015
10152,1.4330000000000012
10153,1.6450000000000014
10154,1.734000000000002
10155,1.649000000000002
10156,1.5320000000000027
10157,1.550000000000002
10158,1.7360000000000022
10159,1.8350000000000022
10160,1.8450000000000017
10161,1.946000000000002
10162,1.6410000000000025
10163,1.439000000000002
10164,1.5380000000000011
10165,1.9420000000000022
10166,1.5360000000000016
10167,1.5320000000000022
10168,0.815
10169,1.7460000000000016
10170,1.7360000000000015
10171,1.429000000000002
10172,1.4250000000000023
10173,1.6370000000000022
10174,1.4310000000000016
10175,1.2410000000000019
10176,1.7420000000000015
10177,1.6270000000000027
10178,1.5320000000000025
10179,1.5320000000000018
10180,1.3300000000000014
10181,1.754000000000001
10182,1.5340000000000023
10183,1.6390000000000022
10184,1.5380000000000018
10185,1.6410000000000016
10186,1.8390000000000017
10187,1.629000000000002
10188,1.7260000000000024
10189,1.344000000000002
10190,1.8430000000000024
10191,1.6310000000000024
10192,1.7380000000000015
10193,1.8470000000000022
10194,1.536000000000002
10195,1.8590000000000018
10196,1.4350000000000016
10197,1.8430000000000017
10198,1.8390000000000026
10199,2.039000000000003
10200,1.5480000000000018
10201,1.9400000000000017
10202,1.8410000000000024
10203,1.4330000000000018
10204,1.1260000000000019
10205,1.6270000000000022
10206,1.740000000000001
10207,1.643000000000002
10208,1.439000000000002
10209,1.8330000000000017
10210,1.7380000000000015
10211,1.7560000000000024
10212,1.7320000000000022
10213,1.8450000000000015
10214,2.043000000000002
10215,1.633000000000002
10216,1.2350000000000012
10217,1.7340000000000027
10218,1.5360000000000025
10219,1.6330000000000018
10220,1.6390000000000016
10221,1.5400000000000014
10222,1.3320000000000018
10223,1.5320000000000018
10224,1.740000000000002
10225,1.7420000000000018
10226,1.6450000000000022
10227,1.6370000000000018
10228,1.7440000000000015
10229,1.4350000000000023
10230,1.5320000000000016
10231,1.4410000000000018
10232,1.6290000000000027
10233,1.6490000000000022
10234,1.3260000000000018
10235,1.3260000000000012
10236,1.4370000000000018
10237,1.8470000000000022
10238,1.4290000000000027
10239,1.6470000000000018
10240,1.5380000000000018
10241,1.5360000000000014
10242,1.8330000000000026
10243,1.7320000000000022
10244,1.538000000000002
10245,1.7440000000000018
10246,1.5280000000000016
10247,2.3480000000000016
10248,1.5480000000000016
10249,1.5340000000000018
10250,1.8370000000000022
10251,1.4530000000000007
10252,1.3340000000000019
10253,1.2270000000000025
10254,1.4390000000000014
10255,1.6450000000000014
10256,1.6330000000000016
10257,2.1420000000000026
10258,1.334000000000002
10259,1.9440000000000026
10260,1.6270000000000018
10261,1.6430000000000018
10262,1.6270000000000016
10263,1.5320000000000018
10264,1.740000000000002
10265,1.229000000000001
10266,1.633000000000002
10267,1.7400000000000013
10268,1.635000000000003
10269,1.435000000000002
10270,1.223000000000003
10271,1.9440000000000013
10272,1.5440000000000023
10273,1.4250000000000014
10274,1.851000000000001
10275,1.5340000000000016
10276,1.6310000000000022
10277,1.6430000000000018
10278,1.7360000000000015
10279,1.5340000000000018
10280,1.627000000000003
10281,1.8350000000000022
10282,1.6450000000000022
10283,1.6350000000000022
10284,1.5420000000000018
10285,1.338000000000001
10286,1.3340000000000014
10287,1.5440000000000014
10288,1.8510000000000013
10289,1.5380000000000018
10290,1.7420000000000022
10291,1.7480000000000009
10292,1.8270000000000026
10293,1.4270000000000014
10294,1.7420000000000013
10295,1.6330000000000018
10296,1.845000000000002
10297,1.4270000000000018
10298,1.7380000000000013
10299,1.427000000000003
10300,1.5420000000000016
10301,1.829000000000002
10302,1.7320000000000022
10303,1.855000000000002
10304,1.8290000000000024
10305,1.9400000000000022
10306,1.7360000000000024
10307,1.639000000000002
10308,1.8350000000000022
10309,1.328000000000002
10310,1.8350000000000022
10311,1.8390000000000015
10312,1.6370000000000025
10313,1.6370000000000013
10314,1.5400000000000014
10315,1.633000000000002
10316,1.2330000000000012
10317,1.7320000000000024
10318,1.3320000000000018
10319,1.3320000000000018
10320,1.839000000000002
10321,1.9340000000000017
10322,1.447000000000001
10323,1.5400000000000014
10324,1.9380000000000013
10325,1.4230000000000032
10326,1.5400000000000023
10327,1.4290000000000023
10328,1.7440000000000018
10329,1.5420000000000023
10330,1.649000000000001
10331,1.9560000000000017
10332,1.8610000000000004
10333,2.0350000000000024
10334,1.6430000000000013
10335,1.7380000000000018
10336,1.5400000000000023
10337,1.425000000000002
10338,1.4390000000000018
10339,1.6350000000000022
10340,1.538000000000002
10341,1.2290000000000014
10342,1.5240000000000022
10343,1.530000000000002
10344,1.2310000000000023
10345,1.5260000000000016
10346,1.528000000000003
10347,1.6390000000000022
10348,1.530000000000002
10349,1.6350000000000018
10350,1.7480000000000018
10351,1.9380000000000024
10352,1.5320000000000014
10353,1.5380000000000018
10354,1.4330000000000012
10355,1.538000000000001
10356,1.835000000000002
10357,1.6370000000000018
10358,1.5300000000000025
10359,1.4230000000000018
10360,1.5320000000000018
10361,1.6330000000000018
10362,1.7360000000000015
10363,1.5320000000000025
10364,1.2350000000000023
10365,1.8490000000000024
10366,1.8650000000000013
10367,1.9340000000000024
10368,2.152000000000002
10369,1.7300000000000026
10370,1.5420000000000014
10371,1.233000000000002
10372,1.639000000000002
10373,1.635000000000002
10374,1.8530000000000022
10375,1.629000000000002
10376,1.4410000000000018
10377,1.1380000000000015
10378,1.427000000000003
10379,1.3360000000000014
10380,1.6330000000000024
10381,1.7420000000000024
10382,1.4310000000000016
10383,1.849000000000002
10384,1.6310000000000022
10385,1.645000000000002
10386,1.544000000000002
10387,1.744000000000002
10388,1.5320000000000027
10389,1.635000000000002
10390,1.540000000000002
10391,1.5360000000000011
10392,1.5380000000000018
10393,1.1240000000000023
10394,1.7340000000000018
10395,1.225000000000002
10396,1.8430000000000017
10397,1.851000000000002
10398,1.542000000000001
10399,2.0470000000000024
10400,1.7440000000000015
10401,1.6410000000000013
10402,1.2370000000000019
10403,1.7420000000000018
10404,1.6370000000000011
10405,1.6370000000000018
10406,2.051000000000002
10407,1.746000000000002
10408,1.6290000000000022
10409,1.8370000000000022
10410,1.4370000000000016
10411,1.2230000000000016
10412,1.2290000000000014
10413,1.8370000000000022
10414,1.5320000000000018
10415,1.8370000000000022
10416,1.6470000000000016
10417,1.8410000000000024
10418,1.6370000000000016
10419,1.4390000000000027
10420,1.6370000000000016
10421,1.4410000000000027
10422,1.4250000000000023
10423,1.5340000000000018
10424,1.9500000000000017
10425,1.5320000000000022
10426,1.6330000000000016
10427,1.730000000000002
10428,1.629000000000002
10429,1.7380000000000018
10430,1.6470000000000016
10431,1.435000000000002
10432,1.633000000000002
10433,1.8410000000000022
10434,1.8410000000000017
10435,1.536000000000002
10436,1.8370000000000022
10437,1.6470000000000014
10438,1.8350000000000022
10439,1.9400000000000022
10440,1.7380000000000018
10441,1.5380000000000016
10442,2.031000000000003
10443,2.0490000000000017
10444,1.7420000000000022
10445,1.8230000000000033
10446,1.5320000000000018
10447,1.3360000000000019
10448,1.9500000000000015
10449,1.6310000000000022
10450,1.7400000000000022
10451,1.932000000000002
10452,1.4350000000000016
10453,1.635000000000002
10454,1.3320000000000014
10455,1.7460000000000013
10456,1.5380000000000018
10457,1.5420000000000023
10458,1.5300000000000025
10459,1.6310000000000024
10460,1.6510000000000016
10461,1.736000000000002
10462,1.934000000000002
10463,1.643000000000002
10464,1.6410000000000013
10465,1.2330000000000012
10466,1.7520000000000016
10467,1.5360000000000025
10468,1.5340000000000018
10469,1.5560000000000016
10470,1.6270000000000024
10471,1.7380000000000018
10472,1.6350000000000018
10473,1.227000000000002
10474,1.6350000000000018
10475,1.5380000000000016
10476,1.4250000000000016
10477,1.942000000000002
10478,1.4310000000000014
10479,1.5260000000000025
10480,1.7380000000000022
10481,1.7400000000000029
10482,1.9380000000000022
10483,1.534000000000002
10484,1.4290000000000018
10485,1.1240000000000019
10486,1.8390000000000017
10487,1.845000000000002
10488,1.4330000000000025
10489,1.542000000000001
10490,1.4330000000000012
10491,1.7400000000000013
10492,1.732000000000002
10493,1.3380000000000016
10494,1.4290000000000018
10495,1.6450000000000014
10496,1.5380000000000018
10497,1.8430000000000017
10498,1.6290000000000027
10499,1.4330000000000016
10500,2.245000000000002
10501,1.2390000000000014
10502,2.037000000000002
10503,1.1240000000000014
10504,1.7560000000000011
10505,1.7440000000000024
10506,1.3240000000000023
10507,1.445000000000001
10508,1.633000000000003
10509,1.8350000000000017
10510,1.3320000000000016
10511,1.5440000000000011
10512,1.6310000000000031
10513,1.740000000000002
10514,1.5360000000000016
10515,1.4350000000000032
10516,1.6250000000000027
10517,1.6330000000000024
10518,2.041000000000002
10519,1.6230000000000016
10520,1.9340000000000024
10521,1.9580000000000013
10522,1.736000000000002
10523,2.156000000000002
10524,1.5300000000000025
10525,1.8390000000000015
10526,1.841000000000002
10527,1.4310000000000014
10528,1.9560000000000017
10529,1.6330000000000013
10530,1.9440000000000024
10531,1.8430000000000015
10532,1.5300000000000022
10533,1.4330000000000016
10534,1.6350000000000022
10535,1.6250000000000022
10536,1.4330000000000018
10537,1.4350000000000014
10538,1.5240000000000027
10539,1.2290000000000023
10540,1.8350000000000026
10541,1.536000000000002
10542,1.6450000000000014
10543,1.9520000000000015
10544,1.7440000000000015
10545,1.6350000000000018
10546,1.4410000000000018
10547,1.5360000000000011
10548,1.7300000000000018
10549,1.736000000000002
10550,1.4330000000000025
10551,1.4410000000000014
10552,1.2310000000000012
10553,2.0470000000000006
10554,1.524000000000002
10555,1.7520000000000027
10556,1.538000000000002
10557,1.6490000000000016
10558,1.538000000000003
10559,1.1280000000000006
10560,1.5420000000000016
10561,1.3440000000000019
10562,1.5340000000000018
10563,1.330000000000002
10564,1.8350000000000022
10565,1.4230000000000025
10566,1.3360000000000016
10567,1.4330000000000025
10568,1.9360000000000028
10569,1.7420000000000022
10570,1.4350000000000016
10571,1.433000000000003
10572,1.8490000000000015
10573,1.5360000000000016
10574,1.7480000000000024
10575,1.8490000000000018
10576,1.532000000000003
10577,1.6410000000000025
10578,1.7560000000000004
10579,1.7480000000000027
10580,1.6470000000000016
10581,2.150000000000002
10582,1.524000000000003
10583,1.7360000000000022
10584,1.7480000000000018
10585,1.746000000000001
10586,1.845000000000002
10587,1.5360000000000014
10588,1.7440000000000015
10589,1.629000000000002
10590,1.7520000000000016
10591,1.5320000000000025
10592,1.3220000000000025
10593,1.5360000000000014
10594,1.8510000000000013
10595,1.645000000000002
10596,1.7340000000000018
10597,1.5280000000000031
10598,1.8310000000000028
10599,1.4410000000000018
10600,2.1360000000000023
10601,1.639000000000002
10602,1.5300000000000018
10603,1.744000000000001
10604,1.5320000000000016
10605,1.5240000000000016
10606,1.437000000000002
10607,1.7500000000000018
10608,1.7360000000000024
10609,1.5300000000000025
10610,1.6350000000000022
10611,1.8430000000000022
10612,2.152000000000002
10613,1.6450000000000014
10614,1.5280000000000027
10615,1.7440000000000018
10616,1.429000000000002
10617,1.5400000000000025
10618,1.6330000000000027
10619,1.7580000000000016
10620,1.5420000000000016
10621,1.851000000000002
10622,1.3280000000000012
10623,1.4310000000000018
10624,1.433000000000002
10625,1.528000000000003
10626,1.5420000000000018
10627,1.2250000000000016
10628,1.433000000000003
10629,1.8410000000000024
10630,1.9540000000000013
10631,1.7380000000000027
10632,1.548000000000002
10633,1.5360000000000025
10634,2.245000000000002
10635,1.5280000000000025
10636,1.5360000000000011
10637,1.4330000000000016
10638,1.641000000000002
10639,1.7420000000000027
10640,1.8370000000000015
10641,1.534000000000002
10642,1.6390000000000016
10643,1.645000000000002
10644,2.152000000000002
10645,1.9500000000000015
10646,1.940000000000001
10647,1.7360000000000022
10648,1.6350000000000011
10649,1.534000000000002
10650,1.6330000000000013
10651,1.641000000000002
10652,1.7360000000000024
10653,1.639000000000002
10654,1.7340000000000024
10655,1.7420000000000022
10656,1.3360000000000019
10657,1.4330000000000016
10658,2.2370000000000023
10659,1.6410000000000013
10660,1.6430000000000018
10661,1.4330000000000016
10662,1.8390000000000024
10663,1.6330000000000013
10664,1.5360000000000023
10665,2.1480000000000024
10666,1.629000000000002
10667,1.6370000000000018
10668,1.332000000000002
10669,1.8410000000000017
10670,1.6310000000000013
10671,1.8430000000000022
10672,1.7320000000000026
10673,1.7360000000000013
10674,1.7380000000000022
10675,1.7420000000000022
10676,1.6390000000000022
10677,1.8370000000000022
10678,1.5340000000000016
10679,1.7460000000000016
10680,1.5500000000000016
10681,1.758000000000001
10682,1.5400000000000018
10683,1.7440000000000024
10684,1.3360000000000019
10685,1.4370000000000018
10686,1.7320000000000024
10687,1.3320000000000016
10688,1.639000000000002
10689,1.7380000000000018
10690,1.5380000000000016
10691,1.847000000000002
10692,1.6550000000000011
10693,1.7360000000000015
10694,1.4350000000000016
10695,1.5340000000000011
10696,1.9340000000000026
10697,1.645000000000002
10698,1.332000000000002
10699,1.841000000000002
10700,1.9540000000000015
10701,1.9460000000000022
10702,1.7420000000000018
10703,1.4350000000000016
10704,1.3340000000000014
10705,1.439000000000002
10706,1.5300000000000025
10707,1.625000000000003
10708,1.4310000000000027
10709,1.6390000000000018
10710,1.6390000000000022
10711,1.841000000000001
10712,1.8390000000000017
10713,1.7380000000000013
10714,1.6350000000000018
10715,1.7420000000000022
10716,1.7540000000000018
10717,1.5420000000000018
10718,1.629000000000002
10719,1.635000000000002
10720,1.9400000000000026
10721,1.7320000000000013
10722,1.5280000000000018
10723,1.7400000000000013
10724,1.4350000000000023
10725,1.732000000000002
10726,1.5240000000000031
10727,1.8310000000000022
10728,1.7260000000000029
10729,1.5460000000000012
10730,1.8390000000000015
10731,1.447000000000001
10732,1.7380000000000024
10733,1.4230000000000027
10734,2.2610000000000015
10735,1.8390000000000026
10736,1.5400000000000014
10737,2.0430000000000024
10738,1.5400000000000025
10739,1.837000000000002
10740,1.5220000000000018
10741,1.4310000000000018
10742,2.1500000000000012
10743,1.4390000000000023
10744,1.6290000000000018
10745,1.5440000000000018
10746,1.9500000000000015
10747,1.4310000000000023
10748,1.631000000000003
10749,2.1520000000000015
10750,1.2290000000000012
10751,2.045000000000002
10752,1.6390000000000018
10753,1.839000000000003
10754,1.534000000000002
10755,1.2330000000000019
10756,1.534000000000002
10757,1.4330000000000027
10758,1.2210000000000016
10759,1.5380000000000025
10760,1.8470000000000015
10761,1.9460000000000024
10762,1.6310000000000024
10763,1.7320000000000024
10764,1.6470000000000018
10765,1.5380000000000016
10766,1.8310000000000017
10767,1.3200000000000016
10768,1.645000000000001
10769,1.5200000000000022
10770,1.9360000000000013
10771,1.4250000000000014
10772,1.847000000000002
10773,1.746000000000002
10774,1.3280000000000012
10775,1.3320000000000025
10776,1.7440000000000015
10777,1.4470000000000014
10778,1.6390000000000027
10779,1.6350000000000022
10780,1.3260000000000027
10781,1.944000000000002
10782,1.546000000000002
10783,1.9420000000000022
10784,1.9520000000000015
10785,1.6230000000000027
10786,1.8410000000000017
10787,1.744000000000002
10788,1.6390000000000027
10789,1.540000000000002
10790,1.6250000000000022
10791,1.7280000000000024
10792,1.5400000000000023
10793,1.3260000000000016
10794,1.8350000000000022
10795,1.5340000000000027
10796,1.433000000000002
10797,1.4330000000000018
10798,1.7480000000000013
10799,1.7340000000000027
10800,1.736000000000002
10801,1.5320000000000022
10802,1.536000000000002
10803,2.0530000000000017
10804,1.536000000000002
10805,1.746000000000002
10806,1.4210000000000025
10807,1.3340000000000023
10808,1.9540000000000015
10809,1.944000000000002
10810,1.4450000000000014
10811,1.7380000000000015
10812,1.443000000000002
10813,1.9440000000000024
10814,1.4370000000000018
10815,1.849000000000002
10816,1.6450000000000018
10817,1.3320000000000016
10818,1.5400000000000018
10819,1.8530000000000015
10820,1.425000000000001
10821,1.8430000000000017
10822,1.6310000000000022
10823,1.7340000000000024
10824,1.7340000000000024
10825,1.7320000000000022
10826,1.6570000000000022
10827,1.7340000000000024
10828,1.5360000000000016
10829,1.9420000000000013
10830,1.8370000000000022
10831,1.7420000000000024
10832,1.3340000000000012
10833,1.6370000000000018
10834,1.7380000000000024
10835,1.5480000000000016
10836,1.736000000000002
10837,1.5280000000000018
10838,1.841000000000002
10839,1.5400000000000014
10840,1.744000000000002
10841,1.6390000000000018
10842,1.5340000000000011
10843,1.6310000000000016
10844,1.3320000000000007
10845,1.946000000000002
10846,1.6290000000000022
10847,1.3320000000000007
10848,1.3260000000000018
10849,1.635000000000002
10850,1.845000000000001
10851,1.9420000000000022
10852,1.9440000000000015
10853,1.8390000000000024
10854,1.7440000000000018
10855,1.3300000000000016
10856,2.039000000000002
10857,1.6530000000000014
10858,1.7480000000000016
10859,1.8350000000000022
10860,1.6350000000000018
10861,1.9460000000000017
10862,1.332000000000002
10863,1.9360000000000022
10864,1.6350000000000025
10865,1.746000000000001
10866,1.4210000000000014
10867,1.227000000000001
10868,1.9420000000000015
10869,1.7300000000000022
10870,1.6390000000000018
10871,1.4230000000000027
10872,1.4310000000000023
10873,1.8370000000000022
10874,1.8290000000000028
10875,1.6450000000000018
10876,1.7300000000000022
10877,1.7380000000000024
10878,1.5320000000000018
10879,1.5400000000000018
10880,1.5360000000000023
10881,1.827000000000002
10882,1.534000000000002
10883,1.2210000000000027
10884,1.6470000000000016
10885,1.4390000000000014
10886,1.429000000000002
10887,1.845000000000002
10888,1.9480000000000022
10889,1.6330000000000024
10890,2.0370000000000026
10891,1.6390000000000016
10892,1.5240000000000022
10893,1.5460000000000016
10894,1.4350000000000016
10895,1.7400000000000018
10896,1.631000000000002
10897,1.4230000000000018
10898,1.5360000000000023
10899,1.6350000000000013
10900,1.9520000000000015
10901,1.5280000000000025
10902,1.8430000000000024
10903,1.5400000000000014
10904,1.4350000000000014
10905,1.7320000000000033
10906,1.736000000000002
10907,1.8290000000000024
10908,1.5440000000000011
10909,1.748000000000002
10910,1.5340000000000027
10911,1.6310000000000022
10912,1.6410000000000013
10913,1.4410000000000016
10914,1.734000000000002
10915,1.5240000000000027
10916,1.7380000000000015
10917,1.8470000000000022
10918,1.4390000000000018
10919,1.9380000000000017
10920,1.6370000000000013
10921,1.6390000000000016
10922,1.5380000000000018
10923,1.4350000000000012
10924,1.845000000000002
10925,1.4310000000000034
10926,1.847000000000002
10927,1.5360000000000023
10928,1.9420000000000022
10929,1.835000000000002
10930,1.6370000000000027
10931,1.5300000000000022
10932,1.7260000000000018
10933,1.8410000000000013
10934,1.7400000000000013
10935,1.8450000000000026
10936,1.6410000000000013
10937,1.7460000000000016
10938,1.8530000000000009
10939,1.447000000000001
10940,1.6370000000000016
10941,1.4350000000000016
10942,1.4330000000000016
10943,1.9440000000000017
10944,1.6370000000000016
10945,1.4330000000000025
10946,1.4290000000000018
10947,1.845000000000002
10948,1.633000000000002
10949,1.8450000000000015
10950,1.649000000000002
10951,1.6390000000000016
10952,1.639000000000002
10953,1.7520000000000013
10954,1.5440000000000018
10955,1.5320000000000018
10956,1.839000000000002
10957,1.7320000000000024
10958,1.6410000000000016
10959,1.6370000000000027
10960,1.7480000000000027
10961,1.7340000000000024
10962,1.635000000000003
10963,1.9500000000000017
10964,1.538000000000002
10965,1.9400000000000026
10966,1.839000000000003
10967,1.5300000000000025
10968,1.6390000000000016
10969,1.7440000000000018
10970,1.3280000000000018
10971,1.8390000000000017
10972,1.7480000000000016
10973,1.6290000000000027
10974,1.5360000000000025
10975,1.855000000000001
10976,1.7560000000000011
10977,1.8330000000000026
10978,1.8370000000000013
10979,1.6410000000000016
10980,1.944000000000002
10981,2.027000000000003
10982,1.1260000000000012
10983,1.6330000000000024
10984,1.4450000000000014
10985,1.7380000000000018
10986,1.9340000000000026
10987,1.948000000000001
10988,1.7320000000000024
10989,1.6310000000000022
10990,1.9380000000000022
10991,1.538000000000002
10992,1.2150000000000023
10993,1.3200000000000025
10994,1.5280000000000018
10995,1.7320000000000022
10996,1.3280000000000023
10997,1.3180000000000023
10998,1.8370000000000026
10999,1.6310000000000022
11000,1.9380000000000017
11001,1.633000000000002
11002,1.6330000000000018
11003,1.641000000000002
11004,1.837000000000002
11005,1.3380000000000007
11006,1.526000000000002
11007,1.330000000000001
11008,1.320000000000002
11009,1.7380000000000018
11010,1.6390000000000018
11011,1.2310000000000023
11012,1.639000000000002
11013,1.233000000000001
11014,1.439000000000002
11015,1.9380000000000022
11016,1.5340000000000023
11017,1.6450000000000014
11018,1.7340000000000027
11019,1.845000000000001
11020,1.6330000000000024
11021,1.643000000000002
11022,1.6350000000000011
11023,1.6430000000000018
11024,1.1360000000000015
11025,1.5400000000000014
11026,1.5380000000000016
11027,1.4270000000000027
11028,1.6410000000000025
11029,1.9440000000000017
11030,1.7340000000000027
11031,1.7320000000000026
11032,1.7480000000000018
11033,1.5260000000000025
11034,1.4310000000000018
11035,1.7380000000000024
11036,1.639000000000002
11037,1.9560000000000017
11038,1.7400000000000022
11039,1.7500000000000013
11040,1.536000000000002
11041,1.8370000000000024
11042,1.6410000000000016
11043,1.5320000000000027
11044,1.5400000000000018
11045,1.9340000000000026
11046,1.855000000000001
11047,1.8490000000000015
11048,1.6430000000000027
11049,1.740000000000002
11050,1.9340000000000028
11051,1.7320000000000015
11052,1.5240000000000018
11053,1.4310000000000018
11054,1.7400000000000022
11055,1.536000000000002
11056,1.5300000000000022
11057,1.534000000000002
11058,1.5240000000000018
11059,1.439000000000002
11060,1.4210000000000025
11061,1.7380000000000024
11062,1.7320000000000022
11063,1.8470000000000015
11064,1.6410000000000027
11065,1.8590000000000018
11066,1.3420000000000019
11067,1.3460000000000014
11068,1.744000000000001
11069,1.8430000000000022
11070,1.4270000000000018
11071,1.6370000000000022
11072,1.348000000000001
11073,1.429000000000002
11074,1.330000000000002
11075,1.9380000000000022
11076,1.3300000000000016
11077,1.7320000000000026
11078,1.4390000000000012
11079,1.732000000000002
11080,1.6270000000000018
11081,1.5380000000000018
11082,1.7260000000000029
11083,1.9460000000000022
11084,2.1460000000000017
11085,1.936000000000002
11086,1.9360000000000028
11087,1.6370000000000016
11088,1.8310000000000022
11089,2.0550000000000015
11090,1.6390000000000018
11091,1.542000000000001
11092,1.6370000000000013
11093,1.3220000000000025
11094,1.7440000000000018
11095,1.1220000000000017
11096,1.5480000000000016
11097,1.7680000000000013
11098,1.4310000000000012
11099,1.746000000000002
11100,1.4370000000000025
11101,1.7320000000000015
11102,1.7380000000000018
11103,2.035000000000002
11104,1.6310000000000031
11105,2.0350000000000024
11106,1.8270000000000022
11107,1.6570000000000014
11108,1.6450000000000018
11109,2.0390000000000024
11110,1.5460000000000016
11111,1.633000000000002
11112,1.629000000000003
11113,1.639000000000002
11114,1.530000000000002
11115,1.7380000000000024
11116,2.251000000000002
11117,1.4370000000000014
11118,1.6370000000000018
11119,1.7400000000000022
11120,1.5360000000000007
11121,1.433000000000002
11122,1.4370000000000016
11123,1.540000000000002
11124,1.530000000000003
11125,1.9360000000000022
11126,1.544000000000002
11127,1.7420000000000018
11128,1.7480000000000016
11129,1.9340000000000024
11130,1.7400000000000022
11131,1.7400000000000027
11132,1.6290000000000018
11133,1.6310000000000024
11134,1.534000000000002
11135,1.9540000000000015
11136,1.5280000000000014
11137,1.835000000000002
11138,1.8450000000000015
11139,1.558000000000001
11140,1.5420000000000016
11141,1.7380000000000015
11142,1.946000000000002
11143,1.643000000000002
11144,1.5400000000000023
11145,1.6490000000000011
11146,1.5380000000000016
11147,1.6390000000000018
11148,2.035000000000002
11149,1.8530000000000015
11150,1.7420000000000022
11151,1.5320000000000018
11152,1.635000000000002
11153,1.839000000000002
11154,1.9400000000000028
11155,1.8510000000000018
11156,1.8450000000000022
11157,1.4250000000000023
11158,1.2330000000000014
11159,1.6350000000000013
11160,1.5460000000000014
11161,1.8390000000000024
11162,1.6390000000000016
11163,2.148000000000002
11164,1.9400000000000022
11165,1.736000000000002
11166,1.3360000000000007
11167,1.2190000000000014
11168,1.631000000000002
11169,1.930000000000002
11170,1.6450000000000022
11171,1.538000000000003
11172,1.6510000000000016
11173,1.631000000000002
11174,1.942000000000002
11175,1.623000000000002
11176,1.7380000000000018
11177,1.5240000000000027
11178,1.4270000000000023
11179,1.8310000000000024
11180,1.4370000000000016
11181,1.831000000000002
11182,1.6410000000000022
11183,1.3300000000000025
11184,1.8350000000000015
11185,1.7420000000000013
11186,1.7400000000000018
11187,1.4230000000000025
11188,1.841000000000002
11189,1.334000000000002
11190,1.732000000000002
11191,1.9460000000000013
11192,1.9420000000000022
11193,1.5320000000000022
11194,1.6370000000000022
11195,1.3280000000000016
11196,1.9480000000000013
11197,1.7340000000000018
11198,1.7460000000000013
11199,1.3400000000000007
11200,1.435000000000002
11201,1.5340000000000027
11202,1.530000000000002
11203,2.041000000000002
11204,1.8410000000000029
11205,2.354000000000002
11206,1.7380000000000024
11207,1.952000000000002
11208,1.5280000000000025
11209,1.3360000000000012
11210,1.8350000000000015
11211,1.5500000000000016
11212,1.6470000000000018
11213,1.8270000000000026
11214,1.5480000000000018
11215,1.5320000000000027
11216,1.7300000000000018
11217,1.7420000000000018
11218,1.3480000000000012
11219,1.734000000000002
11220,1.9380000000000026
11221,1.9440000000000017
11222,1.5360000000000025
11223,1.9460000000000022
11224,1.5400000000000014
11225,1.9540000000000015
11226,1.322000000000002
11227,1.330000000000002
11228,1.5340000000000016
11229,1.639000000000002
11230,1.7380000000000015
11231,1.7320000000000015
11232,1.449000000000001
11233,1.433000000000002
11234,1.4410000000000014
11235,1.3300000000000016
11236,1.7240000000000024
11237,1.6270000000000024
11238,1.4330000000000016
11239,1.2310000000000005
11240,2.049000000000002
11241,1.847000000000002
11242,1.641000000000002
11243,1.9400000000000022
11244,1.726000000000003
11245,1.639000000000002
11246,1.9300000000000026
11247,1.338000000000002
11248,2.340000000000003
11249,1.437000000000002
11250,1.639000000000002
11251,1.7260000000000029
11252,1.7420000000000022
11253,1.7420000000000027
11254,1.5360000000000016
11255,1.6350000000000022
11256,1.736000000000002
11257,1.6370000000000016
11258,1.5380000000000011
11259,1.5380000000000016
11260,1.4310000000000025
11261,1.7400000000000022
11262,1.3480000000000016
11263,1.425000000000002
11264,1.8410000000000022
11265,1.5400000000000011
11266,1.8490000000000015
11267,1.4230000000000016
11268,1.9400000000000022
11269,2.0370000000000026
11270,2.144000000000002
11271,1.7360000000000013
11272,1.8510000000000018
11273,1.7400000000000029
11274,1.8390000000000026
11275,1.5300000000000022
11276,1.2270000000000019
11277,1.4330000000000018
11278,1.6370000000000022
11279,1.948000000000001
11280,1.3320000000000007
11281,1.6390000000000011
11282,1.746000000000002
11283,1.8470000000000015
11284,1.4310000000000025
11285,1.736000000000002
11286,1.6370000000000018
11287,1.6270000000000027
11288,1.7400000000000022
11289,1.429000000000003
11290,1.8430000000000024
11291,1.6330000000000024
11292,1.5320000000000025
11293,1.5380000000000018
11294,1.635000000000003
11295,1.538000000000002
11296,1.7440000000000027
11297,1.3300000000000016
11298,1.231000000000001
11299,1.5280000000000016
11300,1.6410000000000013
11301,1.7320000000000024
11302,1.6390000000000016
11303,1.6310000000000016
11304,1.6370000000000016
11305,1.744000000000001
11306,1.6370000000000022
11307,1.425000000000002
11308,1.7440000000000024
11309,1.5300000000000018
11310,1.8350000000000022
11311,1.5420000000000018
11312,1.9500000000000015
11313,1.530000000000003
11314,1.6310000000000022
11315,1.3260000000000016
11316,1.5280000000000018
11317,1.4410000000000012
11318,1.8570000000000015
11319,1.7380000000000022
11320,1.6270000000000022
11321,1.631000000000002
11322,1.8410000000000024
11323,1.3340000000000019
11324,1.839000000000002
11325,1.6510000000000007
11326,1.7340000000000018
11327,1.849000000000002
11328,1.4210000000000027
11329,1.5380000000000025
11330,1.8410000000000022
11331,1.530000000000002
11332,1.932000000000002
11333,2.033000000000003
11334,2.150000000000002
11335,1.536000000000002
11336,1.540000000000002
11337,1.635000000000002
11338,1.730000000000002
11339,1.3240000000000018
11340,1.635000000000002
11341,1.4330000000000025
11342,1.6450000000000018
11343,1.3260000000000023
11344,1.4390000000000018
11345,2.0450000000000017
11346,1.6350000000000025
11347,1.5340000000000018
11348,1.235000000000001
11349,1.6310000000000024
11350,1.5320000000000016
11351,1.746000000000001
11352,1.2370000000000008
11353,1.639000000000002
11354,1.6370000000000016
11355,1.540000000000002
11356,1.835000000000002
11357,1.946000000000002
11358,1.6330000000000018
11359,1.6370000000000016
11360,2.055000000000002
11361,1.6430000000000016
11362,1.7480000000000016
11363,1.9540000000000017
11364,1.5320000000000018
11365,1.4310000000000007
11366,1.3400000000000014
11367,1.2270000000000032
11368,1.841000000000002
11369,1.5380000000000025
11370,1.5260000000000022
11371,1.1160000000000014
11372,1.7340000000000024
11373,1.9420000000000022
11374,1.641000000000002
11375,1.8430000000000015
11376,1.6370000000000018
11377,1.342000000000002
11378,1.629000000000002
11379,1.6330000000000013
11380,1.8330000000000026
11381,1.8450000000000015
11382,1.851000000000002
11383,1.3380000000000019
11384,1.5340000000000027
11385,1.9420000000000024
11386,1.9400000000000022
11387,1.4230000000000027
11388,1.7460000000000016
11389,1.3320000000000016
11390,1.439000000000002
11391,1.5380000000000016
11392,1.2370000000000019
11393,1.8430000000000024
11394,1.734000000000002
11395,1.5320000000000018
11396,1.8370000000000024
11397,1.9460000000000022
11398,2.043000000000002
11399,1.6370000000000013
11400,1.6370000000000025
11401,1.6390000000000016
11402,1.5320000000000016
11403,1.7380000000000024
11404,1.5280000000000025
11405,1.5420000000000016
11406,1.2270000000000025
11407,1.631000000000002
11408,1.9440000000000015
11409,1.328000000000002
11410,1.7420000000000022
11411,2.0390000000000024
11412,1.6410000000000016
11413,1.9420000000000022
11414,1.6390000000000022
11415,1.6370000000000013
11416,1.5380000000000011
11417,1.6410000000000013
11418,1.8350000000000026
11419,1.4210000000000025
11420,2.0350000000000024
11421,1.5440000000000014
11422,1.8390000000000024
11423,1.6370000000000018
11424,1.2370000000000012
11425,1.8370000000000015
11426,1.6410000000000011
11427,1.9420000000000015
11428,1.7320000000000013
11429,1.6470000000000018
11430,1.4290000000000012
11431,1.5260000000000016
11432,1.5280000000000027
11433,1.8370000000000026
11434,1.734000000000002
11435,1.855000000000001
11436,1.7380000000000018
11437,1.9580000000000017
11438,1.6530000000000014
11439,1.7440000000000027
11440,1.639000000000002
11441,1.8470000000000022
11442,1.7540000000000016
11443,1.6330000000000024
11444,1.4350000000000025
11445,1.439000000000002
11446,1.6290000000000022
11447,1.5280000000000018
11448,1.6270000000000024
11449,1.7480000000000016
11450,2.0410000000000017
11451,1.526000000000002
11452,2.0470000000000015
11453,1.831000000000002
11454,1.3400000000000012
11455,1.8350000000000026
11456,1.9580000000000015
11457,1.4290000000000023
11458,1.5320000000000025
11459,1.6430000000000016
11460,1.5260000000000031
11461,1.8530000000000015
11462,1.6310000000000013
11463,1.7360000000000022
11464,2.1500000000000017
11465,1.944000000000002
11466,1.5300000000000022
11467,1.956000000000002
11468,1.3320000000000025
11469,1.9380000000000017
11470,2.0490000000000013
11471,1.437000000000001
11472,1.6270000000000022
11473,1.3340000000000012
11474,1.6330000000000024
11475,2.039000000000002
11476,1.7440000000000018
11477,1.7420000000000013
11478,1.7360000000000013
11479,1.536000000000002
11480,1.3280000000000023
11481,1.8450000000000022
11482,1.730000000000002
11483,1.6390000000000011
11484,1.6350000000000031
11485,1.5400000000000014
11486,1.6470000000000018
11487,1.5440000000000011
11488,1.736000000000002
11489,1.5320000000000027
11490,1.8250000000000028
11491,1.7360000000000029
11492,1.7320000000000024
11493,1.8350000000000017
11494,1.9460000000000022
11495,1.736000000000002
11496,1.3420000000000016
11497,1.835000000000002
11498,1.5460000000000016
11499,1.7420000000000018
11500,1.530000000000002
11501,1.8470000000000015
11502,1.548000000000002
11503,1.8430000000000015
11504,1.7380000000000015
11505,1.2330000000000019
11506,1.631000000000002
11507,1.7360000000000029
11508,1.7360000000000024
11509,1.4350000000000016
11510,1.6330000000000016
11511,1.645000000000002
11512,2.0510000000000015
11513,1.8470000000000015
11514,1.8510000000000018
11515,1.6390000000000027
11516,1.4390000000000023
11517,1.7360000000000015
11518,1.437000000000001
11519,1.641000000000002
11520,1.8430000000000015
11521,1.6490000000000016
11522,1.6290000000000022
11523,1.5480000000000012
11524,1.645000000000002
11525,1.5480000000000018
11526,1.8430000000000024
11527,1.835000000000002
11528,1.4270000000000025
11529,1.540000000000001
11530,2.1400000000000023
11531,1.7460000000000016
11532,1.9360000000000026
11533,1.9440000000000015
11534,2.029000000000003
11535,1.6410000000000011
11536,1.6270000000000018
11537,1.6310000000000022
11538,1.4430000000000023
11539,1.6350000000000018
11540,1.3320000000000016
11541,1.8410000000000017
11542,1.847000000000002
11543,1.5420000000000023
11544,1.837000000000002
11545,1.8410000000000017
11546,1.5400000000000025
11547,1.736000000000002
11548,1.9380000000000024
11549,1.6470000000000011
11550,2.140000000000002
11551,1.7520000000000013
11552,1.5440000000000011
11553,1.2270000000000025
11554,1.7420000000000018
11555,1.8410000000000022
11556,1.5380000000000018
11557,1.540000000000002
11558,1.7340000000000024
11559,1.5380000000000025
11560,1.4410000000000012
11561,1.4450000000000016
11562,1.6290000000000022
11563,1.950000000000002
11564,1.6510000000000022
11565,1.940000000000002
11566,1.8430000000000017
11567,1.9500000000000017
11568,1.934000000000002
11569,1.8430000000000015
11570,1.9440000000000015
11571,1.8350000000000026
11572,1.8390000000000029
11573,1.7360000000000004
11574,1.7460000000000016
11575,1.6330000000000027
11576,1.4350000000000014
11577,1.435000000000001
11578,1.4370000000000014
11579,1.3200000000000014
11580,1.629000000000002
11581,1.9440000000000028
11582,1.445000000000001
11583,1.7400000000000013
11584,1.4350000000000014
11585,1.6330000000000016
11586,2.033000000000002
11587,1.419000000000002
11588,1.645000000000001
11589,1.8390000000000015
11590,1.7340000000000024
11591,1.5420000000000027
11592,1.649000000000002
11593,1.5340000000000023
11594,1.7440000000000024
11595,1.5380000000000018
11596,1.7320000000000024
11597,1.435000000000002
11598,1.6470000000000016
11599,1.839000000000002
11600,1.956000000000002
11601,1.7380000000000015
11602,2.045000000000002
11603,1.5400000000000014
11604,1.5420000000000025
11605,1.7400000000000027
11606,1.635000000000002
11607,1.6330000000000024
11608,1.540000000000002
11609,1.4370000000000018
11610,1.5320000000000016
11611,1.6390000000000022
11612,1.5320000000000018
11613,1.849000000000002
11614,1.6310000000000022
11615,1.6350000000000018
11616,1.6410000000000022
11617,1.8410000000000013
11618,1.2290000000000014
11619,1.8450000000000017
11620,1.6330000000000024
11621,1.8410000000000017
11622,1.8470000000000024
11623,1.5320000000000018
11624,1.7380000000000027
11625,1.6330000000000018
11626,1.9420000000000024
11627,1.2310000000000023
11628,1.524000000000003
11629,2.150000000000002
11630,1.227000000000002
11631,2.354000000000002
11632,1.9460000000000013
11633,1.8370000000000022
11634,1.6390000000000022
11635,1.8410000000000024
11636,1.6390000000000027
11637,1.6430000000000018
11638,1.6550000000000005
11639,1.6470000000000016
11640,1.750000000000001
11641,2.053000000000002
11642,1.9520000000000022
11643,1.4310000000000012
11644,2.0430000000000024
11645,1.9400000000000017
11646,1.5320000000000027
11647,1.6370000000000018
11648,1.4350000000000016
11649,1.7360000000000022
11650,1.4410000000000018
11651,1.845000000000001
11652,1.6310000000000022
11653,1.9600000000000009
11654,1.9500000000000015
11655,1.9500000000000015
11656,1.2350000000000023
11657,1.6370000000000018
11658,1.750000000000001
11659,1.641000000000002
11660,1.651000000000002
11661,1.8410000000000022
11662,1.4310000000000023
11663,1.536000000000002
11664,1.7380000000000022
11665,1.9520000000000015
11666,1.7460000000000016
11667,1.8450000000000022
11668,1.445000000000002
11669,1.4350000000000014
11670,1.4330000000000018
11671,1.7420000000000015
11672,1.635000000000003
11673,1.7520000000000024
11674,1.944000000000002
11675,1.4190000000000034
11676,1.7460000000000009
11677,1.4410000000000018
11678,1.544000000000002
11679,2.043000000000002
11680,1.7400000000000022
11681,1.7460000000000024
11682,1.4250000000000023
11683,1.5300000000000022
11684,1.861000000000002
11685,1.6350000000000022
11686,1.5300000000000018
11687,1.3300000000000023
11688,1.3400000000000012
11689,1.829000000000002
11690,2.152000000000001
11691,1.7300000000000026
11692,1.534000000000002
11693,1.5500000000000016
11694,1.6410000000000027
11695,1.629000000000003
11696,1.7380000000000018
11697,1.9380000000000017
11698,1.629000000000002
11699,1.645000000000002
11700,1.7420000000000015
11701,1.936000000000002
11702,1.5500000000000005
11703,1.5440000000000014
11704,1.8530000000000024
11705,1.7420000000000013
11706,1.9380000000000017
11707,1.3320000000000016
11708,1.332000000000002
11709,1.7240000000000029
11710,1.5380000000000025
11711,1.732000000000003
11712,1.7380000000000024
11713,2.041000000000002
11714,1.6390000000000018
11715,1.8390000000000009
11716,1.2310000000000019
11717,1.4330000000000018
11718,1.7340000000000018
11719,2.063000000000001
11720,1.6390000000000018
11721,1.635000000000002
11722,1.9480000000000015
11723,1.7320000000000024
11724,1.3340000000000023
11725,1.734000000000002
11726,1.5520000000000014
11727,1.4310000000000016
11728,1.4310000000000018
11729,1.734000000000002
11730,1.6450000000000014
11731,1.4310000000000016
11732,2.045000000000002
11733,1.6490000000000007
11734,2.150000000000002
11735,1.5480000000000005
11736,1.534000000000002
11737,1.2190000000000014
11738,1.423000000000002
11739,1.7300000000000018
11740,1.9480000000000013
11741,1.3280000000000023
11742,1.8430000000000006
11743,1.6250000000000022
11744,2.1560000000000015
11745,1.950000000000002
11746,1.633000000000002
11747,1.8330000000000026
11748,1.4270000000000018
11749,1.7360000000000022
11750,1.4290000000000018
11751,2.041000000000002
11752,1.643000000000002
11753,1.8370000000000013
11754,1.7340000000000024
11755,1.540000000000002
11756,1.6450000000000011
11757,2.1560000000000024
11758,1.8390000000000017
11759,1.643000000000002
11760,1.433000000000002
11761,1.433000000000002
11762,1.6270000000000018
11763,2.251000000000002
11764,1.5340000000000018
11765,1.2330000000000012
11766,1.7360000000000022
11767,1.3340000000000023
11768,1.8470000000000015
11769,1.6410000000000025
11770,1.7380000000000018
11771,1.946000000000002
11772,1.9540000000000017
11773,1.425000000000002
11774,1.6450000000000014
11775,1.841000000000002
11776,1.433000000000002
11777,1.6370000000000018
11778,1.6370000000000022
11779,1.6310000000000022
11780,1.6290000000000022
11781,1.9520000000000022
11782,1.845000000000002
11783,1.8410000000000024
11784,1.7480000000000018
11785,1.835000000000002
11786,1.6310000000000031
11787,1.8370000000000026
11788,1.5340000000000023
11789,1.3340000000000019
11790,1.625000000000002
11791,1.7280000000000029
11792,1.9480000000000013
11793,1.4430000000000018
11794,1.6370000000000016
11795,1.8310000000000022
11796,1.3400000000000016
11797,2.346000000000002
11798,1.6370000000000022
11799,1.9480000000000015
11800,1.9400000000000022
11801,1.2290000000000012
11802,2.340000000000003
11803,1.4310000000000018
11804,1.7420000000000018
11805,1.4350000000000016
11806,1.8430000000000026
11807,1.5360000000000016
11808,1.7480000000000009
11809,1.4330000000000016
11810,1.6430000000000016
11811,1.5380000000000016
11812,1.841000000000001
11813,1.3360000000000014
11814,1.639000000000001
11815,1.530000000000002
11816,1.6310000000000016
11817,1.6350000000000022
11818,1.7380000000000024
11819,1.4310000000000032
11820,1.8350000000000026
11821,1.4270000000000023
11822,1.7280000000000026
11823,1.9380000000000024
11824,2.039000000000001
11825,1.1220000000000017
11826,1.9540000000000024
11827,1.7480000000000016
11828,1.7360000000000022
11829,1.5280000000000025
11830,1.330000000000002
11831,1.8310000000000022
11832,1.4290000000000012
11833,1.6430000000000007
11834,1.635000000000002
11835,1.7340000000000018
11836,1.6370000000000025
11837,1.3340000000000025
11838,1.3400000000000016
11839,1.6350000000000022
11840,1.835000000000002
11841,1.334000000000002
11842,1.740000000000002
11843,1.435000000000002
11844,1.8530000000000013
11845,1.5260000000000025
11846,2.0410000000000026
11847,1.6330000000000013
11848,1.8430000000000015
11849,1.730000000000003
11850,1.8450000000000015
11851,1.7540000000000016
11852,1.8430000000000015
11853,1.534000000000002
11854,1.6450000000000014
11855,1.6430000000000016
11856,1.748000000000002
11857,1.746000000000002
11858,1.3300000000000023
11859,1.5360000000000025
11860,1.841000000000002
11861,1.6370000000000018
11862,1.9420000000000022
11863,1.4330000000000025
11864,1.7480000000000016
11865,1.5260000000000016
11866,1.526000000000002
11867,1.5280000000000018
11868,1.633000000000002
11869,1.8270000000000022
11870,1.7360000000000022
11871,1.4430000000000012
11872,1.2390000000000012
11873,1.538000000000002
11874,1.641000000000002
11875,1.5300000000000018
11876,1.6430000000000016
11877,1.435000000000002
11878,1.7360000000000033
11879,1.5340000000000016
11880,1.6370000000000018
11881,1.4370000000000025
11882,1.7480000000000013
11883,1.3320000000000018
11884,1.6350000000000025
11885,1.7420000000000027
11886,1.6470000000000011
11887,1.7320000000000024
11888,1.4310000000000018
11889,1.7380000000000022
11890,1.5380000000000027
11891,1.5320000000000025
11892,1.8350000000000022
11893,1.5360000000000023
11894,1.8250000000000028
11895,1.746000000000002
11896,1.7460000000000024
11897,1.037000000000002
11898,1.742000000000001
11899,1.5460000000000016
11900,1.9440000000000026
11901,1.6390000000000027
11902,1.6390000000000018
11903,1.8350000000000029
11904,1.3320000000000016
11905,1.633000000000002
11906,1.7340000000000024
11907,1.635000000000002
11908,2.1500000000000017
11909,1.5360000000000016
11910,1.942000000000002
11911,1.5360000000000016
11912,1.9480000000000024
11913,1.4330000000000025
11914,1.9440000000000015
11915,1.4270000000000018
11916,1.3260000000000018
11917,1.7320000000000026
11918,1.4310000000000012
11919,1.8490000000000024
11920,1.6310000000000016
11921,1.5360000000000011
11922,2.2570000000000023
11923,1.9420000000000022
11924,1.629000000000002
11925,1.4270000000000014
11926,1.5400000000000023
11927,1.8410000000000024
11928,1.9360000000000028
11929,1.534000000000002
11930,1.7400000000000022
11931,1.9460000000000017
11932,1.4310000000000018
11933,1.936000000000002
11934,1.7480000000000016
11935,2.2570000000000014
11936,2.0350000000000024
11937,1.7340000000000018
11938,1.9440000000000024
11939,1.6430000000000016
11940,1.8350000000000029
11941,1.4370000000000018
11942,1.4430000000000016
11943,1.8350000000000022
11944,1.5260000000000025
11945,1.9360000000000026
11946,1.8370000000000026
11947,1.2290000000000012
11948,1.7460000000000013
11949,1.6310000000000022
11950,1.3240000000000018
11951,1.4550000000000012
11952,1.8410000000000017
11953,1.635000000000002
11954,1.530000000000002
11955,1.5540000000000014
11956,1.538000000000002
11957,1.934000000000002
11958,1.7520000000000024
11959,1.6530000000000016
11960,2.168000000000001
11961,1.633000000000002
11962,1.4350000000000016
11963,1.9380000000000017
11964,1.7400000000000018
11965,1.4410000000000018
11966,1.8330000000000015
11967,1.6370000000000013
11968,1.530000000000002
11969,1.4370000000000016
11970,1.7320000000000024
11971,1.9440000000000024
11972,1.5240000000000011
11973,1.6250000000000027
11974,1.5400000000000018
11975,2.049000000000002
11976,1.3280000000000018
11977,1.3240000000000014
11978,1.9400000000000017
11979,1.7380000000000024
11980,1.6370000000000022
11981,1.7260000000000029
11982,1.6250000000000029
11983,1.328000000000002
11984,1.4250000000000025
11985,1.754000000000001
11986,1.736000000000002
11987,1.6390000000000022
11988,1.5440000000000014
11989,1.5400000000000011
11990,1.7420000000000024
11991,1.837000000000002
11992,1.7400000000000022
11993,1.5360000000000027
11994,1.934000000000002
11995,1.4430000000000012
11996,1.5320000000000016
11997,1.5280000000000027
11998,1.8390000000000013
11999,1.754000000000001
12000,1.5300000000000022
12001,1.4270000000000016
12002,1.027000000000002
12003,1.837000000000001
12004,1.8350000000000026
12005,1.3360000000000014
12006,1.5440000000000023
12007,1.6390000000000027
12008,2.0330000000000026
12009,1.837000000000002
12010,1.9480000000000022
12011,1.4290000000000023
12012,1.9380000000000022
12013,2.1420000000000026
12014,1.534000000000002
12015,1.540000000000002
12016,1.8330000000000022
12017,1.4290000000000014
12018,1.023000000000002
12019,1.2230000000000025
12020,1.6350000000000025
12021,1.9460000000000022
12022,1.6410000000000022
12023,2.0410000000000026
12024,1.851000000000001
12025,1.7400000000000018
12026,1.5280000000000016
12027,1.6410000000000016
12028,1.5380000000000025
12029,1.4390000000000012
12030,1.8370000000000024
12031,1.8350000000000015
12032,1.6390000000000022
12033,1.439000000000001
12034,1.960000000000001
12035,1.726000000000002
12036,1.4250000000000023
12037,1.5340000000000018
12038,1.4310000000000025
12039,1.8270000000000026
12040,1.5320000000000022
12041,1.7380000000000024
12042,1.7260000000000024
12043,1.9480000000000022
12044,1.7280000000000029
12045,1.7380000000000015
12046,1.4330000000000025
12047,1.7360000000000029
12048,1.645000000000002
12049,1.5320000000000016
12050,1.5340000000000027
12051,1.4210000000000023
12052,1.534000000000002
12053,1.8430000000000026
12054,1.6430000000000018
12055,1.730000000000002
12056,1.4270000000000018
12057,1.3360000000000023
12058,1.6390000000000018
12059,1.5340000000000018
12060,2.0410000000000017
12061,1.6250000000000018
12062,1.845000000000002
12063,1.540000000000002
12064,1.6390000000000027
12065,1.4330000000000025
12066,1.6410000000000022
12067,1.4290000000000018
12068,1.7400000000000013
12069,2.0490000000000017
12070,2.0370000000000026
12071,1.8310000000000024
12072,1.841000000000002
12073,1.631000000000002
12074,1.7380000000000024
12075,2.0450000000000013
12076,1.841000000000002
12077,2.063000000000001
12078,1.6450000000000022
12079,1.3340000000000019
12080,1.425000000000003
12081,1.9380000000000022
12082,1.6550000000000018
12083,1.2330000000000008
12084,1.7360000000000024
12085,1.5320000000000025
12086,1.534000000000003
12087,1.8270000000000024
12088,1.6390000000000022
12089,1.631000000000003
12090,1.427000000000003
12091,1.839000000000002
12092,1.845000000000002
12093,1.7420000000000024
12094,1.6330000000000018
12095,1.9300000000000026
12096,1.746000000000002
12097,1.4270000000000016
12098,1.837000000000001
12099,1.3300000000000016
12100,1.7360000000000024
12101,1.7340000000000024
12102,1.2370000000000019
12103,2.0470000000000015
12104,1.3300000000000014
12105,1.536000000000002
12106,1.9440000000000024
12107,1.3320000000000027
12108,2.249000000000002
12109,1.7400000000000022
12110,1.4330000000000016
12111,1.6290000000000018
12112,1.7440000000000018
12113,1.635000000000002
12114,1.641000000000002
12115,1.5220000000000018
12116,1.528000000000002
12117,2.4410000000000025
12118,1.4370000000000018
12119,1.4270000000000025
12120,1.5360000000000014
12121,1.6270000000000022
12122,1.629000000000002
12123,1.6550000000000014
12124,1.6430000000000016
12125,1.7380000000000022
12126,1.5360000000000023
12127,1.9360000000000028
12128,1.7320000000000024
12129,1.7500000000000022
12130,1.9420000000000022
12131,1.2190000000000023
12132,2.043000000000002
12133,1.7460000000000024
12134,1.5320000000000022
12135,1.6370000000000016
12136,1.4330000000000018
12137,1.8430000000000017
12138,1.7480000000000024
12139,1.841000000000002
12140,1.736000000000002
12141,1.6330000000000018
12142,1.3180000000000023
12143,1.6410000000000022
12144,1.3180000000000023
12145,1.841000000000002
12146,1.5240000000000022
12147,1.534000000000002
12148,1.8370000000000026
12149,1.6350000000000025
12150,1.631000000000002
12151,1.6310000000000022
12152,1.7280000000000026
12153,1.8330000000000024
12154,1.9420000000000015
12155,1.6370000000000022
12156,1.7440000000000029
12157,1.5440000000000014
12158,1.639000000000002
12159,1.7360000000000022
12160,1.8370000000000015
12161,1.6370000000000022
12162,1.6470000000000018
12163,2.037000000000002
12164,1.7320000000000024
12165,1.8490000000000018
12166,1.7360000000000022
12167,1.6410000000000022
12168,1.641000000000001
12169,1.942000000000002
12170,1.447000000000001
12171,1.8470000000000015
12172,1.5360000000000025
12173,1.7340000000000024
12174,1.3260000000000023
12175,1.639000000000002
12176,1.742000000000001
12177,1.750000000000001
12178,1.2290000000000012
12179,2.0550000000000024
12180,1.7340000000000024
12181,1.5380000000000018
12182,1.6370000000000022
12183,1.6410000000000025
12184,1.5340000000000023
12185,2.148000000000002
12186,1.5360000000000023
12187,1.5260000000000027
12188,1.5460000000000023
12189,1.1260000000000014
12190,1.5340000000000018
12191,2.148000000000002
12192,1.328000000000002
12193,1.5280000000000018
12194,1.944000000000002
12195,1.7340000000000018
12196,1.344000000000002
12197,1.4370000000000016
12198,1.841000000000002
12199,1.629000000000002
12200,1.7420000000000018
12201,1.5360000000000023
12202,1.6310000000000013
12203,1.7400000000000022
12204,1.6310000000000016
12205,1.6270000000000022
12206,1.3240000000000014
12207,1.4310000000000023
12208,1.4410000000000012
12209,1.530000000000002
12210,1.6390000000000016
12211,1.7400000000000013
12212,1.8390000000000017
12213,1.8430000000000017
12214,1.7440000000000015
12215,1.8510000000000013
12216,1.6370000000000022
12217,1.5300000000000022
12218,1.9460000000000024
12219,1.645000000000001
12220,1.6270000000000018
12221,1.6250000000000018
12222,1.7360000000000022
12223,1.6370000000000018
12224,1.7280000000000029
12225,1.9460000000000022
12226,1.7440000000000018
12227,1.9440000000000017
12228,1.847000000000002
12229,1.9380000000000017
12230,2.0490000000000017
12231,1.6430000000000025
12232,1.4230000000000016
12233,1.7340000000000027
12234,1.8390000000000015
12235,1.837000000000002
12236,1.7340000000000018
12237,1.4290000000000007
12238,1.730000000000002
12239,1.732000000000003
12240,1.7380000000000018
12241,1.5300000000000022
12242,1.5360000000000023
12243,1.3260000000000018
12244,1.9500000000000017
12245,1.5320000000000022
12246,1.7360000000000022
12247,1.6410000000000011
12248,1.9380000000000022
12249,1.837000000000002
12250,1.4290000000000027
12251,1.7440000000000027
12252,1.732000000000002
12253,1.6310000000000022
12254,1.5380000000000018
12255,1.5360000000000023
12256,1.5300000000000018
12257,1.6350000000000018
12258,1.5280000000000025
12259,2.0430000000000015
12260,1.4410000000000016
12261,1.5360000000000027
12262,1.639000000000003
12263,1.7320000000000026
12264,1.7380000000000009
12265,1.4350000000000014
12266,1.8470000000000013
12267,1.6270000000000022
12268,1.7420000000000018
12269,1.9480000000000017
12270,1.7320000000000024
12271,2.1540000000000017
12272,1.6350000000000018
12273,1.5420000000000018
12274,1.9320000000000022
12275,1.8530000000000015
12276,1.8430000000000024
12277,1.328000000000001
12278,1.6310000000000024
12279,1.9400000000000022
12280,1.734000000000002
12281,1.6470000000000018
12282,1.8470000000000022
12283,1.7320000000000024
12284,1.328000000000002
12285,1.6470000000000005
12286,1.845000000000002
12287,1.946000000000002
12288,1.7420000000000013
12289,2.1520000000000024
12290,1.8390000000000015
12291,1.7360000000000022
12292,1.536000000000002
12293,1.8430000000000013
12294,1.534000000000001
12295,2.051000000000002
12296,1.4430000000000027
12297,1.5400000000000023
12298,1.4230000000000018
12299,1.740000000000002
12300,1.5400000000000023
12301,1.851000000000002
12302,1.7500000000000009
12303,1.433000000000002
12304,1.940000000000002
12305,1.750000000000001
12306,1.4410000000000014
12307,1.4270000000000023
12308,1.7340000000000027
12309,1.4290000000000018
12310,2.041000000000002
12311,1.7380000000000015
12312,1.9520000000000015
12313,1.7440000000000018
12314,1.629000000000002
12315,1.9460000000000022
12316,1.9380000000000026
12317,1.7580000000000016
12318,1.4270000000000023
12319,1.7380000000000022
12320,1.8450000000000017
12321,1.8290000000000024
12322,1.6350000000000022
12323,1.4270000000000016
12324,1.3380000000000012
12325,1.744000000000002
12326,1.4390000000000012
12327,1.732000000000003
12328,1.8530000000000015
12329,1.6310000000000024
12330,1.7320000000000026
12331,1.5320000000000018
12332,1.7520000000000016
12333,1.5340000000000016
12334,1.8330000000000024
12335,1.6490000000000007
12336,1.837000000000003
12337,1.4410000000000016
12338,1.5300000000000022
12339,1.9420000000000024
12340,1.7300000000000026
12341,1.5380000000000025
12342,1.631000000000002
12343,1.845000000000001
12344,1.2230000000000016
12345,1.8430000000000017
12346,1.837000000000002
12347,1.627000000000003
12348,1.4290000000000032
12349,1.7380000000000022
12350,1.8530000000000013
12351,1.6370000000000025
12352,1.7400000000000022
12353,1.6250000000000022
12354,1.631000000000003
12355,1.7380000000000022
12356,1.534000000000003
12357,1.6430000000000013
12358,1.9460000000000022
12359,1.3260000000000016
12360,1.4250000000000023
12361,2.148000000000002
12362,1.5360000000000025
12363,1.7280000000000022
12364,1.8430000000000017
12365,1.8350000000000026
12366,1.8290000000000024
12367,2.142000000000002
12368,1.8410000000000029
12369,1.5440000000000018
12370,1.6390000000000016
12371,2.1520000000000015
12372,1.8450000000000017
12373,1.8390000000000029
12374,1.7400000000000013
12375,1.5440000000000018
12376,1.8370000000000022
12377,1.5420000000000018
12378,1.7360000000000015
12379,1.845000000000002
12380,1.6470000000000022
12381,1.6430000000000016
12382,1.528000000000002
12383,1.8310000000000022
12384,1.6330000000000018
12385,1.835000000000002
12386,1.7380000000000015
12387,1.5360000000000016
12388,1.8490000000000018
12389,1.7420000000000022
12390,1.9460000000000022
12391,1.4390000000000014
12392,1.5340000000000018
12393,1.538000000000002
12394,2.1620000000000013
12395,1.6350000000000011
12396,2.0470000000000015
12397,1.4230000000000018
12398,1.5420000000000018
12399,2.057000000000001
12400,1.4330000000000018
12401,1.633000000000002
12402,1.5420000000000025
12403,1.5300000000000022
12404,1.641000000000002
12405,1.6450000000000018
12406,1.7400000000000018
12407,1.6310000000000022
12408,1.7360000000000022
12409,1.8430000000000026
12410,1.8330000000000026
12411,1.5380000000000018
12412,1.639000000000002
12413,1.4390000000000018
12414,1.643000000000002
12415,1.8410000000000022
12416,1.433000000000001
12417,2.0390000000000024
12418,1.750000000000001
12419,1.5280000000000016
12420,1.9400000000000026
12421,1.740000000000002
12422,1.3300000000000025
12423,1.6430000000000013
12424,1.6450000000000014
12425,1.8250000000000028
12426,1.6350000000000022
12427,1.334000000000002
12428,1.6490000000000011
12429,1.4190000000000023
12430,2.150000000000002
12431,1.8310000000000024
12432,1.6470000000000022
12433,1.8330000000000022
12434,1.7340000000000024
12435,1.6310000000000022
12436,1.9500000000000017
12437,2.162000000000001
12438,1.625000000000003
12439,1.332000000000001
12440,1.8490000000000018
12441,1.744000000000001
12442,1.8430000000000017
12443,1.7420000000000022
12444,1.5380000000000011
12445,1.5280000000000016
12446,1.835000000000002
12447,1.7440000000000007
12448,1.5360000000000016
12449,1.8370000000000022
12450,1.643000000000002
12451,2.2450000000000023
12452,1.6330000000000018
12453,1.8310000000000022
12454,1.740000000000002
12455,1.8410000000000013
12456,1.8430000000000022
12457,1.744000000000001
12458,1.6330000000000024
12459,1.734000000000002
12460,1.4410000000000018
12461,2.047000000000002
12462,1.7200000000000026
12463,1.7400000000000022
12464,1.7400000000000027
12465,1.9380000000000024
12466,1.7280000000000024
12467,2.0470000000000015
12468,1.3340000000000014
12469,1.748000000000002
12470,1.9460000000000013
12471,1.8430000000000022
12472,1.940000000000002
12473,1.5320000000000016
12474,1.6350000000000018
12475,1.6350000000000011
12476,1.6430000000000016
12477,1.4250000000000016
12478,1.645000000000002
12479,1.9420000000000022
12480,1.9400000000000017
12481,1.746000000000001
12482,1.9300000000000017
12483,1.5360000000000016
12484,1.837000000000002
12485,1.7380000000000024
12486,1.7480000000000018
12487,1.8370000000000015
12488,1.524000000000002
12489,1.5320000000000022
12490,1.7420000000000015
12491,1.6370000000000022
12492,1.9420000000000024
12493,1.6390000000000016
12494,1.4450000000000016
12495,1.639000000000002
12496,1.7280000000000022
12497,1.530000000000002
12498,2.1360000000000023
12499,1.9640000000000006
12500,1.5360000000000007
12501,1.7420000000000015
12502,1.6470000000000025
12503,1.5380000000000018
12504,1.7420000000000018
12505,1.6410000000000016
12506,1.6410000000000022
12507,1.845000000000002
12508,1.437000000000002
12509,1.6330000000000016
12510,1.7300000000000013
12511,1.9460000000000024
12512,1.6350000000000022
12513,1.568000000000001
12514,1.8490000000000018
12515,1.5500000000000016
12516,1.8450000000000017
12517,1.5380000000000016
12518,1.8450000000000015
12519,1.5380000000000018
12520,1.6350000000000022
12521,2.1460000000000026
12522,1.944000000000002
12523,1.845000000000002
12524,1.4290000000000027
12525,1.7380000000000024
12526,2.039000000000002
12527,1.946000000000002
12528,1.6370000000000018
12529,1.4450000000000016
12530,1.8410000000000017
12531,1.7400000000000018
12532,1.9320000000000024
12533,1.623000000000002
12534,1.4270000000000018
12535,1.7400000000000027
12536,1.5360000000000016
12537,1.7360000000000029
12538,1.7520000000000011
12539,1.5480000000000016
12540,1.3240000000000023
12541,1.8450000000000026
12542,1.7360000000000013
12543,1.540000000000002
12544,1.6430000000000016
12545,1.0270000000000004
12546,2.0710000000000015
12547,1.940000000000002
12548,1.6390000000000022
12549,1.5280000000000016
12550,1.6410000000000016
12551,1.730000000000002
12552,1.9380000000000017
12553,1.5280000000000016
12554,1.7400000000000018
12555,1.7460000000000016
12556,1.7400000000000022
12557,1.7420000000000018
12558,1.6290000000000022
12559,1.534000000000002
12560,1.4270000000000018
12561,1.839000000000002
12562,1.4350000000000012
12563,1.5360000000000025
12564,1.2270000000000005
12565,1.6270000000000024
12566,1.5480000000000018
12567,1.7380000000000027
12568,1.6410000000000016
12569,1.8410000000000013
12570,1.8350000000000017
12571,1.8350000000000017
12572,1.8310000000000028
12573,1.831000000000002
12574,1.6370000000000025
12575,1.5340000000000011
12576,1.5420000000000014
12577,1.8390000000000017
12578,1.633000000000002
12579,1.5340000000000018
12580,1.8450000000000029
12581,1.839000000000002
12582,1.4330000000000018
12583,1.6350000000000022
12584,1.7520000000000016
12585,1.5280000000000016
12586,1.439
12587,1.4430000000000018
12588,1.8270000000000033
12589,2.239000000000003
12590,1.3260000000000016
12591,1.8370000000000022
12592,1.5340000000000018
12593,1.732000000000002
12594,2.049000000000002
12595,1.7480000000000027
12596,1.437000000000002
12597,1.8490000000000018
12598,1.7320000000000022
12599,1.732000000000002
12600,1.6390000000000018
12601,1.5340000000000016
12602,1.736000000000002
12603,1.3520000000000019
12604,1.950000000000002
12605,1.5280000000000016
12606,2.0410000000000026
12607,2.041000000000002
12608,1.427000000000003
12609,1.8350000000000029
12610,1.5400000000000011
12611,1.5300000000000018
12612,2.043000000000002
12613,1.4270000000000023
12614,1.7280000000000015
12615,2.047000000000003
12616,1.7380000000000015
12617,1.9440000000000024
12618,2.1420000000000017
12619,1.9460000000000022
12620,1.7420000000000018
12621,1.6330000000000024
12622,1.9420000000000022
12623,1.520000000000003
12624,1.7340000000000027
12625,1.5280000000000025
12626,1.5300000000000022
12627,1.328000000000001
12628,1.9460000000000022
12629,1.9340000000000026
12630,1.7400000000000022
12631,1.8350000000000022
12632,1.4410000000000018
12633,1.7400000000000018
12634,1.7300000000000026
12635,1.4290000000000018
12636,1.5260000000000031
12637,1.6290000000000022
12638,2.039000000000003
12639,1.6250000000000027
12640,2.047000000000002
12641,1.8390000000000017
12642,1.8270000000000024
12643,1.7400000000000013
12644,1.6430000000000013
12645,1.952000000000001
12646,1.423000000000002
12647,1.4270000000000018
12648,1.8530000000000015
12649,1.7340000000000029
12650,1.5380000000000018
12651,2.029000000000002
12652,1.940000000000002
12653,1.6330000000000018
12654,1.3420000000000019
12655,1.5520000000000007
12656,1.9500000000000015
12657,1.5320000000000025
12658,1.6410000000000005
12659,1.7500000000000022
12660,1.6410000000000013
12661,1.631000000000002
12662,1.3420000000000016
12663,1.3200000000000025
12664,2.0310000000000032
12665,1.8270000000000026
12666,2.0490000000000017
12667,1.825000000000002
12668,1.2310000000000014
12669,1.6330000000000027
12670,1.7360000000000015
12671,1.546000000000002
12672,1.6370000000000013
12673,1.443000000000001
12674,1.7500000000000018
12675,2.041000000000002
12676,1.7300000000000018
12677,1.748000000000002
12678,1.938000000000003
12679,1.734000000000002
12680,1.8390000000000017
12681,2.1440000000000023
12682,1.841000000000002
12683,1.9380000000000013
12684,1.740000000000002
12685,1.9300000000000026
12686,1.6290000000000027
12687,1.7500000000000018
12688,1.633000000000001
12689,1.6290000000000027
12690,2.055000000000002
12691,1.6390000000000011
12692,1.8390000000000024
12693,1.5420000000000016
12694,1.9440000000000024
12695,1.7380000000000029
12696,1.437000000000002
12697,1.8370000000000026
12698,1.536000000000002
12699,1.6370000000000025
12700,2.3440000000000025
12701,1.629000000000002
12702,1.831000000000003
12703,1.8410000000000024
12704,1.7560000000000011
12705,1.6450000000000022
12706,1.8330000000000022
12707,1.8470000000000013
12708,1.4430000000000023
12709,1.3360000000000007
12710,1.6350000000000018
12711,1.8310000000000028
12712,1.639000000000002
12713,1.538000000000002
12714,1.7420000000000018
12715,1.8350000000000026
12716,1.5320000000000018
12717,1.8270000000000022
12718,1.744000000000002
12719,1.7340000000000027
12720,1.534000000000002
12721,2.142000000000002
12722,1.7460000000000016
12723,1.5400000000000011
12724,1.8330000000000026
12725,1.635000000000002
12726,1.9440000000000017
12727,1.447000000000001
12728,2.142000000000002
12729,1.736000000000002
12730,1.7340000000000024
12731,1.7380000000000024
12732,1.8310000000000028
12733,1.8430000000000024
12734,1.8470000000000015
12735,1.3360000000000019
12736,1.837000000000002
12737,1.4270000000000023
12738,1.5320000000000025
12739,1.6330000000000013
12740,1.7300000000000022
12741,1.6450000000000022
12742,1.9500000000000015
12743,1.6350000000000022
12744,1.7320000000000022
12745,1.9520000000000013
12746,1.8590000000000015
12747,1.8450000000000015
12748,2.0470000000000024
12749,1.851000000000002
12750,1.3340000000000012
12751,1.7280000000000024
12752,2.049000000000002
12753,1.4310000000000023
12754,2.2430000000000017
12755,1.9580000000000017
12756,2.2470000000000026
12757,1.7480000000000018
12758,1.2310000000000014
12759,1.639000000000002
12760,1.7420000000000013
12761,1.9380000000000024
12762,1.5400000000000018
12763,1.9560000000000017
12764,1.740000000000002
12765,1.5280000000000027
12766,1.4330000000000012
12767,1.8450000000000017
12768,1.635000000000002
12769,2.150000000000001
12770,1.524000000000002
12771,1.7380000000000022
12772,2.1440000000000023
12773,1.8250000000000028
12774,1.6370000000000018
12775,1.6470000000000014
12776,1.6410000000000022
12777,1.5300000000000014
12778,1.536000000000002
12779,2.0470000000000024
12780,1.750000000000002
12781,1.8430000000000015
12782,1.5400000000000023
12783,1.8430000000000022
12784,1.7400000000000022
12785,1.9540000000000015
12786,1.8430000000000022
12787,1.6370000000000018
12788,1.845000000000002
12789,1.7460000000000022
12790,1.6370000000000027
12791,1.9460000000000022
12792,1.3280000000000023
12793,2.3580000000000023
12794,1.4250000000000023
12795,2.045000000000002
12796,1.5220000000000022
12797,1.631000000000003
12798,1.7360000000000015
12799,1.9540000000000013
12800,1.5500000000000012
12801,1.540000000000002
12802,1.330000000000002
12803,1.7240000000000029
12804,1.5440000000000018
12805,1.7440000000000015
12806,1.3300000000000014
12807,1.5320000000000022
12808,2.043000000000002
12809,1.9480000000000024
12810,2.059000000000001
12811,1.4310000000000023
12812,1.7480000000000013
12813,1.9520000000000013
12814,1.3260000000000023
12815,1.9500000000000017
12816,1.631000000000002
12817,1.835000000000002
12818,1.8450000000000022
12819,1.734000000000002
12820,1.6370000000000022
12821,1.639000000000002
12822,1.6290000000000027
12823,1.8330000000000022
12824,1.831000000000002
12825,2.148000000000002
12826,1.7420000000000018
12827,1.9460000000000017
12828,1.9400000000000026
12829,1.722000000000002
12830,1.845000000000002
12831,2.1480000000000015
12832,1.8450000000000015
12833,1.8430000000000009
12834,1.4330000000000012
12835,1.7460000000000013
12836,1.7320000000000024
12837,1.9520000000000022
12838,1.847000000000002
12839,1.6410000000000016
12840,1.9380000000000017
12841,1.7420000000000013
12842,1.633000000000002
12843,1.7420000000000018
12844,2.154000000000002
12845,1.7480000000000018
12846,1.6470000000000016
12847,1.829000000000002
12848,1.5420000000000016
12849,1.9400000000000022
12850,1.9340000000000026
12851,1.536000000000002
12852,1.4310000000000016
12853,1.641000000000002
12854,1.5280000000000027
12855,1.8350000000000026
12856,1.7400000000000018
12857,1.8290000000000035
12858,1.8370000000000024
12859,1.3340000000000023
12860,1.6350000000000025
12861,1.9520000000000015
12862,1.839000000000002
12863,1.7260000000000022
12864,1.8410000000000022
12865,1.6410000000000011
12866,1.5220000000000025
12867,1.6370000000000022
12868,1.7480000000000018
12869,1.5460000000000003
12870,1.544000000000001
12871,1.9420000000000015
12872,2.144000000000002
12873,1.6370000000000022
12874,1.9520000000000022
12875,1.5360000000000023
12876,2.235000000000002
12877,1.7340000000000027
12878,1.7420000000000015
12879,1.7340000000000027
12880,1.524000000000002
12881,1.6330000000000018
12882,1.524000000000002
12883,1.8350000000000026
12884,2.235000000000003
12885,1.5360000000000014
12886,1.5340000000000027
12887,1.3260000000000023
12888,1.839000000000002
12889,1.835000000000002
12890,1.3300000000000023
12891,1.5380000000000011
12892,1.4230000000000025
12893,2.0430000000000024
12894,1.3280000000000023
12895,1.641000000000002
12896,2.045000000000002
12897,1.6450000000000014
12898,2.051000000000002
12899,1.4290000000000018
12900,1.7480000000000013
12901,1.631000000000002
12902,1.7500000000000009
12903,1.6390000000000018
12904,1.5320000000000014
12905,1.6310000000000022
12906,1.8490000000000018
12907,1.837000000000002
12908,1.6290000000000016
12909,1.7400000000000018
12910,1.839000000000002
12911,1.645000000000001
12912,1.849000000000002
12913,1.7520000000000018
12914,2.130000000000003
12915,1.5340000000000027
12916,1.944000000000002
12917,1.8430000000000017
12918,1.8530000000000006
12919,1.5420000000000025
12920,1.9300000000000028
12921,2.3460000000000023
12922,1.8390000000000017
12923,1.9520000000000024
12924,1.5300000000000018
12925,1.9460000000000017
12926,1.631000000000002
12927,1.2210000000000008
12928,1.7280000000000029
12929,1.9340000000000017
12930,1.625000000000002
12931,1.847000000000001
12932,2.0390000000000024
12933,1.7460000000000013
12934,1.8390000000000017
12935,1.3280000000000023
12936,1.7380000000000018
12937,1.6390000000000018
12938,1.623000000000002
12939,1.5300000000000025
12940,1.8370000000000015
12941,1.9480000000000017
12942,1.7460000000000022
12943,1.8550000000000013
12944,1.3280000000000023
12945,1.6270000000000018
12946,1.7320000000000022
12947,1.3260000000000032
12948,1.7400000000000013
12949,1.7420000000000018
12950,1.7380000000000022
12951,1.8470000000000022
12952,1.756000000000001
12953,2.461000000000001
12954,1.318000000000002
12955,1.6310000000000016
12956,1.5420000000000014
12957,1.744000000000002
12958,2.2370000000000028
12959,1.526000000000002
12960,2.1540000000000017
12961,1.744000000000002
12962,1.4230000000000016
12963,1.425000000000002
12964,1.9540000000000013
12965,1.9440000000000015
12966,1.6390000000000018
12967,1.6410000000000016
12968,1.433000000000003
12969,1.338000000000001
12970,1.734000000000001
12971,1.956000000000001
12972,1.5380000000000018
12973,1.641000000000002
12974,2.0690000000000013
12975,1.4430000000000012
12976,1.4370000000000018
12977,1.5380000000000018
12978,1.750000000000002
12979,1.6290000000000027
12980,1.7400000000000029
12981,1.7460000000000016
12982,1.6350000000000013
12983,1.5360000000000023
12984,1.6450000000000022
12985,1.3380000000000019
12986,1.8510000000000013
12987,2.1380000000000026
12988,2.1560000000000015
12989,1.7500000000000013
12990,1.750000000000001
12991,1.9420000000000022
12992,1.6430000000000025
12993,1.9300000000000026
12994,1.845000000000002
12995,1.6350000000000013
12996,1.6350000000000031
12997,1.4330000000000018
12998,1.7460000000000009
12999,1.6410000000000016
13000,1.9380000000000022
13001,1.7440000000000027
13002,1.7380000000000024
13003,1.5340000000000016
13004,1.4370000000000018
13005,1.6510000000000007
13006,1.6450000000000018
13007,1.6370000000000022
13008,1.6350000000000025
13009,1.5240000000000016
13010,2.043000000000002
13011,1.7520000000000018
13012,1.6410000000000013
13013,2.1400000000000023
13014,1.6290000000000022
13015,1.9500000000000015
13016,1.7340000000000024
13017,1.9460000000000017
13018,1.631000000000003
13019,1.8370000000000013
13020,1.9480000000000013
13021,1.5500000000000023
13022,1.748000000000002
13023,1.8330000000000022
13024,1.7460000000000013
13025,1.7460000000000013
13026,1.8470000000000024
13027,1.3320000000000014
13028,1.7400000000000013
13029,1.734000000000002
13030,1.7420000000000022
13031,1.433000000000003
13032,1.6330000000000018
13033,1.3260000000000016
13034,1.6330000000000027
13035,1.6330000000000013
13036,1.9520000000000022
13037,1.7540000000000011
13038,1.4350000000000014
13039,1.851000000000002
13040,1.8430000000000017
13041,2.0430000000000024
13042,1.6430000000000016
13043,1.2210000000000023
13044,2.0310000000000024
13045,1.548000000000002
13046,1.641000000000002
13047,1.7380000000000027
13048,2.0310000000000024
13049,1.934000000000002
13050,1.8330000000000024
13051,1.6330000000000024
13052,1.8570000000000015
13053,1.439000000000002
13054,1.5340000000000016
13055,1.9540000000000026
13056,2.144000000000002
13057,1.544000000000001
13058,1.754000000000001
13059,1.8430000000000013
13060,1.6410000000000016
13061,1.639000000000001
13062,1.4390000000000018
13063,1.7280000000000018
13064,1.2310000000000016
13065,1.9440000000000015
13066,1.4410000000000018
13067,2.144000000000002
13068,1.6370000000000022
13069,1.8450000000000017
13070,1.839000000000002
13071,2.1420000000000026
13072,1.3360000000000025
13073,1.4310000000000014
13074,1.7380000000000024
13075,1.8310000000000028
13076,1.942000000000002
13077,1.9520000000000022
13078,1.8410000000000013
13079,1.4310000000000016
13080,1.4310000000000018
13081,1.4250000000000014
13082,1.9460000000000013
13083,1.5320000000000014
13084,1.011000000000003
13085,1.3380000000000012
13086,1.4370000000000016
13087,1.7380000000000022
13088,1.9540000000000017
13089,1.528000000000002
13090,1.6350000000000018
13091,1.425000000000003
13092,1.9380000000000024
13093,1.9520000000000013
13094,1.9460000000000022
13095,1.7340000000000018
13096,1.6230000000000018
13097,2.039000000000002
13098,1.5320000000000022
13099,1.6370000000000016
13100,1.7420000000000024
13101,1.6390000000000018
13102,1.5320000000000025
13103,1.6370000000000025
13104,1.5340000000000016
13105,2.051000000000002
13106,1.5320000000000022
13107,1.4450000000000012
13108,1.7320000000000022
13109,1.732000000000002
13110,1.7380000000000024
13111,1.6470000000000011
13112,2.0510000000000024
13113,1.7400000000000022
13114,2.037000000000002
13115,1.6310000000000016
13116,1.3220000000000014
13117,1.445000000000001
13118,1.3300000000000014
13119,1.7460000000000016
13120,2.041000000000002
13121,1.8530000000000015
13122,1.7380000000000018
13123,1.320000000000002
13124,1.6350000000000025
13125,1.7320000000000022
13126,2.146000000000002
13127,1.8270000000000024
13128,1.9320000000000024
13129,1.7360000000000015
13130,1.8370000000000024
13131,1.740000000000002
13132,1.7420000000000024
13133,1.7440000000000018
13134,2.146000000000002
13135,1.7480000000000018
13136,1.5400000000000018
13137,1.3380000000000016
13138,1.342000000000002
13139,1.3260000000000014
13140,1.641000000000002
13141,1.5260000000000022
13142,2.144000000000002
13143,1.5320000000000027
13144,1.7320000000000026
13145,1.3400000000000014
13146,1.7520000000000022
13147,1.7380000000000027
13148,1.8490000000000018
13149,1.7540000000000011
13150,1.7440000000000029
13151,1.4250000000000023
13152,1.7380000000000022
13153,1.3320000000000018
13154,1.5380000000000025
13155,1.8350000000000022
13156,1.7380000000000013
13157,2.0530000000000017
13158,1.6330000000000027
13159,2.037000000000002
13160,1.544000000000001
13161,1.944000000000002
13162,1.835000000000002
13163,1.8290000000000026
13164,2.041000000000002
13165,1.7480000000000018
13166,1.734000000000002
13167,1.754000000000002
13168,1.839000000000002
13169,1.5340000000000016
13170,1.7380000000000024
13171,1.7340000000000015
13172,1.7480000000000018
13173,1.1220000000000019
13174,1.4310000000000016
13175,1.5380000000000025
13176,1.7420000000000024
13177,1.5300000000000018
13178,1.6370000000000025
13179,1.7380000000000013
13180,1.7320000000000022
13181,2.043000000000002
13182,1.5300000000000018
13183,1.7400000000000027
13184,1.5400000000000018
13185,1.645000000000002
13186,1.849000000000002
13187,1.4290000000000023
13188,1.8350000000000022
13189,1.5380000000000025
13190,1.740000000000002
13191,1.4370000000000016
13192,1.9440000000000017
13193,2.0470000000000015
13194,1.5300000000000022
13195,1.4410000000000023
13196,1.7400000000000018
13197,1.9480000000000006
13198,1.740000000000002
13199,1.9460000000000017
13200,1.8390000000000017
13201,1.639000000000002
13202,1.8350000000000017
13203,1.4310000000000018
13204,1.8530000000000018
13205,1.5340000000000018
13206,1.940000000000002
13207,1.649000000000002
13208,1.730000000000002
13209,2.152000000000002
13210,1.6370000000000018
13211,1.5340000000000018
13212,1.8430000000000015
13213,1.4290000000000014
13214,2.1500000000000012
13215,1.3320000000000016
13216,1.736000000000002
13217,1.744000000000002
13218,1.7320000000000024
13219,1.7460000000000022
13220,1.7280000000000026
13221,1.956000000000002
13222,1.5320000000000022
13223,1.7360000000000024
13224,1.5340000000000023
13225,1.837000000000002
13226,1.8390000000000024
13227,1.7280000000000024
13228,1.4270000000000016
13229,1.746000000000001
13230,1.6310000000000013
13231,1.7400000000000027
13232,1.9320000000000024
13233,1.6410000000000022
13234,1.4410000000000023
13235,1.7340000000000029
13236,1.5340000000000018
13237,1.940000000000002
13238,1.8510000000000018
13239,1.5400000000000014
13240,1.950000000000002
13241,1.940000000000001
13242,1.7340000000000018
13243,2.045000000000002
13244,1.9440000000000024
13245,1.548000000000001
13246,1.528000000000002
13247,1.5340000000000018
13248,1.8530000000000018
13249,1.6370000000000016
13250,1.7380000000000013
13251,1.8430000000000022
13252,1.5280000000000025
13253,1.4390000000000018
13254,1.4310000000000027
13255,1.730000000000002
13256,1.6410000000000016
13257,1.3360000000000016
13258,1.6350000000000018
13259,1.7400000000000013
13260,1.6450000000000014
13261,1.7420000000000018
13262,1.229000000000002
13263,1.8330000000000026
13264,1.5320000000000022
13265,1.5300000000000018
13266,1.4290000000000023
13267,1.8370000000000022
13268,1.8370000000000026
13269,1.540000000000002
13270,1.746000000000002
13271,1.550000000000001
13272,2.0430000000000024
13273,1.9420000000000022
13274,1.5380000000000025
13275,1.6470000000000022
13276,1.8450000000000029
13277,1.6330000000000016
13278,1.8410000000000017
13279,1.736000000000002
13280,1.962000000000002
13281,2.0490000000000013
13282,1.3360000000000014
13283,1.839000000000002
13284,1.5300000000000022
13285,1.8430000000000022
13286,1.534000000000002
13287,2.1440000000000023
13288,1.6390000000000022
13289,1.4270000000000025
13290,1.9420000000000024
13291,1.7420000000000015
13292,1.8430000000000022
13293,1.9340000000000028
13294,1.8350000000000017
13295,1.4430000000000016
13296,1.5420000000000016
13297,1.7380000000000022
13298,1.8350000000000022
13299,1.8470000000000015
13300,1.5280000000000016
13301,1.4290000000000023
13302,1.330000000000002
13303,1.827000000000003
13304,1.7340000000000024
13305,1.6370000000000018
13306,1.7400000000000027
13307,1.9520000000000022
13308,1.7260000000000029
13309,1.7360000000000024
13310,1.643000000000002
13311,1.748000000000002
13312,1.7360000000000015
13313,1.5340000000000027
13314,1.4350000000000016
13315,1.6310000000000013
13316,1.6470000000000016
13317,1.5400000000000018
13318,1.631000000000003
13319,1.8410000000000013
13320,1.5360000000000027
13321,1.8390000000000017
13322,1.645000000000002
13323,1.2350000000000028
13324,1.849000000000001
13325,1.835000000000002
13326,1.631000000000003
13327,1.8390000000000017
13328,1.344000000000001
13329,2.162000000000001
13330,1.639000000000002
13331,1.8350000000000022
13332,1.2310000000000014
13333,1.6290000000000022
13334,1.6370000000000018
13335,1.6510000000000011
13336,1.9560000000000013
13337,1.7380000000000027
13338,1.845000000000002
13339,1.956000000000001
13340,1.740000000000002
13341,1.9580000000000015
13342,1.8350000000000022
13343,1.439000000000002
13344,1.5340000000000023
13345,1.8430000000000022
13346,1.9500000000000017
13347,1.3320000000000016
13348,2.043000000000002
13349,2.150000000000002
13350,1.5340000000000016
13351,1.4290000000000018
13352,1.5320000000000022
13353,1.9380000000000017
13354,1.3260000000000023
13355,1.8470000000000015
13356,1.8530000000000013
13357,1.8410000000000017
13358,1.734000000000001
13359,1.7380000000000018
13360,1.4230000000000025
13361,2.0430000000000024
13362,1.532000000000003
13363,1.6490000000000016
13364,1.4290000000000023
13365,1.847000000000002
13366,1.9400000000000017
13367,1.845000000000002
13368,1.6430000000000016
13369,1.8290000000000026
13370,1.6290000000000027
13371,1.9380000000000022
13372,1.6290000000000022
13373,1.7480000000000013
13374,1.5240000000000022
13375,1.524000000000002
13376,1.9440000000000017
13377,1.5340000000000023
13378,1.6410000000000013
13379,1.8370000000000022
13380,1.6470000000000014
13381,1.3260000000000016
13382,1.9460000000000017
13383,1.6510000000000007
13384,1.9380000000000017
13385,1.6430000000000013
13386,1.6350000000000013
13387,1.7480000000000016
13388,1.6270000000000022
13389,1.5320000000000027
13390,2.059000000000001
13391,1.6310000000000024
13392,2.1560000000000015
13393,1.8490000000000018
13394,1.633000000000002
13395,1.8350000000000022
13396,1.940000000000003
13397,1.5260000000000025
13398,1.227000000000002
13399,1.9360000000000026
13400,1.6430000000000018
13401,1.8530000000000018
13402,1.8270000000000024
13403,1.8270000000000022
13404,1.6390000000000016
13405,1.831000000000002
13406,1.6310000000000024
13407,1.7340000000000015
13408,1.3260000000000023
13409,1.5400000000000023
13410,1.536000000000002
13411,1.530000000000001
13412,1.5320000000000018
13413,1.7320000000000022
13414,1.7560000000000013
13415,1.940000000000001
13416,2.1540000000000017
13417,1.5220000000000027
13418,1.8370000000000022
13419,1.5460000000000016
13420,2.132000000000003
13421,1.9540000000000017
13422,1.633000000000002
13423,1.6410000000000013
13424,1.6270000000000018
13425,1.9340000000000024
13426,1.538000000000002
13427,1.4350000000000016
13428,1.8370000000000022
13429,1.8450000000000022
13430,1.6490000000000007
13431,1.4350000000000023
13432,1.633000000000002
13433,1.7400000000000022
13434,1.9400000000000026
13435,1.829000000000002
13436,1.7360000000000022
13437,2.0530000000000017
13438,1.5320000000000018
13439,1.8430000000000013
13440,1.5320000000000022
13441,1.4370000000000016
13442,1.946000000000002
13443,1.7420000000000004
13444,1.9380000000000022
13445,1.7280000000000024
13446,1.5380000000000018
13447,1.7360000000000024
13448,1.437000000000002
13449,2.049000000000002
13450,1.8430000000000017
13451,2.0470000000000015
13452,2.1420000000000017
13453,1.5320000000000027
13454,2.146000000000002
13455,1.536000000000002
13456,2.249000000000002
13457,1.734000000000002
13458,1.6350000000000022
13459,1.655000000000002
13460,1.8410000000000022
13461,1.6330000000000027
13462,1.4310000000000014
13463,1.5500000000000016
13464,1.9400000000000026
13465,1.8470000000000013
13466,1.530000000000002
13467,1.744000000000002
13468,2.0470000000000024
13469,1.7480000000000018
13470,1.9420000000000024
13471,1.5340000000000027
13472,1.6410000000000022
13473,1.7340000000000027
13474,1.5420000000000018
13475,1.6310000000000016
13476,1.7380000000000018
13477,1.9380000000000017
13478,1.9480000000000013
13479,1.9320000000000024
13480,1.3400000000000012
13481,1.8350000000000022
13482,1.8350000000000022
13483,2.0410000000000026
13484,1.8410000000000017
13485,1.7480000000000024
13486,1.5340000000000018
13487,1.4430000000000018
13488,1.5380000000000018
13489,1.6270000000000022
13490,2.0310000000000015
13491,1.839000000000002
13492,1.6490000000000016
13493,2.138000000000002
13494,1.744000000000002
13495,2.2350000000000017
13496,1.835000000000002
13497,1.9480000000000017
13498,2.136000000000003
13499,1.740000000000002
13500,1.3340000000000019
13501,1.5380000000000018
13502,1.9360000000000028
13503,1.7320000000000026
13504,1.5400000000000014
13505,1.8470000000000015
13506,1.7380000000000024
13507,1.9380000000000024
13508,1.5440000000000014
13509,1.7380000000000013
13510,1.7440000000000024
13511,1.4270000000000023
13512,1.7400000000000022
13513,1.7440000000000024
13514,1.6330000000000027
13515,1.847000000000002
13516,1.9380000000000022
13517,1.6350000000000022
13518,1.639000000000002
13519,1.851000000000002
13520,1.7420000000000024
13521,1.7360000000000022
13522,1.625000000000002
13523,1.5320000000000018
13524,1.7340000000000027
13525,1.536000000000002
13526,1.435000000000002
13527,2.0570000000000017
13528,1.6350000000000022
13529,1.6330000000000027
13530,1.4270000000000025
13531,1.8450000000000017
13532,1.9440000000000028
13533,1.7340000000000018
13534,1.7420000000000013
13535,1.5340000000000018
13536,1.6350000000000013
13537,2.0430000000000015
13538,1.9540000000000015
13539,1.9460000000000017
13540,1.847000000000002
13541,2.144000000000002
13542,1.641000000000002
13543,1.9420000000000022
13544,1.641000000000002
13545,2.1520000000000015
13546,1.6310000000000022
13547,1.8350000000000022
13548,1.6510000000000022
13549,1.8350000000000026
13550,2.045000000000002
13551,1.229000000000002
13552,2.138000000000003
13553,1.6350000000000031
13554,1.8410000000000022
13555,1.6350000000000022
13556,1.328000000000002
13557,2.154000000000002
13558,1.946000000000002
13559,1.4330000000000018
13560,1.633000000000003
13561,1.5360000000000014
13562,1.7360000000000015
13563,1.633000000000002
13564,2.1420000000000026
13565,1.645000000000003
13566,1.6430000000000018
13567,1.7280000000000029
13568,1.6410000000000025
13569,1.6250000000000029
13570,1.7400000000000027
13571,1.0150000000000015
13572,1.9460000000000013
13573,1.7440000000000015
13574,1.839000000000002
13575,2.0530000000000017
13576,2.033000000000002
13577,2.148000000000002
13578,1.2230000000000012
13579,1.5360000000000014
13580,1.7400000000000018
13581,1.6410000000000013
13582,1.845000000000001
13583,1.7380000000000022
13584,1.5300000000000014
13585,1.7320000000000026
13586,1.7500000000000013
13587,1.835000000000002
13588,1.7460000000000016
13589,1.7300000000000022
13590,1.857000000000001
13591,1.6310000000000031
13592,1.7440000000000015
13593,1.645000000000002
13594,1.9340000000000026
13595,1.841000000000002
13596,2.0410000000000026
13597,1.740000000000001
13598,1.740000000000002
13599,1.635000000000002
13600,1.8310000000000022
13601,1.7380000000000015
13602,1.4390000000000018
13603,1.9400000000000022
13604,1.8250000000000022
13605,1.6290000000000027
13606,1.732000000000002
13607,1.6470000000000011
13608,1.9460000000000022
13609,1.7300000000000029
13610,1.6370000000000022
13611,1.7360000000000024
13612,1.6430000000000016
13613,1.5440000000000018
13614,2.2510000000000017
13615,1.744000000000002
13616,1.6350000000000025
13617,1.5320000000000018
13618,1.7420000000000018
13619,1.5460000000000014
13620,2.1420000000000026
13621,1.6430000000000013
13622,1.7440000000000018
13623,1.6310000000000016
13624,1.934000000000002
13625,1.6430000000000013
13626,1.7520000000000016
13627,1.8470000000000022
13628,1.9360000000000022
13629,1.8330000000000026
13630,1.6330000000000013
13631,1.6350000000000022
13632,2.0390000000000024
13633,1.629000000000003
13634,1.8290000000000026
13635,2.0410000000000026
13636,1.9480000000000015
13637,1.7340000000000024
13638,1.4230000000000025
13639,1.9400000000000026
13640,2.2370000000000023
13641,1.6330000000000024
13642,2.041000000000002
13643,1.8310000000000022
13644,1.7500000000000013
13645,1.7360000000000015
13646,1.5300000000000018
13647,2.0490000000000026
13648,1.849000000000002
13649,1.7460000000000016
13650,1.6370000000000018
13651,2.132000000000003
13652,1.7300000000000026
13653,1.6370000000000022
13654,1.6350000000000025
13655,1.8270000000000026
13656,1.9420000000000022
13657,1.744000000000001
13658,1.530000000000002
13659,1.5300000000000025
13660,1.6410000000000022
13661,2.0370000000000026
13662,1.5280000000000025
13663,1.5380000000000018
13664,1.5320000000000022
13665,1.7400000000000013
13666,1.6330000000000024
13667,1.8370000000000026
13668,1.8390000000000024
13669,1.736000000000002
13670,1.8470000000000022
13671,1.6510000000000022
13672,1.8330000000000022
13673,1.7380000000000018
13674,1.8430000000000015
13675,1.6410000000000025
13676,1.9460000000000022
13677,1.8350000000000026
13678,2.043000000000003
13679,1.5300000000000014
13680,1.8510000000000018
13681,1.9420000000000024
13682,1.740000000000002
13683,1.443000000000002
13684,1.9380000000000024
13685,1.8350000000000015
13686,1.5420000000000018
13687,1.6270000000000027
13688,1.9500000000000017
13689,1.629000000000002
13690,1.6310000000000024
13691,1.7480000000000018
13692,1.841000000000002
13693,1.7360000000000029
13694,1.7440000000000024
13695,1.7400000000000027
13696,1.5400000000000011
13697,1.8430000000000017
13698,1.6430000000000025
13699,1.534000000000002
13700,1.7320000000000024
13701,1.6470000000000014
13702,1.8270000000000026
13703,1.6410000000000016
13704,1.4290000000000023
13705,1.8410000000000024
13706,1.9500000000000017
13707,2.245000000000002
13708,1.6510000000000016
13709,1.643000000000002
13710,1.8410000000000022
13711,1.6350000000000022
13712,2.156000000000002
13713,2.055000000000002
13714,1.324000000000002
13715,2.043000000000001
13716,1.6430000000000025
13717,2.041000000000002
13718,1.8430000000000015
13719,1.6410000000000016
13720,1.8410000000000022
13721,2.0510000000000015
13722,2.045000000000002
13723,1.6350000000000022
13724,1.6450000000000018
13725,1.7540000000000018
13726,1.5420000000000025
13727,1.934000000000002
13728,1.6330000000000024
13729,1.6390000000000022
13730,1.7380000000000024
13731,1.6450000000000022
13732,2.1440000000000023
13733,1.746000000000002
13734,2.1360000000000023
13735,1.5360000000000014
13736,1.635000000000002
13737,1.4390000000000012
13738,1.8430000000000017
13739,1.7400000000000013
13740,1.7460000000000022
13741,1.7400000000000018
13742,1.6350000000000018
13743,1.5360000000000014
13744,1.6290000000000016
13745,1.9420000000000015
13746,2.0450000000000026
13747,1.9400000000000022
13748,2.164000000000001
13749,1.6270000000000018
13750,1.934000000000002
13751,1.5440000000000018
13752,2.039000000000003
13753,1.4610000000000007
13754,1.831000000000002
13755,1.8330000000000024
13756,2.146000000000002
13757,1.9580000000000017
13758,1.6550000000000014
13759,1.7280000000000033
13760,1.233000000000002
13761,1.3260000000000016
13762,1.9320000000000022
13763,1.736000000000002
13764,1.5300000000000018
13765,1.6410000000000027
13766,1.7360000000000022
13767,1.8450000000000017
13768,1.732000000000002
13769,2.0430000000000024
13770,1.0210000000000017
13771,1.2290000000000008
13772,1.7360000000000015
13773,1.536000000000002
13774,1.8330000000000026
13775,1.5300000000000022
13776,1.6350000000000013
13777,1.847000000000002
13778,1.7540000000000011
13779,1.629000000000002
13780,1.8390000000000026
13781,1.433000000000002
13782,1.7440000000000024
13783,1.7440000000000027
13784,1.7540000000000007
13785,1.4350000000000023
13786,1.8470000000000024
13787,1.8270000000000024
13788,1.6350000000000022
13789,1.7420000000000015
13790,1.629000000000002
13791,1.6270000000000027
13792,1.732000000000002
13793,1.4430000000000032
13794,1.3340000000000014
13795,1.8390000000000015
13796,1.5240000000000022
13797,1.3380000000000023
13798,1.6390000000000018
13799,1.4510000000000016
13800,1.7360000000000022
13801,1.6370000000000013
13802,1.7380000000000018
13803,1.6470000000000007
13804,1.6290000000000022
13805,1.8430000000000022
13806,1.6370000000000025
13807,1.7580000000000016
13808,1.746000000000001
13809,1.8390000000000024
13810,1.6310000000000016
13811,1.651000000000002
13812,1.4350000000000016
13813,1.641000000000002
13814,1.7400000000000022
13815,1.8270000000000024
13816,1.6430000000000013
13817,1.6430000000000016
13818,1.845000000000001
13819,1.530000000000002
13820,2.0330000000000026
13821,1.734000000000002
13822,1.6250000000000027
13823,1.643000000000002
13824,1.736000000000002
13825,1.6410000000000013
13826,1.7440000000000018
13827,1.530000000000002
13828,2.340000000000003
13829,1.6370000000000018
13830,1.6370000000000022
13831,1.5420000000000016
13832,1.7560000000000013
13833,1.6390000000000018
13834,1.847000000000002
13835,1.6310000000000022
13836,1.3280000000000027
13837,2.0470000000000015
13838,1.322000000000002
13839,1.8350000000000022
13840,2.136000000000003
13841,1.5320000000000016
13842,1.534000000000003
13843,2.0530000000000017
13844,1.8350000000000017
13845,1.4390000000000023
13846,1.4410000000000014
13847,1.437000000000002
13848,1.7380000000000024
13849,1.6370000000000018
13850,1.7380000000000022
13851,2.255000000000001
13852,1.7280000000000026
13853,1.631000000000002
13854,1.8410000000000022
13855,1.645000000000001
13856,1.9580000000000013
13857,2.0550000000000024
13858,1.6210000000000024
13859,1.4350000000000016
13860,1.7460000000000024
13861,1.6450000000000014
13862,2.0450000000000017
13863,1.429000000000002
13864,1.9380000000000017
13865,1.946000000000002
13866,1.9460000000000017
13867,1.736000000000002
13868,1.7320000000000026
13869,1.9300000000000024
13870,1.425000000000002
13871,1.649000000000001
13872,1.6510000000000025
13873,1.7360000000000015
13874,1.5320000000000018
13875,1.847000000000002
13876,1.7460000000000022
13877,1.9320000000000028
13878,1.7280000000000018
13879,1.9500000000000017
13880,1.7320000000000022
13881,1.534000000000002
13882,1.9360000000000028
13883,1.4310000000000018
13884,1.645000000000002
13885,1.3320000000000014
13886,1.841000000000002
13887,1.633000000000003
13888,1.536000000000002
13889,1.7340000000000029
13890,1.5320000000000025
13891,1.7360000000000024
13892,1.5220000000000025
13893,1.5320000000000016
13894,1.4290000000000014
13895,1.9320000000000024
13896,1.8390000000000017
13897,1.8530000000000022
13898,1.7420000000000018
13899,1.7420000000000022
13900,1.4310000000000018
13901,1.950000000000002
13902,1.9440000000000024
13903,1.5240000000000022
13904,1.9420000000000013
13905,1.8310000000000022
13906,1.7460000000000016
13907,1.328000000000002
13908,1.7340000000000029
13909,1.6490000000000011
13910,1.4330000000000018
13911,1.3260000000000012
13912,1.5320000000000014
13913,1.7300000000000029
13914,1.7500000000000018
13915,1.5380000000000016
13916,1.4350000000000016
13917,2.039000000000002
13918,2.0530000000000017
13919,1.6370000000000013
13920,1.4290000000000018
13921,1.4310000000000016
13922,2.1380000000000017
13923,1.7380000000000022
13924,1.5240000000000027
13925,1.423000000000002
13926,1.6410000000000016
13927,1.7380000000000018
13928,1.7380000000000015
13929,1.9280000000000022
13930,1.544000000000001
13931,1.930000000000003
13932,1.6470000000000016
13933,1.5280000000000016
13934,1.732000000000002
13935,1.8510000000000022
13936,1.3360000000000016
13937,1.8290000000000026
13938,2.1360000000000023
13939,1.4250000000000023
13940,1.6430000000000013
13941,2.138000000000002
13942,1.3320000000000014
13943,2.043000000000002
13944,1.8430000000000022
13945,1.742000000000001
13946,1.5300000000000014
13947,1.7460000000000016
13948,1.9520000000000024
13949,1.4290000000000018
13950,1.7320000000000026
13951,1.6330000000000024
13952,1.942000000000002
13953,1.9520000000000024
13954,2.0530000000000017
13955,1.3300000000000014
13956,1.532000000000001
13957,1.9480000000000024
13958,1.7440000000000009
13959,1.8410000000000022
13960,1.649000000000002
13961,1.8450000000000015
13962,2.344000000000002
13963,1.835000000000002
13964,2.047000000000002
13965,1.9360000000000017
13966,2.154000000000002
13967,1.6470000000000018
13968,1.851000000000001
13969,1.946000000000002
13970,1.633000000000002
13971,1.5280000000000018
13972,1.4230000000000018
13973,1.2230000000000019
13974,1.9440000000000024
13975,1.8390000000000015
13976,2.346000000000002
13977,1.8410000000000022
13978,1.633000000000002
13979,1.1320000000000008
13980,1.8390000000000026
13981,1.9320000000000022
13982,1.7280000000000024
13983,1.841000000000002
13984,1.4390000000000018
13985,1.5400000000000014
13986,1.9500000000000017
13987,1.635000000000002
13988,1.6350000000000022
13989,1.845000000000002
13990,1.8390000000000026
13991,1.9660000000000017
13992,2.0450000000000017
13993,1.6350000000000018
13994,1.5320000000000025
13995,1.740000000000002
13996,1.841000000000002
13997,2.1340000000000026
13998,2.1560000000000015
13999,1.439000000000002
14000,1.952000000000002
14001,1.6410000000000025
14002,1.8410000000000017
14003,1.6410000000000013
14004,1.9340000000000015
14005,1.4290000000000023
14006,1.6410000000000011
14007,1.635000000000003
14008,1.5380000000000016
14009,1.950000000000002
14010,1.7460000000000013
14011,1.5380000000000018
14012,2.0510000000000024
14013,1.641000000000002
14014,1.5420000000000023
14015,1.7380000000000027
14016,1.7480000000000009
14017,1.849000000000002
14018,1.7320000000000024
14019,1.6310000000000013
14020,1.5400000000000018
14021,1.9340000000000024
14022,1.6490000000000018
14023,1.8390000000000015
14024,1.635000000000002
14025,1.8490000000000024
14026,1.7380000000000022
14027,1.736000000000003
14028,1.6370000000000013
14029,1.5320000000000025
14030,1.6410000000000016
14031,2.0510000000000024
14032,1.8290000000000028
14033,1.7360000000000029
14034,1.6370000000000022
14035,1.841000000000002
14036,2.0430000000000024
14037,1.7260000000000029
14038,1.839000000000002
14039,1.9360000000000026
14040,1.6310000000000016
14041,1.9360000000000026
14042,2.0350000000000024
14043,1.5400000000000014
14044,2.261000000000001
14045,1.7460000000000024
14046,1.6270000000000024
14047,1.5240000000000018
14048,2.049000000000002
14049,1.7380000000000018
14050,1.4250000000000016
14051,1.9400000000000022
14052,2.3440000000000025
14053,1.7440000000000024
14054,1.7420000000000015
14055,1.4330000000000016
14056,2.045000000000002
14057,1.6390000000000016
14058,2.1460000000000017
14059,1.8430000000000017
14060,1.6390000000000022
14061,2.1420000000000017
14062,1.5460000000000025
14063,1.5240000000000022
14064,1.6270000000000018
14065,1.934000000000002
14066,1.734000000000001
14067,1.8510000000000018
14068,1.7460000000000022
14069,1.6330000000000027
14070,1.6270000000000018
14071,1.6330000000000018
14072,1.5340000000000027
14073,1.6330000000000016
14074,1.4450000000000012
14075,1.5440000000000014
14076,1.5280000000000027
14077,1.4330000000000018
14078,1.6430000000000018
14079,1.7440000000000027
14080,1.7380000000000013
14081,1.736000000000002
14082,1.7420000000000022
14083,1.4430000000000018
14084,2.053000000000002
14085,1.849000000000002
14086,1.9420000000000022
14087,1.7420000000000015
14088,1.9440000000000015
14089,1.7300000000000022
14090,1.9520000000000022
14091,2.148000000000003
14092,1.3320000000000014
14093,2.0470000000000024
14094,1.8330000000000017
14095,1.9380000000000017
14096,1.8350000000000022
14097,1.629000000000002
14098,1.8430000000000022
14099,1.7380000000000015
14100,1.847000000000002
14101,1.9420000000000022
14102,2.0330000000000026
14103,1.7460000000000022
14104,1.8390000000000026
14105,1.6290000000000018
14106,1.6330000000000024
14107,1.5440000000000018
14108,1.4290000000000023
14109,1.9400000000000022
14110,1.8370000000000022
14111,1.744000000000002
14112,1.7240000000000018
14113,1.740000000000002
14114,1.7400000000000029
14115,1.6510000000000022
14116,1.4310000000000023
14117,1.946000000000002
14118,1.5300000000000018
14119,1.5380000000000016
14120,1.7380000000000024
14121,1.841000000000002
14122,1.8310000000000024
14123,1.7280000000000022
14124,1.6450000000000014
14125,1.8370000000000022
14126,1.4350000000000016
14127,1.439000000000002
14128,1.6390000000000027
14129,1.9380000000000022
14130,1.7520000000000016
14131,1.8530000000000015
14132,1.542000000000001
14133,1.7380000000000018
14134,1.944000000000002
14135,1.528000000000003
14136,1.8370000000000022
14137,1.641000000000002
14138,1.9380000000000017
14139,1.8430000000000015
14140,1.734000000000002
14141,1.645000000000002
14142,1.8470000000000013
14143,1.6430000000000016
14144,2.0550000000000015
14145,1.7380000000000024
14146,1.623000000000002
14147,1.5340000000000018
14148,1.5280000000000018
14149,1.7480000000000013
14150,1.9420000000000013
14151,1.934000000000002
14152,1.4410000000000018
14153,1.9340000000000026
14154,1.8470000000000022
14155,1.8530000000000009
14156,1.841000000000002
14157,1.8350000000000022
14158,1.528000000000002
14159,1.942000000000002
14160,1.849000000000002
14161,2.0530000000000026
14162,1.8330000000000024
14163,1.439000000000002
14164,1.6350000000000013
14165,1.9320000000000028
14166,1.9420000000000024
14167,1.9580000000000015
14168,1.4430000000000016
14169,1.6350000000000025
14170,2.0390000000000024
14171,1.338000000000002
14172,1.849000000000002
14173,1.7420000000000015
14174,1.530000000000002
14175,1.8410000000000029
14176,1.7380000000000013
14177,1.837000000000002
14178,1.5400000000000018
14179,1.6330000000000018
14180,1.9400000000000022
14181,1.9420000000000022
14182,1.8510000000000018
14183,2.0410000000000017
14184,1.9520000000000024
14185,1.851000000000002
14186,1.6410000000000011
14187,1.4250000000000023
14188,1.6410000000000016
14189,1.536000000000002
14190,1.7360000000000024
14191,1.9360000000000022
14192,1.8370000000000022
14193,1.8410000000000022
14194,1.8430000000000015
14195,1.6370000000000016
14196,1.8490000000000018
14197,1.950000000000001
14198,2.1460000000000017
14199,1.6390000000000016
14200,1.5360000000000016
14201,1.9440000000000015
14202,1.8390000000000026
14203,1.5300000000000018
14204,1.6450000000000018
14205,1.6410000000000025
14206,1.845000000000002
14207,1.6350000000000018
14208,1.5300000000000011
14209,1.429000000000002
14210,1.5380000000000018
14211,2.039000000000002
14212,1.8410000000000024
14213,1.631000000000002
14214,2.130000000000002
14215,2.144000000000002
14216,1.744000000000002
14217,2.1440000000000015
14218,2.1380000000000026
14219,1.7480000000000013
14220,1.7320000000000024
14221,1.9380000000000024
14222,1.6470000000000011
14223,1.639000000000002
14224,1.5320000000000022
14225,1.8310000000000024
14226,1.7280000000000026
14227,2.150000000000002
14228,2.039000000000003
14229,1.4250000000000016
14230,1.6290000000000027
14231,1.934000000000002
14232,2.0450000000000017
14233,1.7500000000000022
14234,1.8450000000000022
14235,1.538000000000002
14236,1.7400000000000018
14237,1.9260000000000022
14238,1.6510000000000011
14239,1.4310000000000025
14240,1.7340000000000029
14241,1.8450000000000015
14242,1.9480000000000026
14243,1.6470000000000014
14244,1.9340000000000024
14245,2.156000000000002
14246,1.4390000000000014
14247,1.8330000000000026
14248,1.7420000000000018
14249,2.0370000000000026
14250,1.829000000000002
14251,1.8430000000000017
14252,2.140000000000002
14253,1.9320000000000022
14254,1.6370000000000022
14255,1.4510000000000014
14256,1.8430000000000022
14257,1.847000000000002
14258,1.633000000000002
14259,1.7540000000000011
14260,1.9340000000000015
14261,1.4290000000000014
14262,1.6370000000000025
14263,1.8450000000000015
14264,1.8370000000000022
14265,1.536000000000002
14266,1.9560000000000013
14267,1.7420000000000018
14268,1.5340000000000016
14269,1.9380000000000015
14270,2.0490000000000013
14271,1.8410000000000022
14272,1.5380000000000016
14273,1.942000000000002
14274,1.944000000000002
14275,1.839000000000002
14276,1.9480000000000013
14277,1.6290000000000018
14278,2.0550000000000015
14279,1.625000000000003
14280,1.4310000000000016
14281,1.3320000000000014
14282,1.847000000000002
14283,1.754000000000002
14284,1.8550000000000018
14285,1.9520000000000013
14286,1.641000000000002
14287,1.3360000000000014
14288,1.6350000000000025
14289,1.6370000000000016
14290,1.6270000000000027
14291,2.051000000000002
14292,1.8470000000000006
14293,1.7440000000000018
14294,1.5400000000000023
14295,1.849000000000002
14296,2.2670000000000012
14297,1.7380000000000024
14298,1.6330000000000033
14299,1.9540000000000013
14300,1.8430000000000024
14301,1.7340000000000018
14302,1.5360000000000025
14303,1.9440000000000024
14304,1.6330000000000018
14305,1.635000000000002
14306,2.0370000000000017
14307,1.9360000000000028
14308,1.7340000000000018
14309,1.8350000000000029
14310,1.6430000000000025
14311,1.944000000000002
14312,2.146000000000002
14313,1.8270000000000024
14314,1.849000000000002
14315,1.7340000000000027
14316,1.7340000000000027
14317,1.639000000000002
14318,1.7440000000000018
14319,1.528000000000002
14320,1.5320000000000027
14321,2.045000000000002
14322,1.7360000000000022
14323,1.540000000000002
14324,1.8510000000000013
14325,2.043000000000002
14326,1.7380000000000015
14327,1.6510000000000016
14328,1.6410000000000011
14329,1.734000000000002
14330,1.7360000000000024
14331,1.829000000000002
14332,1.6290000000000016
14333,1.3480000000000012
14334,1.7420000000000024
14335,1.6370000000000018
14336,1.847000000000001
14337,2.049000000000002
14338,1.5440000000000018
14339,1.6390000000000016
14340,1.8350000000000017
14341,2.0430000000000024
14342,2.0310000000000015
14343,1.9460000000000022
14344,1.433000000000002
14345,1.3340000000000012
14346,1.8390000000000015
14347,1.5480000000000012
14348,1.8330000000000024
14349,2.152000000000002
14350,1.8490000000000024
14351,1.837000000000002
14352,1.6330000000000016
14353,1.8430000000000009
14354,1.635000000000002
14355,1.3240000000000025
14356,2.146000000000003
14357,1.7340000000000027
14358,1.6370000000000018
14359,1.8350000000000015
14360,1.7380000000000024
14361,1.4290000000000023
14362,1.423000000000003
14363,1.633000000000002
14364,1.8330000000000024
14365,1.4250000000000023
14366,1.5340000000000027
14367,1.734000000000002
14368,2.142000000000002
14369,1.633000000000002
14370,1.7420000000000022
14371,1.5320000000000022
14372,1.8450000000000015
14373,1.946000000000002
14374,1.9420000000000024
14375,1.9360000000000022
14376,1.9580000000000015
14377,1.9400000000000026
14378,1.9340000000000026
14379,1.7380000000000024
14380,1.4410000000000018
14381,1.7380000000000018
14382,1.835000000000002
14383,1.9400000000000015
14384,1.7420000000000015
14385,1.6490000000000007
14386,1.750000000000001
14387,1.760000000000001
14388,2.0550000000000015
14389,1.835000000000002
14390,2.0350000000000024
14391,1.8330000000000015
14392,1.9360000000000022
14393,2.047000000000002
14394,1.5340000000000016
14395,1.732000000000003
14396,2.140000000000002
14397,1.633000000000002
14398,1.7340000000000024
14399,1.4370000000000014
14400,1.5320000000000027
14401,1.9600000000000006
14402,1.5460000000000025
14403,1.730000000000002
14404,1.6270000000000024
14405,1.4310000000000012
14406,1.7380000000000024
14407,1.730000000000002
14408,1.9460000000000024
14409,1.7440000000000018
14410,1.9380000000000024
14411,1.9500000000000022
14412,1.8350000000000017
14413,2.035000000000002
14414,1.8390000000000015
14415,1.4310000000000014
14416,2.0470000000000024
14417,1.740000000000002
14418,1.9480000000000017
14419,2.2710000000000012
14420,1.8290000000000024
14421,1.5360000000000025
14422,1.942000000000002
14423,1.7340000000000024
14424,1.540000000000002
14425,1.7420000000000022
14426,1.7400000000000018
14427,1.7420000000000018
14428,1.5280000000000018
14429,1.946000000000002
14430,2.1560000000000015
14431,1.6410000000000013
14432,1.936000000000002
14433,1.3340000000000014
14434,1.6350000000000031
14435,1.6410000000000022
14436,1.736000000000002
14437,2.0430000000000024
14438,1.7260000000000022
14439,1.4210000000000025
14440,1.5240000000000018
14441,1.8530000000000022
14442,1.9520000000000022
14443,1.5340000000000003
14444,2.2610000000000015
14445,1.5400000000000014
14446,1.639000000000002
14447,1.5340000000000016
14448,1.5320000000000016
14449,1.6410000000000025
14450,2.049000000000002
14451,1.6350000000000022
14452,1.7380000000000018
14453,1.534000000000002
14454,1.5380000000000025
14455,2.0570000000000017
14456,2.2430000000000025
14457,1.4310000000000025
14458,1.9380000000000017
14459,1.8390000000000017
14460,1.4310000000000012
14461,1.5300000000000022
14462,1.5280000000000016
14463,1.6330000000000024
14464,1.5340000000000016
14465,1.9400000000000022
14466,1.9380000000000022
14467,1.8350000000000017
14468,1.6370000000000025
14469,1.4250000000000023
14470,1.839000000000002
14471,1.4270000000000014
14472,1.9580000000000017
14473,1.746000000000002
14474,1.4590000000000014
14475,1.8430000000000022
14476,1.8410000000000022
14477,1.9460000000000022
14478,1.3340000000000019
14479,1.6490000000000018
14480,1.8350000000000022
14481,1.7400000000000018
14482,1.8350000000000022
14483,1.9540000000000017
14484,1.3420000000000007
14485,1.8310000000000022
14486,1.530000000000003
14487,1.8330000000000026
14488,1.8410000000000022
14489,1.8490000000000015
14490,2.134000000000002
14491,2.340000000000002
14492,1.9400000000000026
14493,1.4370000000000018
14494,1.9480000000000015
14495,2.0510000000000024
14496,1.9320000000000028
14497,1.9480000000000015
14498,1.5320000000000018
14499,1.7360000000000022
14500,1.8410000000000022
14501,1.6510000000000016
14502,1.6330000000000018
14503,1.7400000000000027
14504,1.9440000000000015
14505,1.7480000000000016
14506,1.8370000000000024
14507,1.5320000000000018
14508,1.7380000000000015
14509,1.6370000000000022
14510,1.8290000000000028
14511,1.7320000000000022
14512,1.736000000000002
14513,1.334000000000002
14514,1.635000000000002
14515,1.7420000000000022
14516,1.8370000000000026
14517,1.7360000000000015
14518,1.7440000000000015
14519,1.437000000000002
14520,1.740000000000002
14521,1.6490000000000011
14522,1.649000000000001
14523,1.6290000000000018
14524,1.8350000000000022
14525,1.7380000000000018
14526,1.8390000000000026
14527,1.9460000000000022
14528,1.9360000000000022
14529,1.4350000000000025
14530,1.839000000000002
14531,1.7260000000000022
14532,1.9400000000000022
14533,1.8450000000000015
14534,1.7360000000000022
14535,1.6570000000000022
14536,1.6370000000000025
14537,1.6330000000000024
14538,1.6370000000000018
14539,1.9660000000000009
14540,1.6390000000000027
14541,2.041000000000002
14542,1.8350000000000022
14543,1.8410000000000017
14544,1.5360000000000023
14545,1.7320000000000022
14546,1.740000000000002
14547,1.6410000000000016
14548,1.8510000000000022
14549,2.047000000000002
14550,1.946000000000002
14551,1.6350000000000025
14552,1.8430000000000024
14553,1.9400000000000026
14554,1.4290000000000014
14555,1.8330000000000017
14556,2.0510000000000015
14557,1.9560000000000013
14558,1.845000000000001
14559,1.5380000000000011
14560,1.9340000000000026
14561,1.5300000000000022
14562,1.6450000000000014
14563,2.0450000000000017
14564,1.7340000000000029
14565,1.7460000000000016
14566,1.6290000000000027
14567,1.9420000000000015
14568,2.148000000000002
14569,1.6330000000000027
14570,1.9480000000000024
14571,1.5340000000000011
14572,1.4350000000000023
14573,1.7280000000000026
14574,1.6290000000000022
14575,1.7340000000000024
14576,1.5280000000000027
14577,1.7360000000000022
14578,1.9380000000000017
14579,1.940000000000002
14580,1.6290000000000016
14581,1.530000000000002
14582,1.9360000000000022
14583,1.734000000000002
14584,2.053000000000002
14585,2.144000000000003
14586,2.043000000000002
14587,1.8370000000000022
14588,1.845000000000001
14589,1.433000000000002
14590,1.7360000000000022
14591,2.150000000000002
14592,1.8390000000000017
14593,2.1540000000000017
14594,1.5360000000000025
14595,1.6330000000000018
14596,1.847000000000002
14597,1.639000000000003
14598,1.6310000000000024
14599,1.8430000000000022
14600,1.9580000000000015
14601,1.859000000000001
14602,1.9320000000000022
14603,1.9380000000000022
14604,2.039000000000002
14605,1.9520000000000013
14606,1.5240000000000027
14607,2.156000000000002
14608,1.5300000000000014
14609,1.6370000000000025
14610,1.6290000000000022
14611,1.8390000000000017
14612,1.7420000000000022
14613,2.041000000000002
14614,1.744000000000002
14615,2.0570000000000013
14616,1.639000000000002
14617,1.7440000000000018
14618,1.643000000000002
14619,2.449000000000002
14620,1.6490000000000018
14621,1.9480000000000024
14622,1.9420000000000015
14623,1.6590000000000011
14624,1.942000000000002
14625,1.6290000000000022
14626,1.851000000000002
14627,1.7360000000000024
14628,2.1500000000000026
14629,1.7340000000000024
14630,1.8270000000000024
14631,2.150000000000002
14632,1.6510000000000011
14633,1.534000000000002
14634,1.9300000000000028
14635,1.3360000000000019
14636,2.1500000000000026
14637,1.334000000000002
14638,1.5420000000000023
14639,1.6350000000000022
14640,1.9380000000000022
14641,1.8350000000000022
14642,1.839000000000002
14643,2.134000000000002
14644,1.435000000000002
14645,1.9400000000000022
14646,1.5340000000000027
14647,1.9380000000000022
14648,2.043000000000002
14649,1.746000000000001
14650,1.9300000000000024
14651,1.4390000000000018
14652,1.4270000000000007
14653,1.5380000000000016
14654,1.528000000000002
14655,1.5460000000000012
14656,1.9460000000000022
14657,1.4430000000000018
14658,1.5240000000000027
14659,1.8390000000000015
14660,2.2390000000000025
14661,1.6330000000000016
14662,1.8490000000000024
14663,1.8350000000000026
14664,1.5300000000000014
14665,2.1380000000000026
14666,1.633000000000002
14667,1.8550000000000013
14668,2.0510000000000015
14669,1.4370000000000018
14670,1.4450000000000012
14671,1.758000000000002
14672,1.7300000000000022
14673,1.8390000000000015
14674,1.6290000000000022
14675,1.8330000000000024
14676,1.6470000000000018
14677,1.740000000000002
14678,1.639000000000002
14679,1.8310000000000024
14680,1.8470000000000022
14681,2.045000000000002
14682,1.4270000000000016
14683,1.8250000000000022
14684,1.7480000000000016
14685,1.7360000000000015
14686,1.8490000000000018
14687,1.8450000000000017
14688,1.8330000000000022
14689,1.837000000000002
14690,1.7340000000000018
14691,1.7500000000000018
14692,2.142000000000002
14693,1.8390000000000024
14694,1.5440000000000018
14695,1.7420000000000022
14696,1.8430000000000015
14697,1.9520000000000015
14698,1.8470000000000015
14699,2.037000000000002
14700,1.8510000000000018
14701,1.855000000000001
14702,1.9380000000000035
14703,1.7420000000000024
14704,1.9480000000000024
14705,1.5400000000000014
14706,1.7360000000000022
14707,1.748000000000002
14708,1.5340000000000011
14709,1.9340000000000024
14710,1.845000000000002
14711,1.8510000000000018
14712,1.8450000000000017
14713,1.9480000000000022
14714,1.8390000000000024
14715,1.7280000000000018
14716,1.9440000000000015
14717,1.6370000000000022
14718,1.9420000000000028
14719,1.9480000000000022
14720,1.8490000000000024
14721,1.7440000000000018
14722,1.9400000000000022
14723,1.8330000000000026
14724,1.851000000000001
14725,1.5320000000000025
14726,1.6470000000000022
14727,1.5420000000000027
14728,1.9460000000000024
14729,1.6430000000000018
14730,1.6390000000000016
14731,1.8410000000000022
14732,1.8490000000000024
14733,1.5340000000000027
14734,1.423000000000002
14735,2.053000000000002
14736,1.7420000000000022
14737,1.8310000000000022
14738,1.950000000000002
14739,1.8390000000000017
14740,1.544000000000001
14741,1.6330000000000027
14742,1.4410000000000007
14743,1.946000000000001
14744,1.7420000000000027
14745,1.845000000000002
14746,1.8450000000000015
14747,1.5400000000000018
14748,1.7360000000000015
14749,1.7400000000000029
14750,1.7360000000000015
14751,1.6510000000000022
14752,1.8350000000000017
14753,1.756000000000002
14754,1.8370000000000026
14755,2.0490000000000017
14756,2.0470000000000024
14757,1.6250000000000013
14758,1.540000000000002
14759,1.6430000000000016
14760,1.5360000000000014
14761,1.6310000000000024
14762,1.5260000000000025
14763,1.7420000000000013
14764,1.730000000000003
14765,1.8350000000000022
14766,1.9340000000000026
14767,1.8510000000000013
14768,1.5360000000000023
14769,1.8450000000000017
14770,1.942000000000002
14771,1.8470000000000013
14772,1.7480000000000016
14773,1.435000000000002
14774,1.9360000000000022
14775,1.6490000000000011
14776,2.0510000000000015
14777,1.7400000000000027
14778,1.7420000000000018
14779,1.8390000000000013
14780,2.0570000000000013
14781,1.8490000000000015
14782,1.847000000000002
14783,1.9460000000000017
14784,1.9540000000000008
14785,2.1500000000000017
14786,1.6450000000000018
14787,1.7260000000000024
14788,1.7360000000000024
14789,1.7500000000000027
14790,1.7240000000000026
14791,1.9320000000000028
14792,2.049000000000002
14793,2.2510000000000017
14794,2.1520000000000015
14795,1.8490000000000024
14796,1.736000000000002
14797,1.9480000000000013
14798,1.8290000000000028
14799,1.1200000000000019
14800,1.9400000000000026
14801,1.7420000000000015
14802,1.7340000000000024
14803,1.6450000000000011
14804,1.435000000000002
14805,1.7480000000000018
14806,1.629000000000002
14807,1.7440000000000015
14808,1.9360000000000028
14809,1.7380000000000013
14810,1.433000000000002
14811,2.3600000000000017
14812,2.039000000000002
14813,1.643000000000002
14814,1.6550000000000018
14815,1.8390000000000026
14816,1.6310000000000024
14817,1.7400000000000022
14818,1.9520000000000015
14819,2.053000000000001
14820,1.8550000000000013
14821,1.8490000000000018
14822,1.6410000000000025
14823,1.9320000000000022
14824,1.732000000000002
14825,1.6410000000000022
14826,1.7480000000000016
14827,1.9400000000000022
14828,1.4350000000000014
14829,1.8410000000000022
14830,1.5340000000000018
14831,1.7400000000000027
14832,1.4410000000000027
14833,1.7260000000000029
14834,1.8370000000000022
14835,1.5400000000000025
14836,1.5340000000000011
14837,1.736000000000002
14838,2.0330000000000026
14839,1.6370000000000018
14840,1.6470000000000016
14841,1.946000000000002
14842,1.6370000000000018
14843,1.7380000000000024
14844,1.5280000000000014
14845,1.7460000000000016
14846,1.8490000000000015
14847,1.7300000000000026
14848,2.0510000000000015
14849,2.059000000000001
14850,1.6370000000000022
14851,1.9460000000000022
14852,1.4330000000000016
14853,2.154000000000002
14854,1.7440000000000015
14855,1.7440000000000024
14856,2.0390000000000024
14857,1.4310000000000025
14858,2.043000000000002
14859,2.261000000000001
14860,1.7320000000000024
14861,1.9580000000000015
14862,1.6310000000000022
14863,1.6370000000000013
14864,1.4290000000000018
14865,2.0550000000000015
14866,1.631000000000003
14867,1.7380000000000018
14868,2.1560000000000015
14869,1.7420000000000022
14870,1.524000000000002
14871,1.847000000000002
14872,1.6490000000000016
14873,1.5280000000000018
14874,1.8430000000000017
14875,1.6350000000000013
14876,1.9360000000000013
14877,1.6370000000000016
14878,1.839000000000002
14879,1.9420000000000015
14880,1.7460000000000022
14881,1.5480000000000012
14882,1.7360000000000022
14883,1.7280000000000024
14884,1.6550000000000018
14885,1.5360000000000014
14886,1.5460000000000007
14887,1.7360000000000024
14888,1.8550000000000018
14889,1.9340000000000028
14890,2.0510000000000015
14891,1.2350000000000008
14892,1.8510000000000013
14893,1.5320000000000016
14894,1.7420000000000018
14895,1.837000000000002
14896,1.635000000000002
14897,2.043000000000002
14898,2.035000000000002
14899,1.8310000000000024
14900,1.7440000000000015
14901,2.033000000000002
14902,1.748000000000002
14903,1.851000000000002
14904,1.7420000000000013
14905,1.5420000000000016
14906,2.0370000000000017
14907,1.7360000000000024
14908,1.9520000000000015
14909,1.9320000000000024
14910,1.7300000000000022
14911,1.940000000000002
14912,1.6350000000000022
14913,2.039000000000002
14914,1.6450000000000018
14915,1.2310000000000014
14916,1.837000000000002
14917,2.049000000000002
14918,1.8430000000000022
14919,1.6430000000000018
14920,1.8410000000000017
14921,1.7380000000000022
14922,1.9560000000000017
14923,1.8510000000000013
14924,1.8430000000000017
14925,1.6470000000000011
14926,1.8430000000000024
14927,2.043000000000002
14928,1.9500000000000017
14929,1.8390000000000017
14930,1.835000000000002
14931,1.740000000000002
14932,1.9360000000000022
14933,1.4330000000000012
14934,1.9440000000000017
14935,1.6250000000000027
14936,1.8370000000000015
14937,1.7520000000000022
14938,1.6370000000000022
14939,1.6490000000000011
14940,2.2330000000000023
14941,1.746000000000002
14942,1.5280000000000018
14943,1.9680000000000009
14944,1.6410000000000013
14945,1.9400000000000022
14946,1.837000000000002
14947,1.4250000000000016
14948,1.732000000000002
14949,1.9520000000000022
14950,1.7440000000000018
14951,1.3260000000000016
14952,1.944000000000002
14953,1.2250000000000023
14954,1.7520000000000011
14955,1.4330000000000016
14956,2.144000000000002
14957,1.9360000000000028
14958,1.9480000000000022
14959,1.6410000000000016
14960,1.7400000000000018
14961,1.730000000000002
14962,1.8450000000000017
14963,1.8430000000000015
14964,1.8430000000000026
14965,1.7360000000000022
14966,1.839000000000002
14967,2.0550000000000015
14968,1.847000000000002
14969,1.9380000000000026
14970,1.8370000000000022
14971,1.1300000000000012
14972,1.4370000000000014
14973,1.6470000000000025
14974,1.9460000000000017
14975,1.9480000000000017
14976,1.7360000000000015
14977,1.8430000000000017
14978,1.5260000000000025
14979,1.9380000000000024
14980,1.4330000000000018
14981,1.540000000000001
14982,2.041000000000002
14983,1.940000000000002
14984,1.8430000000000015
14985,1.7440000000000007
14986,1.550000000000001
14987,1.7400000000000018
14988,1.8510000000000029
14989,1.8530000000000015
14990,2.1480000000000015
14991,1.5480000000000012
14992,1.4310000000000023
14993,1.6290000000000016
14994,1.8350000000000029
14995,1.9340000000000015
14996,1.7520000000000016
14997,1.5380000000000018
14998,1.6390000000000018
14999,1.8390000000000017
15000,1.4270000000000018
