Episode,AgentStandard-5
1,-0.09999999999999981
2,0.11400000000000014
3,-0.09999999999999981
4,-0.09999999999999981
5,-0.09999999999999981
6,-0.09999999999999981
7,0.001000000000000028
8,0.003000000000000046
9,-0.09999999999999981
10,-0.09999999999999981
11,0.10400000000000027
12,0.0010000000000000813
13,-0.09599999999999982
14,0.001000000000000028
15,-0.09799999999999981
16,0.001000000000000028
17,0.0030000000000000547
18,0.0010000000000000813
19,-0.09399999999999982
20,0.21300000000000005
21,0.3239999999999992
22,0.11000000000000028
23,0.3079999999999993
24,-0.09999999999999981
25,-0.09999999999999981
26,-0.09799999999999981
27,0.011000000000000098
28,0.10400000000000018
29,0.0010000000000001882
30,0.21099999999999988
31,0.005000000000000139
32,0.21899999999999933
33,0.10400000000000008
34,0.10800000000000018
35,0.11800000000000013
36,0.009000000000000133
37,0.4170000000000001
38,0.215
39,0.10400000000000018
40,0.11200000000000021
41,0.11200000000000006
42,0.21499999999999983
43,0.3239999999999993
44,0.22099999999999967
45,0.01700000000000006
46,0.3219999999999994
47,0.31799999999999917
48,0.4189999999999992
49,0.4149999999999991
50,0.21300000000000008
51,0.42699999999999916
52,0.20899999999999888
53,0.9360000000000008
54,0.31399999999999983
55,0.2049999999999992
56,0.10600000000000018
57,-0.08999999999999984
58,0.4249999999999995
59,0.3179999999999993
60,0.33799999999999997
61,0.33199999999999924
62,0.2149999999999997
63,0.3180000000000001
64,0.7360000000000002
65,0.9320000000000007
66,0.31999999999999973
67,0.007000000000000098
68,0.11799999999999967
69,0.20499999999999907
70,0.9300000000000014
71,0.5259999999999994
72,0.9480000000000018
73,0.4229999999999993
74,0.31799999999999995
75,1.0290000000000012
76,0.5339999999999991
77,0.6329999999999996
78,0.32799999999999957
79,0.21899999999999956
80,0.6270000000000007
81,0.5319999999999997
82,0.8510000000000013
83,0.527999999999999
84,0.4269999999999993
85,1.0450000000000008
86,1.3540000000000014
87,0.517999999999999
88,0.5259999999999994
89,0.5259999999999991
90,0.7380000000000001
91,0.8510000000000016
92,0.8309999999999995
93,0.9380000000000004
94,0.4189999999999989
95,0.7420000000000015
96,0.6410000000000003
97,1.3620000000000017
98,0.9300000000000028
99,0.4349999999999994
100,0.8350000000000014
101,0.7359999999999998
102,1.2470000000000028
103,0.6409999999999997
104,0.11000000000000013
105,0.9420000000000011
106,1.8690000000000009
107,0.8410000000000015
108,1.249000000000001
109,0.5260000000000001
110,0.30999999999999894
111,0.431
112,1.2570000000000023
113,0.9400000000000016
114,0.9360000000000016
115,0.517999999999999
116,1.1640000000000008
117,1.0350000000000021
118,0.10200000000000015
119,1.0550000000000002
120,0.313999999999999
121,1.142000000000002
122,1.3460000000000019
123,1.4690000000000003
124,0.5299999999999992
125,0.21099999999999888
126,1.5760000000000007
127,1.3500000000000012
128,0.7340000000000024
129,1.2430000000000012
130,1.3600000000000014
131,1.0450000000000015
132,1.0490000000000015
133,1.2610000000000021
134,0.319999999999999
135,1.5700000000000005
136,0.9340000000000012
137,0.627
138,0.5259999999999991
139,-0.09999999999999981
140,-0.09999999999999981
141,-0.09999999999999981
142,-0.09999999999999981
143,-0.09999999999999981
144,-0.09999999999999981
145,-0.09999999999999981
146,-0.09999999999999981
147,-0.09999999999999981
148,-0.09999999999999981
149,-0.09999999999999981
150,-0.09999999999999981
151,-0.09999999999999981
152,-0.09999999999999981
153,-0.09999999999999981
154,-0.09999999999999981
155,-0.09999999999999981
156,-0.09999999999999981
157,-0.09999999999999981
158,-0.09999999999999981
159,-0.09999999999999981
160,-0.09999999999999981
161,-0.09999999999999981
162,-0.09999999999999981
163,-0.09999999999999981
164,-0.09999999999999981
165,-0.09999999999999981
166,-0.09999999999999981
167,-0.09999999999999981
168,-0.09999999999999981
169,-0.09999999999999981
170,-0.09999999999999981
171,-0.09999999999999981
172,-0.09999999999999981
173,-0.09999999999999981
174,-0.09999999999999981
175,-0.09999999999999981
176,-0.09999999999999981
177,-0.09999999999999981
178,-0.09999999999999981
179,-0.09999999999999981
180,-0.09999999999999981
181,-0.09999999999999981
182,-0.09999999999999981
183,-0.09999999999999981
184,-0.09999999999999981
185,-0.09999999999999981
186,-0.09999999999999981
187,-0.09999999999999981
188,-0.09999999999999981
189,-0.09999999999999981
190,-0.09999999999999981
191,-0.09999999999999981
192,-0.09999999999999981
193,-0.09999999999999981
194,-0.09999999999999981
195,-0.09999999999999981
196,-0.09999999999999981
197,-0.09999999999999981
198,-0.09999999999999981
199,-0.09999999999999981
200,-0.09999999999999981
201,-0.09999999999999981
202,-0.09999999999999981
203,-0.09999999999999981
204,-0.09999999999999981
205,-0.09999999999999981
206,-0.09999999999999981
207,-0.09999999999999981
208,-0.09999999999999981
209,-0.09999999999999981
210,-0.09999999999999981
211,-0.09999999999999981
212,-0.09999999999999981
213,-0.09999999999999981
214,-0.09999999999999981
215,-0.09999999999999981
216,-0.09999999999999981
217,-0.09999999999999981
218,-0.09999999999999981
219,-0.09999999999999981
220,-0.09999999999999981
221,-0.09999999999999981
222,-0.09999999999999981
223,-0.09999999999999981
224,-0.09999999999999981
225,-0.09999999999999981
226,-0.09999999999999981
227,-0.09999999999999981
228,-0.09999999999999981
229,-0.09999999999999981
230,-0.09999999999999981
231,-0.09999999999999981
232,-0.09999999999999981
233,-0.09999999999999981
234,-0.09999999999999981
235,-0.09999999999999981
236,-0.09999999999999981
237,-0.09999999999999981
238,-0.09999999999999981
239,-0.09999999999999981
240,-0.09999999999999981
241,-0.09999999999999981
242,-0.09999999999999981
243,-0.09999999999999981
244,-0.09999999999999981
245,-0.09999999999999981
246,-0.09999999999999981
247,-0.09999999999999981
248,-0.09999999999999981
249,-0.09999999999999981
250,-0.09999999999999981
251,-0.09999999999999981
252,-0.09999999999999981
253,-0.09999999999999981
254,-0.09999999999999981
255,-0.09999999999999981
256,-0.09999999999999981
257,-0.09999999999999981
258,-0.09999999999999981
259,-0.09999999999999981
260,-0.09999999999999981
261,-0.09999999999999981
262,-0.09999999999999981
263,-0.09999999999999981
264,-0.09999999999999981
265,-0.09999999999999981
266,-0.09999999999999981
267,-0.09999999999999981
268,-0.09999999999999981
269,-0.09999999999999981
270,-0.09999999999999981
271,-0.09999999999999981
272,-0.09999999999999981
273,-0.09999999999999981
274,-0.09999999999999981
275,-0.09999999999999981
276,-0.09999999999999981
277,-0.09999999999999981
278,-0.09999999999999981
279,-0.09999999999999981
280,-0.09999999999999981
281,-0.09999999999999981
282,-0.09999999999999981
283,-0.09999999999999981
284,-0.09999999999999981
285,-0.09999999999999981
286,-0.09999999999999981
287,-0.09999999999999981
288,-0.09999999999999981
289,-0.09999999999999981
290,-0.09999999999999981
291,-0.09999999999999981
292,-0.09999999999999981
293,-0.09999999999999981
294,-0.09999999999999981
295,-0.09999999999999981
296,-0.09999999999999981
297,-0.09999999999999981
298,-0.09999999999999981
299,-0.09999999999999981
300,-0.09999999999999981
301,-0.09999999999999981
302,-0.09999999999999981
303,-0.09999999999999981
304,-0.09999999999999981
305,-0.09999999999999981
306,-0.09999999999999981
307,-0.09999999999999981
308,-0.09999999999999981
309,-0.09999999999999981
310,-0.09999999999999981
311,-0.09999999999999981
312,-0.09999999999999981
313,-0.09999999999999981
314,-0.09999999999999981
315,-0.09999999999999981
316,-0.09999999999999981
317,-0.09999999999999981
318,-0.09999999999999981
319,-0.09999999999999981
320,-0.09999999999999981
321,-0.09999999999999981
322,-0.09999999999999981
323,-0.09999999999999981
324,-0.09999999999999981
325,-0.09999999999999981
326,-0.09999999999999981
327,-0.09999999999999981
328,-0.09999999999999981
329,-0.09999999999999981
330,-0.09999999999999981
331,-0.09999999999999981
332,-0.09999999999999981
333,-0.09999999999999981
334,-0.09999999999999981
335,-0.09999999999999981
336,-0.09999999999999981
337,-0.09999999999999981
338,-0.09999999999999981
339,-0.09999999999999981
340,-0.09999999999999981
341,-0.09999999999999981
342,-0.09999999999999981
343,-0.09999999999999981
344,-0.09999999999999981
345,-0.09999999999999981
346,-0.09999999999999981
347,-0.09999999999999981
348,-0.09999999999999981
349,-0.09999999999999981
350,-0.09999999999999981
351,-0.09999999999999981
352,-0.09999999999999981
353,-0.09999999999999981
354,-0.09999999999999981
355,-0.09999999999999981
356,-0.09999999999999981
357,-0.09999999999999981
358,-0.09999999999999981
359,-0.09999999999999981
360,-0.09999999999999981
361,-0.09999999999999981
362,-0.09999999999999981
363,-0.09999999999999981
364,-0.09999999999999981
365,-0.09999999999999981
366,-0.09999999999999981
367,-0.09999999999999981
368,-0.09999999999999981
369,-0.09999999999999981
370,-0.09999999999999981
371,-0.09999999999999981
372,-0.09999999999999981
373,-0.09999999999999981
374,-0.09999999999999981
375,-0.09999999999999981
376,-0.09999999999999981
377,-0.09999999999999981
378,-0.09999999999999981
379,-0.09999999999999981
380,-0.09999999999999981
381,-0.09999999999999981
382,-0.09999999999999981
383,-0.09999999999999981
384,-0.09999999999999981
385,-0.09999999999999981
386,-0.09999999999999981
387,-0.09999999999999981
388,-0.09999999999999981
389,-0.09999999999999981
390,-0.09999999999999981
391,-0.09999999999999981
392,-0.09999999999999981
393,-0.09999999999999981
394,-0.09999999999999981
395,-0.09999999999999981
396,-0.09999999999999981
397,-0.09999999999999981
398,-0.09999999999999981
399,-0.09999999999999981
400,-0.09999999999999981
401,-0.09999999999999981
402,-0.09999999999999981
403,-0.09999999999999981
404,-0.09999999999999981
405,-0.09999999999999981
406,-0.09999999999999981
407,-0.09999999999999981
408,-0.09999999999999981
409,-0.09999999999999981
410,-0.09999999999999981
411,-0.09999999999999981
412,-0.09999999999999981
413,-0.09999999999999981
414,-0.09999999999999981
415,-0.09999999999999981
416,-0.09999999999999981
417,-0.09999999999999981
418,-0.09999999999999981
419,-0.09999999999999981
420,-0.09999999999999981
421,-0.09999999999999981
422,-0.09999999999999981
423,-0.09999999999999981
424,-0.09999999999999981
425,-0.09999999999999981
426,-0.09999999999999981
427,-0.09999999999999981
428,-0.09999999999999981
429,-0.09999999999999981
430,-0.09999999999999981
431,-0.09999999999999981
432,-0.09999999999999981
433,-0.09999999999999981
434,-0.09999999999999981
435,-0.09999999999999981
436,-0.09999999999999981
437,-0.09999999999999981
438,-0.09999999999999981
439,-0.09999999999999981
440,-0.09999999999999981
441,-0.09999999999999981
442,-0.09999999999999981
443,-0.09999999999999981
444,-0.09999999999999981
445,-0.09999999999999981
446,-0.09999999999999981
447,-0.09999999999999981
448,-0.09999999999999981
449,-0.09999999999999981
450,-0.09999999999999981
451,-0.09999999999999981
452,-0.09999999999999981
453,-0.09999999999999981
454,-0.09999999999999981
455,-0.09999999999999981
456,-0.09999999999999981
457,-0.09999999999999981
458,-0.09999999999999981
459,-0.09999999999999981
460,-0.09999999999999981
461,-0.09999999999999981
462,-0.09999999999999981
463,-0.09999999999999981
464,-0.09999999999999981
465,-0.09999999999999981
466,-0.09999999999999981
467,-0.09999999999999981
468,-0.09999999999999981
469,-0.09999999999999981
470,-0.09999999999999981
471,-0.09999999999999981
472,-0.09999999999999981
473,-0.09999999999999981
474,-0.09999999999999981
475,-0.09999999999999981
476,-0.09999999999999981
477,-0.09999999999999981
478,-0.09999999999999981
479,-0.09999999999999981
480,-0.09999999999999981
481,-0.09999999999999981
482,-0.09999999999999981
483,-0.09999999999999981
484,-0.09999999999999981
485,-0.09999999999999981
486,-0.09999999999999981
487,-0.09999999999999981
488,-0.09999999999999981
489,-0.09999999999999981
490,-0.09999999999999981
491,-0.09999999999999981
492,-0.09999999999999981
493,-0.09999999999999981
494,-0.09999999999999981
495,-0.09999999999999981
496,-0.09999999999999981
497,-0.09999999999999981
498,-0.09999999999999981
499,-0.09999999999999981
500,-0.09999999999999981
501,-0.09999999999999981
502,-0.09999999999999981
503,-0.09999999999999981
504,-0.09999999999999981
505,-0.09999999999999981
506,-0.09999999999999981
507,-0.09999999999999981
508,-0.09999999999999981
509,-0.09999999999999981
510,-0.09999999999999981
511,-0.09999999999999981
512,-0.09999999999999981
513,-0.09999999999999981
514,-0.09999999999999981
515,-0.09999999999999981
516,-0.09999999999999981
517,-0.09999999999999981
518,-0.09999999999999981
519,-0.09999999999999981
520,-0.09999999999999981
521,-0.09999999999999981
522,-0.09999999999999981
523,-0.09999999999999981
524,-0.09999999999999981
525,-0.09999999999999981
526,-0.09999999999999981
527,-0.09999999999999981
528,-0.09999999999999981
529,-0.09999999999999981
530,-0.09999999999999981
531,-0.09999999999999981
532,-0.09999999999999981
533,-0.09999999999999981
534,-0.09999999999999981
535,-0.09999999999999981
536,-0.09999999999999981
537,-0.09999999999999981
538,-0.09999999999999981
539,-0.09999999999999981
540,-0.09999999999999981
541,-0.09999999999999981
542,-0.09999999999999981
543,-0.09999999999999981
544,-0.09999999999999981
545,-0.09999999999999981
546,-0.09999999999999981
547,-0.09999999999999981
548,-0.09999999999999981
549,-0.09999999999999981
550,-0.09999999999999981
551,-0.09999999999999981
552,-0.09999999999999981
553,-0.09999999999999981
554,-0.09999999999999981
555,-0.09999999999999981
556,-0.09999999999999981
557,-0.09999999999999981
558,-0.09999999999999981
559,-0.09999999999999981
560,-0.09999999999999981
561,-0.09999999999999981
562,-0.09999999999999981
563,-0.09999999999999981
564,-0.09999999999999981
565,-0.09999999999999981
566,-0.09999999999999981
567,-0.09999999999999981
568,-0.09999999999999981
569,-0.09999999999999981
570,-0.09999999999999981
571,-0.09999999999999981
572,-0.09999999999999981
573,-0.09999999999999981
574,-0.09999999999999981
575,-0.09999999999999981
576,-0.09999999999999981
577,-0.09999999999999981
578,-0.09999999999999981
579,-0.09999999999999981
580,-0.09999999999999981
581,-0.09999999999999981
582,-0.09999999999999981
583,-0.09999999999999981
584,-0.09999999999999981
585,-0.09999999999999981
586,-0.09999999999999981
587,-0.09999999999999981
588,-0.09999999999999981
589,-0.09999999999999981
590,-0.09999999999999981
591,-0.09999999999999981
592,-0.09999999999999981
593,-0.09999999999999981
594,-0.09999999999999981
595,-0.09999999999999981
596,-0.09999999999999981
597,-0.09999999999999981
598,-0.09999999999999981
599,-0.09999999999999981
600,-0.09999999999999981
601,-0.09999999999999981
602,-0.09999999999999981
603,-0.09999999999999981
604,-0.09999999999999981
605,-0.09999999999999981
606,-0.09999999999999981
607,-0.09999999999999981
608,-0.09999999999999981
609,-0.09999999999999981
610,-0.09999999999999981
611,-0.09999999999999981
612,-0.09999999999999981
613,-0.09999999999999981
614,-0.09999999999999981
615,-0.09999999999999981
616,-0.09999999999999981
617,-0.09999999999999981
618,-0.09999999999999981
619,-0.09999999999999981
620,-0.09999999999999981
621,-0.09999999999999981
622,-0.09999999999999981
623,-0.09999999999999981
624,-0.09999999999999981
625,-0.09999999999999981
626,-0.09999999999999981
627,-0.09999999999999981
628,-0.09999999999999981
629,-0.09999999999999981
630,-0.09999999999999981
631,-0.09999999999999981
632,-0.09999999999999981
633,-0.09999999999999981
634,-0.09999999999999981
635,-0.09999999999999981
636,-0.09999999999999981
637,-0.09999999999999981
638,-0.09999999999999981
639,-0.09999999999999981
640,-0.09999999999999981
641,-0.09999999999999981
642,-0.09999999999999981
643,-0.09999999999999981
644,-0.09999999999999981
645,-0.09999999999999981
646,-0.09999999999999981
647,-0.09999999999999981
648,-0.09999999999999981
649,-0.09999999999999981
650,-0.09999999999999981
651,-0.09999999999999981
652,-0.09999999999999981
653,-0.09999999999999981
654,-0.09999999999999981
655,-0.09999999999999981
656,-0.09999999999999981
657,-0.09999999999999981
658,-0.09999999999999981
659,-0.09999999999999981
660,-0.09999999999999981
661,-0.09999999999999981
662,-0.09999999999999981
663,-0.09999999999999981
664,-0.09999999999999981
665,-0.09999999999999981
666,-0.09999999999999981
667,-0.09999999999999981
668,-0.09999999999999981
669,-0.09999999999999981
670,-0.09999999999999981
671,-0.09999999999999981
672,-0.09999999999999981
673,-0.09999999999999981
674,-0.09999999999999981
675,-0.09999999999999981
676,-0.09999999999999981
677,-0.09999999999999981
678,-0.09999999999999981
679,-0.09999999999999981
680,-0.09999999999999981
681,-0.09999999999999981
682,-0.09999999999999981
683,-0.09999999999999981
684,-0.09999999999999981
685,-0.09999999999999981
686,-0.09999999999999981
687,-0.09999999999999981
688,-0.09999999999999981
689,-0.09999999999999981
690,-0.09999999999999981
691,-0.09999999999999981
692,-0.09999999999999981
693,-0.09999999999999981
694,-0.09999999999999981
695,-0.09999999999999981
696,-0.09999999999999981
697,-0.09999999999999981
698,-0.09999999999999981
699,-0.09999999999999981
700,-0.09999999999999981
701,-0.09999999999999981
702,-0.09999999999999981
703,-0.09999999999999981
704,-0.09999999999999981
705,-0.09999999999999981
706,-0.09999999999999981
707,-0.09999999999999981
708,-0.09999999999999981
709,-0.09999999999999981
710,-0.09999999999999981
711,-0.09999999999999981
712,-0.09999999999999981
713,-0.09999999999999981
714,-0.09999999999999981
715,-0.09999999999999981
716,-0.09999999999999981
717,-0.09999999999999981
718,-0.09999999999999981
719,-0.09999999999999981
720,-0.09999999999999981
721,-0.09999999999999981
722,-0.09999999999999981
723,-0.09999999999999981
724,-0.09999999999999981
725,-0.09999999999999981
726,-0.09999999999999981
727,-0.09999999999999981
728,-0.09999999999999981
729,-0.09999999999999981
730,-0.09999999999999981
731,-0.09999999999999981
732,-0.09999999999999981
733,-0.09999999999999981
734,-0.09999999999999981
735,-0.09999999999999981
736,-0.09999999999999981
737,-0.09999999999999981
738,-0.09999999999999981
739,-0.09999999999999981
740,-0.09999999999999981
741,-0.09999999999999981
742,-0.09999999999999981
743,-0.09999999999999981
744,-0.09999999999999981
745,-0.09999999999999981
746,-0.09999999999999981
747,-0.09999999999999981
748,-0.09999999999999981
749,-0.09999999999999981
750,-0.09999999999999981
751,-0.09999999999999981
752,-0.09999999999999981
753,-0.09999999999999981
754,-0.09999999999999981
755,-0.09999999999999981
756,-0.09999999999999981
757,-0.09999999999999981
758,-0.09999999999999981
759,-0.09999999999999981
760,-0.09999999999999981
761,-0.09999999999999981
762,-0.09999999999999981
763,-0.09999999999999981
764,-0.09999999999999981
765,-0.09999999999999981
766,-0.09999999999999981
767,-0.09999999999999981
768,-0.09999999999999981
769,-0.09999999999999981
770,-0.09999999999999981
771,-0.09999999999999981
772,-0.09999999999999981
773,-0.09999999999999981
774,-0.09999999999999981
775,-0.09999999999999981
776,-0.09999999999999981
777,-0.09999999999999981
778,-0.09999999999999981
779,-0.09999999999999981
780,-0.09999999999999981
781,-0.09999999999999981
782,-0.09999999999999981
783,-0.09999999999999981
784,-0.09999999999999981
785,-0.09999999999999981
786,-0.09999999999999981
787,-0.09999999999999981
788,-0.09999999999999981
789,-0.09999999999999981
790,-0.09999999999999981
791,-0.09999999999999981
792,-0.09999999999999981
793,-0.09999999999999981
794,-0.09999999999999981
795,-0.09999999999999981
796,-0.09999999999999981
797,-0.09999999999999981
798,-0.09999999999999981
799,-0.09999999999999981
800,-0.09999999999999981
801,-0.09999999999999981
802,-0.09999999999999981
803,-0.09999999999999981
804,-0.09999999999999981
805,-0.09999999999999981
806,-0.09999999999999981
807,-0.09999999999999981
808,-0.09999999999999981
809,-0.09999999999999981
810,-0.09999999999999981
811,-0.09999999999999981
812,-0.09999999999999981
813,-0.09999999999999981
814,-0.09999999999999981
815,-0.09999999999999981
816,-0.09999999999999981
817,-0.09999999999999981
818,-0.09999999999999981
819,-0.09999999999999981
820,-0.09999999999999981
821,-0.09999999999999981
822,-0.09999999999999981
823,-0.09999999999999981
824,-0.09999999999999981
825,-0.09999999999999981
826,-0.09999999999999981
827,-0.09999999999999981
828,-0.09999999999999981
829,-0.09999999999999981
830,-0.09999999999999981
831,-0.09999999999999981
832,-0.09999999999999981
833,-0.09999999999999981
834,-0.09999999999999981
835,-0.09999999999999981
836,-0.09999999999999981
837,-0.09999999999999981
838,-0.09999999999999981
839,-0.09999999999999981
840,-0.09999999999999981
841,-0.09999999999999981
842,-0.09999999999999981
843,-0.09999999999999981
844,-0.09999999999999981
845,-0.09999999999999981
846,-0.09999999999999981
847,-0.09999999999999981
848,-0.09999999999999981
849,-0.09999999999999981
850,-0.09999999999999981
851,-0.09999999999999981
852,-0.09999999999999981
853,-0.09999999999999981
854,-0.09999999999999981
855,-0.09999999999999981
856,-0.09999999999999981
857,-0.09999999999999981
858,-0.09999999999999981
859,-0.09999999999999981
860,-0.09999999999999981
861,-0.09999999999999981
862,-0.09999999999999981
863,-0.09999999999999981
864,-0.09999999999999981
865,-0.09999999999999981
866,-0.09999999999999981
867,-0.09999999999999981
868,-0.09999999999999981
869,-0.09999999999999981
870,-0.09999999999999981
871,-0.09999999999999981
872,-0.09999999999999981
873,-0.09999999999999981
874,-0.09999999999999981
875,-0.09999999999999981
876,-0.09999999999999981
877,-0.09999999999999981
878,-0.09999999999999981
879,-0.09999999999999981
880,-0.09999999999999981
881,-0.09999999999999981
882,-0.09999999999999981
883,-0.09999999999999981
884,-0.09999999999999981
885,-0.09999999999999981
886,-0.09999999999999981
887,-0.09999999999999981
888,-0.09999999999999981
889,-0.09999999999999981
890,-0.09999999999999981
891,-0.09999999999999981
892,-0.09999999999999981
893,-0.09999999999999981
894,-0.09999999999999981
895,-0.09999999999999981
896,-0.09999999999999981
897,-0.09999999999999981
898,-0.09999999999999981
899,-0.09999999999999981
900,-0.09999999999999981
901,-0.09999999999999981
902,-0.09999999999999981
903,-0.09999999999999981
904,-0.09999999999999981
905,-0.09999999999999981
906,-0.09999999999999981
907,-0.09999999999999981
908,-0.09999999999999981
909,-0.09999999999999981
910,-0.09999999999999981
911,-0.09999999999999981
912,-0.09999999999999981
913,-0.09999999999999981
914,-0.09999999999999981
915,-0.09999999999999981
916,-0.09999999999999981
917,-0.09999999999999981
918,-0.09999999999999981
919,-0.09999999999999981
920,-0.09999999999999981
921,-0.09999999999999981
922,-0.09999999999999981
923,-0.09999999999999981
924,-0.09999999999999981
925,-0.09999999999999981
926,-0.09999999999999981
927,-0.09999999999999981
928,-0.09999999999999981
929,-0.09999999999999981
930,-0.09999999999999981
931,-0.09999999999999981
932,-0.09999999999999981
933,-0.09999999999999981
934,-0.09999999999999981
935,-0.09999999999999981
936,-0.09999999999999981
937,-0.09999999999999981
938,-0.09999999999999981
939,-0.09999999999999981
940,-0.09999999999999981
941,-0.09999999999999981
942,-0.09999999999999981
943,-0.09999999999999981
944,-0.09999999999999981
945,-0.09999999999999981
946,-0.09999999999999981
947,-0.09999999999999981
948,-0.09999999999999981
949,-0.09999999999999981
950,-0.09999999999999981
951,-0.09999999999999981
952,-0.09999999999999981
953,-0.09999999999999981
954,-0.09999999999999981
955,-0.09999999999999981
956,-0.09999999999999981
957,-0.09999999999999981
958,-0.09999999999999981
959,-0.09999999999999981
960,-0.09999999999999981
961,-0.09999999999999981
962,-0.09999999999999981
963,-0.09999999999999981
964,-0.09999999999999981
965,-0.09999999999999981
966,-0.09999999999999981
967,-0.09999999999999981
968,-0.09999999999999981
969,-0.09999999999999981
970,-0.09999999999999981
971,-0.09999999999999981
972,-0.09999999999999981
973,-0.09999999999999981
974,-0.09999999999999981
975,-0.09999999999999981
976,-0.09999999999999981
977,-0.09999999999999981
978,-0.09999999999999981
979,-0.09999999999999981
980,-0.09999999999999981
981,-0.09999999999999981
982,-0.09999999999999981
983,-0.09999999999999981
984,-0.09999999999999981
985,-0.09999999999999981
986,-0.09999999999999981
987,-0.09999999999999981
988,-0.09999999999999981
989,-0.09999999999999981
990,-0.09999999999999981
991,-0.09999999999999981
992,-0.09999999999999981
993,-0.09999999999999981
994,-0.09999999999999981
995,-0.09999999999999981
996,-0.09999999999999981
997,-0.09999999999999981
998,-0.09999999999999981
999,-0.09999999999999981
1000,-0.09999999999999981
1001,-0.09999999999999981
1002,-0.09999999999999981
1003,-0.09999999999999981
1004,-0.09999999999999981
1005,-0.09999999999999981
1006,-0.09999999999999981
1007,-0.09999999999999981
1008,-0.09999999999999981
1009,-0.09999999999999981
1010,-0.09999999999999981
1011,-0.09999999999999981
1012,-0.09999999999999981
1013,-0.09999999999999981
1014,-0.09999999999999981
1015,-0.09999999999999981
1016,-0.09999999999999981
1017,-0.09999999999999981
1018,-0.09999999999999981
1019,-0.09999999999999981
1020,-0.09999999999999981
1021,-0.09999999999999981
1022,-0.09999999999999981
1023,-0.09999999999999981
1024,-0.09999999999999981
1025,-0.09999999999999981
1026,-0.09999999999999981
1027,-0.09999999999999981
1028,-0.09999999999999981
1029,-0.09999999999999981
1030,-0.09999999999999981
1031,-0.09999999999999981
1032,-0.09999999999999981
1033,-0.09999999999999981
1034,-0.09999999999999981
1035,-0.09999999999999981
1036,-0.09999999999999981
1037,-0.09999999999999981
1038,-0.09999999999999981
1039,-0.09999999999999981
1040,-0.09999999999999981
1041,-0.09999999999999981
1042,-0.09999999999999981
1043,-0.09999999999999981
1044,-0.09999999999999981
1045,-0.09999999999999981
1046,-0.09999999999999981
1047,-0.09999999999999981
1048,-0.09999999999999981
1049,-0.09999999999999981
1050,-0.09999999999999981
1051,-0.09999999999999981
1052,-0.09999999999999981
1053,-0.09999999999999981
1054,-0.09999999999999981
1055,-0.09999999999999981
1056,-0.09999999999999981
1057,-0.09999999999999981
1058,-0.09999999999999981
1059,-0.09999999999999981
1060,-0.09999999999999981
1061,-0.09999999999999981
1062,-0.09999999999999981
1063,-0.09999999999999981
1064,-0.09999999999999981
1065,-0.09999999999999981
1066,-0.09999999999999981
1067,-0.09999999999999981
1068,-0.09999999999999981
1069,-0.09999999999999981
1070,-0.09999999999999981
1071,-0.09999999999999981
1072,-0.09999999999999981
1073,-0.09999999999999981
1074,-0.09999999999999981
1075,-0.09999999999999981
1076,-0.09999999999999981
1077,-0.09999999999999981
1078,-0.09999999999999981
1079,-0.09999999999999981
1080,-0.09999999999999981
1081,-0.09999999999999981
1082,-0.09999999999999981
1083,-0.09999999999999981
1084,-0.09999999999999981
1085,-0.09999999999999981
1086,-0.09999999999999981
1087,-0.09999999999999981
1088,-0.09999999999999981
1089,-0.09999999999999981
1090,-0.09999999999999981
1091,-0.09999999999999981
1092,-0.09999999999999981
1093,-0.09999999999999981
1094,-0.09999999999999981
1095,-0.09999999999999981
1096,-0.09999999999999981
1097,-0.09999999999999981
1098,-0.09999999999999981
1099,-0.09999999999999981
1100,-0.09999999999999981
1101,-0.09999999999999981
1102,-0.09999999999999981
1103,-0.09999999999999981
1104,-0.09999999999999981
1105,-0.09999999999999981
1106,-0.09999999999999981
1107,-0.09999999999999981
1108,-0.09999999999999981
1109,-0.09999999999999981
1110,-0.09999999999999981
1111,-0.09999999999999981
1112,-0.09999999999999981
1113,-0.09999999999999981
1114,-0.09999999999999981
1115,-0.09999999999999981
1116,-0.09999999999999981
1117,-0.09999999999999981
1118,-0.09999999999999981
1119,-0.09999999999999981
1120,-0.09999999999999981
1121,-0.09999999999999981
1122,-0.09999999999999981
1123,-0.09999999999999981
1124,-0.09999999999999981
1125,-0.09999999999999981
1126,-0.09999999999999981
1127,-0.09999999999999981
1128,-0.09999999999999981
1129,-0.09999999999999981
1130,-0.09999999999999981
1131,-0.09999999999999981
1132,-0.09999999999999981
1133,-0.09999999999999981
1134,-0.09999999999999981
1135,-0.09999999999999981
1136,-0.09999999999999981
1137,-0.09999999999999981
1138,-0.09999999999999981
1139,-0.09999999999999981
1140,-0.09999999999999981
1141,-0.09999999999999981
1142,-0.09999999999999981
1143,-0.09999999999999981
1144,-0.09999999999999981
1145,-0.09999999999999981
1146,-0.09999999999999981
1147,-0.09999999999999981
1148,-0.09999999999999981
1149,-0.09999999999999981
1150,-0.09999999999999981
1151,-0.09999999999999981
1152,-0.09999999999999981
1153,-0.09999999999999981
1154,-0.09999999999999981
1155,-0.09999999999999981
1156,-0.09999999999999981
1157,-0.09999999999999981
1158,-0.09999999999999981
1159,-0.09999999999999981
1160,-0.09999999999999981
1161,-0.09999999999999981
1162,-0.09999999999999981
1163,-0.09999999999999981
1164,-0.09999999999999981
1165,-0.09999999999999981
1166,-0.09999999999999981
1167,-0.09999999999999981
1168,-0.09999999999999981
1169,-0.09999999999999981
1170,-0.09999999999999981
1171,-0.09999999999999981
1172,-0.09999999999999981
1173,-0.09999999999999981
1174,-0.09999999999999981
1175,-0.09999999999999981
1176,-0.09999999999999981
1177,-0.09999999999999981
1178,-0.09999999999999981
1179,-0.09999999999999981
1180,-0.09999999999999981
1181,-0.09999999999999981
1182,-0.09999999999999981
1183,-0.09999999999999981
1184,-0.09999999999999981
1185,-0.09999999999999981
1186,-0.09999999999999981
1187,-0.09999999999999981
1188,-0.09999999999999981
1189,-0.09999999999999981
1190,-0.09999999999999981
1191,-0.09999999999999981
1192,-0.09999999999999981
1193,-0.09999999999999981
1194,-0.09999999999999981
1195,-0.09999999999999981
1196,-0.09999999999999981
1197,-0.09999999999999981
1198,-0.09999999999999981
1199,-0.09999999999999981
1200,-0.09999999999999981
1201,-0.09999999999999981
1202,-0.09999999999999981
1203,-0.09999999999999981
1204,-0.09999999999999981
1205,-0.09999999999999981
1206,-0.09999999999999981
1207,-0.09999999999999981
1208,-0.09999999999999981
1209,-0.09999999999999981
1210,-0.09999999999999981
1211,-0.09999999999999981
1212,-0.09999999999999981
1213,-0.09999999999999981
1214,-0.09999999999999981
1215,-0.09999999999999981
1216,-0.09999999999999981
1217,-0.09999999999999981
1218,-0.09999999999999981
1219,-0.09999999999999981
1220,-0.09999999999999981
1221,-0.09999999999999981
1222,-0.09999999999999981
1223,-0.09999999999999981
1224,-0.09999999999999981
1225,-0.09999999999999981
1226,-0.09999999999999981
1227,-0.09999999999999981
1228,-0.09999999999999981
1229,-0.09999999999999981
1230,-0.09999999999999981
1231,-0.09999999999999981
1232,-0.09999999999999981
1233,-0.09999999999999981
1234,-0.09999999999999981
1235,-0.09999999999999981
1236,-0.09999999999999981
1237,-0.09999999999999981
1238,-0.09999999999999981
1239,-0.09999999999999981
1240,-0.09999999999999981
1241,-0.09999999999999981
1242,-0.09999999999999981
1243,-0.09999999999999981
1244,-0.09999999999999981
1245,-0.09999999999999981
1246,-0.09999999999999981
1247,-0.09999999999999981
1248,-0.09999999999999981
1249,-0.09999999999999981
1250,-0.09999999999999981
1251,-0.09999999999999981
1252,-0.09999999999999981
1253,-0.09999999999999981
1254,-0.09999999999999981
1255,-0.09999999999999981
1256,-0.09999999999999981
1257,-0.09999999999999981
1258,-0.09999999999999981
1259,-0.09999999999999981
1260,-0.09999999999999981
1261,-0.09999999999999981
1262,-0.09999999999999981
1263,-0.09999999999999981
1264,-0.09999999999999981
1265,-0.09999999999999981
1266,-0.09999999999999981
1267,-0.09999999999999981
1268,-0.09999999999999981
1269,-0.09999999999999981
1270,-0.09999999999999981
1271,-0.09999999999999981
1272,-0.09999999999999981
1273,-0.09999999999999981
1274,-0.09999999999999981
1275,-0.09999999999999981
1276,-0.09999999999999981
1277,-0.09999999999999981
1278,-0.09999999999999981
1279,-0.09999999999999981
1280,-0.09999999999999981
1281,-0.09999999999999981
1282,-0.09999999999999981
1283,-0.09999999999999981
1284,-0.09999999999999981
1285,-0.09999999999999981
1286,-0.09999999999999981
1287,-0.09999999999999981
1288,-0.09999999999999981
1289,-0.09999999999999981
1290,-0.09999999999999981
1291,-0.09999999999999981
1292,-0.09999999999999981
1293,-0.09999999999999981
1294,-0.09999999999999981
1295,-0.09999999999999981
1296,-0.09999999999999981
1297,-0.09999999999999981
1298,-0.09999999999999981
1299,-0.09999999999999981
1300,-0.09999999999999981
1301,-0.09999999999999981
1302,-0.09999999999999981
1303,-0.09999999999999981
1304,-0.09999999999999981
1305,-0.09999999999999981
1306,-0.09999999999999981
1307,-0.09999999999999981
1308,-0.09999999999999981
1309,-0.09999999999999981
1310,-0.09999999999999981
1311,-0.09999999999999981
1312,-0.09999999999999981
1313,-0.09999999999999981
1314,-0.09999999999999981
1315,-0.09999999999999981
1316,-0.09999999999999981
1317,-0.09999999999999981
1318,-0.09999999999999981
1319,-0.09999999999999981
1320,-0.09999999999999981
1321,-0.09999999999999981
1322,-0.09999999999999981
1323,-0.09999999999999981
1324,-0.09999999999999981
1325,-0.09999999999999981
1326,-0.09999999999999981
1327,-0.09999999999999981
1328,-0.09999999999999981
1329,-0.09999999999999981
1330,-0.09999999999999981
1331,-0.09999999999999981
1332,-0.09999999999999981
1333,-0.09999999999999981
1334,-0.09999999999999981
1335,-0.09999999999999981
1336,-0.09999999999999981
1337,-0.09999999999999981
1338,-0.09999999999999981
1339,-0.09999999999999981
1340,-0.09999999999999981
1341,-0.09999999999999981
1342,-0.09999999999999981
1343,-0.09999999999999981
1344,-0.09999999999999981
1345,-0.09999999999999981
1346,-0.09999999999999981
1347,-0.09999999999999981
1348,-0.09999999999999981
1349,-0.09999999999999981
1350,-0.09999999999999981
1351,-0.09999999999999981
1352,-0.09999999999999981
1353,-0.09999999999999981
1354,-0.09999999999999981
1355,-0.09999999999999981
1356,-0.09999999999999981
1357,-0.09999999999999981
1358,-0.09999999999999981
1359,-0.09999999999999981
1360,-0.09999999999999981
1361,-0.09999999999999981
1362,-0.09999999999999981
1363,-0.09999999999999981
1364,-0.09999999999999981
1365,-0.09999999999999981
1366,-0.09999999999999981
1367,-0.09999999999999981
1368,-0.09999999999999981
1369,-0.09999999999999981
1370,-0.09999999999999981
1371,-0.09999999999999981
1372,-0.09999999999999981
1373,-0.09999999999999981
1374,-0.09999999999999981
1375,-0.09999999999999981
1376,-0.09999999999999981
1377,-0.09999999999999981
1378,-0.09999999999999981
1379,-0.09999999999999981
1380,-0.09999999999999981
1381,-0.09999999999999981
1382,-0.09999999999999981
1383,-0.09999999999999981
1384,-0.09999999999999981
1385,-0.09999999999999981
1386,-0.09999999999999981
1387,-0.09999999999999981
1388,-0.09999999999999981
1389,-0.09999999999999981
1390,-0.09999999999999981
1391,-0.09999999999999981
1392,-0.09999999999999981
1393,-0.09999999999999981
1394,-0.09999999999999981
1395,-0.09999999999999981
1396,-0.09999999999999981
1397,-0.09999999999999981
1398,-0.09999999999999981
1399,-0.09999999999999981
1400,-0.09999999999999981
1401,-0.09999999999999981
1402,-0.09999999999999981
1403,-0.09999999999999981
1404,-0.09999999999999981
1405,-0.09999999999999981
1406,-0.09999999999999981
1407,-0.09999999999999981
1408,-0.09999999999999981
1409,-0.09999999999999981
1410,-0.09999999999999981
1411,-0.09999999999999981
1412,-0.09999999999999981
1413,-0.09999999999999981
1414,-0.09999999999999981
1415,-0.09999999999999981
1416,-0.09999999999999981
1417,-0.09999999999999981
1418,-0.09999999999999981
1419,-0.09999999999999981
1420,-0.09999999999999981
1421,-0.09999999999999981
1422,-0.09999999999999981
1423,-0.09999999999999981
1424,-0.09999999999999981
1425,-0.09999999999999981
1426,-0.09999999999999981
1427,-0.09999999999999981
1428,-0.09999999999999981
1429,-0.09999999999999981
1430,-0.09999999999999981
1431,-0.09999999999999981
1432,-0.09999999999999981
1433,-0.09999999999999981
1434,-0.09999999999999981
1435,-0.09999999999999981
1436,-0.09999999999999981
1437,-0.09999999999999981
1438,-0.09999999999999981
1439,-0.09999999999999981
1440,-0.09999999999999981
1441,-0.09999999999999981
1442,-0.09999999999999981
1443,-0.09999999999999981
1444,-0.09999999999999981
1445,-0.09999999999999981
1446,-0.09999999999999981
1447,-0.09999999999999981
1448,-0.09999999999999981
1449,-0.09999999999999981
1450,-0.09999999999999981
1451,-0.09999999999999981
1452,-0.09999999999999981
1453,-0.09999999999999981
1454,-0.09999999999999981
1455,-0.09999999999999981
1456,-0.09999999999999981
1457,-0.09999999999999981
1458,-0.09999999999999981
1459,-0.09999999999999981
1460,-0.09999999999999981
1461,-0.09999999999999981
1462,-0.09999999999999981
1463,-0.09999999999999981
1464,-0.09999999999999981
1465,-0.09999999999999981
1466,-0.09999999999999981
1467,-0.09999999999999981
1468,-0.09999999999999981
1469,-0.09999999999999981
1470,-0.09999999999999981
1471,-0.09999999999999981
1472,-0.09999999999999981
1473,-0.09999999999999981
1474,-0.09999999999999981
1475,-0.09999999999999981
1476,-0.09999999999999981
1477,-0.09999999999999981
1478,-0.09999999999999981
1479,-0.09999999999999981
1480,-0.09999999999999981
1481,-0.09999999999999981
1482,-0.09999999999999981
1483,-0.09999999999999981
1484,-0.09999999999999981
1485,-0.09999999999999981
1486,-0.09999999999999981
1487,-0.09999999999999981
1488,-0.09999999999999981
1489,-0.09999999999999981
1490,-0.09999999999999981
1491,-0.09999999999999981
1492,-0.09999999999999981
1493,-0.09999999999999981
1494,-0.09999999999999981
1495,-0.09999999999999981
1496,-0.09999999999999981
1497,-0.09999999999999981
1498,-0.09999999999999981
1499,-0.09999999999999981
1500,-0.09999999999999981
1501,-0.09999999999999981
1502,-0.09999999999999981
1503,-0.09999999999999981
1504,-0.09999999999999981
1505,-0.09999999999999981
1506,-0.09999999999999981
1507,-0.09999999999999981
1508,-0.09999999999999981
1509,-0.09999999999999981
1510,-0.09999999999999981
1511,-0.09999999999999981
1512,-0.09999999999999981
1513,-0.09999999999999981
1514,-0.09999999999999981
1515,-0.09999999999999981
1516,-0.09999999999999981
1517,-0.09999999999999981
1518,-0.09999999999999981
1519,-0.09999999999999981
1520,-0.09999999999999981
1521,-0.09999999999999981
1522,-0.09999999999999981
1523,-0.09999999999999981
1524,-0.09999999999999981
1525,-0.09999999999999981
1526,-0.09999999999999981
1527,-0.09999999999999981
1528,-0.09999999999999981
1529,-0.09999999999999981
1530,-0.09999999999999981
1531,-0.09999999999999981
1532,-0.09999999999999981
1533,-0.09999999999999981
1534,-0.09999999999999981
1535,-0.09999999999999981
1536,-0.09999999999999981
1537,-0.09999999999999981
1538,-0.09999999999999981
1539,-0.09999999999999981
1540,-0.09999999999999981
1541,-0.09999999999999981
1542,-0.09999999999999981
1543,-0.09999999999999981
1544,-0.09999999999999981
1545,-0.09999999999999981
1546,-0.09999999999999981
1547,-0.09999999999999981
1548,-0.09999999999999981
1549,-0.09999999999999981
1550,-0.09999999999999981
1551,-0.09999999999999981
1552,-0.09999999999999981
1553,-0.09999999999999981
1554,-0.09999999999999981
1555,-0.09999999999999981
1556,-0.09999999999999981
1557,-0.09999999999999981
1558,-0.09999999999999981
1559,-0.09999999999999981
1560,-0.09999999999999981
1561,-0.09999999999999981
1562,-0.09999999999999981
1563,-0.09999999999999981
1564,-0.09999999999999981
1565,-0.09999999999999981
1566,-0.09999999999999981
1567,-0.09999999999999981
1568,-0.09999999999999981
1569,-0.09999999999999981
1570,-0.09999999999999981
1571,-0.09999999999999981
1572,-0.09999999999999981
1573,-0.09999999999999981
1574,-0.09999999999999981
1575,-0.09999999999999981
1576,-0.09999999999999981
1577,-0.09999999999999981
1578,-0.09999999999999981
1579,-0.09999999999999981
1580,-0.09999999999999981
1581,-0.09999999999999981
1582,-0.09999999999999981
1583,-0.09999999999999981
1584,-0.09999999999999981
1585,-0.09999999999999981
1586,-0.09999999999999981
1587,-0.09999999999999981
1588,-0.09999999999999981
1589,-0.09999999999999981
1590,-0.09999999999999981
1591,-0.09999999999999981
1592,-0.09999999999999981
1593,-0.09999999999999981
1594,-0.09999999999999981
1595,-0.09999999999999981
1596,-0.09999999999999981
1597,-0.09999999999999981
1598,-0.09999999999999981
1599,-0.09999999999999981
1600,-0.09999999999999981
1601,-0.09999999999999981
1602,-0.09999999999999981
1603,-0.09999999999999981
1604,-0.09999999999999981
1605,-0.09999999999999981
1606,-0.09999999999999981
1607,-0.09999999999999981
1608,-0.09999999999999981
1609,-0.09999999999999981
1610,-0.09999999999999981
1611,-0.09999999999999981
1612,-0.09999999999999981
1613,-0.09999999999999981
1614,-0.09999999999999981
1615,-0.09999999999999981
1616,-0.09999999999999981
1617,-0.09999999999999981
1618,-0.09999999999999981
1619,-0.09999999999999981
1620,-0.09999999999999981
1621,-0.09999999999999981
1622,-0.09999999999999981
1623,-0.09999999999999981
1624,-0.09999999999999981
1625,-0.09999999999999981
1626,-0.09999999999999981
1627,-0.09999999999999981
1628,-0.09999999999999981
1629,-0.09999999999999981
1630,-0.09999999999999981
1631,-0.09999999999999981
1632,-0.09999999999999981
1633,-0.09999999999999981
1634,-0.09999999999999981
1635,-0.09999999999999981
1636,-0.09999999999999981
1637,-0.09999999999999981
1638,-0.09999999999999981
1639,-0.09999999999999981
1640,-0.09999999999999981
1641,-0.09999999999999981
1642,-0.09999999999999981
1643,-0.09999999999999981
1644,-0.09999999999999981
1645,-0.09999999999999981
1646,-0.09999999999999981
1647,-0.09999999999999981
1648,-0.09999999999999981
1649,-0.09999999999999981
1650,-0.09999999999999981
1651,-0.09999999999999981
1652,-0.09999999999999981
1653,-0.09999999999999981
1654,-0.09999999999999981
1655,-0.09999999999999981
1656,-0.09999999999999981
1657,-0.09999999999999981
1658,-0.09999999999999981
1659,-0.09999999999999981
1660,-0.09999999999999981
1661,-0.09999999999999981
1662,-0.09999999999999981
1663,-0.09999999999999981
1664,-0.09999999999999981
1665,-0.09999999999999981
1666,-0.09999999999999981
1667,-0.09999999999999981
1668,-0.09999999999999981
1669,-0.09999999999999981
1670,-0.09999999999999981
1671,-0.09999999999999981
1672,-0.09999999999999981
1673,-0.09999999999999981
1674,-0.09999999999999981
1675,-0.09999999999999981
1676,-0.09999999999999981
1677,-0.09999999999999981
1678,-0.09999999999999981
1679,-0.09999999999999981
1680,-0.09999999999999981
1681,-0.09999999999999981
1682,-0.09999999999999981
1683,-0.09999999999999981
1684,-0.09999999999999981
1685,-0.09999999999999981
1686,-0.09999999999999981
1687,-0.09999999999999981
1688,-0.09999999999999981
1689,-0.09999999999999981
1690,-0.09999999999999981
1691,-0.09999999999999981
1692,-0.09999999999999981
1693,-0.09999999999999981
1694,-0.09999999999999981
1695,-0.09999999999999981
1696,-0.09999999999999981
1697,-0.09999999999999981
1698,-0.09999999999999981
1699,-0.09999999999999981
1700,-0.09999999999999981
1701,-0.09999999999999981
1702,-0.09999999999999981
1703,-0.09999999999999981
1704,-0.09999999999999981
1705,-0.09999999999999981
1706,-0.09999999999999981
1707,-0.09999999999999981
1708,-0.09999999999999981
1709,-0.09999999999999981
1710,-0.09999999999999981
1711,-0.09999999999999981
1712,-0.09999999999999981
1713,-0.09999999999999981
1714,-0.09999999999999981
1715,-0.09999999999999981
1716,-0.09999999999999981
1717,-0.09999999999999981
1718,-0.09999999999999981
1719,-0.09999999999999981
1720,-0.09999999999999981
1721,-0.09999999999999981
1722,-0.09999999999999981
1723,-0.09999999999999981
1724,-0.09999999999999981
1725,-0.09999999999999981
1726,-0.09999999999999981
1727,-0.09999999999999981
1728,-0.09999999999999981
1729,-0.09999999999999981
1730,-0.09999999999999981
1731,-0.09999999999999981
1732,-0.09999999999999981
1733,-0.09999999999999981
1734,-0.09999999999999981
1735,-0.09999999999999981
1736,-0.09999999999999981
1737,-0.09999999999999981
1738,-0.09999999999999981
1739,-0.09999999999999981
1740,-0.09999999999999981
1741,-0.09999999999999981
1742,-0.09999999999999981
1743,-0.09999999999999981
1744,-0.09999999999999981
1745,-0.09999999999999981
1746,-0.09999999999999981
1747,-0.09999999999999981
1748,-0.09999999999999981
1749,-0.09999999999999981
1750,-0.09999999999999981
1751,-0.09999999999999981
1752,-0.09999999999999981
1753,-0.09999999999999981
1754,-0.09999999999999981
1755,-0.09999999999999981
1756,-0.09999999999999981
1757,-0.09999999999999981
1758,-0.09999999999999981
1759,-0.09999999999999981
1760,-0.09999999999999981
1761,-0.09999999999999981
1762,-0.09999999999999981
1763,-0.09999999999999981
1764,-0.09999999999999981
1765,-0.09999999999999981
1766,-0.09999999999999981
1767,-0.09999999999999981
1768,-0.09999999999999981
1769,-0.09999999999999981
1770,-0.09999999999999981
1771,-0.09999999999999981
1772,-0.09999999999999981
1773,-0.09999999999999981
1774,-0.09999999999999981
1775,-0.09999999999999981
1776,-0.09999999999999981
1777,-0.09999999999999981
1778,-0.09999999999999981
1779,-0.09999999999999981
1780,-0.09999999999999981
1781,-0.09999999999999981
1782,-0.09999999999999981
1783,-0.09999999999999981
1784,-0.09999999999999981
1785,-0.09999999999999981
1786,-0.09999999999999981
1787,-0.09999999999999981
1788,-0.09999999999999981
1789,-0.09999999999999981
1790,-0.09999999999999981
1791,-0.09999999999999981
1792,-0.09999999999999981
1793,-0.09999999999999981
1794,-0.09999999999999981
1795,-0.09999999999999981
1796,-0.09999999999999981
1797,-0.09999999999999981
1798,-0.09999999999999981
1799,-0.09999999999999981
1800,-0.09999999999999981
1801,-0.09999999999999981
1802,-0.09999999999999981
1803,-0.09999999999999981
1804,-0.09999999999999981
1805,-0.09999999999999981
1806,-0.09999999999999981
1807,-0.09999999999999981
1808,-0.09999999999999981
1809,-0.09999999999999981
1810,-0.09999999999999981
1811,-0.09999999999999981
1812,-0.09999999999999981
1813,-0.09999999999999981
1814,-0.09999999999999981
1815,-0.09999999999999981
1816,-0.09999999999999981
1817,-0.09999999999999981
1818,-0.09999999999999981
1819,-0.09999999999999981
1820,-0.09999999999999981
1821,-0.09999999999999981
1822,-0.09999999999999981
1823,-0.09999999999999981
1824,-0.09999999999999981
1825,-0.09999999999999981
1826,-0.09999999999999981
1827,-0.09999999999999981
1828,-0.09999999999999981
1829,-0.09999999999999981
1830,-0.09999999999999981
1831,-0.09999999999999981
1832,-0.09999999999999981
1833,-0.09999999999999981
1834,-0.09999999999999981
1835,-0.09999999999999981
1836,-0.09999999999999981
1837,-0.09999999999999981
1838,-0.09999999999999981
1839,-0.09999999999999981
1840,-0.09999999999999981
1841,-0.09999999999999981
1842,-0.09999999999999981
1843,-0.09999999999999981
1844,-0.09999999999999981
1845,-0.09999999999999981
1846,-0.09999999999999981
1847,-0.09999999999999981
1848,-0.09999999999999981
1849,-0.09999999999999981
1850,-0.09999999999999981
1851,-0.09999999999999981
1852,-0.09999999999999981
1853,-0.09999999999999981
1854,-0.09999999999999981
1855,-0.09999999999999981
1856,-0.09999999999999981
1857,-0.09999999999999981
1858,-0.09999999999999981
1859,-0.09999999999999981
1860,-0.09999999999999981
1861,-0.09999999999999981
1862,-0.09999999999999981
1863,-0.09999999999999981
1864,-0.09999999999999981
1865,-0.09999999999999981
1866,-0.09999999999999981
1867,-0.09999999999999981
1868,-0.09999999999999981
1869,-0.09999999999999981
1870,-0.09999999999999981
1871,-0.09999999999999981
1872,-0.09999999999999981
1873,-0.09999999999999981
1874,-0.09999999999999981
1875,-0.09999999999999981
1876,-0.09999999999999981
1877,-0.09999999999999981
1878,-0.09999999999999981
1879,-0.09999999999999981
1880,-0.09999999999999981
1881,-0.09999999999999981
1882,-0.09999999999999981
1883,-0.09999999999999981
1884,-0.09999999999999981
1885,-0.09999999999999981
1886,-0.09999999999999981
1887,-0.09999999999999981
1888,-0.09999999999999981
1889,-0.09999999999999981
1890,-0.09999999999999981
1891,-0.09999999999999981
1892,-0.09999999999999981
1893,-0.09999999999999981
1894,-0.09999999999999981
1895,-0.09999999999999981
1896,-0.09999999999999981
1897,-0.09999999999999981
1898,-0.09999999999999981
1899,-0.09999999999999981
1900,-0.09999999999999981
1901,-0.09999999999999981
1902,-0.09999999999999981
1903,-0.09999999999999981
1904,-0.09999999999999981
1905,-0.09999999999999981
1906,-0.09999999999999981
1907,-0.09999999999999981
1908,-0.09999999999999981
1909,-0.09999999999999981
1910,-0.09999999999999981
1911,-0.09999999999999981
1912,-0.09999999999999981
1913,-0.09999999999999981
1914,-0.09999999999999981
1915,-0.09999999999999981
1916,-0.09999999999999981
1917,-0.09999999999999981
1918,-0.09999999999999981
1919,-0.09999999999999981
1920,-0.09999999999999981
1921,-0.09999999999999981
1922,-0.09999999999999981
1923,-0.09999999999999981
1924,-0.09999999999999981
1925,-0.09999999999999981
1926,-0.09999999999999981
1927,-0.09999999999999981
1928,-0.09999999999999981
1929,-0.09999999999999981
1930,-0.09999999999999981
1931,-0.09999999999999981
1932,-0.09999999999999981
1933,-0.09999999999999981
1934,-0.09999999999999981
1935,-0.09999999999999981
1936,-0.09999999999999981
1937,-0.09999999999999981
1938,-0.09999999999999981
1939,-0.09999999999999981
1940,-0.09999999999999981
1941,-0.09999999999999981
1942,-0.09999999999999981
1943,-0.09999999999999981
1944,-0.09999999999999981
1945,-0.09999999999999981
1946,-0.09999999999999981
1947,-0.09999999999999981
1948,-0.09999999999999981
1949,-0.09999999999999981
1950,-0.09999999999999981
1951,-0.09999999999999981
1952,-0.09999999999999981
1953,-0.09999999999999981
1954,-0.09999999999999981
1955,-0.09999999999999981
1956,-0.09999999999999981
1957,-0.09999999999999981
1958,-0.09999999999999981
1959,-0.09999999999999981
1960,-0.09999999999999981
1961,-0.09999999999999981
1962,-0.09999999999999981
1963,-0.09999999999999981
1964,-0.09999999999999981
1965,-0.09999999999999981
1966,-0.09999999999999981
1967,-0.09999999999999981
1968,-0.09999999999999981
1969,-0.09999999999999981
1970,-0.09999999999999981
1971,-0.09999999999999981
1972,-0.09999999999999981
1973,-0.09999999999999981
1974,-0.09999999999999981
1975,-0.09999999999999981
1976,-0.09999999999999981
1977,-0.09999999999999981
1978,-0.09999999999999981
1979,-0.09999999999999981
1980,-0.09999999999999981
1981,-0.09999999999999981
1982,-0.09999999999999981
1983,-0.09999999999999981
1984,-0.09999999999999981
1985,-0.09999999999999981
1986,-0.09999999999999981
1987,-0.09999999999999981
1988,-0.09999999999999981
1989,-0.09999999999999981
1990,-0.09999999999999981
1991,-0.09999999999999981
1992,-0.09999999999999981
1993,-0.09999999999999981
1994,-0.09999999999999981
1995,-0.09999999999999981
1996,-0.09999999999999981
1997,-0.09999999999999981
1998,-0.09999999999999981
1999,-0.09999999999999981
2000,-0.09999999999999981
2001,-0.09999999999999981
2002,-0.09999999999999981
2003,-0.09999999999999981
2004,-0.09999999999999981
2005,-0.09999999999999981
2006,-0.09999999999999981
2007,-0.09999999999999981
2008,-0.09999999999999981
2009,-0.09999999999999981
2010,-0.09999999999999981
2011,-0.09999999999999981
2012,-0.09999999999999981
2013,-0.09999999999999981
2014,-0.09999999999999981
2015,-0.09999999999999981
2016,-0.09999999999999981
2017,-0.09999999999999981
2018,-0.09999999999999981
2019,-0.09999999999999981
2020,-0.09999999999999981
2021,-0.09999999999999981
2022,-0.09999999999999981
2023,-0.09999999999999981
2024,-0.09999999999999981
2025,-0.09999999999999981
2026,-0.09999999999999981
2027,-0.09999999999999981
2028,-0.09999999999999981
2029,-0.09999999999999981
2030,-0.09999999999999981
2031,-0.09999999999999981
2032,-0.09999999999999981
2033,-0.09999999999999981
2034,-0.09999999999999981
2035,-0.09999999999999981
2036,-0.09999999999999981
2037,-0.09999999999999981
2038,-0.09999999999999981
2039,-0.09999999999999981
2040,-0.09999999999999981
2041,-0.09999999999999981
2042,-0.09999999999999981
2043,-0.09999999999999981
2044,-0.09999999999999981
2045,-0.09999999999999981
2046,-0.09999999999999981
2047,-0.09999999999999981
2048,-0.09999999999999981
2049,-0.09999999999999981
2050,-0.09999999999999981
2051,-0.09999999999999981
2052,-0.09999999999999981
2053,-0.09999999999999981
2054,-0.09999999999999981
2055,-0.09999999999999981
2056,-0.09999999999999981
2057,-0.09999999999999981
2058,-0.09999999999999981
2059,-0.09999999999999981
2060,-0.09999999999999981
2061,-0.09999999999999981
2062,-0.09999999999999981
2063,-0.09999999999999981
2064,-0.09999999999999981
2065,-0.09999999999999981
2066,-0.09999999999999981
2067,-0.09999999999999981
2068,-0.09999999999999981
2069,-0.09999999999999981
2070,-0.09999999999999981
2071,-0.09999999999999981
2072,-0.09999999999999981
2073,-0.09999999999999981
2074,-0.09999999999999981
2075,-0.09999999999999981
2076,-0.09999999999999981
2077,-0.09999999999999981
2078,-0.09999999999999981
2079,-0.09999999999999981
2080,-0.09999999999999981
2081,-0.09999999999999981
2082,-0.09999999999999981
2083,-0.09999999999999981
2084,-0.09999999999999981
2085,-0.09999999999999981
2086,-0.09999999999999981
2087,-0.09999999999999981
2088,-0.09999999999999981
2089,-0.09999999999999981
2090,-0.09999999999999981
2091,-0.09999999999999981
2092,-0.09999999999999981
2093,-0.09999999999999981
2094,-0.09999999999999981
2095,-0.09999999999999981
2096,-0.09999999999999981
2097,-0.09999999999999981
2098,-0.09999999999999981
2099,-0.09999999999999981
2100,-0.09999999999999981
2101,-0.09999999999999981
2102,-0.09999999999999981
2103,-0.09999999999999981
2104,-0.09999999999999981
2105,-0.09999999999999981
2106,-0.09999999999999981
2107,-0.09999999999999981
2108,-0.09999999999999981
2109,-0.09999999999999981
2110,-0.09999999999999981
2111,-0.09999999999999981
2112,-0.09999999999999981
2113,-0.09999999999999981
2114,-0.09999999999999981
2115,-0.09999999999999981
2116,-0.09999999999999981
2117,-0.09999999999999981
2118,-0.09999999999999981
2119,-0.09999999999999981
2120,-0.09999999999999981
2121,-0.09999999999999981
2122,-0.09999999999999981
2123,-0.09999999999999981
2124,-0.09999999999999981
2125,-0.09999999999999981
2126,-0.09999999999999981
2127,-0.09999999999999981
2128,-0.09999999999999981
2129,-0.09999999999999981
2130,-0.09999999999999981
2131,-0.09999999999999981
2132,-0.09999999999999981
2133,-0.09999999999999981
2134,-0.09999999999999981
2135,-0.09999999999999981
2136,-0.09999999999999981
2137,-0.09999999999999981
2138,-0.09999999999999981
2139,-0.09999999999999981
2140,-0.09999999999999981
2141,-0.09999999999999981
2142,-0.09999999999999981
2143,-0.09999999999999981
2144,-0.09999999999999981
2145,-0.09999999999999981
2146,-0.09999999999999981
2147,-0.09999999999999981
2148,-0.09999999999999981
2149,-0.09999999999999981
2150,-0.09999999999999981
2151,-0.09999999999999981
2152,-0.09999999999999981
2153,-0.09999999999999981
2154,-0.09999999999999981
2155,-0.09999999999999981
2156,-0.09999999999999981
2157,-0.09999999999999981
2158,-0.09999999999999981
2159,-0.09999999999999981
2160,-0.09999999999999981
2161,-0.09999999999999981
2162,-0.09999999999999981
2163,-0.09999999999999981
2164,-0.09999999999999981
2165,-0.09999999999999981
2166,-0.09999999999999981
2167,-0.09999999999999981
2168,-0.09999999999999981
2169,-0.09999999999999981
2170,-0.09999999999999981
2171,-0.09999999999999981
2172,-0.09999999999999981
2173,-0.09999999999999981
2174,-0.09999999999999981
2175,-0.09999999999999981
2176,-0.09999999999999981
2177,-0.09999999999999981
2178,-0.09999999999999981
2179,-0.09999999999999981
2180,-0.09999999999999981
2181,-0.09999999999999981
2182,-0.09999999999999981
2183,-0.09999999999999981
2184,-0.09999999999999981
2185,-0.09999999999999981
2186,-0.09999999999999981
2187,-0.09999999999999981
2188,-0.09999999999999981
2189,-0.09999999999999981
2190,-0.09999999999999981
2191,-0.09999999999999981
2192,-0.09999999999999981
2193,-0.09999999999999981
2194,-0.09999999999999981
2195,-0.09999999999999981
2196,-0.09999999999999981
2197,-0.09999999999999981
2198,-0.09999999999999981
2199,-0.09999999999999981
2200,-0.09999999999999981
2201,-0.09999999999999981
2202,-0.09999999999999981
2203,-0.09999999999999981
2204,-0.09999999999999981
2205,-0.09999999999999981
2206,-0.09999999999999981
2207,-0.09999999999999981
2208,-0.09999999999999981
2209,-0.09999999999999981
2210,-0.09999999999999981
2211,-0.09999999999999981
2212,-0.09999999999999981
2213,-0.09999999999999981
2214,-0.09999999999999981
2215,-0.09999999999999981
2216,-0.09999999999999981
2217,-0.09999999999999981
2218,-0.09999999999999981
2219,-0.09999999999999981
2220,-0.09999999999999981
2221,-0.09999999999999981
2222,-0.09999999999999981
2223,-0.09999999999999981
2224,-0.09999999999999981
2225,-0.09999999999999981
2226,-0.09999999999999981
2227,-0.09999999999999981
2228,-0.09999999999999981
2229,-0.09999999999999981
2230,-0.09999999999999981
2231,-0.09999999999999981
2232,-0.09999999999999981
2233,-0.09999999999999981
2234,-0.09999999999999981
2235,-0.09999999999999981
2236,-0.09999999999999981
2237,-0.09999999999999981
2238,-0.09999999999999981
2239,-0.09999999999999981
2240,-0.09999999999999981
2241,-0.09999999999999981
2242,-0.09999999999999981
2243,-0.09999999999999981
2244,-0.09999999999999981
2245,-0.09999999999999981
2246,-0.09999999999999981
2247,-0.09999999999999981
2248,-0.09999999999999981
2249,-0.09999999999999981
2250,-0.09999999999999981
2251,-0.09999999999999981
2252,-0.09999999999999981
2253,-0.09999999999999981
2254,-0.09999999999999981
2255,-0.09999999999999981
2256,-0.09999999999999981
2257,-0.09999999999999981
2258,-0.09999999999999981
2259,-0.09999999999999981
2260,-0.09999999999999981
2261,-0.09999999999999981
2262,-0.09999999999999981
2263,-0.09999999999999981
2264,-0.09999999999999981
2265,-0.09999999999999981
2266,-0.09999999999999981
2267,-0.09999999999999981
2268,-0.09999999999999981
2269,-0.09999999999999981
2270,-0.09999999999999981
2271,-0.09999999999999981
2272,-0.09999999999999981
2273,-0.09999999999999981
2274,-0.09999999999999981
2275,-0.09999999999999981
2276,-0.09999999999999981
2277,-0.09999999999999981
2278,-0.09999999999999981
2279,-0.09999999999999981
2280,-0.09999999999999981
2281,-0.09999999999999981
2282,-0.09999999999999981
2283,-0.09999999999999981
2284,-0.09999999999999981
2285,-0.09999999999999981
2286,-0.09999999999999981
2287,-0.09999999999999981
2288,-0.09999999999999981
2289,-0.09999999999999981
2290,-0.09999999999999981
2291,-0.09999999999999981
2292,-0.09999999999999981
2293,-0.09999999999999981
2294,-0.09999999999999981
2295,-0.09999999999999981
2296,-0.09999999999999981
2297,-0.09999999999999981
2298,-0.09999999999999981
2299,-0.09999999999999981
2300,-0.09999999999999981
2301,-0.09999999999999981
2302,-0.09999999999999981
2303,-0.09999999999999981
2304,-0.09999999999999981
2305,-0.09999999999999981
2306,-0.09999999999999981
2307,-0.09999999999999981
2308,-0.09999999999999981
2309,-0.09999999999999981
2310,-0.09999999999999981
2311,-0.09999999999999981
2312,-0.09999999999999981
2313,-0.09999999999999981
2314,-0.09999999999999981
2315,-0.09999999999999981
2316,-0.09999999999999981
2317,-0.09999999999999981
2318,-0.09999999999999981
2319,-0.09999999999999981
2320,-0.09999999999999981
2321,-0.09999999999999981
2322,-0.09999999999999981
2323,-0.09999999999999981
2324,-0.09999999999999981
2325,-0.09999999999999981
2326,-0.09999999999999981
2327,-0.09999999999999981
2328,-0.09999999999999981
2329,-0.09999999999999981
2330,-0.09999999999999981
2331,-0.09999999999999981
2332,-0.09999999999999981
2333,-0.09999999999999981
2334,-0.09999999999999981
2335,-0.09999999999999981
2336,-0.09999999999999981
2337,-0.09999999999999981
2338,-0.09999999999999981
2339,-0.09999999999999981
2340,-0.09999999999999981
2341,-0.09999999999999981
2342,-0.09999999999999981
2343,-0.09999999999999981
2344,-0.09999999999999981
2345,-0.09999999999999981
2346,-0.09999999999999981
2347,-0.09999999999999981
2348,-0.09999999999999981
2349,-0.09999999999999981
2350,-0.09999999999999981
2351,-0.09999999999999981
2352,-0.09999999999999981
2353,-0.09999999999999981
2354,-0.09999999999999981
2355,-0.09999999999999981
2356,-0.09999999999999981
2357,-0.09999999999999981
2358,-0.09999999999999981
2359,-0.09999999999999981
2360,-0.09999999999999981
2361,-0.09999999999999981
2362,-0.09999999999999981
2363,-0.09999999999999981
2364,-0.09999999999999981
2365,-0.09999999999999981
2366,-0.09999999999999981
2367,-0.09999999999999981
2368,-0.09999999999999981
2369,-0.09999999999999981
2370,-0.09999999999999981
2371,-0.09999999999999981
2372,-0.09999999999999981
2373,-0.09999999999999981
2374,-0.09999999999999981
2375,-0.09999999999999981
2376,-0.09999999999999981
2377,-0.09999999999999981
2378,-0.09999999999999981
2379,-0.09999999999999981
2380,-0.09999999999999981
2381,-0.09999999999999981
2382,-0.09999999999999981
2383,-0.09999999999999981
2384,-0.09999999999999981
2385,-0.09999999999999981
2386,-0.09999999999999981
2387,-0.09999999999999981
2388,-0.09999999999999981
2389,-0.09999999999999981
2390,-0.09999999999999981
2391,-0.09999999999999981
2392,-0.09999999999999981
2393,-0.09999999999999981
2394,-0.09999999999999981
2395,-0.09999999999999981
2396,-0.09999999999999981
2397,-0.09999999999999981
2398,-0.09999999999999981
2399,-0.09999999999999981
2400,-0.09999999999999981
2401,-0.09999999999999981
2402,-0.09999999999999981
2403,-0.09999999999999981
2404,-0.09999999999999981
2405,-0.09999999999999981
2406,-0.09999999999999981
2407,-0.09999999999999981
2408,-0.09999999999999981
2409,-0.09999999999999981
2410,-0.09999999999999981
2411,-0.09999999999999981
2412,-0.09999999999999981
2413,-0.09999999999999981
2414,-0.09999999999999981
2415,-0.09999999999999981
2416,-0.09999999999999981
2417,-0.09999999999999981
2418,-0.09999999999999981
2419,-0.09999999999999981
2420,-0.09999999999999981
2421,-0.09999999999999981
2422,-0.09999999999999981
2423,-0.09999999999999981
2424,-0.09999999999999981
2425,-0.09999999999999981
2426,-0.09999999999999981
2427,-0.09999999999999981
2428,-0.09999999999999981
2429,-0.09999999999999981
2430,-0.09999999999999981
2431,-0.09999999999999981
2432,-0.09999999999999981
2433,-0.09999999999999981
2434,-0.09999999999999981
2435,-0.09999999999999981
2436,-0.09999999999999981
2437,-0.09999999999999981
2438,-0.09999999999999981
2439,-0.09999999999999981
2440,-0.09999999999999981
2441,-0.09999999999999981
2442,-0.09999999999999981
2443,-0.09999999999999981
2444,-0.09999999999999981
2445,-0.09999999999999981
2446,-0.09999999999999981
2447,-0.09999999999999981
2448,-0.09999999999999981
2449,-0.09999999999999981
2450,-0.09999999999999981
2451,-0.09999999999999981
2452,-0.09999999999999981
2453,-0.09999999999999981
2454,-0.09999999999999981
2455,-0.09999999999999981
2456,-0.09999999999999981
2457,-0.09999999999999981
2458,-0.09999999999999981
2459,-0.09999999999999981
2460,-0.09999999999999981
2461,-0.09999999999999981
2462,-0.09999999999999981
2463,-0.09999999999999981
2464,-0.09999999999999981
2465,-0.09999999999999981
2466,-0.09999999999999981
2467,-0.09999999999999981
2468,-0.09999999999999981
2469,-0.09999999999999981
2470,-0.09999999999999981
2471,-0.09999999999999981
2472,-0.09999999999999981
2473,-0.09999999999999981
2474,-0.09999999999999981
2475,-0.09999999999999981
2476,-0.09999999999999981
2477,-0.09999999999999981
2478,-0.09999999999999981
2479,-0.09999999999999981
2480,-0.09999999999999981
2481,-0.09999999999999981
2482,-0.09999999999999981
2483,-0.09999999999999981
2484,-0.09999999999999981
2485,-0.09999999999999981
2486,-0.09999999999999981
2487,-0.09999999999999981
2488,-0.09999999999999981
2489,-0.09999999999999981
2490,-0.09999999999999981
2491,-0.09999999999999981
2492,-0.09999999999999981
2493,-0.09999999999999981
2494,-0.09999999999999981
2495,-0.09999999999999981
2496,-0.09999999999999981
2497,-0.09999999999999981
2498,-0.09999999999999981
2499,-0.09999999999999981
2500,-0.09999999999999981
2501,-0.09999999999999981
2502,-0.09999999999999981
2503,-0.09999999999999981
2504,-0.09999999999999981
2505,-0.09999999999999981
2506,-0.09999999999999981
2507,-0.09999999999999981
2508,-0.09999999999999981
2509,-0.09999999999999981
2510,-0.09999999999999981
2511,-0.09999999999999981
2512,-0.09999999999999981
2513,-0.09999999999999981
2514,-0.09999999999999981
2515,-0.09999999999999981
2516,-0.09999999999999981
2517,-0.09999999999999981
2518,-0.09999999999999981
2519,-0.09999999999999981
2520,-0.09999999999999981
2521,-0.09999999999999981
2522,-0.09999999999999981
2523,-0.09999999999999981
2524,-0.09999999999999981
2525,-0.09999999999999981
2526,-0.09999999999999981
2527,-0.09999999999999981
2528,-0.09999999999999981
2529,-0.09999999999999981
2530,-0.09999999999999981
2531,-0.09999999999999981
2532,-0.09999999999999981
2533,-0.09999999999999981
2534,-0.09999999999999981
2535,-0.09999999999999981
2536,-0.09999999999999981
2537,-0.09999999999999981
2538,-0.09999999999999981
2539,-0.09999999999999981
2540,-0.09999999999999981
2541,-0.09999999999999981
2542,-0.09999999999999981
2543,-0.09999999999999981
2544,-0.09999999999999981
2545,-0.09999999999999981
2546,-0.09999999999999981
2547,-0.09999999999999981
2548,-0.09999999999999981
2549,-0.09999999999999981
2550,-0.09999999999999981
2551,-0.09999999999999981
2552,-0.09999999999999981
2553,-0.09999999999999981
2554,-0.09999999999999981
2555,-0.09999999999999981
2556,-0.09999999999999981
2557,-0.09999999999999981
2558,-0.09999999999999981
2559,-0.09999999999999981
2560,-0.09999999999999981
2561,-0.09999999999999981
2562,-0.09999999999999981
2563,-0.09999999999999981
2564,-0.09999999999999981
2565,-0.09999999999999981
2566,-0.09999999999999981
2567,-0.09999999999999981
2568,-0.09999999999999981
2569,-0.09999999999999981
2570,-0.09999999999999981
2571,-0.09999999999999981
2572,-0.09999999999999981
2573,-0.09999999999999981
2574,-0.09999999999999981
2575,-0.09999999999999981
2576,-0.09999999999999981
2577,-0.09999999999999981
2578,-0.09999999999999981
2579,-0.09999999999999981
2580,-0.09999999999999981
2581,-0.09999999999999981
2582,-0.09999999999999981
2583,-0.09999999999999981
2584,-0.09999999999999981
2585,-0.09999999999999981
2586,-0.09999999999999981
2587,-0.09999999999999981
2588,-0.09999999999999981
2589,-0.09999999999999981
2590,-0.09999999999999981
2591,-0.09999999999999981
2592,-0.09999999999999981
2593,-0.09999999999999981
2594,-0.09999999999999981
2595,-0.09999999999999981
2596,-0.09999999999999981
2597,-0.09999999999999981
2598,-0.09999999999999981
2599,-0.09999999999999981
2600,-0.09999999999999981
2601,-0.09999999999999981
2602,-0.09999999999999981
2603,-0.09999999999999981
2604,-0.09999999999999981
2605,-0.09999999999999981
2606,-0.09999999999999981
2607,-0.09999999999999981
2608,-0.09999999999999981
2609,-0.09999999999999981
2610,-0.09999999999999981
2611,-0.09999999999999981
2612,-0.09999999999999981
2613,-0.09999999999999981
2614,-0.09999999999999981
2615,-0.09999999999999981
2616,-0.09999999999999981
2617,-0.09999999999999981
2618,-0.09999999999999981
2619,-0.09999999999999981
2620,-0.09999999999999981
2621,-0.09999999999999981
2622,-0.09999999999999981
2623,-0.09999999999999981
2624,-0.09999999999999981
2625,-0.09999999999999981
2626,-0.09999999999999981
2627,-0.09999999999999981
2628,-0.09999999999999981
2629,-0.09999999999999981
2630,-0.09999999999999981
2631,-0.09999999999999981
2632,-0.09999999999999981
2633,-0.09999999999999981
2634,-0.09999999999999981
2635,-0.09999999999999981
2636,-0.09999999999999981
2637,-0.09999999999999981
2638,-0.09999999999999981
2639,-0.09999999999999981
2640,-0.09999999999999981
2641,-0.09999999999999981
2642,-0.09999999999999981
2643,-0.09999999999999981
2644,-0.09999999999999981
2645,-0.09999999999999981
2646,-0.09999999999999981
2647,-0.09999999999999981
2648,-0.09999999999999981
2649,-0.09999999999999981
2650,-0.09999999999999981
2651,-0.09999999999999981
2652,-0.09999999999999981
2653,-0.09999999999999981
2654,-0.09999999999999981
2655,-0.09999999999999981
2656,-0.09999999999999981
2657,-0.09999999999999981
2658,-0.09999999999999981
2659,-0.09999999999999981
2660,-0.09999999999999981
2661,-0.09999999999999981
2662,-0.09999999999999981
2663,-0.09999999999999981
2664,-0.09999999999999981
2665,-0.09999999999999981
2666,-0.09999999999999981
2667,-0.09999999999999981
2668,-0.09999999999999981
2669,-0.09999999999999981
2670,-0.09999999999999981
2671,-0.09999999999999981
2672,-0.09999999999999981
2673,-0.09999999999999981
2674,-0.09999999999999981
2675,-0.09999999999999981
2676,-0.09999999999999981
2677,-0.09999999999999981
2678,-0.09999999999999981
2679,-0.09999999999999981
2680,-0.09999999999999981
2681,-0.09999999999999981
2682,-0.09999999999999981
2683,-0.09999999999999981
2684,-0.09999999999999981
2685,-0.09999999999999981
2686,-0.09999999999999981
2687,-0.09999999999999981
2688,-0.09999999999999981
2689,-0.09999999999999981
2690,-0.09999999999999981
2691,-0.09999999999999981
2692,-0.09999999999999981
2693,-0.09999999999999981
2694,-0.09999999999999981
2695,-0.09999999999999981
2696,-0.09999999999999981
2697,-0.09999999999999981
2698,-0.09999999999999981
2699,-0.09999999999999981
2700,-0.09999999999999981
2701,-0.09999999999999981
2702,-0.09999999999999981
2703,-0.09999999999999981
2704,-0.09999999999999981
2705,-0.09999999999999981
2706,-0.09999999999999981
2707,-0.09999999999999981
2708,-0.09999999999999981
2709,-0.09999999999999981
2710,-0.09999999999999981
2711,-0.09999999999999981
2712,-0.09999999999999981
2713,-0.09999999999999981
2714,-0.09999999999999981
2715,-0.09999999999999981
2716,-0.09999999999999981
2717,-0.09999999999999981
2718,-0.09999999999999981
2719,-0.09999999999999981
2720,-0.09999999999999981
2721,-0.09999999999999981
2722,-0.09999999999999981
2723,-0.09999999999999981
2724,-0.09999999999999981
2725,-0.09999999999999981
2726,-0.09999999999999981
2727,-0.09999999999999981
2728,-0.09999999999999981
2729,-0.09999999999999981
2730,-0.09999999999999981
2731,-0.09999999999999981
2732,-0.09999999999999981
2733,-0.09999999999999981
2734,-0.09999999999999981
2735,-0.09999999999999981
2736,-0.09999999999999981
2737,-0.09999999999999981
2738,-0.09999999999999981
2739,-0.09999999999999981
2740,-0.09999999999999981
2741,-0.09999999999999981
2742,-0.09999999999999981
2743,-0.09999999999999981
2744,-0.09999999999999981
2745,-0.09999999999999981
2746,-0.09999999999999981
2747,-0.09999999999999981
2748,-0.09999999999999981
2749,-0.09999999999999981
2750,-0.09999999999999981
2751,-0.09999999999999981
2752,-0.09999999999999981
2753,-0.09999999999999981
2754,-0.09999999999999981
2755,-0.09999999999999981
2756,-0.09999999999999981
2757,-0.09999999999999981
2758,-0.09999999999999981
2759,-0.09999999999999981
2760,-0.09999999999999981
2761,-0.09999999999999981
2762,-0.09999999999999981
2763,-0.09999999999999981
2764,-0.09999999999999981
2765,-0.09999999999999981
2766,-0.09999999999999981
2767,-0.09999999999999981
2768,-0.09999999999999981
2769,-0.09999999999999981
2770,-0.09999999999999981
2771,-0.09999999999999981
2772,-0.09999999999999981
2773,-0.09999999999999981
2774,-0.09999999999999981
2775,-0.09999999999999981
2776,-0.09999999999999981
2777,-0.09999999999999981
2778,-0.09999999999999981
2779,-0.09999999999999981
2780,-0.09999999999999981
2781,-0.09999999999999981
2782,-0.09999999999999981
2783,-0.09999999999999981
2784,-0.09999999999999981
2785,-0.09999999999999981
2786,-0.09999999999999981
2787,-0.09999999999999981
2788,-0.09999999999999981
2789,-0.09999999999999981
2790,-0.09999999999999981
2791,-0.09999999999999981
2792,-0.09999999999999981
2793,-0.09999999999999981
2794,-0.09999999999999981
2795,-0.09999999999999981
2796,-0.09999999999999981
2797,-0.09999999999999981
2798,-0.09999999999999981
2799,-0.09999999999999981
2800,-0.09999999999999981
2801,-0.09999999999999981
2802,-0.09999999999999981
2803,-0.09999999999999981
2804,-0.09999999999999981
2805,-0.09999999999999981
2806,-0.09999999999999981
2807,-0.09999999999999981
2808,-0.09999999999999981
2809,-0.09999999999999981
2810,-0.09999999999999981
2811,-0.09999999999999981
2812,-0.09999999999999981
2813,-0.09999999999999981
2814,-0.09999999999999981
2815,-0.09999999999999981
2816,-0.09999999999999981
2817,-0.09999999999999981
2818,-0.09999999999999981
2819,-0.09999999999999981
2820,-0.09999999999999981
2821,-0.09999999999999981
2822,-0.09999999999999981
2823,-0.09999999999999981
2824,-0.09999999999999981
2825,-0.09999999999999981
2826,-0.09999999999999981
2827,-0.09999999999999981
2828,-0.09999999999999981
2829,-0.09999999999999981
2830,-0.09999999999999981
2831,-0.09999999999999981
2832,-0.09999999999999981
2833,-0.09999999999999981
2834,-0.09999999999999981
2835,-0.09999999999999981
2836,-0.09999999999999981
2837,-0.09999999999999981
2838,-0.09999999999999981
2839,-0.09999999999999981
2840,-0.09999999999999981
2841,-0.09999999999999981
2842,-0.09999999999999981
2843,-0.09999999999999981
2844,-0.09999999999999981
2845,-0.09999999999999981
2846,-0.09999999999999981
2847,-0.09999999999999981
2848,-0.09999999999999981
2849,-0.09999999999999981
2850,-0.09999999999999981
2851,-0.09999999999999981
2852,-0.09999999999999981
2853,-0.09999999999999981
2854,-0.09999999999999981
2855,-0.09999999999999981
2856,-0.09999999999999981
2857,-0.09999999999999981
2858,-0.09999999999999981
2859,-0.09999999999999981
2860,-0.09999999999999981
2861,-0.09999999999999981
2862,-0.09999999999999981
2863,-0.09999999999999981
2864,-0.09999999999999981
2865,-0.09999999999999981
2866,-0.09999999999999981
2867,-0.09999999999999981
2868,-0.09999999999999981
2869,-0.09999999999999981
2870,-0.09999999999999981
2871,-0.09999999999999981
2872,-0.09999999999999981
2873,-0.09999999999999981
2874,-0.09999999999999981
2875,-0.09999999999999981
2876,-0.09999999999999981
2877,-0.09999999999999981
2878,-0.09999999999999981
2879,-0.09999999999999981
2880,-0.09999999999999981
2881,-0.09999999999999981
2882,-0.09999999999999981
2883,-0.09999999999999981
2884,-0.09999999999999981
2885,-0.09999999999999981
2886,-0.09999999999999981
2887,-0.09999999999999981
2888,-0.09999999999999981
2889,-0.09999999999999981
2890,-0.09999999999999981
2891,-0.09999999999999981
2892,-0.09999999999999981
2893,-0.09999999999999981
2894,-0.09999999999999981
2895,-0.09999999999999981
2896,-0.09999999999999981
2897,-0.09999999999999981
2898,-0.09999999999999981
2899,-0.09999999999999981
2900,-0.09999999999999981
2901,-0.09999999999999981
2902,-0.09999999999999981
2903,-0.09999999999999981
2904,-0.09999999999999981
2905,-0.09999999999999981
2906,-0.09999999999999981
2907,-0.09999999999999981
2908,-0.09999999999999981
2909,-0.09999999999999981
2910,-0.09999999999999981
2911,-0.09999999999999981
2912,-0.09999999999999981
2913,-0.09999999999999981
2914,-0.09999999999999981
2915,-0.09999999999999981
2916,-0.09999999999999981
2917,-0.09999999999999981
2918,-0.09999999999999981
2919,-0.09999999999999981
2920,-0.09999999999999981
2921,-0.09999999999999981
2922,-0.09999999999999981
2923,-0.09999999999999981
2924,-0.09999999999999981
2925,-0.09999999999999981
2926,-0.09999999999999981
2927,-0.09999999999999981
2928,-0.09999999999999981
2929,-0.09999999999999981
2930,-0.09999999999999981
2931,-0.09999999999999981
2932,-0.09999999999999981
2933,-0.09999999999999981
2934,-0.09999999999999981
2935,-0.09999999999999981
2936,-0.09999999999999981
2937,-0.09999999999999981
2938,-0.09999999999999981
2939,-0.09999999999999981
2940,-0.09999999999999981
2941,-0.09999999999999981
2942,-0.09999999999999981
2943,-0.09999999999999981
2944,-0.09999999999999981
2945,-0.09999999999999981
2946,-0.09999999999999981
2947,-0.09999999999999981
2948,-0.09999999999999981
2949,-0.09999999999999981
2950,-0.09999999999999981
2951,-0.09999999999999981
2952,-0.09999999999999981
2953,-0.09999999999999981
2954,-0.09999999999999981
2955,-0.09999999999999981
2956,-0.09999999999999981
2957,-0.09999999999999981
2958,-0.09999999999999981
2959,-0.09999999999999981
2960,-0.09999999999999981
2961,-0.09999999999999981
2962,-0.09999999999999981
2963,-0.09999999999999981
2964,-0.09999999999999981
2965,-0.09999999999999981
2966,-0.09999999999999981
2967,-0.09999999999999981
2968,-0.09999999999999981
2969,-0.09999999999999981
2970,-0.09999999999999981
2971,-0.09999999999999981
2972,-0.09999999999999981
2973,-0.09999999999999981
2974,-0.09999999999999981
2975,-0.09999999999999981
2976,-0.09999999999999981
2977,-0.09999999999999981
2978,-0.09999999999999981
2979,-0.09999999999999981
2980,-0.09999999999999981
2981,-0.09999999999999981
2982,-0.09999999999999981
2983,-0.09999999999999981
2984,-0.09999999999999981
2985,-0.09999999999999981
2986,-0.09999999999999981
2987,-0.09999999999999981
2988,-0.09999999999999981
2989,-0.09999999999999981
2990,-0.09999999999999981
2991,-0.09999999999999981
2992,-0.09999999999999981
2993,-0.09999999999999981
2994,-0.09999999999999981
2995,-0.09999999999999981
2996,-0.09999999999999981
2997,-0.09999999999999981
2998,-0.09999999999999981
2999,-0.09999999999999981
3000,-0.09999999999999981
3001,-0.09999999999999981
3002,-0.09999999999999981
3003,-0.09999999999999981
3004,-0.09999999999999981
3005,-0.09999999999999981
3006,-0.09999999999999981
3007,-0.09999999999999981
3008,-0.09999999999999981
3009,-0.09999999999999981
3010,-0.09999999999999981
3011,-0.09999999999999981
3012,-0.09999999999999981
3013,-0.09999999999999981
3014,-0.09999999999999981
3015,-0.09999999999999981
3016,-0.09999999999999981
3017,-0.09999999999999981
3018,-0.09999999999999981
3019,-0.09999999999999981
3020,-0.09999999999999981
3021,-0.09999999999999981
3022,-0.09999999999999981
3023,-0.09999999999999981
3024,-0.09999999999999981
3025,-0.09999999999999981
3026,-0.09999999999999981
3027,-0.09999999999999981
3028,-0.09999999999999981
3029,-0.09999999999999981
3030,-0.09999999999999981
3031,-0.09999999999999981
3032,-0.09999999999999981
3033,-0.09999999999999981
3034,-0.09999999999999981
3035,-0.09999999999999981
3036,-0.09999999999999981
3037,-0.09999999999999981
3038,-0.09999999999999981
3039,-0.09999999999999981
3040,-0.09999999999999981
3041,-0.09999999999999981
3042,-0.09999999999999981
3043,-0.09999999999999981
3044,-0.09999999999999981
3045,-0.09999999999999981
3046,-0.09999999999999981
3047,-0.09999999999999981
3048,-0.09999999999999981
3049,-0.09999999999999981
3050,-0.09999999999999981
3051,-0.09999999999999981
3052,-0.09999999999999981
3053,-0.09999999999999981
3054,-0.09999999999999981
3055,-0.09999999999999981
3056,-0.09999999999999981
3057,-0.09999999999999981
3058,-0.09999999999999981
3059,-0.09999999999999981
3060,-0.09999999999999981
3061,-0.09999999999999981
3062,-0.09999999999999981
3063,-0.09999999999999981
3064,-0.09999999999999981
3065,-0.09999999999999981
3066,-0.09999999999999981
3067,-0.09999999999999981
3068,-0.09999999999999981
3069,-0.09999999999999981
3070,-0.09999999999999981
3071,-0.09999999999999981
3072,-0.09999999999999981
3073,-0.09999999999999981
3074,-0.09999999999999981
3075,-0.09999999999999981
3076,-0.09999999999999981
3077,-0.09999999999999981
3078,-0.09999999999999981
3079,-0.09999999999999981
3080,-0.09999999999999981
3081,-0.09999999999999981
3082,-0.09999999999999981
3083,-0.09999999999999981
3084,-0.09999999999999981
3085,-0.09999999999999981
3086,-0.09999999999999981
3087,-0.09999999999999981
3088,-0.09999999999999981
3089,-0.09999999999999981
3090,-0.09999999999999981
3091,-0.09999999999999981
3092,-0.09999999999999981
3093,-0.09999999999999981
3094,-0.09999999999999981
3095,-0.09999999999999981
3096,-0.09999999999999981
3097,-0.09999999999999981
3098,-0.09999999999999981
3099,-0.09999999999999981
3100,-0.09999999999999981
3101,-0.09999999999999981
3102,-0.09999999999999981
3103,-0.09999999999999981
3104,-0.09999999999999981
3105,-0.09999999999999981
3106,-0.09999999999999981
3107,-0.09999999999999981
3108,-0.09999999999999981
3109,-0.09999999999999981
3110,-0.09999999999999981
3111,-0.09999999999999981
3112,-0.09999999999999981
3113,-0.09999999999999981
3114,-0.09999999999999981
3115,-0.09999999999999981
3116,-0.09999999999999981
3117,-0.09999999999999981
3118,-0.09999999999999981
3119,-0.09999999999999981
3120,-0.09999999999999981
3121,-0.09999999999999981
3122,-0.09999999999999981
3123,-0.09999999999999981
3124,-0.09999999999999981
3125,-0.09999999999999981
3126,-0.09999999999999981
3127,-0.09999999999999981
3128,-0.09999999999999981
3129,-0.09999999999999981
3130,-0.09999999999999981
3131,-0.09999999999999981
3132,-0.09999999999999981
3133,-0.09999999999999981
3134,-0.09999999999999981
3135,-0.09999999999999981
3136,-0.09999999999999981
3137,-0.09999999999999981
3138,-0.09999999999999981
3139,-0.09999999999999981
3140,-0.09999999999999981
3141,-0.09999999999999981
3142,-0.09999999999999981
3143,-0.09999999999999981
3144,-0.09999999999999981
3145,-0.09999999999999981
3146,-0.09999999999999981
3147,-0.09999999999999981
3148,-0.09999999999999981
3149,-0.09999999999999981
3150,-0.09999999999999981
3151,-0.09999999999999981
3152,-0.09999999999999981
3153,-0.09999999999999981
3154,-0.09999999999999981
3155,-0.09999999999999981
3156,-0.09999999999999981
3157,-0.09999999999999981
3158,-0.09999999999999981
3159,-0.09999999999999981
3160,-0.09999999999999981
3161,-0.09999999999999981
3162,-0.09999999999999981
3163,-0.09999999999999981
3164,-0.09999999999999981
3165,-0.09999999999999981
3166,-0.09999999999999981
3167,-0.09999999999999981
3168,-0.09999999999999981
3169,-0.09999999999999981
3170,-0.09999999999999981
3171,-0.09999999999999981
3172,-0.09999999999999981
3173,-0.09999999999999981
3174,-0.09999999999999981
3175,-0.09999999999999981
3176,-0.09999999999999981
3177,-0.09999999999999981
3178,-0.09999999999999981
3179,-0.09999999999999981
3180,-0.09999999999999981
3181,-0.09999999999999981
3182,-0.09999999999999981
3183,-0.09999999999999981
3184,-0.09999999999999981
3185,-0.09999999999999981
3186,-0.09999999999999981
3187,-0.09999999999999981
3188,-0.09999999999999981
3189,-0.09999999999999981
3190,-0.09999999999999981
3191,-0.09999999999999981
3192,-0.09999999999999981
3193,-0.09999999999999981
3194,-0.09999999999999981
3195,-0.09999999999999981
3196,-0.09999999999999981
3197,-0.09999999999999981
3198,-0.09999999999999981
3199,-0.09999999999999981
3200,-0.09999999999999981
3201,-0.09999999999999981
3202,-0.09999999999999981
3203,-0.09999999999999981
3204,-0.09999999999999981
3205,-0.09999999999999981
3206,-0.09999999999999981
3207,-0.09999999999999981
3208,-0.09999999999999981
3209,-0.09999999999999981
3210,-0.09999999999999981
3211,-0.09999999999999981
3212,-0.09999999999999981
3213,-0.09999999999999981
3214,-0.09999999999999981
3215,-0.09999999999999981
3216,-0.09999999999999981
3217,-0.09999999999999981
3218,-0.09999999999999981
3219,-0.09999999999999981
3220,-0.09999999999999981
3221,-0.09999999999999981
3222,-0.09999999999999981
3223,-0.09999999999999981
3224,-0.09999999999999981
3225,-0.09999999999999981
3226,-0.09999999999999981
3227,-0.09999999999999981
3228,-0.09999999999999981
3229,-0.09999999999999981
3230,-0.09999999999999981
3231,-0.09999999999999981
3232,-0.09999999999999981
3233,-0.09999999999999981
3234,-0.09999999999999981
3235,-0.09999999999999981
3236,-0.09999999999999981
3237,-0.09999999999999981
3238,-0.09999999999999981
3239,-0.09999999999999981
3240,-0.09999999999999981
3241,-0.09999999999999981
3242,-0.09999999999999981
3243,-0.09999999999999981
3244,-0.09999999999999981
3245,-0.09999999999999981
3246,-0.09999999999999981
3247,-0.09999999999999981
3248,-0.09999999999999981
3249,-0.09999999999999981
3250,-0.09999999999999981
3251,-0.09999999999999981
3252,-0.09999999999999981
3253,-0.09999999999999981
3254,-0.09999999999999981
3255,-0.09999999999999981
3256,-0.09999999999999981
3257,-0.09999999999999981
3258,-0.09999999999999981
3259,-0.09999999999999981
3260,-0.09999999999999981
3261,-0.09999999999999981
3262,-0.09999999999999981
3263,-0.09999999999999981
3264,-0.09999999999999981
3265,-0.09999999999999981
3266,-0.09999999999999981
3267,-0.09999999999999981
3268,-0.09999999999999981
3269,-0.09999999999999981
3270,-0.09999999999999981
3271,-0.09999999999999981
3272,-0.09999999999999981
3273,-0.09999999999999981
3274,-0.09999999999999981
3275,-0.09999999999999981
3276,-0.09999999999999981
3277,-0.09999999999999981
3278,-0.09999999999999981
3279,-0.09999999999999981
3280,-0.09999999999999981
3281,-0.09999999999999981
3282,-0.09999999999999981
3283,-0.09999999999999981
3284,-0.09999999999999981
3285,-0.09999999999999981
3286,-0.09999999999999981
3287,-0.09999999999999981
3288,-0.09999999999999981
3289,-0.09999999999999981
3290,-0.09999999999999981
3291,-0.09999999999999981
3292,-0.09999999999999981
3293,-0.09999999999999981
3294,-0.09999999999999981
3295,-0.09999999999999981
3296,-0.09999999999999981
3297,-0.09999999999999981
3298,-0.09999999999999981
3299,-0.09999999999999981
3300,-0.09999999999999981
3301,-0.09999999999999981
3302,-0.09999999999999981
3303,-0.09999999999999981
3304,-0.09999999999999981
3305,-0.09999999999999981
3306,-0.09999999999999981
3307,-0.09999999999999981
3308,-0.09999999999999981
3309,-0.09999999999999981
3310,-0.09999999999999981
3311,-0.09999999999999981
3312,-0.09999999999999981
3313,-0.09999999999999981
3314,-0.09999999999999981
3315,-0.09999999999999981
3316,-0.09999999999999981
3317,-0.09999999999999981
3318,-0.09999999999999981
3319,-0.09999999999999981
3320,-0.09999999999999981
3321,-0.09999999999999981
3322,-0.09999999999999981
3323,-0.09999999999999981
3324,-0.09999999999999981
3325,-0.09999999999999981
3326,-0.09999999999999981
3327,-0.09999999999999981
3328,-0.09999999999999981
3329,-0.09999999999999981
3330,-0.09999999999999981
3331,-0.09999999999999981
3332,-0.09999999999999981
3333,-0.09999999999999981
3334,-0.09999999999999981
3335,-0.09999999999999981
3336,-0.09999999999999981
3337,-0.09999999999999981
3338,-0.09999999999999981
3339,-0.09999999999999981
3340,-0.09999999999999981
3341,-0.09999999999999981
3342,-0.09999999999999981
3343,-0.09999999999999981
3344,-0.09999999999999981
3345,-0.09999999999999981
3346,-0.09999999999999981
3347,-0.09999999999999981
3348,-0.09999999999999981
3349,-0.09999999999999981
3350,-0.09999999999999981
3351,-0.09999999999999981
3352,-0.09999999999999981
3353,-0.09999999999999981
3354,-0.09999999999999981
3355,-0.09999999999999981
3356,-0.09999999999999981
3357,-0.09999999999999981
3358,-0.09999999999999981
3359,-0.09999999999999981
3360,-0.09999999999999981
3361,-0.09999999999999981
3362,-0.09999999999999981
3363,-0.09999999999999981
3364,-0.09999999999999981
3365,-0.09999999999999981
3366,-0.09999999999999981
3367,-0.09999999999999981
3368,-0.09999999999999981
3369,-0.09999999999999981
3370,-0.09999999999999981
3371,-0.09999999999999981
3372,-0.09999999999999981
3373,-0.09999999999999981
3374,-0.09999999999999981
3375,-0.09999999999999981
3376,-0.09999999999999981
3377,-0.09999999999999981
3378,-0.09999999999999981
3379,-0.09999999999999981
3380,-0.09999999999999981
3381,-0.09999999999999981
3382,-0.09999999999999981
3383,-0.09999999999999981
3384,-0.09999999999999981
3385,-0.09999999999999981
3386,-0.09999999999999981
3387,-0.09999999999999981
3388,-0.09999999999999981
3389,-0.09999999999999981
3390,-0.09999999999999981
3391,-0.09999999999999981
3392,-0.09999999999999981
3393,-0.09999999999999981
3394,-0.09999999999999981
3395,-0.09999999999999981
3396,-0.09999999999999981
3397,-0.09999999999999981
3398,-0.09999999999999981
3399,-0.09999999999999981
3400,-0.09999999999999981
3401,-0.09999999999999981
3402,-0.09999999999999981
3403,-0.09999999999999981
3404,-0.09999999999999981
3405,-0.09999999999999981
3406,-0.09999999999999981
3407,-0.09999999999999981
3408,-0.09999999999999981
3409,-0.09999999999999981
3410,-0.09999999999999981
3411,-0.09999999999999981
3412,-0.09999999999999981
3413,-0.09999999999999981
3414,-0.09999999999999981
3415,-0.09999999999999981
3416,-0.09999999999999981
3417,-0.09999999999999981
3418,-0.09999999999999981
3419,-0.09999999999999981
3420,-0.09999999999999981
3421,-0.09999999999999981
3422,-0.09999999999999981
3423,-0.09999999999999981
3424,-0.09999999999999981
3425,-0.09999999999999981
3426,-0.09999999999999981
3427,-0.09999999999999981
3428,-0.09999999999999981
3429,-0.09999999999999981
3430,-0.09999999999999981
3431,-0.09999999999999981
3432,-0.09999999999999981
3433,-0.09999999999999981
3434,-0.09999999999999981
3435,-0.09999999999999981
3436,-0.09999999999999981
3437,-0.09999999999999981
3438,-0.09999999999999981
3439,-0.09999999999999981
3440,-0.09999999999999981
3441,-0.09999999999999981
3442,-0.09999999999999981
3443,-0.09999999999999981
3444,-0.09999999999999981
3445,-0.09999999999999981
3446,-0.09999999999999981
3447,-0.09999999999999981
3448,-0.09999999999999981
3449,-0.09999999999999981
3450,-0.09999999999999981
3451,-0.09999999999999981
3452,-0.09999999999999981
3453,-0.09999999999999981
3454,-0.09999999999999981
3455,-0.09999999999999981
3456,-0.09999999999999981
3457,-0.09999999999999981
3458,-0.09999999999999981
3459,-0.09999999999999981
3460,-0.09999999999999981
3461,-0.09999999999999981
3462,-0.09999999999999981
3463,-0.09999999999999981
3464,-0.09999999999999981
3465,-0.09999999999999981
3466,-0.09999999999999981
3467,-0.09999999999999981
3468,-0.09999999999999981
3469,-0.09999999999999981
3470,-0.09999999999999981
3471,-0.09999999999999981
3472,-0.09999999999999981
3473,-0.09999999999999981
3474,-0.09999999999999981
3475,-0.09999999999999981
3476,-0.09999999999999981
3477,-0.09999999999999981
3478,-0.09999999999999981
3479,-0.09999999999999981
3480,-0.09999999999999981
3481,-0.09999999999999981
3482,-0.09999999999999981
3483,-0.09999999999999981
3484,-0.09999999999999981
3485,-0.09999999999999981
3486,-0.09999999999999981
3487,-0.09999999999999981
3488,-0.09999999999999981
3489,-0.09999999999999981
3490,-0.09999999999999981
3491,-0.09999999999999981
3492,-0.09999999999999981
3493,-0.09999999999999981
3494,-0.09999999999999981
3495,-0.09999999999999981
3496,-0.09999999999999981
3497,-0.09999999999999981
3498,-0.09999999999999981
3499,-0.09999999999999981
3500,-0.09999999999999981
3501,-0.09999999999999981
3502,-0.09999999999999981
3503,-0.09999999999999981
3504,-0.09999999999999981
3505,-0.09999999999999981
3506,-0.09999999999999981
3507,-0.09999999999999981
3508,-0.09999999999999981
3509,-0.09999999999999981
3510,-0.09999999999999981
3511,-0.09999999999999981
3512,-0.09999999999999981
3513,-0.09999999999999981
3514,-0.09999999999999981
3515,-0.09999999999999981
3516,-0.09999999999999981
3517,-0.09999999999999981
3518,-0.09999999999999981
3519,-0.09999999999999981
3520,-0.09999999999999981
3521,-0.09999999999999981
3522,-0.09999999999999981
3523,-0.09999999999999981
3524,-0.09999999999999981
3525,-0.09999999999999981
3526,-0.09999999999999981
3527,-0.09999999999999981
3528,-0.09999999999999981
3529,-0.09999999999999981
3530,-0.09999999999999981
3531,-0.09999999999999981
3532,-0.09999999999999981
3533,-0.09999999999999981
3534,-0.09999999999999981
3535,-0.09999999999999981
3536,-0.09999999999999981
3537,-0.09999999999999981
3538,-0.09999999999999981
3539,-0.09999999999999981
3540,-0.09999999999999981
3541,-0.09999999999999981
3542,-0.09999999999999981
3543,-0.09999999999999981
3544,-0.09999999999999981
3545,-0.09999999999999981
3546,-0.09999999999999981
3547,-0.09999999999999981
3548,-0.09999999999999981
3549,-0.09999999999999981
3550,-0.09999999999999981
3551,-0.09999999999999981
3552,-0.09999999999999981
3553,-0.09999999999999981
3554,-0.09999999999999981
3555,-0.09999999999999981
3556,-0.09999999999999981
3557,-0.09999999999999981
3558,-0.09999999999999981
3559,-0.09999999999999981
3560,-0.09999999999999981
3561,-0.09999999999999981
3562,-0.09999999999999981
3563,-0.09999999999999981
3564,-0.09999999999999981
3565,-0.09999999999999981
3566,-0.09999999999999981
3567,-0.09999999999999981
3568,-0.09999999999999981
3569,-0.09999999999999981
3570,-0.09999999999999981
3571,-0.09999999999999981
3572,-0.09999999999999981
3573,-0.09999999999999981
3574,-0.09999999999999981
3575,-0.09999999999999981
3576,-0.09999999999999981
3577,-0.09999999999999981
3578,-0.09999999999999981
3579,-0.09999999999999981
3580,-0.09999999999999981
3581,-0.09999999999999981
3582,-0.09999999999999981
3583,-0.09999999999999981
3584,-0.09999999999999981
3585,-0.09999999999999981
3586,-0.09999999999999981
3587,-0.09999999999999981
3588,-0.09999999999999981
3589,-0.09999999999999981
3590,-0.09999999999999981
3591,-0.09999999999999981
3592,-0.09999999999999981
3593,-0.09999999999999981
3594,-0.09999999999999981
3595,-0.09999999999999981
3596,-0.09999999999999981
3597,-0.09999999999999981
3598,-0.09999999999999981
3599,-0.09999999999999981
3600,-0.09999999999999981
3601,-0.09999999999999981
3602,-0.09999999999999981
3603,-0.09999999999999981
3604,-0.09999999999999981
3605,-0.09999999999999981
3606,-0.09999999999999981
3607,-0.09999999999999981
3608,-0.09999999999999981
3609,-0.09999999999999981
3610,-0.09999999999999981
3611,-0.09999999999999981
3612,-0.09999999999999981
3613,-0.09999999999999981
3614,-0.09999999999999981
3615,-0.09999999999999981
3616,-0.09999999999999981
3617,-0.09999999999999981
3618,-0.09999999999999981
3619,-0.09999999999999981
3620,-0.09999999999999981
3621,-0.09999999999999981
3622,-0.09999999999999981
3623,-0.09999999999999981
3624,-0.09999999999999981
3625,-0.09999999999999981
3626,-0.09999999999999981
3627,-0.09999999999999981
3628,-0.09999999999999981
3629,-0.09999999999999981
3630,-0.09999999999999981
3631,-0.09999999999999981
3632,-0.09999999999999981
3633,-0.09999999999999981
3634,-0.09999999999999981
3635,-0.09999999999999981
3636,-0.09999999999999981
3637,-0.09999999999999981
3638,-0.09999999999999981
3639,-0.09999999999999981
3640,-0.09999999999999981
3641,-0.09999999999999981
3642,-0.09999999999999981
3643,-0.09999999999999981
3644,-0.09999999999999981
3645,-0.09999999999999981
3646,-0.09999999999999981
3647,-0.09999999999999981
3648,-0.09999999999999981
3649,-0.09999999999999981
3650,-0.09999999999999981
3651,-0.09999999999999981
3652,-0.09999999999999981
3653,-0.09999999999999981
3654,-0.09999999999999981
3655,-0.09999999999999981
3656,-0.09999999999999981
3657,-0.09999999999999981
3658,-0.09999999999999981
3659,-0.09999999999999981
3660,-0.09999999999999981
3661,-0.09999999999999981
3662,-0.09999999999999981
3663,-0.09999999999999981
3664,-0.09999999999999981
3665,-0.09999999999999981
3666,-0.09999999999999981
3667,-0.09999999999999981
3668,-0.09999999999999981
3669,-0.09999999999999981
3670,-0.09999999999999981
3671,-0.09999999999999981
3672,-0.09999999999999981
3673,-0.09999999999999981
3674,-0.09999999999999981
3675,-0.09999999999999981
3676,-0.09999999999999981
3677,-0.09999999999999981
3678,-0.09999999999999981
3679,-0.09999999999999981
3680,-0.09999999999999981
3681,-0.09999999999999981
3682,-0.09999999999999981
3683,-0.09999999999999981
3684,-0.09999999999999981
3685,-0.09999999999999981
3686,-0.09999999999999981
3687,-0.09999999999999981
3688,-0.09999999999999981
3689,-0.09999999999999981
3690,-0.09999999999999981
3691,-0.09999999999999981
3692,-0.09999999999999981
3693,-0.09999999999999981
3694,-0.09999999999999981
3695,-0.09999999999999981
3696,-0.09999999999999981
3697,-0.09999999999999981
3698,-0.09999999999999981
3699,-0.09999999999999981
3700,-0.09999999999999981
3701,-0.09999999999999981
3702,-0.09999999999999981
3703,-0.09999999999999981
3704,-0.09999999999999981
3705,-0.09999999999999981
3706,-0.09999999999999981
3707,-0.09999999999999981
3708,-0.09999999999999981
3709,-0.09999999999999981
3710,-0.09999999999999981
3711,-0.09999999999999981
3712,-0.09999999999999981
3713,-0.09999999999999981
3714,-0.09999999999999981
3715,-0.09999999999999981
3716,-0.09999999999999981
3717,-0.09999999999999981
3718,-0.09999999999999981
3719,-0.09999999999999981
3720,-0.09999999999999981
3721,-0.09999999999999981
3722,-0.09999999999999981
3723,-0.09999999999999981
3724,-0.09999999999999981
3725,-0.09999999999999981
3726,-0.09999999999999981
3727,-0.09999999999999981
3728,-0.09999999999999981
3729,-0.09999999999999981
3730,-0.09999999999999981
3731,-0.09999999999999981
3732,-0.09999999999999981
3733,-0.09999999999999981
3734,-0.09999999999999981
3735,-0.09999999999999981
3736,-0.09999999999999981
3737,-0.09999999999999981
3738,-0.09999999999999981
3739,-0.09999999999999981
3740,-0.09999999999999981
3741,-0.09999999999999981
3742,-0.09999999999999981
3743,-0.09999999999999981
3744,-0.09999999999999981
3745,-0.09999999999999981
3746,-0.09999999999999981
3747,-0.09999999999999981
3748,-0.09999999999999981
3749,-0.09999999999999981
3750,-0.09999999999999981
3751,-0.09999999999999981
3752,-0.09999999999999981
3753,-0.09999999999999981
3754,-0.09999999999999981
3755,-0.09999999999999981
3756,-0.09999999999999981
3757,-0.09999999999999981
3758,-0.09999999999999981
3759,-0.09999999999999981
3760,-0.09999999999999981
3761,-0.09999999999999981
3762,-0.09999999999999981
3763,-0.09999999999999981
3764,-0.09999999999999981
3765,-0.09999999999999981
3766,-0.09999999999999981
3767,-0.09999999999999981
3768,-0.09999999999999981
3769,-0.09999999999999981
3770,-0.09999999999999981
3771,-0.09999999999999981
3772,-0.09999999999999981
3773,-0.09999999999999981
3774,-0.09999999999999981
3775,-0.09999999999999981
3776,-0.09999999999999981
3777,-0.09999999999999981
3778,-0.09999999999999981
3779,-0.09999999999999981
3780,-0.09999999999999981
3781,-0.09999999999999981
3782,-0.09999999999999981
3783,-0.09999999999999981
3784,-0.09999999999999981
3785,-0.09999999999999981
3786,-0.09999999999999981
3787,-0.09999999999999981
3788,-0.09999999999999981
3789,-0.09999999999999981
3790,-0.09999999999999981
3791,-0.09999999999999981
3792,-0.09999999999999981
3793,-0.09999999999999981
3794,-0.09999999999999981
3795,-0.09999999999999981
3796,-0.09999999999999981
3797,-0.09999999999999981
3798,-0.09999999999999981
3799,-0.09999999999999981
3800,-0.09999999999999981
3801,-0.09999999999999981
3802,-0.09999999999999981
3803,-0.09999999999999981
3804,-0.09999999999999981
3805,-0.09999999999999981
3806,-0.09999999999999981
3807,-0.09999999999999981
3808,-0.09999999999999981
3809,-0.09999999999999981
3810,-0.09999999999999981
3811,-0.09999999999999981
3812,-0.09999999999999981
3813,-0.09999999999999981
3814,-0.09999999999999981
3815,-0.09999999999999981
3816,-0.09999999999999981
3817,-0.09999999999999981
3818,-0.09999999999999981
3819,-0.09999999999999981
3820,-0.09999999999999981
3821,-0.09999999999999981
3822,-0.09999999999999981
3823,-0.09999999999999981
3824,-0.09999999999999981
3825,-0.09999999999999981
3826,-0.09999999999999981
3827,-0.09999999999999981
3828,-0.09999999999999981
3829,-0.09999999999999981
3830,-0.09999999999999981
3831,-0.09999999999999981
3832,-0.09999999999999981
3833,-0.09999999999999981
3834,-0.09999999999999981
3835,-0.09999999999999981
3836,-0.09999999999999981
3837,-0.09999999999999981
3838,-0.09999999999999981
3839,-0.09999999999999981
3840,-0.09999999999999981
3841,-0.09999999999999981
3842,-0.09999999999999981
3843,-0.09999999999999981
3844,-0.09999999999999981
3845,-0.09999999999999981
3846,-0.09999999999999981
3847,-0.09999999999999981
3848,-0.09999999999999981
3849,-0.09999999999999981
3850,-0.09999999999999981
3851,-0.09999999999999981
3852,-0.09999999999999981
3853,-0.09999999999999981
3854,-0.09999999999999981
3855,-0.09999999999999981
3856,-0.09999999999999981
3857,-0.09999999999999981
3858,-0.09999999999999981
3859,-0.09999999999999981
3860,-0.09999999999999981
3861,-0.09999999999999981
3862,-0.09999999999999981
3863,-0.09999999999999981
3864,-0.09999999999999981
3865,-0.09999999999999981
3866,-0.09999999999999981
3867,-0.09999999999999981
3868,-0.09999999999999981
3869,-0.09999999999999981
3870,-0.09999999999999981
3871,-0.09999999999999981
3872,-0.09999999999999981
3873,-0.09999999999999981
3874,-0.09999999999999981
3875,-0.09999999999999981
3876,-0.09999999999999981
3877,-0.09999999999999981
3878,-0.09999999999999981
3879,-0.09999999999999981
3880,-0.09999999999999981
3881,-0.09999999999999981
3882,-0.09999999999999981
3883,-0.09999999999999981
3884,-0.09999999999999981
3885,-0.09999999999999981
3886,-0.09999999999999981
3887,-0.09999999999999981
3888,-0.09999999999999981
3889,-0.09999999999999981
3890,-0.09999999999999981
3891,-0.09999999999999981
3892,-0.09999999999999981
3893,-0.09999999999999981
3894,-0.09999999999999981
3895,-0.09999999999999981
3896,-0.09999999999999981
3897,-0.09999999999999981
3898,-0.09999999999999981
3899,-0.09999999999999981
3900,-0.09999999999999981
3901,-0.09999999999999981
3902,-0.09999999999999981
3903,-0.09999999999999981
3904,-0.09999999999999981
3905,-0.09999999999999981
3906,-0.09999999999999981
3907,-0.09999999999999981
3908,-0.09999999999999981
3909,-0.09999999999999981
3910,-0.09999999999999981
3911,-0.09999999999999981
3912,-0.09999999999999981
3913,-0.09999999999999981
3914,-0.09999999999999981
3915,-0.09999999999999981
3916,-0.09999999999999981
3917,-0.09999999999999981
3918,-0.09999999999999981
3919,-0.09999999999999981
3920,-0.09999999999999981
3921,-0.09999999999999981
3922,-0.09999999999999981
3923,-0.09999999999999981
3924,-0.09999999999999981
3925,-0.09999999999999981
3926,-0.09999999999999981
3927,-0.09999999999999981
3928,-0.09999999999999981
3929,-0.09999999999999981
3930,-0.09999999999999981
3931,-0.09999999999999981
3932,-0.09999999999999981
3933,-0.09999999999999981
3934,-0.09999999999999981
3935,-0.09999999999999981
3936,-0.09999999999999981
3937,-0.09999999999999981
3938,-0.09999999999999981
3939,-0.09999999999999981
3940,-0.09999999999999981
3941,-0.09999999999999981
3942,-0.09999999999999981
3943,-0.09999999999999981
3944,-0.09999999999999981
3945,-0.09999999999999981
3946,-0.09999999999999981
3947,-0.09999999999999981
3948,-0.09999999999999981
3949,-0.09999999999999981
3950,-0.09999999999999981
3951,-0.09999999999999981
3952,-0.09999999999999981
3953,-0.09999999999999981
3954,-0.09999999999999981
3955,-0.09999999999999981
3956,-0.09999999999999981
3957,-0.09999999999999981
3958,-0.09999999999999981
3959,-0.09999999999999981
3960,-0.09999999999999981
3961,-0.09999999999999981
3962,-0.09999999999999981
3963,-0.09999999999999981
3964,-0.09999999999999981
3965,-0.09999999999999981
3966,-0.09999999999999981
3967,-0.09999999999999981
3968,-0.09999999999999981
3969,-0.09999999999999981
3970,-0.09999999999999981
3971,-0.09999999999999981
3972,-0.09999999999999981
3973,-0.09999999999999981
3974,-0.09999999999999981
3975,-0.09999999999999981
3976,-0.09999999999999981
3977,-0.09999999999999981
3978,-0.09999999999999981
3979,-0.09999999999999981
3980,-0.09999999999999981
3981,-0.09999999999999981
3982,-0.09999999999999981
3983,-0.09999999999999981
3984,-0.09999999999999981
3985,-0.09999999999999981
3986,-0.09999999999999981
3987,-0.09999999999999981
3988,-0.09999999999999981
3989,-0.09999999999999981
3990,-0.09999999999999981
3991,-0.09999999999999981
3992,-0.09999999999999981
3993,-0.09999999999999981
3994,-0.09999999999999981
3995,-0.09999999999999981
3996,-0.09999999999999981
3997,-0.09999999999999981
3998,-0.09999999999999981
3999,-0.09999999999999981
4000,-0.09999999999999981
4001,-0.09999999999999981
4002,-0.09999999999999981
4003,-0.09999999999999981
4004,-0.09999999999999981
4005,-0.09999999999999981
4006,-0.09999999999999981
4007,-0.09999999999999981
4008,-0.09999999999999981
4009,-0.09999999999999981
4010,-0.09999999999999981
4011,-0.09999999999999981
4012,-0.09999999999999981
4013,-0.09999999999999981
4014,-0.09999999999999981
4015,-0.09999999999999981
4016,-0.09999999999999981
4017,-0.09999999999999981
4018,-0.09999999999999981
4019,-0.09999999999999981
4020,-0.09999999999999981
4021,-0.09999999999999981
4022,-0.09999999999999981
4023,-0.09999999999999981
4024,-0.09999999999999981
4025,-0.09999999999999981
4026,-0.09999999999999981
4027,-0.09999999999999981
4028,-0.09999999999999981
4029,-0.09999999999999981
4030,-0.09999999999999981
4031,-0.09999999999999981
4032,-0.09999999999999981
4033,-0.09999999999999981
4034,-0.09999999999999981
4035,-0.09999999999999981
4036,-0.09999999999999981
4037,-0.09999999999999981
4038,-0.09999999999999981
4039,-0.09999999999999981
4040,-0.09999999999999981
4041,-0.09999999999999981
4042,-0.09999999999999981
4043,-0.09999999999999981
4044,-0.09999999999999981
4045,-0.09999999999999981
4046,-0.09999999999999981
4047,-0.09999999999999981
4048,-0.09999999999999981
4049,-0.09999999999999981
4050,-0.09999999999999981
4051,-0.09999999999999981
4052,-0.09999999999999981
4053,-0.09999999999999981
4054,-0.09999999999999981
4055,-0.09999999999999981
4056,-0.09999999999999981
4057,-0.09999999999999981
4058,-0.09999999999999981
4059,-0.09999999999999981
4060,-0.09999999999999981
4061,-0.09999999999999981
4062,-0.09999999999999981
4063,-0.09999999999999981
4064,-0.09999999999999981
4065,-0.09999999999999981
4066,-0.09999999999999981
4067,-0.09999999999999981
4068,-0.09999999999999981
4069,-0.09999999999999981
4070,-0.09999999999999981
4071,-0.09999999999999981
4072,-0.09999999999999981
4073,-0.09999999999999981
4074,-0.09999999999999981
4075,-0.09999999999999981
4076,-0.09999999999999981
4077,-0.09999999999999981
4078,-0.09999999999999981
4079,-0.09999999999999981
4080,-0.09999999999999981
4081,-0.09999999999999981
4082,-0.09999999999999981
4083,-0.09999999999999981
4084,-0.09999999999999981
4085,-0.09999999999999981
4086,-0.09999999999999981
4087,-0.09999999999999981
4088,-0.09999999999999981
4089,-0.09999999999999981
4090,-0.09999999999999981
4091,-0.09999999999999981
4092,-0.09999999999999981
4093,-0.09999999999999981
4094,-0.09999999999999981
4095,-0.09999999999999981
4096,-0.09999999999999981
4097,-0.09999999999999981
4098,-0.09999999999999981
4099,-0.09999999999999981
4100,-0.09999999999999981
4101,-0.09999999999999981
4102,-0.09999999999999981
4103,-0.09999999999999981
4104,-0.09999999999999981
4105,-0.09999999999999981
4106,-0.09999999999999981
4107,-0.09999999999999981
4108,-0.09999999999999981
4109,-0.09999999999999981
4110,-0.09999999999999981
4111,-0.09999999999999981
4112,-0.09999999999999981
4113,-0.09999999999999981
4114,-0.09999999999999981
4115,-0.09999999999999981
4116,-0.09999999999999981
4117,-0.09999999999999981
4118,-0.09999999999999981
4119,-0.09999999999999981
4120,-0.09999999999999981
4121,-0.09999999999999981
4122,-0.09999999999999981
4123,-0.09999999999999981
4124,-0.09999999999999981
4125,-0.09999999999999981
4126,-0.09999999999999981
4127,-0.09999999999999981
4128,-0.09999999999999981
4129,-0.09999999999999981
4130,-0.09999999999999981
4131,-0.09999999999999981
4132,-0.09999999999999981
4133,-0.09999999999999981
4134,-0.09999999999999981
4135,-0.09999999999999981
4136,-0.09999999999999981
4137,-0.09999999999999981
4138,-0.09999999999999981
4139,-0.09999999999999981
4140,-0.09999999999999981
4141,-0.09999999999999981
4142,-0.09999999999999981
4143,-0.09999999999999981
4144,-0.09999999999999981
4145,-0.09999999999999981
4146,-0.09999999999999981
4147,-0.09999999999999981
4148,-0.09999999999999981
4149,-0.09999999999999981
4150,-0.09999999999999981
4151,-0.09999999999999981
4152,-0.09999999999999981
4153,-0.09999999999999981
4154,-0.09999999999999981
4155,-0.09999999999999981
4156,-0.09999999999999981
4157,-0.09999999999999981
4158,-0.09999999999999981
4159,-0.09999999999999981
4160,-0.09999999999999981
4161,-0.09999999999999981
4162,-0.09999999999999981
4163,-0.09999999999999981
4164,-0.09999999999999981
4165,-0.09999999999999981
4166,-0.09999999999999981
4167,-0.09999999999999981
4168,-0.09999999999999981
4169,-0.09999999999999981
4170,-0.09999999999999981
4171,-0.09999999999999981
4172,-0.09999999999999981
4173,-0.09999999999999981
4174,-0.09999999999999981
4175,-0.09999999999999981
4176,-0.09999999999999981
4177,-0.09999999999999981
4178,-0.09999999999999981
4179,-0.09999999999999981
4180,-0.09999999999999981
4181,-0.09999999999999981
4182,-0.09999999999999981
4183,-0.09999999999999981
4184,-0.09999999999999981
4185,-0.09999999999999981
4186,-0.09999999999999981
4187,-0.09999999999999981
4188,-0.09999999999999981
4189,-0.09999999999999981
4190,-0.09999999999999981
4191,-0.09999999999999981
4192,-0.09999999999999981
4193,-0.09999999999999981
4194,-0.09999999999999981
4195,-0.09999999999999981
4196,-0.09999999999999981
4197,-0.09999999999999981
4198,-0.09999999999999981
4199,-0.09999999999999981
4200,-0.09999999999999981
4201,-0.09999999999999981
4202,-0.09999999999999981
4203,-0.09999999999999981
4204,-0.09999999999999981
4205,-0.09999999999999981
4206,-0.09999999999999981
4207,-0.09999999999999981
4208,-0.09999999999999981
4209,-0.09999999999999981
4210,-0.09999999999999981
4211,-0.09999999999999981
4212,-0.09999999999999981
4213,-0.09999999999999981
4214,-0.09999999999999981
4215,-0.09999999999999981
4216,-0.09999999999999981
4217,-0.09999999999999981
4218,-0.09999999999999981
4219,-0.09999999999999981
4220,-0.09999999999999981
4221,-0.09999999999999981
4222,-0.09999999999999981
4223,-0.09999999999999981
4224,-0.09999999999999981
4225,-0.09999999999999981
4226,-0.09999999999999981
4227,-0.09999999999999981
4228,-0.09999999999999981
4229,-0.09999999999999981
4230,-0.09999999999999981
4231,-0.09999999999999981
4232,-0.09999999999999981
4233,-0.09999999999999981
4234,-0.09999999999999981
4235,-0.09999999999999981
4236,-0.09999999999999981
4237,-0.09999999999999981
4238,-0.09999999999999981
4239,-0.09999999999999981
4240,-0.09999999999999981
4241,-0.09999999999999981
4242,-0.09999999999999981
4243,-0.09999999999999981
4244,-0.09999999999999981
4245,-0.09999999999999981
4246,-0.09999999999999981
4247,-0.09999999999999981
4248,-0.09999999999999981
4249,-0.09999999999999981
4250,-0.09999999999999981
4251,-0.09999999999999981
4252,-0.09999999999999981
4253,-0.09999999999999981
4254,-0.09999999999999981
4255,-0.09999999999999981
4256,-0.09999999999999981
4257,-0.09999999999999981
4258,-0.09999999999999981
4259,-0.09999999999999981
4260,-0.09999999999999981
4261,-0.09999999999999981
4262,-0.09999999999999981
4263,-0.09999999999999981
4264,-0.09999999999999981
4265,-0.09999999999999981
4266,-0.09999999999999981
4267,-0.09999999999999981
4268,-0.09999999999999981
4269,-0.09999999999999981
4270,-0.09999999999999981
4271,-0.09999999999999981
4272,-0.09999999999999981
4273,-0.09999999999999981
4274,-0.09999999999999981
4275,-0.09999999999999981
4276,-0.09999999999999981
4277,-0.09999999999999981
4278,-0.09999999999999981
4279,-0.09999999999999981
4280,-0.09999999999999981
4281,-0.09999999999999981
4282,-0.09999999999999981
4283,-0.09999999999999981
4284,-0.09999999999999981
4285,-0.09999999999999981
4286,-0.09999999999999981
4287,-0.09999999999999981
4288,-0.09999999999999981
4289,-0.09999999999999981
4290,-0.09999999999999981
4291,-0.09999999999999981
4292,-0.09999999999999981
4293,-0.09999999999999981
4294,-0.09999999999999981
4295,-0.09999999999999981
4296,-0.09999999999999981
4297,-0.09999999999999981
4298,-0.09999999999999981
4299,-0.09999999999999981
4300,-0.09999999999999981
4301,-0.09999999999999981
4302,-0.09999999999999981
4303,-0.09999999999999981
4304,-0.09999999999999981
4305,-0.09999999999999981
4306,-0.09999999999999981
4307,-0.09999999999999981
4308,-0.09999999999999981
4309,-0.09999999999999981
4310,-0.09999999999999981
4311,-0.09999999999999981
4312,-0.09999999999999981
4313,-0.09999999999999981
4314,-0.09999999999999981
4315,-0.09999999999999981
4316,-0.09999999999999981
4317,-0.09999999999999981
4318,-0.09999999999999981
4319,-0.09999999999999981
4320,-0.09999999999999981
4321,-0.09999999999999981
4322,-0.09999999999999981
4323,-0.09999999999999981
4324,-0.09999999999999981
4325,-0.09999999999999981
4326,-0.09999999999999981
4327,-0.09999999999999981
4328,-0.09999999999999981
4329,-0.09999999999999981
4330,-0.09999999999999981
4331,-0.09999999999999981
4332,-0.09999999999999981
4333,-0.09999999999999981
4334,-0.09999999999999981
4335,-0.09999999999999981
4336,-0.09999999999999981
4337,-0.09999999999999981
4338,-0.09999999999999981
4339,-0.09999999999999981
4340,-0.09999999999999981
4341,-0.09999999999999981
4342,-0.09999999999999981
4343,-0.09999999999999981
4344,-0.09999999999999981
4345,-0.09999999999999981
4346,-0.09999999999999981
4347,-0.09999999999999981
4348,-0.09999999999999981
4349,-0.09999999999999981
4350,-0.09999999999999981
4351,-0.09999999999999981
4352,-0.09999999999999981
4353,-0.09999999999999981
4354,-0.09999999999999981
4355,-0.09999999999999981
4356,-0.09999999999999981
4357,-0.09999999999999981
4358,-0.09999999999999981
4359,-0.09999999999999981
4360,-0.09999999999999981
4361,-0.09999999999999981
4362,-0.09999999999999981
4363,-0.09999999999999981
4364,-0.09999999999999981
4365,-0.09999999999999981
4366,-0.09999999999999981
4367,-0.09999999999999981
4368,-0.09999999999999981
4369,-0.09999999999999981
4370,-0.09999999999999981
4371,-0.09999999999999981
4372,-0.09999999999999981
4373,-0.09999999999999981
4374,-0.09999999999999981
4375,-0.09999999999999981
4376,-0.09999999999999981
4377,-0.09999999999999981
4378,-0.09999999999999981
4379,-0.09999999999999981
4380,-0.09999999999999981
4381,-0.09999999999999981
4382,-0.09999999999999981
4383,-0.09999999999999981
4384,-0.09999999999999981
4385,-0.09999999999999981
4386,-0.09999999999999981
4387,-0.09999999999999981
4388,-0.09999999999999981
4389,-0.09999999999999981
4390,-0.09999999999999981
4391,-0.09999999999999981
4392,-0.09999999999999981
4393,-0.09999999999999981
4394,-0.09999999999999981
4395,-0.09999999999999981
4396,-0.09999999999999981
4397,-0.09999999999999981
4398,-0.09999999999999981
4399,-0.09999999999999981
4400,-0.09999999999999981
4401,-0.09999999999999981
4402,-0.09999999999999981
4403,-0.09999999999999981
4404,-0.09999999999999981
4405,-0.09999999999999981
4406,-0.09999999999999981
4407,-0.09999999999999981
4408,-0.09999999999999981
4409,-0.09999999999999981
4410,-0.09999999999999981
4411,-0.09999999999999981
4412,-0.09999999999999981
4413,-0.09999999999999981
4414,-0.09999999999999981
4415,-0.09999999999999981
4416,-0.09999999999999981
4417,-0.09999999999999981
4418,-0.09999999999999981
4419,-0.09999999999999981
4420,-0.09999999999999981
4421,-0.09999999999999981
4422,-0.09999999999999981
4423,-0.09999999999999981
4424,-0.09999999999999981
4425,-0.09999999999999981
4426,-0.09999999999999981
4427,-0.09999999999999981
4428,-0.09999999999999981
4429,-0.09999999999999981
4430,-0.09999999999999981
4431,-0.09999999999999981
4432,-0.09999999999999981
4433,-0.09999999999999981
4434,-0.09999999999999981
4435,-0.09999999999999981
4436,-0.09999999999999981
4437,-0.09999999999999981
4438,-0.09999999999999981
4439,-0.09999999999999981
4440,-0.09999999999999981
4441,-0.09999999999999981
4442,-0.09999999999999981
4443,-0.09999999999999981
4444,-0.09999999999999981
4445,-0.09999999999999981
4446,-0.09999999999999981
4447,-0.09999999999999981
4448,-0.09999999999999981
4449,-0.09999999999999981
4450,-0.09999999999999981
4451,-0.09999999999999981
4452,-0.09999999999999981
4453,-0.09999999999999981
4454,-0.09999999999999981
4455,-0.09999999999999981
4456,-0.09999999999999981
4457,-0.09999999999999981
4458,-0.09999999999999981
4459,-0.09999999999999981
4460,-0.09999999999999981
4461,-0.09999999999999981
4462,-0.09999999999999981
4463,-0.09999999999999981
4464,-0.09999999999999981
4465,-0.09999999999999981
4466,-0.09999999999999981
4467,-0.09999999999999981
4468,-0.09999999999999981
4469,-0.09999999999999981
4470,-0.09999999999999981
4471,-0.09999999999999981
4472,-0.09999999999999981
4473,-0.09999999999999981
4474,-0.09999999999999981
4475,-0.09999999999999981
4476,-0.09999999999999981
4477,-0.09999999999999981
4478,-0.09999999999999981
4479,-0.09999999999999981
4480,-0.09999999999999981
4481,-0.09999999999999981
4482,-0.09999999999999981
4483,-0.09999999999999981
4484,-0.09999999999999981
4485,-0.09999999999999981
4486,-0.09999999999999981
4487,-0.09999999999999981
4488,-0.09999999999999981
4489,-0.09999999999999981
4490,-0.09999999999999981
4491,-0.09999999999999981
4492,-0.09999999999999981
4493,-0.09999999999999981
4494,-0.09999999999999981
4495,-0.09999999999999981
4496,-0.09999999999999981
4497,-0.09999999999999981
4498,-0.09999999999999981
4499,-0.09999999999999981
4500,-0.09999999999999981
4501,-0.09999999999999981
4502,-0.09999999999999981
4503,-0.09999999999999981
4504,-0.09999999999999981
4505,-0.09999999999999981
4506,-0.09999999999999981
4507,-0.09999999999999981
4508,-0.09999999999999981
4509,-0.09999999999999981
4510,-0.09999999999999981
4511,-0.09999999999999981
4512,-0.09999999999999981
4513,-0.09999999999999981
4514,-0.09999999999999981
4515,-0.09999999999999981
4516,-0.09999999999999981
4517,-0.09999999999999981
4518,-0.09999999999999981
4519,-0.09999999999999981
4520,-0.09999999999999981
4521,-0.09999999999999981
4522,-0.09999999999999981
4523,-0.09999999999999981
4524,-0.09999999999999981
4525,-0.09999999999999981
4526,-0.09999999999999981
4527,-0.09999999999999981
4528,-0.09999999999999981
4529,-0.09999999999999981
4530,-0.09999999999999981
4531,-0.09999999999999981
4532,-0.09999999999999981
4533,-0.09999999999999981
4534,-0.09999999999999981
4535,-0.09999999999999981
4536,-0.09999999999999981
4537,-0.09999999999999981
4538,-0.09999999999999981
4539,-0.09999999999999981
4540,-0.09999999999999981
4541,-0.09999999999999981
4542,-0.09999999999999981
4543,-0.09999999999999981
4544,-0.09999999999999981
4545,-0.09999999999999981
4546,-0.09999999999999981
4547,-0.09999999999999981
4548,-0.09999999999999981
4549,-0.09999999999999981
4550,-0.09999999999999981
4551,-0.09999999999999981
4552,-0.09999999999999981
4553,-0.09999999999999981
4554,-0.09999999999999981
4555,-0.09999999999999981
4556,-0.09999999999999981
4557,-0.09999999999999981
4558,-0.09999999999999981
4559,-0.09999999999999981
4560,-0.09999999999999981
4561,-0.09999999999999981
4562,-0.09999999999999981
4563,-0.09999999999999981
4564,-0.09999999999999981
4565,-0.09999999999999981
4566,-0.09999999999999981
4567,-0.09999999999999981
4568,-0.09999999999999981
4569,-0.09999999999999981
4570,-0.09999999999999981
4571,-0.09999999999999981
4572,-0.09999999999999981
4573,-0.09999999999999981
4574,-0.09999999999999981
4575,-0.09999999999999981
4576,-0.09999999999999981
4577,-0.09999999999999981
4578,-0.09999999999999981
4579,-0.09999999999999981
4580,-0.09999999999999981
4581,-0.09999999999999981
4582,-0.09999999999999981
4583,-0.09999999999999981
4584,-0.09999999999999981
4585,-0.09999999999999981
4586,-0.09999999999999981
4587,-0.09999999999999981
4588,-0.09999999999999981
4589,-0.09999999999999981
4590,-0.09999999999999981
4591,-0.09999999999999981
4592,-0.09999999999999981
4593,-0.09999999999999981
4594,-0.09999999999999981
4595,-0.09999999999999981
4596,-0.09999999999999981
4597,-0.09999999999999981
4598,-0.09999999999999981
4599,-0.09999999999999981
4600,-0.09999999999999981
4601,-0.09999999999999981
4602,-0.09999999999999981
4603,-0.09999999999999981
4604,-0.09999999999999981
4605,-0.09999999999999981
4606,-0.09999999999999981
4607,-0.09999999999999981
4608,-0.09999999999999981
4609,-0.09999999999999981
4610,-0.09999999999999981
4611,-0.09999999999999981
4612,-0.09999999999999981
4613,-0.09999999999999981
4614,-0.09999999999999981
4615,-0.09999999999999981
4616,-0.09999999999999981
4617,-0.09999999999999981
4618,-0.09999999999999981
4619,-0.09999999999999981
4620,-0.09999999999999981
4621,-0.09999999999999981
4622,-0.09999999999999981
4623,-0.09999999999999981
4624,-0.09999999999999981
4625,-0.09999999999999981
4626,-0.09999999999999981
4627,-0.09999999999999981
4628,-0.09999999999999981
4629,-0.09999999999999981
4630,-0.09999999999999981
4631,-0.09999999999999981
4632,-0.09999999999999981
4633,-0.09999999999999981
4634,-0.09999999999999981
4635,-0.09999999999999981
4636,-0.09999999999999981
4637,-0.09999999999999981
4638,-0.09999999999999981
4639,-0.09999999999999981
4640,-0.09999999999999981
4641,-0.09999999999999981
4642,-0.09999999999999981
4643,-0.09999999999999981
4644,-0.09999999999999981
4645,-0.09999999999999981
4646,-0.09999999999999981
4647,-0.09999999999999981
4648,-0.09999999999999981
4649,-0.09999999999999981
4650,-0.09999999999999981
4651,-0.09999999999999981
4652,-0.09999999999999981
4653,-0.09999999999999981
4654,-0.09999999999999981
4655,-0.09999999999999981
4656,-0.09999999999999981
4657,-0.09999999999999981
4658,-0.09999999999999981
4659,-0.09999999999999981
4660,-0.09999999999999981
4661,-0.09999999999999981
4662,-0.09999999999999981
4663,-0.09999999999999981
4664,-0.09999999999999981
4665,-0.09999999999999981
4666,-0.09999999999999981
4667,-0.09999999999999981
4668,-0.09999999999999981
4669,-0.09999999999999981
4670,-0.09999999999999981
4671,-0.09999999999999981
4672,-0.09999999999999981
4673,-0.09999999999999981
4674,-0.09999999999999981
4675,-0.09999999999999981
4676,-0.09999999999999981
4677,-0.09999999999999981
4678,-0.09999999999999981
4679,-0.09999999999999981
4680,-0.09999999999999981
4681,-0.09999999999999981
4682,-0.09999999999999981
4683,-0.09999999999999981
4684,-0.09999999999999981
4685,-0.09999999999999981
4686,-0.09999999999999981
4687,-0.09999999999999981
4688,-0.09999999999999981
4689,-0.09999999999999981
4690,-0.09999999999999981
4691,-0.09999999999999981
4692,-0.09999999999999981
4693,-0.09999999999999981
4694,-0.09999999999999981
4695,-0.09999999999999981
4696,-0.09999999999999981
4697,-0.09999999999999981
4698,-0.09999999999999981
4699,-0.09999999999999981
4700,-0.09999999999999981
4701,-0.09999999999999981
4702,-0.09999999999999981
4703,-0.09999999999999981
4704,-0.09999999999999981
4705,-0.09999999999999981
4706,-0.09999999999999981
4707,-0.09999999999999981
4708,-0.09999999999999981
4709,-0.09999999999999981
4710,-0.09999999999999981
4711,-0.09999999999999981
4712,-0.09999999999999981
4713,-0.09999999999999981
4714,-0.09999999999999981
4715,-0.09999999999999981
4716,-0.09999999999999981
4717,-0.09999999999999981
4718,-0.09999999999999981
4719,-0.09999999999999981
4720,-0.09999999999999981
4721,-0.09999999999999981
4722,-0.09999999999999981
4723,-0.09999999999999981
4724,-0.09999999999999981
4725,-0.09999999999999981
4726,-0.09999999999999981
4727,-0.09999999999999981
4728,-0.09999999999999981
4729,-0.09999999999999981
4730,-0.09999999999999981
4731,-0.09999999999999981
4732,-0.09999999999999981
4733,-0.09999999999999981
4734,-0.09999999999999981
4735,-0.09999999999999981
4736,-0.09999999999999981
4737,-0.09999999999999981
4738,-0.09999999999999981
4739,-0.09999999999999981
4740,-0.09999999999999981
4741,-0.09999999999999981
4742,-0.09999999999999981
4743,-0.09999999999999981
4744,-0.09999999999999981
4745,-0.09999999999999981
4746,-0.09999999999999981
4747,-0.09999999999999981
4748,-0.09999999999999981
4749,-0.09999999999999981
4750,-0.09999999999999981
4751,-0.09999999999999981
4752,-0.09999999999999981
4753,-0.09999999999999981
4754,-0.09999999999999981
4755,-0.09999999999999981
4756,-0.09999999999999981
4757,-0.09999999999999981
4758,-0.09999999999999981
4759,-0.09999999999999981
4760,-0.09999999999999981
4761,-0.09999999999999981
4762,-0.09999999999999981
4763,-0.09999999999999981
4764,-0.09999999999999981
4765,-0.09999999999999981
4766,-0.09999999999999981
4767,-0.09999999999999981
4768,-0.09999999999999981
4769,-0.09999999999999981
4770,-0.09999999999999981
4771,-0.09999999999999981
4772,-0.09999999999999981
4773,-0.09999999999999981
4774,-0.09999999999999981
4775,-0.09999999999999981
4776,-0.09999999999999981
4777,-0.09999999999999981
4778,-0.09999999999999981
4779,-0.09999999999999981
4780,-0.09999999999999981
4781,-0.09999999999999981
4782,-0.09999999999999981
4783,-0.09999999999999981
4784,-0.09999999999999981
4785,-0.09999999999999981
4786,-0.09999999999999981
4787,-0.09999999999999981
4788,-0.09999999999999981
4789,-0.09999999999999981
4790,-0.09999999999999981
4791,-0.09999999999999981
4792,-0.09999999999999981
4793,-0.09999999999999981
4794,-0.09999999999999981
4795,-0.09999999999999981
4796,-0.09999999999999981
4797,-0.09999999999999981
4798,-0.09999999999999981
4799,-0.09999999999999981
4800,-0.09999999999999981
4801,-0.09999999999999981
4802,-0.09999999999999981
4803,-0.09999999999999981
4804,-0.09999999999999981
4805,-0.09999999999999981
4806,-0.09999999999999981
4807,-0.09999999999999981
4808,-0.09999999999999981
4809,-0.09999999999999981
4810,-0.09999999999999981
4811,-0.09999999999999981
4812,-0.09999999999999981
4813,-0.09999999999999981
4814,-0.09999999999999981
4815,-0.09999999999999981
4816,-0.09999999999999981
4817,-0.09999999999999981
4818,-0.09999999999999981
4819,-0.09999999999999981
4820,-0.09999999999999981
4821,-0.09999999999999981
4822,-0.09999999999999981
4823,-0.09999999999999981
4824,-0.09999999999999981
4825,-0.09999999999999981
4826,-0.09999999999999981
4827,-0.09999999999999981
4828,-0.09999999999999981
4829,-0.09999999999999981
4830,-0.09999999999999981
4831,-0.09999999999999981
4832,-0.09999999999999981
4833,-0.09999999999999981
4834,-0.09999999999999981
4835,-0.09999999999999981
4836,-0.09999999999999981
4837,-0.09999999999999981
4838,-0.09999999999999981
4839,-0.09999999999999981
4840,-0.09999999999999981
4841,-0.09999999999999981
4842,-0.09999999999999981
4843,-0.09999999999999981
4844,-0.09999999999999981
4845,-0.09999999999999981
4846,-0.09999999999999981
4847,-0.09999999999999981
4848,-0.09999999999999981
4849,-0.09999999999999981
4850,-0.09999999999999981
4851,-0.09999999999999981
4852,-0.09999999999999981
4853,-0.09999999999999981
4854,-0.09999999999999981
4855,-0.09999999999999981
4856,-0.09999999999999981
4857,-0.09999999999999981
4858,-0.09999999999999981
4859,-0.09999999999999981
4860,-0.09999999999999981
4861,-0.09999999999999981
4862,-0.09999999999999981
4863,-0.09999999999999981
4864,-0.09999999999999981
4865,-0.09999999999999981
4866,-0.09999999999999981
4867,-0.09999999999999981
4868,-0.09999999999999981
4869,-0.09999999999999981
4870,-0.09999999999999981
4871,-0.09999999999999981
4872,-0.09999999999999981
4873,-0.09999999999999981
4874,-0.09999999999999981
4875,-0.09999999999999981
4876,-0.09999999999999981
4877,-0.09999999999999981
4878,-0.09999999999999981
4879,-0.09999999999999981
4880,-0.09999999999999981
4881,-0.09999999999999981
4882,-0.09999999999999981
4883,-0.09999999999999981
4884,-0.09999999999999981
4885,-0.09999999999999981
4886,-0.09999999999999981
4887,-0.09999999999999981
4888,-0.09999999999999981
4889,-0.09999999999999981
4890,-0.09999999999999981
4891,-0.09999999999999981
4892,-0.09999999999999981
4893,-0.09999999999999981
4894,-0.09999999999999981
4895,-0.09999999999999981
4896,-0.09999999999999981
4897,-0.09999999999999981
4898,-0.09999999999999981
4899,-0.09999999999999981
4900,-0.09999999999999981
4901,-0.09999999999999981
4902,-0.09999999999999981
4903,-0.09999999999999981
4904,-0.09999999999999981
4905,-0.09999999999999981
4906,-0.09999999999999981
4907,-0.09999999999999981
4908,-0.09999999999999981
4909,-0.09999999999999981
4910,-0.09999999999999981
4911,-0.09999999999999981
4912,-0.09999999999999981
4913,-0.09999999999999981
4914,-0.09999999999999981
4915,-0.09999999999999981
4916,-0.09999999999999981
4917,-0.09999999999999981
4918,-0.09999999999999981
4919,-0.09999999999999981
4920,-0.09999999999999981
4921,-0.09999999999999981
4922,-0.09999999999999981
4923,-0.09999999999999981
4924,-0.09999999999999981
4925,-0.09999999999999981
4926,-0.09999999999999981
4927,-0.09999999999999981
4928,-0.09999999999999981
4929,-0.09999999999999981
4930,-0.09999999999999981
4931,-0.09999999999999981
4932,-0.09999999999999981
4933,-0.09999999999999981
4934,-0.09999999999999981
4935,-0.09999999999999981
4936,-0.09999999999999981
4937,-0.09999999999999981
4938,-0.09999999999999981
4939,-0.09999999999999981
4940,-0.09999999999999981
4941,-0.09999999999999981
4942,-0.09999999999999981
4943,-0.09999999999999981
4944,-0.09999999999999981
4945,-0.09999999999999981
4946,-0.09999999999999981
4947,-0.09999999999999981
4948,-0.09999999999999981
4949,-0.09999999999999981
4950,-0.09999999999999981
4951,-0.09999999999999981
4952,-0.09999999999999981
4953,-0.09999999999999981
4954,-0.09999999999999981
4955,-0.09999999999999981
4956,-0.09999999999999981
4957,-0.09999999999999981
4958,-0.09999999999999981
4959,-0.09999999999999981
4960,-0.09999999999999981
4961,-0.09999999999999981
4962,-0.09999999999999981
4963,-0.09999999999999981
4964,-0.09999999999999981
4965,-0.09999999999999981
4966,-0.09999999999999981
4967,-0.09999999999999981
4968,-0.09999999999999981
4969,-0.09999999999999981
4970,-0.09999999999999981
4971,-0.09999999999999981
4972,-0.09999999999999981
4973,-0.09999999999999981
4974,-0.09999999999999981
4975,-0.09999999999999981
4976,-0.09999999999999981
4977,-0.09999999999999981
4978,-0.09999999999999981
4979,-0.09999999999999981
4980,-0.09999999999999981
4981,-0.09999999999999981
4982,-0.09999999999999981
4983,-0.09999999999999981
4984,-0.09999999999999981
4985,-0.09999999999999981
4986,-0.09999999999999981
4987,-0.09999999999999981
4988,-0.09999999999999981
4989,-0.09999999999999981
4990,-0.09999999999999981
4991,-0.09999999999999981
4992,-0.09999999999999981
4993,-0.09999999999999981
4994,-0.09999999999999981
4995,-0.09999999999999981
4996,-0.09999999999999981
4997,-0.09999999999999981
4998,-0.09999999999999981
4999,-0.09999999999999981
5000,-0.09999999999999981
5001,-0.09999999999999981
5002,-0.09999999999999981
5003,-0.09999999999999981
5004,-0.09999999999999981
5005,-0.09999999999999981
5006,-0.09999999999999981
5007,-0.09999999999999981
5008,-0.09999999999999981
5009,-0.09999999999999981
5010,-0.09999999999999981
5011,-0.09999999999999981
5012,-0.09999999999999981
5013,-0.09999999999999981
5014,-0.09999999999999981
5015,-0.09999999999999981
5016,-0.09999999999999981
5017,-0.09999999999999981
5018,-0.09999999999999981
5019,-0.09999999999999981
5020,-0.09999999999999981
5021,-0.09999999999999981
5022,-0.09999999999999981
5023,-0.09999999999999981
5024,-0.09999999999999981
5025,-0.09999999999999981
5026,-0.09999999999999981
5027,-0.09999999999999981
5028,-0.09999999999999981
5029,-0.09999999999999981
5030,-0.09999999999999981
5031,-0.09999999999999981
5032,-0.09999999999999981
5033,-0.09999999999999981
5034,-0.09999999999999981
5035,-0.09999999999999981
5036,-0.09999999999999981
5037,-0.09999999999999981
5038,-0.09999999999999981
5039,-0.09999999999999981
5040,-0.09999999999999981
5041,-0.09999999999999981
5042,-0.09999999999999981
5043,-0.09999999999999981
5044,-0.09999999999999981
5045,-0.09999999999999981
5046,-0.09999999999999981
5047,-0.09999999999999981
5048,-0.09999999999999981
5049,-0.09999999999999981
5050,-0.09999999999999981
5051,-0.09999999999999981
5052,-0.09999999999999981
5053,-0.09999999999999981
5054,-0.09999999999999981
5055,-0.09999999999999981
5056,-0.09999999999999981
5057,-0.09999999999999981
5058,-0.09999999999999981
5059,-0.09999999999999981
5060,-0.09999999999999981
5061,-0.09999999999999981
5062,-0.09999999999999981
5063,-0.09999999999999981
5064,-0.09999999999999981
5065,-0.09999999999999981
5066,-0.09999999999999981
5067,-0.09999999999999981
5068,-0.09999999999999981
5069,-0.09999999999999981
5070,-0.09999999999999981
5071,-0.09999999999999981
5072,-0.09999999999999981
5073,-0.09999999999999981
5074,-0.09999999999999981
5075,-0.09999999999999981
5076,-0.09999999999999981
5077,-0.09999999999999981
5078,-0.09999999999999981
5079,-0.09999999999999981
5080,-0.09999999999999981
5081,-0.09999999999999981
5082,-0.09999999999999981
5083,-0.09999999999999981
5084,-0.09999999999999981
5085,-0.09999999999999981
5086,-0.09999999999999981
5087,-0.09999999999999981
5088,-0.09999999999999981
5089,-0.09999999999999981
5090,-0.09999999999999981
5091,-0.09999999999999981
5092,-0.09999999999999981
5093,-0.09999999999999981
5094,-0.09999999999999981
5095,-0.09999999999999981
5096,-0.09999999999999981
5097,-0.09999999999999981
5098,-0.09999999999999981
5099,-0.09999999999999981
5100,-0.09999999999999981
5101,-0.09999999999999981
5102,-0.09999999999999981
5103,-0.09999999999999981
5104,-0.09999999999999981
5105,-0.09999999999999981
5106,-0.09999999999999981
5107,-0.09999999999999981
5108,-0.09999999999999981
5109,-0.09999999999999981
5110,-0.09999999999999981
5111,-0.09999999999999981
5112,-0.09999999999999981
5113,-0.09999999999999981
5114,-0.09999999999999981
5115,-0.09999999999999981
5116,-0.09999999999999981
5117,-0.09999999999999981
5118,-0.09999999999999981
5119,-0.09999999999999981
5120,-0.09999999999999981
5121,-0.09999999999999981
5122,-0.09999999999999981
5123,-0.09999999999999981
5124,-0.09999999999999981
5125,-0.09999999999999981
5126,-0.09999999999999981
5127,-0.09999999999999981
5128,-0.09999999999999981
5129,-0.09999999999999981
5130,-0.09999999999999981
5131,-0.09999999999999981
5132,-0.09999999999999981
5133,-0.09999999999999981
5134,-0.09999999999999981
5135,-0.09999999999999981
5136,-0.09999999999999981
5137,-0.09999999999999981
5138,-0.09999999999999981
5139,-0.09999999999999981
5140,-0.09999999999999981
5141,-0.09999999999999981
5142,-0.09999999999999981
5143,-0.09999999999999981
5144,-0.09999999999999981
5145,-0.09999999999999981
5146,-0.09999999999999981
5147,-0.09999999999999981
5148,-0.09999999999999981
5149,-0.09999999999999981
5150,-0.09999999999999981
5151,-0.09999999999999981
5152,-0.09999999999999981
5153,-0.09999999999999981
5154,-0.09999999999999981
5155,-0.09999999999999981
5156,-0.09999999999999981
5157,-0.09999999999999981
5158,-0.09999999999999981
5159,-0.09999999999999981
5160,-0.09999999999999981
5161,-0.09999999999999981
5162,-0.09999999999999981
5163,-0.09999999999999981
5164,-0.09999999999999981
5165,-0.09999999999999981
5166,-0.09999999999999981
5167,-0.09999999999999981
5168,-0.09999999999999981
5169,-0.09999999999999981
5170,-0.09999999999999981
5171,-0.09999999999999981
5172,-0.09999999999999981
5173,-0.09999999999999981
5174,-0.09999999999999981
5175,-0.09999999999999981
5176,-0.09999999999999981
5177,-0.09999999999999981
5178,-0.09999999999999981
5179,-0.09999999999999981
5180,-0.09999999999999981
5181,-0.09999999999999981
5182,-0.09999999999999981
5183,-0.09999999999999981
5184,-0.09999999999999981
5185,-0.09999999999999981
5186,-0.09999999999999981
5187,-0.09999999999999981
5188,-0.09999999999999981
5189,-0.09999999999999981
5190,-0.09999999999999981
5191,-0.09999999999999981
5192,-0.09999999999999981
5193,-0.09999999999999981
5194,-0.09999999999999981
5195,-0.09999999999999981
5196,-0.09999999999999981
5197,-0.09999999999999981
5198,-0.09999999999999981
5199,-0.09999999999999981
5200,-0.09999999999999981
5201,-0.09999999999999981
5202,-0.09999999999999981
5203,-0.09999999999999981
5204,-0.09999999999999981
5205,-0.09999999999999981
5206,-0.09999999999999981
5207,-0.09999999999999981
5208,-0.09999999999999981
5209,-0.09999999999999981
5210,-0.09999999999999981
5211,-0.09999999999999981
5212,-0.09999999999999981
5213,-0.09999999999999981
5214,-0.09999999999999981
5215,-0.09999999999999981
5216,-0.09999999999999981
5217,-0.09999999999999981
5218,-0.09999999999999981
5219,-0.09999999999999981
5220,-0.09999999999999981
5221,-0.09999999999999981
5222,-0.09999999999999981
5223,-0.09999999999999981
5224,-0.09999999999999981
5225,-0.09999999999999981
5226,-0.09999999999999981
5227,-0.09999999999999981
5228,-0.09999999999999981
5229,-0.09999999999999981
5230,-0.09999999999999981
5231,-0.09999999999999981
5232,-0.09999999999999981
5233,-0.09999999999999981
5234,-0.09999999999999981
5235,-0.09999999999999981
5236,-0.09999999999999981
5237,-0.09999999999999981
5238,-0.09999999999999981
5239,-0.09999999999999981
5240,-0.09999999999999981
5241,-0.09999999999999981
5242,-0.09999999999999981
5243,-0.09999999999999981
5244,-0.09999999999999981
5245,-0.09999999999999981
5246,-0.09999999999999981
5247,-0.09999999999999981
5248,-0.09999999999999981
5249,-0.09999999999999981
5250,-0.09999999999999981
5251,-0.09999999999999981
5252,-0.09999999999999981
5253,-0.09999999999999981
5254,-0.09999999999999981
5255,-0.09999999999999981
5256,-0.09999999999999981
5257,-0.09999999999999981
5258,-0.09999999999999981
5259,-0.09999999999999981
5260,-0.09999999999999981
5261,-0.09999999999999981
5262,-0.09999999999999981
5263,-0.09999999999999981
5264,-0.09999999999999981
5265,-0.09999999999999981
5266,-0.09999999999999981
5267,-0.09999999999999981
5268,-0.09999999999999981
5269,-0.09999999999999981
5270,-0.09999999999999981
5271,-0.09999999999999981
5272,-0.09999999999999981
5273,-0.09999999999999981
5274,-0.09999999999999981
5275,-0.09999999999999981
5276,-0.09999999999999981
5277,-0.09999999999999981
5278,-0.09999999999999981
5279,-0.09999999999999981
5280,-0.09999999999999981
5281,-0.09999999999999981
5282,-0.09999999999999981
5283,-0.09999999999999981
5284,-0.09999999999999981
5285,-0.09999999999999981
5286,-0.09999999999999981
5287,-0.09999999999999981
5288,-0.09999999999999981
5289,-0.09999999999999981
5290,-0.09999999999999981
5291,-0.09999999999999981
5292,-0.09999999999999981
5293,-0.09999999999999981
5294,-0.09999999999999981
5295,-0.09999999999999981
5296,-0.09999999999999981
5297,-0.09999999999999981
5298,-0.09999999999999981
5299,-0.09999999999999981
5300,-0.09999999999999981
5301,-0.09999999999999981
5302,-0.09999999999999981
5303,-0.09999999999999981
5304,-0.09999999999999981
5305,-0.09999999999999981
5306,-0.09999999999999981
5307,-0.09999999999999981
5308,-0.09999999999999981
5309,-0.09999999999999981
5310,-0.09999999999999981
5311,-0.09999999999999981
5312,-0.09999999999999981
5313,-0.09999999999999981
5314,-0.09999999999999981
5315,-0.09999999999999981
5316,-0.09999999999999981
5317,-0.09999999999999981
5318,-0.09999999999999981
5319,-0.09999999999999981
5320,-0.09999999999999981
5321,-0.09999999999999981
5322,-0.09999999999999981
5323,-0.09999999999999981
5324,-0.09999999999999981
5325,-0.09999999999999981
5326,-0.09999999999999981
5327,-0.09999999999999981
5328,-0.09999999999999981
5329,-0.09999999999999981
5330,-0.09999999999999981
5331,-0.09999999999999981
5332,-0.09999999999999981
5333,-0.09999999999999981
5334,-0.09999999999999981
5335,-0.09999999999999981
5336,-0.09999999999999981
5337,-0.09999999999999981
5338,-0.09999999999999981
5339,-0.09999999999999981
5340,-0.09999999999999981
5341,-0.09999999999999981
5342,-0.09999999999999981
5343,-0.09999999999999981
5344,-0.09999999999999981
5345,-0.09999999999999981
5346,-0.09999999999999981
5347,-0.09999999999999981
5348,-0.09999999999999981
5349,-0.09999999999999981
5350,-0.09999999999999981
5351,-0.09999999999999981
5352,-0.09999999999999981
5353,-0.09999999999999981
5354,-0.09999999999999981
5355,-0.09999999999999981
5356,-0.09999999999999981
5357,-0.09999999999999981
5358,-0.09999999999999981
5359,-0.09999999999999981
5360,-0.09999999999999981
5361,-0.09999999999999981
5362,-0.09999999999999981
5363,-0.09999999999999981
5364,-0.09999999999999981
5365,-0.09999999999999981
5366,-0.09999999999999981
5367,-0.09999999999999981
5368,-0.09999999999999981
5369,-0.09999999999999981
5370,-0.09999999999999981
5371,-0.09999999999999981
5372,-0.09999999999999981
5373,-0.09999999999999981
5374,-0.09999999999999981
5375,-0.09999999999999981
5376,-0.09999999999999981
5377,-0.09999999999999981
5378,-0.09999999999999981
5379,-0.09999999999999981
5380,-0.09999999999999981
5381,-0.09999999999999981
5382,-0.09999999999999981
5383,-0.09999999999999981
5384,-0.09999999999999981
5385,-0.09999999999999981
5386,-0.09999999999999981
5387,-0.09999999999999981
5388,-0.09999999999999981
5389,-0.09999999999999981
5390,-0.09999999999999981
5391,-0.09999999999999981
5392,-0.09999999999999981
5393,-0.09999999999999981
5394,-0.09999999999999981
5395,-0.09999999999999981
5396,-0.09999999999999981
5397,-0.09999999999999981
5398,-0.09999999999999981
5399,-0.09999999999999981
5400,-0.09999999999999981
5401,-0.09999999999999981
5402,-0.09999999999999981
5403,-0.09999999999999981
5404,-0.09999999999999981
5405,-0.09999999999999981
5406,-0.09999999999999981
5407,-0.09999999999999981
5408,-0.09999999999999981
5409,-0.09999999999999981
5410,-0.09999999999999981
5411,-0.09999999999999981
5412,-0.09999999999999981
5413,-0.09999999999999981
5414,-0.09999999999999981
5415,-0.09999999999999981
5416,-0.09999999999999981
5417,-0.09999999999999981
5418,-0.09999999999999981
5419,-0.09999999999999981
5420,-0.09999999999999981
5421,-0.09999999999999981
5422,-0.09999999999999981
5423,-0.09999999999999981
5424,-0.09999999999999981
5425,-0.09999999999999981
5426,-0.09999999999999981
5427,-0.09999999999999981
5428,-0.09999999999999981
5429,-0.09999999999999981
5430,-0.09999999999999981
5431,-0.09999999999999981
5432,-0.09999999999999981
5433,-0.09999999999999981
5434,-0.09999999999999981
5435,-0.09999999999999981
5436,-0.09999999999999981
5437,-0.09999999999999981
5438,-0.09999999999999981
5439,-0.09999999999999981
5440,-0.09999999999999981
5441,-0.09999999999999981
5442,-0.09999999999999981
5443,-0.09999999999999981
5444,-0.09999999999999981
5445,-0.09999999999999981
5446,-0.09999999999999981
5447,-0.09999999999999981
5448,-0.09999999999999981
5449,-0.09999999999999981
5450,-0.09999999999999981
5451,-0.09999999999999981
5452,-0.09999999999999981
5453,-0.09999999999999981
5454,-0.09999999999999981
5455,-0.09999999999999981
5456,-0.09999999999999981
5457,-0.09999999999999981
5458,-0.09999999999999981
5459,-0.09999999999999981
5460,-0.09999999999999981
5461,-0.09999999999999981
5462,-0.09999999999999981
5463,-0.09999999999999981
5464,-0.09999999999999981
5465,-0.09999999999999981
5466,-0.09999999999999981
5467,-0.09999999999999981
5468,-0.09999999999999981
5469,-0.09999999999999981
5470,-0.09999999999999981
5471,-0.09999999999999981
5472,-0.09999999999999981
5473,-0.09999999999999981
5474,-0.09999999999999981
5475,-0.09999999999999981
5476,-0.09999999999999981
5477,-0.09999999999999981
5478,-0.09999999999999981
5479,-0.09999999999999981
5480,-0.09999999999999981
5481,-0.09999999999999981
5482,-0.09999999999999981
5483,-0.09999999999999981
5484,-0.09999999999999981
5485,-0.09999999999999981
5486,-0.09999999999999981
5487,-0.09999999999999981
5488,-0.09999999999999981
5489,-0.09999999999999981
5490,-0.09999999999999981
5491,-0.09999999999999981
5492,-0.09999999999999981
5493,-0.09999999999999981
5494,-0.09999999999999981
5495,-0.09999999999999981
5496,-0.09999999999999981
5497,-0.09999999999999981
5498,-0.09999999999999981
5499,-0.09999999999999981
5500,-0.09999999999999981
5501,-0.09999999999999981
5502,-0.09999999999999981
5503,-0.09999999999999981
5504,-0.09999999999999981
5505,-0.09999999999999981
5506,-0.09999999999999981
5507,-0.09999999999999981
5508,-0.09999999999999981
5509,-0.09999999999999981
5510,-0.09999999999999981
5511,-0.09999999999999981
5512,-0.09999999999999981
5513,-0.09999999999999981
5514,-0.09999999999999981
5515,-0.09999999999999981
5516,-0.09999999999999981
5517,-0.09999999999999981
5518,-0.09999999999999981
5519,-0.09999999999999981
5520,-0.09999999999999981
5521,-0.09999999999999981
5522,-0.09999999999999981
5523,-0.09999999999999981
5524,-0.09999999999999981
5525,-0.09999999999999981
5526,-0.09999999999999981
5527,-0.09999999999999981
5528,-0.09999999999999981
5529,-0.09999999999999981
5530,-0.09999999999999981
5531,-0.09999999999999981
5532,-0.09999999999999981
5533,-0.09999999999999981
5534,-0.09999999999999981
5535,-0.09999999999999981
5536,-0.09999999999999981
5537,-0.09999999999999981
5538,-0.09999999999999981
5539,-0.09999999999999981
5540,-0.09999999999999981
5541,-0.09999999999999981
5542,-0.09999999999999981
5543,-0.09999999999999981
5544,-0.09999999999999981
5545,-0.09999999999999981
5546,-0.09999999999999981
5547,-0.09999999999999981
5548,-0.09999999999999981
5549,-0.09999999999999981
5550,-0.09999999999999981
5551,-0.09999999999999981
5552,-0.09999999999999981
5553,-0.09999999999999981
5554,-0.09999999999999981
5555,-0.09999999999999981
5556,-0.09999999999999981
5557,-0.09999999999999981
5558,-0.09999999999999981
5559,-0.09999999999999981
5560,-0.09999999999999981
5561,-0.09999999999999981
5562,-0.09999999999999981
5563,-0.09999999999999981
5564,-0.09999999999999981
5565,-0.09999999999999981
5566,-0.09999999999999981
5567,-0.09999999999999981
5568,-0.09999999999999981
5569,-0.09999999999999981
5570,-0.09999999999999981
5571,-0.09999999999999981
5572,-0.09999999999999981
5573,-0.09999999999999981
5574,-0.09999999999999981
5575,-0.09999999999999981
5576,-0.09999999999999981
5577,-0.09999999999999981
5578,-0.09999999999999981
5579,-0.09999999999999981
5580,-0.09999999999999981
5581,-0.09999999999999981
5582,-0.09999999999999981
5583,-0.09999999999999981
5584,-0.09999999999999981
5585,-0.09999999999999981
5586,-0.09999999999999981
5587,-0.09999999999999981
5588,-0.09999999999999981
5589,-0.09999999999999981
5590,-0.09999999999999981
5591,-0.09999999999999981
5592,-0.09999999999999981
5593,-0.09999999999999981
5594,-0.09999999999999981
5595,-0.09999999999999981
5596,-0.09999999999999981
5597,-0.09999999999999981
5598,-0.09999999999999981
5599,-0.09999999999999981
5600,-0.09999999999999981
5601,-0.09999999999999981
5602,-0.09999999999999981
5603,-0.09999999999999981
5604,-0.09999999999999981
5605,-0.09999999999999981
5606,-0.09999999999999981
5607,-0.09999999999999981
5608,-0.09999999999999981
5609,-0.09999999999999981
5610,-0.09999999999999981
5611,-0.09999999999999981
5612,-0.09999999999999981
5613,-0.09999999999999981
5614,-0.09999999999999981
5615,-0.09999999999999981
5616,-0.09999999999999981
5617,-0.09999999999999981
5618,-0.09999999999999981
5619,-0.09999999999999981
5620,-0.09999999999999981
5621,-0.09999999999999981
5622,-0.09999999999999981
5623,-0.09999999999999981
5624,-0.09999999999999981
5625,-0.09999999999999981
5626,-0.09999999999999981
5627,-0.09999999999999981
5628,-0.09999999999999981
5629,-0.09999999999999981
5630,-0.09999999999999981
5631,-0.09999999999999981
5632,-0.09999999999999981
5633,-0.09999999999999981
5634,-0.09999999999999981
5635,-0.09999999999999981
5636,-0.09999999999999981
5637,-0.09999999999999981
5638,-0.09999999999999981
5639,-0.09999999999999981
5640,-0.09999999999999981
5641,-0.09999999999999981
5642,-0.09999999999999981
5643,-0.09999999999999981
5644,-0.09999999999999981
5645,-0.09999999999999981
5646,-0.09999999999999981
5647,-0.09999999999999981
5648,-0.09999999999999981
5649,-0.09999999999999981
5650,-0.09999999999999981
5651,-0.09999999999999981
5652,-0.09999999999999981
5653,-0.09999999999999981
5654,-0.09999999999999981
5655,-0.09999999999999981
5656,-0.09999999999999981
5657,-0.09999999999999981
5658,-0.09999999999999981
5659,-0.09999999999999981
5660,-0.09999999999999981
5661,-0.09999999999999981
5662,-0.09999999999999981
5663,-0.09999999999999981
5664,-0.09999999999999981
5665,-0.09999999999999981
5666,-0.09999999999999981
5667,-0.09999999999999981
5668,-0.09999999999999981
5669,-0.09999999999999981
5670,-0.09999999999999981
5671,-0.09999999999999981
5672,-0.09999999999999981
5673,-0.09999999999999981
5674,-0.09999999999999981
5675,-0.09999999999999981
5676,-0.09999999999999981
5677,-0.09999999999999981
5678,-0.09999999999999981
5679,-0.09999999999999981
5680,-0.09999999999999981
5681,-0.09999999999999981
5682,-0.09999999999999981
5683,-0.09999999999999981
5684,-0.09999999999999981
5685,-0.09999999999999981
5686,-0.09999999999999981
5687,-0.09999999999999981
5688,-0.09999999999999981
5689,-0.09999999999999981
5690,-0.09999999999999981
5691,-0.09999999999999981
5692,-0.09999999999999981
5693,-0.09999999999999981
5694,-0.09999999999999981
5695,-0.09999999999999981
5696,-0.09999999999999981
5697,-0.09999999999999981
5698,-0.09999999999999981
5699,-0.09999999999999981
5700,-0.09999999999999981
5701,-0.09999999999999981
5702,-0.09999999999999981
5703,-0.09999999999999981
5704,-0.09999999999999981
5705,-0.09999999999999981
5706,-0.09999999999999981
5707,-0.09999999999999981
5708,-0.09999999999999981
5709,-0.09999999999999981
5710,-0.09999999999999981
5711,-0.09999999999999981
5712,-0.09999999999999981
5713,-0.09999999999999981
5714,-0.09999999999999981
5715,-0.09999999999999981
5716,-0.09999999999999981
5717,-0.09999999999999981
5718,-0.09999999999999981
5719,-0.09999999999999981
5720,-0.09999999999999981
5721,-0.09999999999999981
5722,-0.09999999999999981
5723,-0.09999999999999981
5724,-0.09999999999999981
5725,-0.09999999999999981
5726,-0.09999999999999981
5727,-0.09999999999999981
5728,-0.09999999999999981
5729,-0.09999999999999981
5730,-0.09999999999999981
5731,-0.09999999999999981
5732,-0.09999999999999981
5733,-0.09999999999999981
5734,-0.09999999999999981
5735,-0.09999999999999981
5736,-0.09999999999999981
5737,-0.09999999999999981
5738,-0.09999999999999981
5739,-0.09999999999999981
5740,-0.09999999999999981
5741,-0.09999999999999981
5742,-0.09999999999999981
5743,-0.09999999999999981
5744,-0.09999999999999981
5745,-0.09999999999999981
5746,-0.09999999999999981
5747,-0.09999999999999981
5748,-0.09999999999999981
5749,-0.09999999999999981
5750,-0.09999999999999981
5751,-0.09999999999999981
5752,-0.09999999999999981
5753,-0.09999999999999981
5754,-0.09999999999999981
5755,-0.09999999999999981
5756,-0.09999999999999981
5757,-0.09999999999999981
5758,-0.09999999999999981
5759,-0.09999999999999981
5760,-0.09999999999999981
5761,-0.09999999999999981
5762,-0.09999999999999981
5763,-0.09999999999999981
5764,-0.09999999999999981
5765,-0.09999999999999981
5766,-0.09999999999999981
5767,-0.09999999999999981
5768,-0.09999999999999981
5769,-0.09999999999999981
5770,-0.09999999999999981
5771,-0.09999999999999981
5772,-0.09999999999999981
5773,-0.09999999999999981
5774,-0.09999999999999981
5775,-0.09999999999999981
5776,-0.09999999999999981
5777,-0.09999999999999981
5778,-0.09999999999999981
5779,-0.09999999999999981
5780,-0.09999999999999981
5781,-0.09999999999999981
5782,-0.09999999999999981
5783,-0.09999999999999981
5784,-0.09999999999999981
5785,-0.09999999999999981
5786,-0.09999999999999981
5787,-0.09999999999999981
5788,-0.09999999999999981
5789,-0.09999999999999981
5790,-0.09999999999999981
5791,-0.09999999999999981
5792,-0.09999999999999981
5793,-0.09999999999999981
5794,-0.09999999999999981
5795,-0.09999999999999981
5796,-0.09999999999999981
5797,-0.09999999999999981
5798,-0.09999999999999981
5799,-0.09999999999999981
5800,-0.09999999999999981
5801,-0.09999999999999981
5802,-0.09999999999999981
5803,-0.09999999999999981
5804,-0.09999999999999981
5805,-0.09999999999999981
5806,-0.09999999999999981
5807,-0.09999999999999981
5808,-0.09999999999999981
5809,-0.09999999999999981
5810,-0.09999999999999981
5811,-0.09999999999999981
5812,-0.09999999999999981
5813,-0.09999999999999981
5814,-0.09999999999999981
5815,-0.09999999999999981
5816,-0.09999999999999981
5817,-0.09999999999999981
5818,-0.09999999999999981
5819,-0.09999999999999981
5820,-0.09999999999999981
5821,-0.09999999999999981
5822,-0.09999999999999981
5823,-0.09999999999999981
5824,-0.09999999999999981
5825,-0.09999999999999981
5826,-0.09999999999999981
5827,-0.09999999999999981
5828,-0.09999999999999981
5829,-0.09999999999999981
5830,-0.09999999999999981
5831,-0.09999999999999981
5832,-0.09999999999999981
5833,-0.09999999999999981
5834,-0.09999999999999981
5835,-0.09999999999999981
5836,-0.09999999999999981
5837,-0.09999999999999981
5838,-0.09999999999999981
5839,-0.09999999999999981
5840,-0.09999999999999981
5841,-0.09999999999999981
5842,-0.09999999999999981
5843,-0.09999999999999981
5844,-0.09999999999999981
5845,-0.09999999999999981
5846,-0.09999999999999981
5847,-0.09999999999999981
5848,-0.09999999999999981
5849,-0.09999999999999981
5850,-0.09999999999999981
5851,-0.09999999999999981
5852,-0.09999999999999981
5853,-0.09999999999999981
5854,-0.09999999999999981
5855,-0.09999999999999981
5856,-0.09999999999999981
5857,-0.09999999999999981
5858,-0.09999999999999981
5859,-0.09999999999999981
5860,-0.09999999999999981
5861,-0.09999999999999981
5862,-0.09999999999999981
5863,-0.09999999999999981
5864,-0.09999999999999981
5865,-0.09999999999999981
5866,-0.09999999999999981
5867,-0.09999999999999981
5868,-0.09999999999999981
5869,-0.09999999999999981
5870,-0.09999999999999981
5871,-0.09999999999999981
5872,-0.09999999999999981
5873,-0.09999999999999981
5874,-0.09999999999999981
5875,-0.09999999999999981
5876,-0.09999999999999981
5877,-0.09999999999999981
5878,-0.09999999999999981
5879,-0.09999999999999981
5880,-0.09999999999999981
5881,-0.09999999999999981
5882,-0.09999999999999981
5883,-0.09999999999999981
5884,-0.09999999999999981
5885,-0.09999999999999981
5886,-0.09999999999999981
5887,-0.09999999999999981
5888,-0.09999999999999981
5889,-0.09999999999999981
5890,-0.09999999999999981
5891,-0.09999999999999981
5892,-0.09999999999999981
5893,-0.09999999999999981
5894,-0.09999999999999981
5895,-0.09999999999999981
5896,-0.09999999999999981
5897,-0.09999999999999981
5898,-0.09999999999999981
5899,-0.09999999999999981
5900,-0.09999999999999981
5901,-0.09999999999999981
5902,-0.09999999999999981
5903,-0.09999999999999981
5904,-0.09999999999999981
5905,-0.09999999999999981
5906,-0.09999999999999981
5907,-0.09999999999999981
5908,-0.09999999999999981
5909,-0.09999999999999981
5910,-0.09999999999999981
5911,-0.09999999999999981
5912,-0.09999999999999981
5913,-0.09999999999999981
5914,-0.09999999999999981
5915,-0.09999999999999981
5916,-0.09999999999999981
5917,-0.09999999999999981
5918,-0.09999999999999981
5919,-0.09999999999999981
5920,-0.09999999999999981
5921,-0.09999999999999981
5922,-0.09999999999999981
5923,-0.09999999999999981
5924,-0.09999999999999981
5925,-0.09999999999999981
5926,-0.09999999999999981
5927,-0.09999999999999981
5928,-0.09999999999999981
5929,-0.09999999999999981
5930,-0.09999999999999981
5931,-0.09999999999999981
5932,-0.09999999999999981
5933,-0.09999999999999981
5934,-0.09999999999999981
5935,-0.09999999999999981
5936,-0.09999999999999981
5937,-0.09999999999999981
5938,-0.09999999999999981
5939,-0.09999999999999981
5940,-0.09999999999999981
5941,-0.09999999999999981
5942,-0.09999999999999981
5943,-0.09999999999999981
5944,-0.09999999999999981
5945,-0.09999999999999981
5946,-0.09999999999999981
5947,-0.09999999999999981
5948,-0.09999999999999981
5949,-0.09999999999999981
5950,-0.09999999999999981
5951,-0.09999999999999981
5952,-0.09999999999999981
5953,-0.09999999999999981
5954,-0.09999999999999981
5955,-0.09999999999999981
5956,-0.09999999999999981
5957,-0.09999999999999981
5958,-0.09999999999999981
5959,-0.09999999999999981
5960,-0.09999999999999981
5961,-0.09999999999999981
5962,-0.09999999999999981
5963,-0.09999999999999981
5964,-0.09999999999999981
5965,-0.09999999999999981
5966,-0.09999999999999981
5967,-0.09999999999999981
5968,-0.09999999999999981
5969,-0.09999999999999981
5970,-0.09999999999999981
5971,-0.09999999999999981
5972,-0.09999999999999981
5973,-0.09999999999999981
5974,-0.09999999999999981
5975,-0.09999999999999981
5976,-0.09999999999999981
5977,-0.09999999999999981
5978,-0.09999999999999981
5979,-0.09999999999999981
5980,-0.09999999999999981
5981,-0.09999999999999981
5982,-0.09999999999999981
5983,-0.09999999999999981
5984,-0.09999999999999981
5985,-0.09999999999999981
5986,-0.09999999999999981
5987,-0.09999999999999981
5988,-0.09999999999999981
5989,-0.09999999999999981
5990,-0.09999999999999981
5991,-0.09999999999999981
5992,-0.09999999999999981
5993,-0.09999999999999981
5994,-0.09999999999999981
5995,-0.09999999999999981
5996,-0.09999999999999981
5997,-0.09999999999999981
5998,-0.09999999999999981
5999,-0.09999999999999981
6000,-0.09999999999999981
6001,-0.09999999999999981
6002,-0.09999999999999981
6003,-0.09999999999999981
6004,-0.09999999999999981
6005,-0.09999999999999981
6006,-0.09999999999999981
6007,-0.09999999999999981
6008,-0.09999999999999981
6009,-0.09999999999999981
6010,-0.09999999999999981
6011,-0.09999999999999981
6012,-0.09999999999999981
6013,-0.09999999999999981
6014,-0.09999999999999981
6015,-0.09999999999999981
6016,-0.09999999999999981
6017,-0.09999999999999981
6018,-0.09999999999999981
6019,-0.09999999999999981
6020,-0.09999999999999981
6021,-0.09999999999999981
6022,-0.09999999999999981
6023,-0.09999999999999981
6024,-0.09999999999999981
6025,-0.09999999999999981
6026,-0.09999999999999981
6027,-0.09999999999999981
6028,-0.09999999999999981
6029,-0.09999999999999981
6030,-0.09999999999999981
6031,-0.09999999999999981
6032,-0.09999999999999981
6033,-0.09999999999999981
6034,-0.09999999999999981
6035,-0.09999999999999981
6036,-0.09999999999999981
6037,-0.09999999999999981
6038,-0.09999999999999981
6039,-0.09999999999999981
6040,-0.09999999999999981
6041,-0.09999999999999981
6042,-0.09999999999999981
6043,-0.09999999999999981
6044,-0.09999999999999981
6045,-0.09999999999999981
6046,-0.09999999999999981
6047,-0.09999999999999981
6048,-0.09999999999999981
6049,-0.09999999999999981
6050,-0.09999999999999981
6051,-0.09999999999999981
6052,-0.09999999999999981
6053,-0.09999999999999981
6054,-0.09999999999999981
6055,-0.09999999999999981
6056,-0.09999999999999981
6057,-0.09999999999999981
6058,-0.09999999999999981
6059,-0.09999999999999981
6060,-0.09999999999999981
6061,-0.09999999999999981
6062,-0.09999999999999981
6063,-0.09999999999999981
6064,-0.09999999999999981
6065,-0.09999999999999981
6066,-0.09999999999999981
6067,-0.09999999999999981
6068,-0.09999999999999981
6069,-0.09999999999999981
6070,-0.09999999999999981
6071,-0.09999999999999981
6072,-0.09999999999999981
6073,-0.09999999999999981
6074,-0.09999999999999981
6075,-0.09999999999999981
6076,-0.09999999999999981
6077,-0.09999999999999981
6078,-0.09999999999999981
6079,-0.09999999999999981
6080,-0.09999999999999981
6081,-0.09999999999999981
6082,-0.09999999999999981
6083,-0.09999999999999981
6084,-0.09999999999999981
6085,-0.09999999999999981
6086,-0.09999999999999981
6087,-0.09999999999999981
6088,-0.09999999999999981
6089,-0.09999999999999981
6090,-0.09999999999999981
6091,-0.09999999999999981
6092,-0.09999999999999981
6093,-0.09999999999999981
6094,-0.09999999999999981
6095,-0.09999999999999981
6096,-0.09999999999999981
6097,-0.09999999999999981
6098,-0.09999999999999981
6099,-0.09999999999999981
6100,-0.09999999999999981
6101,-0.09999999999999981
6102,-0.09999999999999981
6103,-0.09999999999999981
6104,-0.09999999999999981
6105,-0.09999999999999981
6106,-0.09999999999999981
6107,-0.09999999999999981
6108,-0.09999999999999981
6109,-0.09999999999999981
6110,-0.09999999999999981
6111,-0.09999999999999981
6112,-0.09999999999999981
6113,-0.09999999999999981
6114,-0.09999999999999981
6115,-0.09999999999999981
6116,-0.09999999999999981
6117,-0.09999999999999981
6118,-0.09999999999999981
6119,-0.09999999999999981
6120,-0.09999999999999981
6121,-0.09999999999999981
6122,-0.09999999999999981
6123,-0.09999999999999981
6124,-0.09999999999999981
6125,-0.09999999999999981
6126,-0.09999999999999981
6127,-0.09999999999999981
6128,-0.09999999999999981
6129,-0.09999999999999981
6130,-0.09999999999999981
6131,-0.09999999999999981
6132,-0.09999999999999981
6133,-0.09999999999999981
6134,-0.09999999999999981
6135,-0.09999999999999981
6136,-0.09999999999999981
6137,-0.09999999999999981
6138,-0.09999999999999981
6139,-0.09999999999999981
6140,-0.09999999999999981
6141,-0.09999999999999981
6142,-0.09999999999999981
6143,-0.09999999999999981
6144,-0.09999999999999981
6145,-0.09999999999999981
6146,-0.09999999999999981
6147,-0.09999999999999981
6148,-0.09999999999999981
6149,-0.09999999999999981
6150,-0.09999999999999981
6151,-0.09999999999999981
6152,-0.09999999999999981
6153,-0.09999999999999981
6154,-0.09999999999999981
6155,-0.09999999999999981
6156,-0.09999999999999981
6157,-0.09999999999999981
6158,-0.09999999999999981
6159,-0.09999999999999981
6160,-0.09999999999999981
6161,-0.09999999999999981
6162,-0.09999999999999981
6163,-0.09999999999999981
6164,-0.09999999999999981
6165,-0.09999999999999981
6166,-0.09999999999999981
6167,-0.09999999999999981
6168,-0.09999999999999981
6169,-0.09999999999999981
6170,-0.09999999999999981
6171,-0.09999999999999981
6172,-0.09999999999999981
6173,-0.09999999999999981
6174,-0.09999999999999981
6175,-0.09999999999999981
6176,-0.09999999999999981
6177,-0.09999999999999981
6178,-0.09999999999999981
6179,-0.09999999999999981
6180,-0.09999999999999981
6181,-0.09999999999999981
6182,-0.09999999999999981
6183,-0.09999999999999981
6184,-0.09999999999999981
6185,-0.09999999999999981
6186,-0.09999999999999981
6187,-0.09999999999999981
6188,-0.09999999999999981
6189,-0.09999999999999981
6190,-0.09999999999999981
6191,-0.09999999999999981
6192,-0.09999999999999981
6193,-0.09999999999999981
6194,-0.09999999999999981
6195,-0.09999999999999981
6196,-0.09999999999999981
6197,-0.09999999999999981
6198,-0.09999999999999981
6199,-0.09999999999999981
6200,-0.09999999999999981
6201,-0.09999999999999981
6202,-0.09999999999999981
6203,-0.09999999999999981
6204,-0.09999999999999981
6205,-0.09999999999999981
6206,-0.09999999999999981
6207,-0.09999999999999981
6208,-0.09999999999999981
6209,-0.09999999999999981
6210,-0.09999999999999981
6211,-0.09999999999999981
6212,-0.09999999999999981
6213,-0.09999999999999981
6214,-0.09999999999999981
6215,-0.09999999999999981
6216,-0.09999999999999981
6217,-0.09999999999999981
6218,-0.09999999999999981
6219,-0.09999999999999981
6220,-0.09999999999999981
6221,-0.09999999999999981
6222,-0.09999999999999981
6223,-0.09999999999999981
6224,-0.09999999999999981
6225,-0.09999999999999981
6226,-0.09999999999999981
6227,-0.09999999999999981
6228,-0.09999999999999981
6229,-0.09999999999999981
6230,-0.09999999999999981
6231,-0.09999999999999981
6232,-0.09999999999999981
6233,-0.09999999999999981
6234,-0.09999999999999981
6235,-0.09999999999999981
6236,-0.09999999999999981
6237,-0.09999999999999981
6238,-0.09999999999999981
6239,-0.09999999999999981
6240,-0.09999999999999981
6241,-0.09999999999999981
6242,-0.09999999999999981
6243,-0.09999999999999981
6244,-0.09999999999999981
6245,-0.09999999999999981
6246,-0.09999999999999981
6247,-0.09999999999999981
6248,-0.09999999999999981
6249,-0.09999999999999981
6250,-0.09999999999999981
6251,-0.09999999999999981
6252,-0.09999999999999981
6253,-0.09999999999999981
6254,-0.09999999999999981
6255,-0.09999999999999981
6256,-0.09999999999999981
6257,-0.09999999999999981
6258,-0.09999999999999981
6259,-0.09999999999999981
6260,-0.09999999999999981
6261,-0.09999999999999981
6262,-0.09999999999999981
6263,-0.09999999999999981
6264,-0.09999999999999981
6265,-0.09999999999999981
6266,-0.09999999999999981
6267,-0.09999999999999981
6268,-0.09999999999999981
6269,-0.09999999999999981
6270,-0.09999999999999981
6271,-0.09999999999999981
6272,-0.09999999999999981
6273,-0.09999999999999981
6274,-0.09999999999999981
6275,-0.09999999999999981
6276,-0.09999999999999981
6277,-0.09999999999999981
6278,-0.09999999999999981
6279,-0.09999999999999981
6280,-0.09999999999999981
6281,-0.09999999999999981
6282,-0.09999999999999981
6283,-0.09999999999999981
6284,-0.09999999999999981
6285,-0.09999999999999981
6286,-0.09999999999999981
6287,-0.09999999999999981
6288,-0.09999999999999981
6289,-0.09999999999999981
6290,-0.09999999999999981
6291,-0.09999999999999981
6292,-0.09999999999999981
6293,-0.09999999999999981
6294,-0.09999999999999981
6295,-0.09999999999999981
6296,-0.09999999999999981
6297,-0.09999999999999981
6298,-0.09999999999999981
6299,-0.09999999999999981
6300,-0.09999999999999981
6301,-0.09999999999999981
6302,-0.09999999999999981
6303,-0.09999999999999981
6304,-0.09999999999999981
6305,-0.09999999999999981
6306,-0.09999999999999981
6307,-0.09999999999999981
6308,-0.09999999999999981
6309,-0.09999999999999981
6310,-0.09999999999999981
6311,-0.09999999999999981
6312,-0.09999999999999981
6313,-0.09999999999999981
6314,-0.09999999999999981
6315,-0.09999999999999981
6316,-0.09999999999999981
6317,-0.09999999999999981
6318,-0.09999999999999981
6319,-0.09999999999999981
6320,-0.09999999999999981
6321,-0.09999999999999981
6322,-0.09999999999999981
6323,-0.09999999999999981
6324,-0.09999999999999981
6325,-0.09999999999999981
6326,-0.09999999999999981
6327,-0.09999999999999981
6328,-0.09999999999999981
6329,-0.09999999999999981
6330,-0.09999999999999981
6331,-0.09999999999999981
6332,-0.09999999999999981
6333,-0.09999999999999981
6334,-0.09999999999999981
6335,-0.09999999999999981
6336,-0.09999999999999981
6337,-0.09999999999999981
6338,-0.09999999999999981
6339,-0.09999999999999981
6340,-0.09999999999999981
6341,-0.09999999999999981
6342,-0.09999999999999981
6343,-0.09999999999999981
6344,-0.09999999999999981
6345,-0.09999999999999981
6346,-0.09999999999999981
6347,-0.09999999999999981
6348,-0.09999999999999981
6349,-0.09999999999999981
6350,-0.09999999999999981
6351,-0.09999999999999981
6352,-0.09999999999999981
6353,-0.09999999999999981
6354,-0.09999999999999981
6355,-0.09999999999999981
6356,-0.09999999999999981
6357,-0.09999999999999981
6358,-0.09999999999999981
6359,-0.09999999999999981
6360,-0.09999999999999981
6361,-0.09999999999999981
6362,-0.09999999999999981
6363,-0.09999999999999981
6364,-0.09999999999999981
6365,-0.09999999999999981
6366,-0.09999999999999981
6367,-0.09999999999999981
6368,-0.09999999999999981
6369,-0.09999999999999981
6370,-0.09999999999999981
6371,-0.09999999999999981
6372,-0.09999999999999981
6373,-0.09999999999999981
6374,-0.09999999999999981
6375,-0.09999999999999981
6376,-0.09999999999999981
6377,-0.09999999999999981
6378,-0.09999999999999981
6379,-0.09999999999999981
6380,-0.09999999999999981
6381,-0.09999999999999981
6382,-0.09999999999999981
6383,-0.09999999999999981
6384,-0.09999999999999981
6385,-0.09999999999999981
6386,-0.09999999999999981
6387,-0.09999999999999981
6388,-0.09999999999999981
6389,-0.09999999999999981
6390,-0.09999999999999981
6391,-0.09999999999999981
6392,-0.09999999999999981
6393,-0.09999999999999981
6394,-0.09999999999999981
6395,-0.09999999999999981
6396,-0.09999999999999981
6397,-0.09999999999999981
6398,-0.09999999999999981
6399,-0.09999999999999981
6400,-0.09999999999999981
6401,-0.09999999999999981
6402,-0.09999999999999981
6403,-0.09999999999999981
6404,-0.09999999999999981
6405,-0.09999999999999981
6406,-0.09999999999999981
6407,-0.09999999999999981
6408,-0.09999999999999981
6409,-0.09999999999999981
6410,-0.09999999999999981
6411,-0.09999999999999981
6412,-0.09999999999999981
6413,-0.09999999999999981
6414,-0.09999999999999981
6415,-0.09999999999999981
6416,-0.09999999999999981
6417,-0.09999999999999981
6418,-0.09999999999999981
6419,-0.09999999999999981
6420,-0.09999999999999981
6421,-0.09999999999999981
6422,-0.09999999999999981
6423,-0.09999999999999981
6424,-0.09999999999999981
6425,-0.09999999999999981
6426,-0.09999999999999981
6427,-0.09999999999999981
6428,-0.09999999999999981
6429,-0.09999999999999981
6430,-0.09999999999999981
6431,-0.09999999999999981
6432,-0.09999999999999981
6433,-0.09999999999999981
6434,-0.09999999999999981
6435,-0.09999999999999981
6436,-0.09999999999999981
6437,-0.09999999999999981
6438,-0.09999999999999981
6439,-0.09999999999999981
6440,-0.09999999999999981
6441,-0.09999999999999981
6442,-0.09999999999999981
6443,-0.09999999999999981
6444,-0.09999999999999981
6445,-0.09999999999999981
6446,-0.09999999999999981
6447,-0.09999999999999981
6448,-0.09999999999999981
6449,-0.09999999999999981
6450,-0.09999999999999981
6451,-0.09999999999999981
6452,-0.09999999999999981
6453,-0.09999999999999981
6454,-0.09999999999999981
6455,-0.09999999999999981
6456,-0.09999999999999981
6457,-0.09999999999999981
6458,-0.09999999999999981
6459,-0.09999999999999981
6460,-0.09999999999999981
6461,-0.09999999999999981
6462,-0.09999999999999981
6463,-0.09999999999999981
6464,-0.09999999999999981
6465,-0.09999999999999981
6466,-0.09999999999999981
6467,-0.09999999999999981
6468,-0.09999999999999981
6469,-0.09999999999999981
6470,-0.09999999999999981
6471,-0.09999999999999981
6472,-0.09999999999999981
6473,-0.09999999999999981
6474,-0.09999999999999981
6475,-0.09999999999999981
6476,-0.09999999999999981
6477,-0.09999999999999981
6478,-0.09999999999999981
6479,-0.09999999999999981
6480,-0.09999999999999981
6481,-0.09999999999999981
6482,-0.09999999999999981
6483,-0.09999999999999981
6484,-0.09999999999999981
6485,-0.09999999999999981
6486,-0.09999999999999981
6487,-0.09999999999999981
6488,-0.09999999999999981
6489,-0.09999999999999981
6490,-0.09999999999999981
6491,-0.09999999999999981
6492,-0.09999999999999981
6493,-0.09999999999999981
6494,-0.09999999999999981
6495,-0.09999999999999981
6496,-0.09999999999999981
6497,-0.09999999999999981
6498,-0.09999999999999981
6499,-0.09999999999999981
6500,-0.09999999999999981
6501,-0.09999999999999981
6502,-0.09999999999999981
6503,-0.09999999999999981
6504,-0.09999999999999981
6505,-0.09999999999999981
6506,-0.09999999999999981
6507,-0.09999999999999981
6508,-0.09999999999999981
6509,-0.09999999999999981
6510,-0.09999999999999981
6511,-0.09999999999999981
6512,-0.09999999999999981
6513,-0.09999999999999981
6514,-0.09999999999999981
6515,-0.09999999999999981
6516,-0.09999999999999981
6517,-0.09999999999999981
6518,-0.09999999999999981
6519,-0.09999999999999981
6520,-0.09999999999999981
6521,-0.09999999999999981
6522,-0.09999999999999981
6523,-0.09999999999999981
6524,-0.09999999999999981
6525,-0.09999999999999981
6526,-0.09999999999999981
6527,-0.09999999999999981
6528,-0.09999999999999981
6529,-0.09999999999999981
6530,-0.09999999999999981
6531,-0.09999999999999981
6532,-0.09999999999999981
6533,-0.09999999999999981
6534,-0.09999999999999981
6535,-0.09999999999999981
6536,-0.09999999999999981
6537,-0.09999999999999981
6538,-0.09999999999999981
6539,-0.09999999999999981
6540,-0.09999999999999981
6541,-0.09999999999999981
6542,-0.09999999999999981
6543,-0.09999999999999981
6544,-0.09999999999999981
6545,-0.09999999999999981
6546,-0.09999999999999981
6547,-0.09999999999999981
6548,-0.09999999999999981
6549,-0.09999999999999981
6550,-0.09999999999999981
6551,-0.09999999999999981
6552,-0.09999999999999981
6553,-0.09999999999999981
6554,-0.09999999999999981
6555,-0.09999999999999981
6556,-0.09999999999999981
6557,-0.09999999999999981
6558,-0.09999999999999981
6559,-0.09999999999999981
6560,-0.09999999999999981
6561,-0.09999999999999981
6562,-0.09999999999999981
6563,-0.09999999999999981
6564,-0.09999999999999981
6565,-0.09999999999999981
6566,-0.09999999999999981
6567,-0.09999999999999981
6568,-0.09999999999999981
6569,-0.09999999999999981
6570,-0.09999999999999981
6571,-0.09999999999999981
6572,-0.09999999999999981
6573,-0.09999999999999981
6574,-0.09999999999999981
6575,-0.09999999999999981
6576,-0.09999999999999981
6577,-0.09999999999999981
6578,-0.09999999999999981
6579,-0.09999999999999981
6580,-0.09999999999999981
6581,-0.09999999999999981
6582,-0.09999999999999981
6583,-0.09999999999999981
6584,-0.09999999999999981
6585,-0.09999999999999981
6586,-0.09999999999999981
6587,-0.09999999999999981
6588,-0.09999999999999981
6589,-0.09999999999999981
6590,-0.09999999999999981
6591,-0.09999999999999981
6592,-0.09999999999999981
6593,-0.09999999999999981
6594,-0.09999999999999981
6595,-0.09999999999999981
6596,-0.09999999999999981
6597,-0.09999999999999981
6598,-0.09999999999999981
6599,-0.09999999999999981
6600,-0.09999999999999981
6601,-0.09999999999999981
6602,-0.09999999999999981
6603,-0.09999999999999981
6604,-0.09999999999999981
6605,-0.09999999999999981
6606,-0.09999999999999981
6607,-0.09999999999999981
6608,-0.09999999999999981
6609,-0.09999999999999981
6610,-0.09999999999999981
6611,-0.09999999999999981
6612,-0.09999999999999981
6613,-0.09999999999999981
6614,-0.09999999999999981
6615,-0.09999999999999981
6616,-0.09999999999999981
6617,-0.09999999999999981
6618,-0.09999999999999981
6619,-0.09999999999999981
6620,-0.09999999999999981
6621,-0.09999999999999981
6622,-0.09999999999999981
6623,-0.09999999999999981
6624,-0.09999999999999981
6625,-0.09999999999999981
6626,-0.09999999999999981
6627,-0.09999999999999981
6628,-0.09999999999999981
6629,-0.09999999999999981
6630,-0.09999999999999981
6631,-0.09999999999999981
6632,-0.09999999999999981
6633,-0.09999999999999981
6634,-0.09999999999999981
6635,-0.09999999999999981
6636,-0.09999999999999981
6637,-0.09999999999999981
6638,-0.09999999999999981
6639,-0.09999999999999981
6640,-0.09999999999999981
6641,-0.09999999999999981
6642,-0.09999999999999981
6643,-0.09999999999999981
6644,-0.09999999999999981
6645,-0.09999999999999981
6646,-0.09999999999999981
6647,-0.09999999999999981
6648,-0.09999999999999981
6649,-0.09999999999999981
6650,-0.09999999999999981
6651,-0.09999999999999981
6652,-0.09999999999999981
6653,-0.09999999999999981
6654,-0.09999999999999981
6655,-0.09999999999999981
6656,-0.09999999999999981
6657,-0.09999999999999981
6658,-0.09999999999999981
6659,-0.09999999999999981
6660,-0.09999999999999981
6661,-0.09999999999999981
6662,-0.09999999999999981
6663,-0.09999999999999981
6664,-0.09999999999999981
6665,-0.09999999999999981
6666,-0.09999999999999981
6667,-0.09999999999999981
6668,-0.09999999999999981
6669,-0.09999999999999981
6670,-0.09999999999999981
6671,-0.09999999999999981
6672,-0.09999999999999981
6673,-0.09999999999999981
6674,-0.09999999999999981
6675,-0.09999999999999981
6676,-0.09999999999999981
6677,-0.09999999999999981
6678,-0.09999999999999981
6679,-0.09999999999999981
6680,-0.09999999999999981
6681,-0.09999999999999981
6682,-0.09999999999999981
6683,-0.09999999999999981
6684,-0.09999999999999981
6685,-0.09999999999999981
6686,-0.09999999999999981
6687,-0.09999999999999981
6688,-0.09999999999999981
6689,-0.09999999999999981
6690,-0.09999999999999981
6691,-0.09999999999999981
6692,-0.09999999999999981
6693,-0.09999999999999981
6694,-0.09999999999999981
6695,-0.09999999999999981
6696,-0.09999999999999981
6697,-0.09999999999999981
6698,-0.09999999999999981
6699,-0.09999999999999981
6700,-0.09999999999999981
6701,-0.09999999999999981
6702,-0.09999999999999981
6703,-0.09999999999999981
6704,-0.09999999999999981
6705,-0.09999999999999981
6706,-0.09999999999999981
6707,-0.09999999999999981
6708,-0.09999999999999981
6709,-0.09999999999999981
6710,-0.09999999999999981
6711,-0.09999999999999981
6712,-0.09999999999999981
6713,-0.09999999999999981
6714,-0.09999999999999981
6715,-0.09999999999999981
6716,-0.09999999999999981
6717,-0.09999999999999981
6718,-0.09999999999999981
6719,-0.09999999999999981
6720,-0.09999999999999981
6721,-0.09999999999999981
6722,-0.09999999999999981
6723,-0.09999999999999981
6724,-0.09999999999999981
6725,-0.09999999999999981
6726,-0.09999999999999981
6727,-0.09999999999999981
6728,-0.09999999999999981
6729,-0.09999999999999981
6730,-0.09999999999999981
6731,-0.09999999999999981
6732,-0.09999999999999981
6733,-0.09999999999999981
6734,-0.09999999999999981
6735,-0.09999999999999981
6736,-0.09999999999999981
6737,-0.09999999999999981
6738,-0.09999999999999981
6739,-0.09999999999999981
6740,-0.09999999999999981
6741,-0.09999999999999981
6742,-0.09999999999999981
6743,-0.09999999999999981
6744,-0.09999999999999981
6745,-0.09999999999999981
6746,-0.09999999999999981
6747,-0.09999999999999981
6748,-0.09999999999999981
6749,-0.09999999999999981
6750,-0.09999999999999981
6751,-0.09999999999999981
6752,-0.09999999999999981
6753,-0.09999999999999981
6754,-0.09999999999999981
6755,-0.09999999999999981
6756,-0.09999999999999981
6757,-0.09999999999999981
6758,-0.09999999999999981
6759,-0.09999999999999981
6760,-0.09999999999999981
6761,-0.09999999999999981
6762,-0.09999999999999981
6763,-0.09999999999999981
6764,-0.09999999999999981
6765,-0.09999999999999981
6766,-0.09999999999999981
6767,-0.09999999999999981
6768,-0.09999999999999981
6769,-0.09999999999999981
6770,-0.09999999999999981
6771,-0.09999999999999981
6772,-0.09999999999999981
6773,-0.09999999999999981
6774,-0.09999999999999981
6775,-0.09999999999999981
6776,-0.09999999999999981
6777,-0.09999999999999981
6778,-0.09999999999999981
6779,-0.09999999999999981
6780,-0.09999999999999981
6781,-0.09999999999999981
6782,-0.09999999999999981
6783,-0.09999999999999981
6784,-0.09999999999999981
6785,-0.09999999999999981
6786,-0.09999999999999981
6787,-0.09999999999999981
6788,-0.09999999999999981
6789,-0.09999999999999981
6790,-0.09999999999999981
6791,-0.09999999999999981
6792,-0.09999999999999981
6793,-0.09999999999999981
6794,-0.09999999999999981
6795,-0.09999999999999981
6796,-0.09999999999999981
6797,-0.09999999999999981
6798,-0.09999999999999981
6799,-0.09999999999999981
6800,-0.09999999999999981
6801,-0.09999999999999981
6802,-0.09999999999999981
6803,-0.09999999999999981
6804,-0.09999999999999981
6805,-0.09999999999999981
6806,-0.09999999999999981
6807,-0.09999999999999981
6808,-0.09999999999999981
6809,-0.09999999999999981
6810,-0.09999999999999981
6811,-0.09999999999999981
6812,-0.09999999999999981
6813,-0.09999999999999981
6814,-0.09999999999999981
6815,-0.09999999999999981
6816,-0.09999999999999981
6817,-0.09999999999999981
6818,-0.09999999999999981
6819,-0.09999999999999981
6820,-0.09999999999999981
6821,-0.09999999999999981
6822,-0.09999999999999981
6823,-0.09999999999999981
6824,-0.09999999999999981
6825,-0.09999999999999981
6826,-0.09999999999999981
6827,-0.09999999999999981
6828,-0.09999999999999981
6829,-0.09999999999999981
6830,-0.09999999999999981
6831,-0.09999999999999981
6832,-0.09999999999999981
6833,-0.09999999999999981
6834,-0.09999999999999981
6835,-0.09999999999999981
6836,-0.09999999999999981
6837,-0.09999999999999981
6838,-0.09999999999999981
6839,-0.09999999999999981
6840,-0.09999999999999981
6841,-0.09999999999999981
6842,-0.09999999999999981
6843,-0.09999999999999981
6844,-0.09999999999999981
6845,-0.09999999999999981
6846,-0.09999999999999981
6847,-0.09999999999999981
6848,-0.09999999999999981
6849,-0.09999999999999981
6850,-0.09999999999999981
6851,-0.09999999999999981
6852,-0.09999999999999981
6853,-0.09999999999999981
6854,-0.09999999999999981
6855,-0.09999999999999981
6856,-0.09999999999999981
6857,-0.09999999999999981
6858,-0.09999999999999981
6859,-0.09999999999999981
6860,-0.09999999999999981
6861,-0.09999999999999981
6862,-0.09999999999999981
6863,-0.09999999999999981
6864,-0.09999999999999981
6865,-0.09999999999999981
6866,-0.09999999999999981
6867,-0.09999999999999981
6868,-0.09999999999999981
6869,-0.09999999999999981
6870,-0.09999999999999981
6871,-0.09999999999999981
6872,-0.09999999999999981
6873,-0.09999999999999981
6874,-0.09999999999999981
6875,-0.09999999999999981
6876,-0.09999999999999981
6877,-0.09999999999999981
6878,-0.09999999999999981
6879,-0.09999999999999981
6880,-0.09999999999999981
6881,-0.09999999999999981
6882,-0.09999999999999981
6883,-0.09999999999999981
6884,-0.09999999999999981
6885,-0.09999999999999981
6886,-0.09999999999999981
6887,-0.09999999999999981
6888,-0.09999999999999981
6889,-0.09999999999999981
6890,-0.09999999999999981
6891,-0.09999999999999981
6892,-0.09999999999999981
6893,-0.09999999999999981
6894,-0.09999999999999981
6895,-0.09999999999999981
6896,-0.09999999999999981
6897,-0.09999999999999981
6898,-0.09999999999999981
6899,-0.09999999999999981
6900,-0.09999999999999981
6901,-0.09999999999999981
6902,-0.09999999999999981
6903,-0.09999999999999981
6904,-0.09999999999999981
6905,-0.09999999999999981
6906,-0.09999999999999981
6907,-0.09999999999999981
6908,-0.09999999999999981
6909,-0.09999999999999981
6910,-0.09999999999999981
6911,-0.09999999999999981
6912,-0.09999999999999981
6913,-0.09999999999999981
6914,-0.09999999999999981
6915,-0.09999999999999981
6916,-0.09999999999999981
6917,-0.09999999999999981
6918,-0.09999999999999981
6919,-0.09999999999999981
6920,-0.09999999999999981
6921,-0.09999999999999981
6922,-0.09999999999999981
6923,-0.09999999999999981
6924,-0.09999999999999981
6925,-0.09999999999999981
6926,-0.09999999999999981
6927,-0.09999999999999981
6928,-0.09999999999999981
6929,-0.09999999999999981
6930,-0.09999999999999981
6931,-0.09999999999999981
6932,-0.09999999999999981
6933,-0.09999999999999981
6934,-0.09999999999999981
6935,-0.09999999999999981
6936,-0.09999999999999981
6937,-0.09999999999999981
6938,-0.09999999999999981
6939,-0.09999999999999981
6940,-0.09999999999999981
6941,-0.09999999999999981
6942,-0.09999999999999981
6943,-0.09999999999999981
6944,-0.09999999999999981
6945,-0.09999999999999981
6946,-0.09999999999999981
6947,-0.09999999999999981
6948,-0.09999999999999981
6949,-0.09999999999999981
6950,-0.09999999999999981
6951,-0.09999999999999981
6952,-0.09999999999999981
6953,-0.09999999999999981
6954,-0.09999999999999981
6955,-0.09999999999999981
6956,-0.09999999999999981
6957,-0.09999999999999981
6958,-0.09999999999999981
6959,-0.09999999999999981
6960,-0.09999999999999981
6961,-0.09999999999999981
6962,-0.09999999999999981
6963,-0.09999999999999981
6964,-0.09999999999999981
6965,-0.09999999999999981
6966,-0.09999999999999981
6967,-0.09999999999999981
6968,-0.09999999999999981
6969,-0.09999999999999981
6970,-0.09999999999999981
6971,-0.09999999999999981
6972,-0.09999999999999981
6973,-0.09999999999999981
6974,-0.09999999999999981
6975,-0.09999999999999981
6976,-0.09999999999999981
6977,-0.09999999999999981
6978,-0.09999999999999981
6979,-0.09999999999999981
6980,-0.09999999999999981
6981,-0.09999999999999981
6982,-0.09999999999999981
6983,-0.09999999999999981
6984,-0.09999999999999981
6985,-0.09999999999999981
6986,-0.09999999999999981
6987,-0.09999999999999981
6988,-0.09999999999999981
6989,-0.09999999999999981
6990,-0.09999999999999981
6991,-0.09999999999999981
6992,-0.09999999999999981
6993,-0.09999999999999981
6994,-0.09999999999999981
6995,-0.09999999999999981
6996,-0.09999999999999981
6997,-0.09999999999999981
6998,-0.09999999999999981
6999,-0.09999999999999981
7000,-0.09999999999999981
7001,-0.09999999999999981
7002,-0.09999999999999981
7003,-0.09999999999999981
7004,-0.09999999999999981
7005,-0.09999999999999981
7006,-0.09999999999999981
7007,-0.09999999999999981
7008,-0.09999999999999981
7009,-0.09999999999999981
7010,-0.09999999999999981
7011,-0.09999999999999981
7012,-0.09999999999999981
7013,-0.09999999999999981
7014,-0.09999999999999981
7015,-0.09999999999999981
7016,-0.09999999999999981
7017,-0.09999999999999981
7018,-0.09999999999999981
7019,-0.09999999999999981
7020,-0.09999999999999981
7021,-0.09999999999999981
7022,-0.09999999999999981
7023,-0.09999999999999981
7024,-0.09999999999999981
7025,-0.09999999999999981
7026,-0.09999999999999981
7027,-0.09999999999999981
7028,-0.09999999999999981
7029,-0.09999999999999981
7030,-0.09999999999999981
7031,-0.09999999999999981
7032,-0.09999999999999981
7033,-0.09999999999999981
7034,-0.09999999999999981
7035,-0.09999999999999981
7036,-0.09999999999999981
7037,-0.09999999999999981
7038,-0.09999999999999981
7039,-0.09999999999999981
7040,-0.09999999999999981
7041,-0.09999999999999981
7042,-0.09999999999999981
7043,-0.09999999999999981
7044,-0.09999999999999981
7045,-0.09999999999999981
7046,-0.09999999999999981
7047,-0.09999999999999981
7048,-0.09999999999999981
7049,-0.09999999999999981
7050,-0.09999999999999981
7051,-0.09999999999999981
7052,-0.09999999999999981
7053,-0.09999999999999981
7054,-0.09999999999999981
7055,-0.09999999999999981
7056,-0.09999999999999981
7057,-0.09999999999999981
7058,-0.09999999999999981
7059,-0.09999999999999981
7060,-0.09999999999999981
7061,-0.09999999999999981
7062,-0.09999999999999981
7063,-0.09999999999999981
7064,-0.09999999999999981
7065,-0.09999999999999981
7066,-0.09999999999999981
7067,-0.09999999999999981
7068,-0.09999999999999981
7069,-0.09999999999999981
7070,-0.09999999999999981
7071,-0.09999999999999981
7072,-0.09999999999999981
7073,-0.09999999999999981
7074,-0.09999999999999981
7075,-0.09999999999999981
7076,-0.09999999999999981
7077,-0.09999999999999981
7078,-0.09999999999999981
7079,-0.09999999999999981
7080,-0.09999999999999981
7081,-0.09999999999999981
7082,-0.09999999999999981
7083,-0.09999999999999981
7084,-0.09999999999999981
7085,-0.09999999999999981
7086,-0.09999999999999981
7087,-0.09999999999999981
7088,-0.09999999999999981
7089,-0.09999999999999981
7090,-0.09999999999999981
7091,-0.09999999999999981
7092,-0.09999999999999981
7093,-0.09999999999999981
7094,-0.09999999999999981
7095,-0.09999999999999981
7096,-0.09999999999999981
7097,-0.09999999999999981
7098,-0.09999999999999981
7099,-0.09999999999999981
7100,-0.09999999999999981
7101,-0.09999999999999981
7102,-0.09999999999999981
7103,-0.09999999999999981
7104,-0.09999999999999981
7105,-0.09999999999999981
7106,-0.09999999999999981
7107,-0.09999999999999981
7108,-0.09999999999999981
7109,-0.09999999999999981
7110,-0.09999999999999981
7111,-0.09999999999999981
7112,-0.09999999999999981
7113,-0.09999999999999981
7114,-0.09999999999999981
7115,-0.09999999999999981
7116,-0.09999999999999981
7117,-0.09999999999999981
7118,-0.09999999999999981
7119,-0.09999999999999981
7120,-0.09999999999999981
7121,-0.09999999999999981
7122,-0.09999999999999981
7123,-0.09999999999999981
7124,-0.09999999999999981
7125,-0.09999999999999981
7126,-0.09999999999999981
7127,-0.09999999999999981
7128,-0.09999999999999981
7129,-0.09999999999999981
7130,-0.09999999999999981
7131,-0.09999999999999981
7132,-0.09999999999999981
7133,-0.09999999999999981
7134,-0.09999999999999981
7135,-0.09999999999999981
7136,-0.09999999999999981
7137,-0.09999999999999981
7138,-0.09999999999999981
7139,-0.09999999999999981
7140,-0.09999999999999981
7141,-0.09999999999999981
7142,-0.09999999999999981
7143,-0.09999999999999981
7144,-0.09999999999999981
7145,-0.09999999999999981
7146,-0.09999999999999981
7147,-0.09999999999999981
7148,-0.09999999999999981
7149,-0.09999999999999981
7150,-0.09999999999999981
7151,-0.09999999999999981
7152,-0.09999999999999981
7153,-0.09999999999999981
7154,-0.09999999999999981
7155,-0.09999999999999981
7156,-0.09999999999999981
7157,-0.09999999999999981
7158,-0.09999999999999981
7159,-0.09999999999999981
7160,-0.09999999999999981
7161,-0.09999999999999981
7162,-0.09999999999999981
7163,-0.09999999999999981
7164,-0.09999999999999981
7165,-0.09999999999999981
7166,-0.09999999999999981
7167,-0.09999999999999981
7168,-0.09999999999999981
7169,-0.09999999999999981
7170,-0.09999999999999981
7171,-0.09999999999999981
7172,-0.09999999999999981
7173,-0.09999999999999981
7174,-0.09999999999999981
7175,-0.09999999999999981
7176,-0.09999999999999981
7177,-0.09999999999999981
7178,-0.09999999999999981
7179,-0.09999999999999981
7180,-0.09999999999999981
7181,-0.09999999999999981
7182,-0.09999999999999981
7183,-0.09999999999999981
7184,-0.09999999999999981
7185,-0.09999999999999981
7186,-0.09999999999999981
7187,-0.09999999999999981
7188,-0.09999999999999981
7189,-0.09999999999999981
7190,-0.09999999999999981
7191,-0.09999999999999981
7192,-0.09999999999999981
7193,-0.09999999999999981
7194,-0.09999999999999981
7195,-0.09999999999999981
7196,-0.09999999999999981
7197,-0.09999999999999981
7198,-0.09999999999999981
7199,-0.09999999999999981
7200,-0.09999999999999981
7201,-0.09999999999999981
7202,-0.09999999999999981
7203,-0.09999999999999981
7204,-0.09999999999999981
7205,-0.09999999999999981
7206,-0.09999999999999981
7207,-0.09999999999999981
7208,-0.09999999999999981
7209,-0.09999999999999981
7210,-0.09999999999999981
7211,-0.09999999999999981
7212,-0.09999999999999981
7213,-0.09999999999999981
7214,-0.09999999999999981
7215,-0.09999999999999981
7216,-0.09999999999999981
7217,-0.09999999999999981
7218,-0.09999999999999981
7219,-0.09999999999999981
7220,-0.09999999999999981
7221,-0.09999999999999981
7222,-0.09999999999999981
7223,-0.09999999999999981
7224,-0.09999999999999981
7225,-0.09999999999999981
7226,-0.09999999999999981
7227,-0.09999999999999981
7228,-0.09999999999999981
7229,-0.09999999999999981
7230,-0.09999999999999981
7231,-0.09999999999999981
7232,-0.09999999999999981
7233,-0.09999999999999981
7234,-0.09999999999999981
7235,-0.09999999999999981
7236,-0.09999999999999981
7237,-0.09999999999999981
7238,-0.09999999999999981
7239,-0.09999999999999981
7240,-0.09999999999999981
7241,-0.09999999999999981
7242,-0.09999999999999981
7243,-0.09999999999999981
7244,-0.09999999999999981
7245,-0.09999999999999981
7246,-0.09999999999999981
7247,-0.09999999999999981
7248,-0.09999999999999981
7249,-0.09999999999999981
7250,-0.09999999999999981
7251,-0.09999999999999981
7252,-0.09999999999999981
7253,-0.09999999999999981
7254,-0.09999999999999981
7255,-0.09999999999999981
7256,-0.09999999999999981
7257,-0.09999999999999981
7258,-0.09999999999999981
7259,-0.09999999999999981
7260,-0.09999999999999981
7261,-0.09999999999999981
7262,-0.09999999999999981
7263,-0.09999999999999981
7264,-0.09999999999999981
7265,-0.09999999999999981
7266,-0.09999999999999981
7267,-0.09999999999999981
7268,-0.09999999999999981
7269,-0.09999999999999981
7270,-0.09999999999999981
7271,-0.09999999999999981
7272,-0.09999999999999981
7273,-0.09999999999999981
7274,-0.09999999999999981
7275,-0.09999999999999981
7276,-0.09999999999999981
7277,-0.09999999999999981
7278,-0.09999999999999981
7279,-0.09999999999999981
7280,-0.09999999999999981
7281,-0.09999999999999981
7282,-0.09999999999999981
7283,-0.09999999999999981
7284,-0.09999999999999981
7285,-0.09999999999999981
7286,-0.09999999999999981
7287,-0.09999999999999981
7288,-0.09999999999999981
7289,-0.09999999999999981
7290,-0.09999999999999981
7291,-0.09999999999999981
7292,-0.09999999999999981
7293,-0.09999999999999981
7294,-0.09999999999999981
7295,-0.09999999999999981
7296,-0.09999999999999981
7297,-0.09999999999999981
7298,-0.09999999999999981
7299,-0.09999999999999981
7300,-0.09999999999999981
7301,-0.09999999999999981
7302,-0.09999999999999981
7303,-0.09999999999999981
7304,-0.09999999999999981
7305,-0.09999999999999981
7306,-0.09999999999999981
7307,-0.09999999999999981
7308,-0.09999999999999981
7309,-0.09999999999999981
7310,-0.09999999999999981
7311,-0.09999999999999981
7312,-0.09999999999999981
7313,-0.09999999999999981
7314,-0.09999999999999981
7315,-0.09999999999999981
7316,-0.09999999999999981
7317,-0.09999999999999981
7318,-0.09999999999999981
7319,-0.09999999999999981
7320,-0.09999999999999981
7321,-0.09999999999999981
7322,-0.09999999999999981
7323,-0.09999999999999981
7324,-0.09999999999999981
7325,-0.09999999999999981
7326,-0.09999999999999981
7327,-0.09999999999999981
7328,-0.09999999999999981
7329,-0.09999999999999981
7330,-0.09999999999999981
7331,-0.09999999999999981
7332,-0.09999999999999981
7333,-0.09999999999999981
7334,-0.09999999999999981
7335,-0.09999999999999981
7336,-0.09999999999999981
7337,-0.09999999999999981
7338,-0.09999999999999981
7339,-0.09999999999999981
7340,-0.09999999999999981
7341,-0.09999999999999981
7342,-0.09999999999999981
7343,-0.09999999999999981
7344,-0.09999999999999981
7345,-0.09999999999999981
7346,-0.09999999999999981
7347,-0.09999999999999981
7348,-0.09999999999999981
7349,-0.09999999999999981
7350,-0.09999999999999981
7351,-0.09999999999999981
7352,-0.09999999999999981
7353,-0.09999999999999981
7354,-0.09999999999999981
7355,-0.09999999999999981
7356,-0.09999999999999981
7357,-0.09999999999999981
7358,-0.09999999999999981
7359,-0.09999999999999981
7360,-0.09999999999999981
7361,-0.09999999999999981
7362,-0.09999999999999981
7363,-0.09999999999999981
7364,-0.09999999999999981
7365,-0.09999999999999981
7366,-0.09999999999999981
7367,-0.09999999999999981
7368,-0.09999999999999981
7369,-0.09999999999999981
7370,-0.09999999999999981
7371,-0.09999999999999981
7372,-0.09999999999999981
7373,-0.09999999999999981
7374,-0.09999999999999981
7375,-0.09999999999999981
7376,-0.09999999999999981
7377,-0.09999999999999981
7378,-0.09999999999999981
7379,-0.09999999999999981
7380,-0.09999999999999981
7381,-0.09999999999999981
7382,-0.09999999999999981
7383,-0.09999999999999981
7384,-0.09999999999999981
7385,-0.09999999999999981
7386,-0.09999999999999981
7387,-0.09999999999999981
7388,-0.09999999999999981
7389,-0.09999999999999981
7390,-0.09999999999999981
7391,-0.09999999999999981
7392,-0.09999999999999981
7393,-0.09999999999999981
7394,-0.09999999999999981
7395,-0.09999999999999981
7396,-0.09999999999999981
7397,-0.09999999999999981
7398,-0.09999999999999981
7399,-0.09999999999999981
7400,-0.09999999999999981
7401,-0.09999999999999981
7402,-0.09999999999999981
7403,-0.09999999999999981
7404,-0.09999999999999981
7405,-0.09999999999999981
7406,-0.09999999999999981
7407,-0.09999999999999981
7408,-0.09999999999999981
7409,-0.09999999999999981
7410,-0.09999999999999981
7411,-0.09999999999999981
7412,-0.09999999999999981
7413,-0.09999999999999981
7414,-0.09999999999999981
7415,-0.09999999999999981
7416,-0.09999999999999981
7417,-0.09999999999999981
7418,-0.09999999999999981
7419,-0.09999999999999981
7420,-0.09999999999999981
7421,-0.09999999999999981
7422,-0.09999999999999981
7423,-0.09999999999999981
7424,-0.09999999999999981
7425,-0.09999999999999981
7426,-0.09999999999999981
7427,-0.09999999999999981
7428,-0.09999999999999981
7429,-0.09999999999999981
7430,-0.09999999999999981
7431,-0.09999999999999981
7432,-0.09999999999999981
7433,-0.09999999999999981
7434,-0.09999999999999981
7435,-0.09999999999999981
7436,-0.09999999999999981
7437,-0.09999999999999981
7438,-0.09999999999999981
7439,-0.09999999999999981
7440,-0.09999999999999981
7441,-0.09999999999999981
7442,-0.09999999999999981
7443,-0.09999999999999981
7444,-0.09999999999999981
7445,-0.09999999999999981
7446,-0.09999999999999981
7447,-0.09999999999999981
7448,-0.09999999999999981
7449,-0.09999999999999981
7450,-0.09999999999999981
7451,-0.09999999999999981
7452,-0.09999999999999981
7453,-0.09999999999999981
7454,-0.09999999999999981
7455,-0.09999999999999981
7456,-0.09999999999999981
7457,-0.09999999999999981
7458,-0.09999999999999981
7459,-0.09999999999999981
7460,-0.09999999999999981
7461,-0.09999999999999981
7462,-0.09999999999999981
7463,-0.09999999999999981
7464,-0.09999999999999981
7465,-0.09999999999999981
7466,-0.09999999999999981
7467,-0.09999999999999981
7468,-0.09999999999999981
7469,-0.09999999999999981
7470,-0.09999999999999981
7471,-0.09999999999999981
7472,-0.09999999999999981
7473,-0.09999999999999981
7474,-0.09999999999999981
7475,-0.09999999999999981
7476,-0.09999999999999981
7477,-0.09999999999999981
7478,-0.09999999999999981
7479,-0.09999999999999981
7480,-0.09999999999999981
7481,-0.09999999999999981
7482,-0.09999999999999981
7483,-0.09999999999999981
7484,-0.09999999999999981
7485,-0.09999999999999981
7486,-0.09999999999999981
7487,-0.09999999999999981
7488,-0.09999999999999981
7489,-0.09999999999999981
7490,-0.09999999999999981
7491,-0.09999999999999981
7492,-0.09999999999999981
7493,-0.09999999999999981
7494,-0.09999999999999981
7495,-0.09999999999999981
7496,-0.09999999999999981
7497,-0.09999999999999981
7498,-0.09999999999999981
7499,-0.09999999999999981
7500,-0.09999999999999981
7501,-0.09999999999999981
7502,-0.09999999999999981
7503,-0.09999999999999981
7504,-0.09999999999999981
7505,-0.09999999999999981
7506,-0.09999999999999981
7507,-0.09999999999999981
7508,-0.09999999999999981
7509,-0.09999999999999981
7510,-0.09999999999999981
7511,-0.09999999999999981
7512,-0.09999999999999981
7513,-0.09999999999999981
7514,-0.09999999999999981
7515,-0.09999999999999981
7516,-0.09999999999999981
7517,-0.09999999999999981
7518,-0.09999999999999981
7519,-0.09999999999999981
7520,-0.09999999999999981
7521,-0.09999999999999981
7522,-0.09999999999999981
7523,-0.09999999999999981
7524,-0.09999999999999981
7525,-0.09999999999999981
7526,-0.09999999999999981
7527,-0.09999999999999981
7528,-0.09999999999999981
7529,-0.09999999999999981
7530,-0.09999999999999981
7531,-0.09999999999999981
7532,-0.09999999999999981
7533,-0.09999999999999981
7534,-0.09999999999999981
7535,-0.09999999999999981
7536,-0.09999999999999981
7537,-0.09999999999999981
7538,-0.09999999999999981
7539,-0.09999999999999981
7540,-0.09999999999999981
7541,-0.09999999999999981
7542,-0.09999999999999981
7543,-0.09999999999999981
7544,-0.09999999999999981
7545,-0.09999999999999981
7546,-0.09999999999999981
7547,-0.09999999999999981
7548,-0.09999999999999981
7549,-0.09999999999999981
7550,-0.09999999999999981
7551,-0.09999999999999981
7552,-0.09999999999999981
7553,-0.09999999999999981
7554,-0.09999999999999981
7555,-0.09999999999999981
7556,-0.09999999999999981
7557,-0.09999999999999981
7558,-0.09999999999999981
7559,-0.09999999999999981
7560,-0.09999999999999981
7561,-0.09999999999999981
7562,-0.09999999999999981
7563,-0.09999999999999981
7564,-0.09999999999999981
7565,-0.09999999999999981
7566,-0.09999999999999981
7567,-0.09999999999999981
7568,-0.09999999999999981
7569,-0.09999999999999981
7570,-0.09999999999999981
7571,-0.09999999999999981
7572,-0.09999999999999981
7573,-0.09999999999999981
7574,-0.09999999999999981
7575,-0.09999999999999981
7576,-0.09999999999999981
7577,-0.09999999999999981
7578,-0.09999999999999981
7579,-0.09999999999999981
7580,-0.09999999999999981
7581,-0.09999999999999981
7582,-0.09999999999999981
7583,-0.09999999999999981
7584,-0.09999999999999981
7585,-0.09999999999999981
7586,-0.09999999999999981
7587,-0.09999999999999981
7588,-0.09999999999999981
7589,-0.09999999999999981
7590,-0.09999999999999981
7591,-0.09999999999999981
7592,-0.09999999999999981
7593,-0.09999999999999981
7594,-0.09999999999999981
7595,-0.09999999999999981
7596,-0.09999999999999981
7597,-0.09999999999999981
7598,-0.09999999999999981
7599,-0.09999999999999981
7600,-0.09999999999999981
7601,-0.09999999999999981
7602,-0.09999999999999981
7603,-0.09999999999999981
7604,-0.09999999999999981
7605,-0.09999999999999981
7606,-0.09999999999999981
7607,-0.09999999999999981
7608,-0.09999999999999981
7609,-0.09999999999999981
7610,-0.09999999999999981
7611,-0.09999999999999981
7612,-0.09999999999999981
7613,-0.09999999999999981
7614,-0.09999999999999981
7615,-0.09999999999999981
7616,-0.09999999999999981
7617,-0.09999999999999981
7618,-0.09999999999999981
7619,-0.09999999999999981
7620,-0.09999999999999981
7621,-0.09999999999999981
7622,-0.09999999999999981
7623,-0.09999999999999981
7624,-0.09999999999999981
7625,-0.09999999999999981
7626,-0.09999999999999981
7627,-0.09999999999999981
7628,-0.09999999999999981
7629,-0.09999999999999981
7630,-0.09999999999999981
7631,-0.09999999999999981
7632,-0.09999999999999981
7633,-0.09999999999999981
7634,-0.09999999999999981
7635,-0.09999999999999981
7636,-0.09999999999999981
7637,-0.09999999999999981
7638,-0.09999999999999981
7639,-0.09999999999999981
7640,-0.09999999999999981
7641,-0.09999999999999981
7642,-0.09999999999999981
7643,-0.09999999999999981
7644,-0.09999999999999981
7645,-0.09999999999999981
7646,-0.09999999999999981
7647,-0.09999999999999981
7648,-0.09999999999999981
7649,-0.09999999999999981
7650,-0.09999999999999981
7651,-0.09999999999999981
7652,-0.09999999999999981
7653,-0.09999999999999981
7654,-0.09999999999999981
7655,-0.09999999999999981
7656,-0.09999999999999981
7657,-0.09999999999999981
7658,-0.09999999999999981
7659,-0.09999999999999981
7660,-0.09999999999999981
7661,-0.09999999999999981
7662,-0.09999999999999981
7663,-0.09999999999999981
7664,-0.09999999999999981
7665,-0.09999999999999981
7666,-0.09999999999999981
7667,-0.09999999999999981
7668,-0.09999999999999981
7669,-0.09999999999999981
7670,-0.09999999999999981
7671,-0.09999999999999981
7672,-0.09999999999999981
7673,-0.09999999999999981
7674,-0.09999999999999981
7675,-0.09999999999999981
7676,-0.09999999999999981
7677,-0.09999999999999981
7678,-0.09999999999999981
7679,-0.09999999999999981
7680,-0.09999999999999981
7681,-0.09999999999999981
7682,-0.09999999999999981
7683,-0.09999999999999981
7684,-0.09999999999999981
7685,-0.09999999999999981
7686,-0.09999999999999981
7687,-0.09999999999999981
7688,-0.09999999999999981
7689,-0.09999999999999981
7690,-0.09999999999999981
7691,-0.09999999999999981
7692,-0.09999999999999981
7693,-0.09999999999999981
7694,-0.09999999999999981
7695,-0.09999999999999981
7696,-0.09999999999999981
7697,-0.09999999999999981
7698,-0.09999999999999981
7699,-0.09999999999999981
7700,-0.09999999999999981
7701,-0.09999999999999981
7702,-0.09999999999999981
7703,-0.09999999999999981
7704,-0.09999999999999981
7705,-0.09999999999999981
7706,-0.09999999999999981
7707,-0.09999999999999981
7708,-0.09999999999999981
7709,-0.09999999999999981
7710,-0.09999999999999981
7711,-0.09999999999999981
7712,-0.09999999999999981
7713,-0.09999999999999981
7714,-0.09999999999999981
7715,-0.09999999999999981
7716,-0.09999999999999981
7717,-0.09999999999999981
7718,-0.09999999999999981
7719,-0.09999999999999981
7720,-0.09999999999999981
7721,-0.09999999999999981
7722,-0.09999999999999981
7723,-0.09999999999999981
7724,-0.09999999999999981
7725,-0.09999999999999981
7726,-0.09999999999999981
7727,-0.09999999999999981
7728,-0.09999999999999981
7729,-0.09999999999999981
7730,-0.09999999999999981
7731,-0.09999999999999981
7732,-0.09999999999999981
7733,-0.09999999999999981
7734,-0.09999999999999981
7735,-0.09999999999999981
7736,-0.09999999999999981
7737,-0.09999999999999981
7738,-0.09999999999999981
7739,-0.09999999999999981
7740,-0.09999999999999981
7741,-0.09999999999999981
7742,-0.09999999999999981
7743,-0.09999999999999981
7744,-0.09999999999999981
7745,-0.09999999999999981
7746,-0.09999999999999981
7747,-0.09999999999999981
7748,-0.09999999999999981
7749,-0.09999999999999981
7750,-0.09999999999999981
7751,-0.09999999999999981
7752,-0.09999999999999981
7753,-0.09999999999999981
7754,-0.09999999999999981
7755,-0.09999999999999981
7756,-0.09999999999999981
7757,-0.09999999999999981
7758,-0.09999999999999981
7759,-0.09999999999999981
7760,-0.09999999999999981
7761,-0.09999999999999981
7762,-0.09999999999999981
7763,-0.09999999999999981
7764,-0.09999999999999981
7765,-0.09999999999999981
7766,-0.09999999999999981
7767,-0.09999999999999981
7768,-0.09999999999999981
7769,-0.09999999999999981
7770,-0.09999999999999981
7771,-0.09999999999999981
7772,-0.09999999999999981
7773,-0.09999999999999981
7774,-0.09999999999999981
7775,-0.09999999999999981
7776,-0.09999999999999981
7777,-0.09999999999999981
7778,-0.09999999999999981
7779,-0.09999999999999981
7780,-0.09999999999999981
7781,-0.09999999999999981
7782,-0.09999999999999981
7783,-0.09999999999999981
7784,-0.09999999999999981
7785,-0.09999999999999981
7786,-0.09999999999999981
7787,-0.09999999999999981
7788,-0.09999999999999981
7789,-0.09999999999999981
7790,-0.09999999999999981
7791,-0.09999999999999981
7792,-0.09999999999999981
7793,-0.09999999999999981
7794,-0.09999999999999981
7795,-0.09999999999999981
7796,-0.09999999999999981
7797,-0.09999999999999981
7798,-0.09999999999999981
7799,-0.09999999999999981
7800,-0.09999999999999981
7801,-0.09999999999999981
7802,-0.09999999999999981
7803,-0.09999999999999981
7804,-0.09999999999999981
7805,-0.09999999999999981
7806,-0.09999999999999981
7807,-0.09999999999999981
7808,-0.09999999999999981
7809,-0.09999999999999981
7810,-0.09999999999999981
7811,-0.09999999999999981
7812,-0.09999999999999981
7813,-0.09999999999999981
7814,-0.09999999999999981
7815,-0.09999999999999981
7816,-0.09999999999999981
7817,-0.09999999999999981
7818,-0.09999999999999981
7819,-0.09999999999999981
7820,-0.09999999999999981
7821,-0.09999999999999981
7822,-0.09999999999999981
7823,-0.09999999999999981
7824,-0.09999999999999981
7825,-0.09999999999999981
7826,-0.09999999999999981
7827,-0.09999999999999981
7828,-0.09999999999999981
7829,-0.09999999999999981
7830,-0.09999999999999981
7831,-0.09999999999999981
7832,-0.09999999999999981
7833,-0.09999999999999981
7834,-0.09999999999999981
7835,-0.09999999999999981
7836,-0.09999999999999981
7837,-0.09999999999999981
7838,-0.09999999999999981
7839,-0.09999999999999981
7840,-0.09999999999999981
7841,-0.09999999999999981
7842,-0.09999999999999981
7843,-0.09999999999999981
7844,-0.09999999999999981
7845,-0.09999999999999981
7846,-0.09999999999999981
7847,-0.09999999999999981
7848,-0.09999999999999981
7849,-0.09999999999999981
7850,-0.09999999999999981
7851,-0.09999999999999981
7852,-0.09999999999999981
7853,-0.09999999999999981
7854,-0.09999999999999981
7855,-0.09999999999999981
7856,-0.09999999999999981
7857,-0.09999999999999981
7858,-0.09999999999999981
7859,-0.09999999999999981
7860,-0.09999999999999981
7861,-0.09999999999999981
7862,-0.09999999999999981
7863,-0.09999999999999981
7864,-0.09999999999999981
7865,-0.09999999999999981
7866,-0.09999999999999981
7867,-0.09999999999999981
7868,-0.09999999999999981
7869,-0.09999999999999981
7870,-0.09999999999999981
7871,-0.09999999999999981
7872,-0.09999999999999981
7873,-0.09999999999999981
7874,-0.09999999999999981
7875,-0.09999999999999981
7876,-0.09999999999999981
7877,-0.09999999999999981
7878,-0.09999999999999981
7879,-0.09999999999999981
7880,-0.09999999999999981
7881,-0.09999999999999981
7882,-0.09999999999999981
7883,-0.09999999999999981
7884,-0.09999999999999981
7885,-0.09999999999999981
7886,-0.09999999999999981
7887,-0.09999999999999981
7888,-0.09999999999999981
7889,-0.09999999999999981
7890,-0.09999999999999981
7891,-0.09999999999999981
7892,-0.09999999999999981
7893,-0.09999999999999981
7894,-0.09999999999999981
7895,-0.09999999999999981
7896,-0.09999999999999981
7897,-0.09999999999999981
7898,-0.09999999999999981
7899,-0.09999999999999981
7900,-0.09999999999999981
7901,-0.09999999999999981
7902,-0.09999999999999981
7903,-0.09999999999999981
7904,-0.09999999999999981
7905,-0.09999999999999981
7906,-0.09999999999999981
7907,-0.09999999999999981
7908,-0.09999999999999981
7909,-0.09999999999999981
7910,-0.09999999999999981
7911,-0.09999999999999981
7912,-0.09999999999999981
7913,-0.09999999999999981
7914,-0.09999999999999981
7915,-0.09999999999999981
7916,-0.09999999999999981
7917,-0.09999999999999981
7918,-0.09999999999999981
7919,-0.09999999999999981
7920,-0.09999999999999981
7921,-0.09999999999999981
7922,-0.09999999999999981
7923,-0.09999999999999981
7924,-0.09999999999999981
7925,-0.09999999999999981
7926,-0.09999999999999981
7927,-0.09999999999999981
7928,-0.09999999999999981
7929,-0.09999999999999981
7930,-0.09999999999999981
7931,-0.09999999999999981
7932,-0.09999999999999981
7933,-0.09999999999999981
7934,-0.09999999999999981
7935,-0.09999999999999981
7936,-0.09999999999999981
7937,-0.09999999999999981
7938,-0.09999999999999981
7939,-0.09999999999999981
7940,-0.09999999999999981
7941,-0.09999999999999981
7942,-0.09999999999999981
7943,-0.09999999999999981
7944,-0.09999999999999981
7945,-0.09999999999999981
7946,-0.09999999999999981
7947,-0.09999999999999981
7948,-0.09999999999999981
7949,-0.09999999999999981
7950,-0.09999999999999981
7951,-0.09999999999999981
7952,-0.09999999999999981
7953,-0.09999999999999981
7954,-0.09999999999999981
7955,-0.09999999999999981
7956,-0.09999999999999981
7957,-0.09999999999999981
7958,-0.09999999999999981
7959,-0.09999999999999981
7960,-0.09999999999999981
7961,-0.09999999999999981
7962,-0.09999999999999981
7963,-0.09999999999999981
7964,-0.09999999999999981
7965,-0.09999999999999981
7966,-0.09999999999999981
7967,-0.09999999999999981
7968,-0.09999999999999981
7969,-0.09999999999999981
7970,-0.09999999999999981
7971,-0.09999999999999981
7972,-0.09999999999999981
7973,-0.09999999999999981
7974,-0.09999999999999981
7975,-0.09999999999999981
7976,-0.09999999999999981
7977,-0.09999999999999981
7978,-0.09999999999999981
7979,-0.09999999999999981
7980,-0.09999999999999981
7981,-0.09999999999999981
7982,-0.09999999999999981
7983,-0.09999999999999981
7984,-0.09999999999999981
7985,-0.09999999999999981
7986,-0.09999999999999981
7987,-0.09999999999999981
7988,-0.09999999999999981
7989,-0.09999999999999981
7990,-0.09999999999999981
7991,-0.09999999999999981
7992,-0.09999999999999981
7993,-0.09999999999999981
7994,-0.09999999999999981
7995,-0.09999999999999981
7996,-0.09999999999999981
7997,-0.09999999999999981
7998,-0.09999999999999981
7999,-0.09999999999999981
8000,-0.09999999999999981
8001,-0.09999999999999981
8002,-0.09999999999999981
8003,-0.09999999999999981
8004,-0.09999999999999981
8005,-0.09999999999999981
8006,-0.09999999999999981
8007,-0.09999999999999981
8008,-0.09999999999999981
8009,-0.09999999999999981
8010,-0.09999999999999981
8011,-0.09999999999999981
8012,-0.09999999999999981
8013,-0.09999999999999981
8014,-0.09999999999999981
8015,-0.09999999999999981
8016,-0.09999999999999981
8017,-0.09999999999999981
8018,-0.09999999999999981
8019,-0.09999999999999981
8020,-0.09999999999999981
8021,-0.09999999999999981
8022,-0.09999999999999981
8023,-0.09999999999999981
8024,-0.09999999999999981
8025,-0.09999999999999981
8026,-0.09999999999999981
8027,-0.09999999999999981
8028,-0.09999999999999981
8029,-0.09999999999999981
8030,-0.09999999999999981
8031,-0.09999999999999981
8032,-0.09999999999999981
8033,-0.09999999999999981
8034,-0.09999999999999981
8035,-0.09999999999999981
8036,-0.09999999999999981
8037,-0.09999999999999981
8038,-0.09999999999999981
8039,-0.09999999999999981
8040,-0.09999999999999981
8041,-0.09999999999999981
8042,-0.09999999999999981
8043,-0.09999999999999981
8044,-0.09999999999999981
8045,-0.09999999999999981
8046,-0.09999999999999981
8047,-0.09999999999999981
8048,-0.09999999999999981
8049,-0.09999999999999981
8050,-0.09999999999999981
8051,-0.09999999999999981
8052,-0.09999999999999981
8053,-0.09999999999999981
8054,-0.09999999999999981
8055,-0.09999999999999981
8056,-0.09999999999999981
8057,-0.09999999999999981
8058,-0.09999999999999981
8059,-0.09999999999999981
8060,-0.09999999999999981
8061,-0.09999999999999981
8062,-0.09999999999999981
8063,-0.09999999999999981
8064,-0.09999999999999981
8065,-0.09999999999999981
8066,-0.09999999999999981
8067,-0.09999999999999981
8068,-0.09999999999999981
8069,-0.09999999999999981
8070,-0.09999999999999981
8071,-0.09999999999999981
8072,-0.09999999999999981
8073,-0.09999999999999981
8074,-0.09999999999999981
8075,-0.09999999999999981
8076,-0.09999999999999981
8077,-0.09999999999999981
8078,-0.09999999999999981
8079,-0.09999999999999981
8080,-0.09999999999999981
8081,-0.09999999999999981
8082,-0.09999999999999981
8083,-0.09999999999999981
8084,-0.09999999999999981
8085,-0.09999999999999981
8086,-0.09999999999999981
8087,-0.09999999999999981
8088,-0.09999999999999981
8089,-0.09999999999999981
8090,-0.09999999999999981
8091,-0.09999999999999981
8092,-0.09999999999999981
8093,-0.09999999999999981
8094,-0.09999999999999981
8095,-0.09999999999999981
8096,-0.09999999999999981
8097,-0.09999999999999981
8098,-0.09999999999999981
8099,-0.09999999999999981
8100,-0.09999999999999981
8101,-0.09999999999999981
8102,-0.09999999999999981
8103,-0.09999999999999981
8104,-0.09999999999999981
8105,-0.09999999999999981
8106,-0.09999999999999981
8107,-0.09999999999999981
8108,-0.09999999999999981
8109,-0.09999999999999981
8110,-0.09999999999999981
8111,-0.09999999999999981
8112,-0.09999999999999981
8113,-0.09999999999999981
8114,-0.09999999999999981
8115,-0.09999999999999981
8116,-0.09999999999999981
8117,-0.09999999999999981
8118,-0.09999999999999981
8119,-0.09999999999999981
8120,-0.09999999999999981
8121,-0.09999999999999981
8122,-0.09999999999999981
8123,-0.09999999999999981
8124,-0.09999999999999981
8125,-0.09999999999999981
8126,-0.09999999999999981
8127,-0.09999999999999981
8128,-0.09999999999999981
8129,-0.09999999999999981
8130,-0.09999999999999981
8131,-0.09999999999999981
8132,-0.09999999999999981
8133,-0.09999999999999981
8134,-0.09999999999999981
8135,-0.09999999999999981
8136,-0.09999999999999981
8137,-0.09999999999999981
8138,-0.09999999999999981
8139,-0.09999999999999981
8140,-0.09999999999999981
8141,-0.09999999999999981
8142,-0.09999999999999981
8143,-0.09999999999999981
8144,-0.09999999999999981
8145,-0.09999999999999981
8146,-0.09999999999999981
8147,-0.09999999999999981
8148,-0.09999999999999981
8149,-0.09999999999999981
8150,-0.09999999999999981
8151,-0.09999999999999981
8152,-0.09999999999999981
8153,-0.09999999999999981
8154,-0.09999999999999981
8155,-0.09999999999999981
8156,-0.09999999999999981
8157,-0.09999999999999981
8158,-0.09999999999999981
8159,-0.09999999999999981
8160,-0.09999999999999981
8161,-0.09999999999999981
8162,-0.09999999999999981
8163,-0.09999999999999981
8164,-0.09999999999999981
8165,-0.09999999999999981
8166,-0.09999999999999981
8167,-0.09999999999999981
8168,-0.09999999999999981
8169,-0.09999999999999981
8170,-0.09999999999999981
8171,-0.09999999999999981
8172,-0.09999999999999981
8173,-0.09999999999999981
8174,-0.09999999999999981
8175,-0.09999999999999981
8176,-0.09999999999999981
8177,-0.09999999999999981
8178,-0.09999999999999981
8179,-0.09999999999999981
8180,-0.09999999999999981
8181,-0.09999999999999981
8182,-0.09999999999999981
8183,-0.09999999999999981
8184,-0.09999999999999981
8185,-0.09999999999999981
8186,-0.09999999999999981
8187,-0.09999999999999981
8188,-0.09999999999999981
8189,-0.09999999999999981
8190,-0.09999999999999981
8191,-0.09999999999999981
8192,-0.09999999999999981
8193,-0.09999999999999981
8194,-0.09999999999999981
8195,-0.09999999999999981
8196,-0.09999999999999981
8197,-0.09999999999999981
8198,-0.09999999999999981
8199,-0.09999999999999981
8200,-0.09999999999999981
8201,-0.09999999999999981
8202,-0.09999999999999981
8203,-0.09999999999999981
8204,-0.09999999999999981
8205,-0.09999999999999981
8206,-0.09999999999999981
8207,-0.09999999999999981
8208,-0.09999999999999981
8209,-0.09999999999999981
8210,-0.09999999999999981
8211,-0.09999999999999981
8212,-0.09999999999999981
8213,-0.09999999999999981
8214,-0.09999999999999981
8215,-0.09999999999999981
8216,-0.09999999999999981
8217,-0.09999999999999981
8218,-0.09999999999999981
8219,-0.09999999999999981
8220,-0.09999999999999981
8221,-0.09999999999999981
8222,-0.09999999999999981
8223,-0.09999999999999981
8224,-0.09999999999999981
8225,-0.09999999999999981
8226,-0.09999999999999981
8227,-0.09999999999999981
8228,-0.09999999999999981
8229,-0.09999999999999981
8230,-0.09999999999999981
8231,-0.09999999999999981
8232,-0.09999999999999981
8233,-0.09999999999999981
8234,-0.09999999999999981
8235,-0.09999999999999981
8236,-0.09999999999999981
8237,-0.09999999999999981
8238,-0.09999999999999981
8239,-0.09999999999999981
8240,-0.09999999999999981
8241,-0.09999999999999981
8242,-0.09999999999999981
8243,-0.09999999999999981
8244,-0.09999999999999981
8245,-0.09999999999999981
8246,-0.09999999999999981
8247,-0.09999999999999981
8248,-0.09999999999999981
8249,-0.09999999999999981
8250,-0.09999999999999981
8251,-0.09999999999999981
8252,-0.09999999999999981
8253,-0.09999999999999981
8254,-0.09999999999999981
8255,-0.09999999999999981
8256,-0.09999999999999981
8257,-0.09999999999999981
8258,-0.09999999999999981
8259,-0.09999999999999981
8260,-0.09999999999999981
8261,-0.09999999999999981
8262,-0.09999999999999981
8263,-0.09999999999999981
8264,-0.09999999999999981
8265,-0.09999999999999981
8266,-0.09999999999999981
8267,-0.09999999999999981
8268,-0.09999999999999981
8269,-0.09999999999999981
8270,-0.09999999999999981
8271,-0.09999999999999981
8272,-0.09999999999999981
8273,-0.09999999999999981
8274,-0.09999999999999981
8275,-0.09999999999999981
8276,-0.09999999999999981
8277,-0.09999999999999981
8278,-0.09999999999999981
8279,-0.09999999999999981
8280,-0.09999999999999981
8281,-0.09999999999999981
8282,-0.09999999999999981
8283,-0.09999999999999981
8284,-0.09999999999999981
8285,-0.09999999999999981
8286,-0.09999999999999981
8287,-0.09999999999999981
8288,-0.09999999999999981
8289,-0.09999999999999981
8290,-0.09999999999999981
8291,-0.09999999999999981
8292,-0.09999999999999981
8293,-0.09999999999999981
8294,-0.09999999999999981
8295,-0.09999999999999981
8296,-0.09999999999999981
8297,-0.09999999999999981
8298,-0.09999999999999981
8299,-0.09999999999999981
8300,-0.09999999999999981
8301,-0.09999999999999981
8302,-0.09999999999999981
8303,-0.09999999999999981
8304,-0.09999999999999981
8305,-0.09999999999999981
8306,-0.09999999999999981
8307,-0.09999999999999981
8308,-0.09999999999999981
8309,-0.09999999999999981
8310,-0.09999999999999981
8311,-0.09999999999999981
8312,-0.09999999999999981
8313,-0.09999999999999981
8314,-0.09999999999999981
8315,-0.09999999999999981
8316,-0.09999999999999981
8317,-0.09999999999999981
8318,-0.09999999999999981
8319,-0.09999999999999981
8320,-0.09999999999999981
8321,-0.09999999999999981
8322,-0.09999999999999981
8323,-0.09999999999999981
8324,-0.09999999999999981
8325,-0.09999999999999981
8326,-0.09999999999999981
8327,-0.09999999999999981
8328,-0.09999999999999981
8329,-0.09999999999999981
8330,-0.09999999999999981
8331,-0.09999999999999981
8332,-0.09999999999999981
8333,-0.09999999999999981
8334,-0.09999999999999981
8335,-0.09999999999999981
8336,-0.09999999999999981
8337,-0.09999999999999981
8338,-0.09999999999999981
8339,-0.09999999999999981
8340,-0.09999999999999981
8341,-0.09999999999999981
8342,-0.09999999999999981
8343,-0.09999999999999981
8344,-0.09999999999999981
8345,-0.09999999999999981
8346,-0.09999999999999981
8347,-0.09999999999999981
8348,-0.09999999999999981
8349,-0.09999999999999981
8350,-0.09999999999999981
8351,-0.09999999999999981
8352,-0.09999999999999981
8353,-0.09999999999999981
8354,-0.09999999999999981
8355,-0.09999999999999981
8356,-0.09999999999999981
8357,-0.09999999999999981
8358,-0.09999999999999981
8359,-0.09999999999999981
8360,-0.09999999999999981
8361,-0.09999999999999981
8362,-0.09999999999999981
8363,-0.09999999999999981
8364,-0.09999999999999981
8365,-0.09999999999999981
8366,-0.09999999999999981
8367,-0.09999999999999981
8368,-0.09999999999999981
8369,-0.09999999999999981
8370,-0.09999999999999981
8371,-0.09999999999999981
8372,-0.09999999999999981
8373,-0.09999999999999981
8374,-0.09999999999999981
8375,-0.09999999999999981
8376,-0.09999999999999981
8377,-0.09999999999999981
8378,-0.09999999999999981
8379,-0.09999999999999981
8380,-0.09999999999999981
8381,-0.09999999999999981
8382,-0.09999999999999981
8383,-0.09999999999999981
8384,-0.09999999999999981
8385,-0.09999999999999981
8386,-0.09999999999999981
8387,-0.09999999999999981
8388,-0.09999999999999981
8389,-0.09999999999999981
8390,-0.09999999999999981
8391,-0.09999999999999981
8392,-0.09999999999999981
8393,-0.09999999999999981
8394,-0.09999999999999981
8395,-0.09999999999999981
8396,-0.09999999999999981
8397,-0.09999999999999981
8398,-0.09999999999999981
8399,-0.09999999999999981
8400,-0.09999999999999981
8401,-0.09999999999999981
8402,-0.09999999999999981
8403,-0.09999999999999981
8404,-0.09999999999999981
8405,-0.09999999999999981
8406,-0.09999999999999981
8407,-0.09999999999999981
8408,-0.09999999999999981
8409,-0.09999999999999981
8410,-0.09999999999999981
8411,-0.09999999999999981
8412,-0.09999999999999981
8413,-0.09999999999999981
8414,-0.09999999999999981
8415,-0.09999999999999981
8416,-0.09999999999999981
8417,-0.09999999999999981
8418,-0.09999999999999981
8419,-0.09999999999999981
8420,-0.09999999999999981
8421,-0.09999999999999981
8422,-0.09999999999999981
8423,-0.09999999999999981
8424,-0.09999999999999981
8425,-0.09999999999999981
8426,-0.09999999999999981
8427,-0.09999999999999981
8428,-0.09999999999999981
8429,-0.09999999999999981
8430,-0.09999999999999981
8431,-0.09999999999999981
8432,-0.09999999999999981
8433,-0.09999999999999981
8434,-0.09999999999999981
8435,-0.09999999999999981
8436,-0.09999999999999981
8437,-0.09999999999999981
8438,-0.09999999999999981
8439,-0.09999999999999981
8440,-0.09999999999999981
8441,-0.09999999999999981
8442,-0.09999999999999981
8443,-0.09999999999999981
8444,-0.09999999999999981
8445,-0.09999999999999981
8446,-0.09999999999999981
8447,-0.09999999999999981
8448,-0.09999999999999981
8449,-0.09999999999999981
8450,-0.09999999999999981
8451,-0.09999999999999981
8452,-0.09999999999999981
8453,-0.09999999999999981
8454,-0.09999999999999981
8455,-0.09999999999999981
8456,-0.09999999999999981
8457,-0.09999999999999981
8458,-0.09999999999999981
8459,-0.09999999999999981
8460,-0.09999999999999981
8461,-0.09999999999999981
8462,-0.09999999999999981
8463,-0.09999999999999981
8464,-0.09999999999999981
8465,-0.09999999999999981
8466,-0.09999999999999981
8467,-0.09999999999999981
8468,-0.09999999999999981
8469,-0.09999999999999981
8470,-0.09999999999999981
8471,-0.09999999999999981
8472,-0.09999999999999981
8473,-0.09999999999999981
8474,-0.09999999999999981
8475,-0.09999999999999981
8476,-0.09999999999999981
8477,-0.09999999999999981
8478,-0.09999999999999981
8479,-0.09999999999999981
8480,-0.09999999999999981
8481,-0.09999999999999981
8482,-0.09999999999999981
8483,-0.09999999999999981
8484,-0.09999999999999981
8485,-0.09999999999999981
8486,-0.09999999999999981
8487,-0.09999999999999981
8488,-0.09999999999999981
8489,-0.09999999999999981
8490,-0.09999999999999981
8491,-0.09999999999999981
8492,-0.09999999999999981
8493,-0.09999999999999981
8494,-0.09999999999999981
8495,-0.09999999999999981
8496,-0.09999999999999981
8497,-0.09999999999999981
8498,-0.09999999999999981
8499,-0.09999999999999981
8500,-0.09999999999999981
8501,-0.09999999999999981
8502,-0.09999999999999981
8503,-0.09999999999999981
8504,-0.09999999999999981
8505,-0.09999999999999981
8506,-0.09999999999999981
8507,-0.09999999999999981
8508,-0.09999999999999981
8509,-0.09999999999999981
8510,-0.09999999999999981
8511,-0.09999999999999981
8512,-0.09999999999999981
8513,-0.09999999999999981
8514,-0.09999999999999981
8515,-0.09999999999999981
8516,-0.09999999999999981
8517,-0.09999999999999981
8518,-0.09999999999999981
8519,-0.09999999999999981
8520,-0.09999999999999981
8521,-0.09999999999999981
8522,-0.09999999999999981
8523,-0.09999999999999981
8524,-0.09999999999999981
8525,-0.09999999999999981
8526,-0.09999999999999981
8527,-0.09999999999999981
8528,-0.09999999999999981
8529,-0.09999999999999981
8530,-0.09999999999999981
8531,-0.09999999999999981
8532,-0.09999999999999981
8533,-0.09999999999999981
8534,-0.09999999999999981
8535,-0.09999999999999981
8536,-0.09999999999999981
8537,-0.09999999999999981
8538,-0.09999999999999981
8539,-0.09999999999999981
8540,-0.09999999999999981
8541,-0.09999999999999981
8542,-0.09999999999999981
8543,-0.09999999999999981
8544,-0.09999999999999981
8545,-0.09999999999999981
8546,-0.09999999999999981
8547,-0.09999999999999981
8548,-0.09999999999999981
8549,-0.09999999999999981
8550,-0.09999999999999981
8551,-0.09999999999999981
8552,-0.09999999999999981
8553,-0.09999999999999981
8554,-0.09999999999999981
8555,-0.09999999999999981
8556,-0.09999999999999981
8557,-0.09999999999999981
8558,-0.09999999999999981
8559,-0.09999999999999981
8560,-0.09999999999999981
8561,-0.09999999999999981
8562,-0.09999999999999981
8563,-0.09999999999999981
8564,-0.09999999999999981
8565,-0.09999999999999981
8566,-0.09999999999999981
8567,-0.09999999999999981
8568,-0.09999999999999981
8569,-0.09999999999999981
8570,-0.09999999999999981
8571,-0.09999999999999981
8572,-0.09999999999999981
8573,-0.09999999999999981
8574,-0.09999999999999981
8575,-0.09999999999999981
8576,-0.09999999999999981
8577,-0.09999999999999981
8578,-0.09999999999999981
8579,-0.09999999999999981
8580,-0.09999999999999981
8581,-0.09999999999999981
8582,-0.09999999999999981
8583,-0.09999999999999981
8584,-0.09999999999999981
8585,-0.09999999999999981
8586,-0.09999999999999981
8587,-0.09999999999999981
8588,-0.09999999999999981
8589,-0.09999999999999981
8590,-0.09999999999999981
8591,-0.09999999999999981
8592,-0.09999999999999981
8593,-0.09999999999999981
8594,-0.09999999999999981
8595,-0.09999999999999981
8596,-0.09999999999999981
8597,-0.09999999999999981
8598,-0.09999999999999981
8599,-0.09999999999999981
8600,-0.09999999999999981
8601,-0.09999999999999981
8602,-0.09999999999999981
8603,-0.09999999999999981
8604,-0.09999999999999981
8605,-0.09999999999999981
8606,-0.09999999999999981
8607,-0.09999999999999981
8608,-0.09999999999999981
8609,-0.09999999999999981
8610,-0.09999999999999981
8611,-0.09999999999999981
8612,-0.09999999999999981
8613,-0.09999999999999981
8614,-0.09999999999999981
8615,-0.09999999999999981
8616,-0.09999999999999981
8617,-0.09999999999999981
8618,-0.09999999999999981
8619,-0.09999999999999981
8620,-0.09999999999999981
8621,-0.09999999999999981
8622,-0.09999999999999981
8623,-0.09999999999999981
8624,-0.09999999999999981
8625,-0.09999999999999981
8626,-0.09999999999999981
8627,-0.09999999999999981
8628,-0.09999999999999981
8629,-0.09999999999999981
8630,-0.09999999999999981
8631,-0.09999999999999981
8632,-0.09999999999999981
8633,-0.09999999999999981
8634,-0.09999999999999981
8635,-0.09999999999999981
8636,-0.09999999999999981
8637,-0.09999999999999981
8638,-0.09999999999999981
8639,-0.09999999999999981
8640,-0.09999999999999981
8641,-0.09999999999999981
8642,-0.09999999999999981
8643,-0.09999999999999981
8644,-0.09999999999999981
8645,-0.09999999999999981
8646,-0.09999999999999981
8647,-0.09999999999999981
8648,-0.09999999999999981
8649,-0.09999999999999981
8650,-0.09999999999999981
8651,-0.09999999999999981
8652,-0.09999999999999981
8653,-0.09999999999999981
8654,-0.09999999999999981
8655,-0.09999999999999981
8656,-0.09999999999999981
8657,-0.09999999999999981
8658,-0.09999999999999981
8659,-0.09999999999999981
8660,-0.09999999999999981
8661,-0.09999999999999981
8662,-0.09999999999999981
8663,-0.09999999999999981
8664,-0.09999999999999981
8665,-0.09999999999999981
8666,-0.09999999999999981
8667,-0.09999999999999981
8668,-0.09999999999999981
8669,-0.09999999999999981
8670,-0.09999999999999981
8671,-0.09999999999999981
8672,-0.09999999999999981
8673,-0.09999999999999981
8674,-0.09999999999999981
8675,-0.09999999999999981
8676,-0.09999999999999981
8677,-0.09999999999999981
8678,-0.09999999999999981
8679,-0.09999999999999981
8680,-0.09999999999999981
8681,-0.09999999999999981
8682,-0.09999999999999981
8683,-0.09999999999999981
8684,-0.09999999999999981
8685,-0.09999999999999981
8686,-0.09999999999999981
8687,-0.09999999999999981
8688,-0.09999999999999981
8689,-0.09999999999999981
8690,-0.09999999999999981
8691,-0.09999999999999981
8692,-0.09999999999999981
8693,-0.09999999999999981
8694,-0.09999999999999981
8695,-0.09999999999999981
8696,-0.09999999999999981
8697,-0.09999999999999981
8698,-0.09999999999999981
8699,-0.09999999999999981
8700,-0.09999999999999981
8701,-0.09999999999999981
8702,-0.09999999999999981
8703,-0.09999999999999981
8704,-0.09999999999999981
8705,-0.09999999999999981
8706,-0.09999999999999981
8707,-0.09999999999999981
8708,-0.09999999999999981
8709,-0.09999999999999981
8710,-0.09999999999999981
8711,-0.09999999999999981
8712,-0.09999999999999981
8713,-0.09999999999999981
8714,-0.09999999999999981
8715,-0.09999999999999981
8716,-0.09999999999999981
8717,-0.09999999999999981
8718,-0.09999999999999981
8719,-0.09999999999999981
8720,-0.09999999999999981
8721,-0.09999999999999981
8722,-0.09999999999999981
8723,-0.09999999999999981
8724,-0.09999999999999981
8725,-0.09999999999999981
8726,-0.09999999999999981
8727,-0.09999999999999981
8728,-0.09999999999999981
8729,-0.09999999999999981
8730,-0.09999999999999981
8731,-0.09999999999999981
8732,-0.09999999999999981
8733,-0.09999999999999981
8734,-0.09999999999999981
8735,-0.09999999999999981
8736,-0.09999999999999981
8737,-0.09999999999999981
8738,-0.09999999999999981
8739,-0.09999999999999981
8740,-0.09999999999999981
8741,-0.09999999999999981
8742,-0.09999999999999981
8743,-0.09999999999999981
8744,-0.09999999999999981
8745,-0.09999999999999981
8746,-0.09999999999999981
8747,-0.09999999999999981
8748,-0.09999999999999981
8749,-0.09999999999999981
8750,-0.09999999999999981
8751,-0.09999999999999981
8752,-0.09999999999999981
8753,-0.09999999999999981
8754,-0.09999999999999981
8755,-0.09999999999999981
8756,-0.09999999999999981
8757,-0.09999999999999981
8758,-0.09999999999999981
8759,-0.09999999999999981
8760,-0.09999999999999981
8761,-0.09999999999999981
8762,-0.09999999999999981
8763,-0.09999999999999981
8764,-0.09999999999999981
8765,-0.09999999999999981
8766,-0.09999999999999981
8767,-0.09999999999999981
8768,-0.09999999999999981
8769,-0.09999999999999981
8770,-0.09999999999999981
8771,-0.09999999999999981
8772,-0.09999999999999981
8773,-0.09999999999999981
8774,-0.09999999999999981
8775,-0.09999999999999981
8776,-0.09999999999999981
8777,-0.09999999999999981
8778,-0.09999999999999981
8779,-0.09999999999999981
8780,-0.09999999999999981
8781,-0.09999999999999981
8782,-0.09999999999999981
8783,-0.09999999999999981
8784,-0.09999999999999981
8785,-0.09999999999999981
8786,-0.09999999999999981
8787,-0.09999999999999981
8788,-0.09999999999999981
8789,-0.09999999999999981
8790,-0.09999999999999981
8791,-0.09999999999999981
8792,-0.09999999999999981
8793,-0.09999999999999981
8794,-0.09999999999999981
8795,-0.09999999999999981
8796,-0.09999999999999981
8797,-0.09999999999999981
8798,-0.09999999999999981
8799,-0.09999999999999981
8800,-0.09999999999999981
8801,-0.09999999999999981
8802,-0.09999999999999981
8803,-0.09999999999999981
8804,-0.09999999999999981
8805,-0.09999999999999981
8806,-0.09999999999999981
8807,-0.09999999999999981
8808,-0.09999999999999981
8809,-0.09999999999999981
8810,-0.09999999999999981
8811,-0.09999999999999981
8812,-0.09999999999999981
8813,-0.09999999999999981
8814,-0.09999999999999981
8815,-0.09999999999999981
8816,-0.09999999999999981
8817,-0.09999999999999981
8818,-0.09999999999999981
8819,-0.09999999999999981
8820,-0.09999999999999981
8821,-0.09999999999999981
8822,-0.09999999999999981
8823,-0.09999999999999981
8824,-0.09999999999999981
8825,-0.09999999999999981
8826,-0.09999999999999981
8827,-0.09999999999999981
8828,-0.09999999999999981
8829,-0.09999999999999981
8830,-0.09999999999999981
8831,-0.09999999999999981
8832,-0.09999999999999981
8833,-0.09999999999999981
8834,-0.09999999999999981
8835,-0.09999999999999981
8836,-0.09999999999999981
8837,-0.09999999999999981
8838,-0.09999999999999981
8839,-0.09999999999999981
8840,-0.09999999999999981
8841,-0.09999999999999981
8842,-0.09999999999999981
8843,-0.09999999999999981
8844,-0.09999999999999981
8845,-0.09999999999999981
8846,-0.09999999999999981
8847,-0.09999999999999981
8848,-0.09999999999999981
8849,-0.09999999999999981
8850,-0.09999999999999981
8851,-0.09999999999999981
8852,-0.09999999999999981
8853,-0.09999999999999981
8854,-0.09999999999999981
8855,-0.09999999999999981
8856,-0.09999999999999981
8857,-0.09999999999999981
8858,-0.09999999999999981
8859,-0.09999999999999981
8860,-0.09999999999999981
8861,-0.09999999999999981
8862,-0.09999999999999981
8863,-0.09999999999999981
8864,-0.09999999999999981
8865,-0.09999999999999981
8866,-0.09999999999999981
8867,-0.09999999999999981
8868,-0.09999999999999981
8869,-0.09999999999999981
8870,-0.09999999999999981
8871,-0.09999999999999981
8872,-0.09999999999999981
8873,-0.09999999999999981
8874,-0.09999999999999981
8875,-0.09999999999999981
8876,-0.09999999999999981
8877,-0.09999999999999981
8878,-0.09999999999999981
8879,-0.09999999999999981
8880,-0.09999999999999981
8881,-0.09999999999999981
8882,-0.09999999999999981
8883,-0.09999999999999981
8884,-0.09999999999999981
8885,-0.09999999999999981
8886,-0.09999999999999981
8887,-0.09999999999999981
8888,-0.09999999999999981
8889,-0.09999999999999981
8890,-0.09999999999999981
8891,-0.09999999999999981
8892,-0.09999999999999981
8893,-0.09999999999999981
8894,-0.09999999999999981
8895,-0.09999999999999981
8896,-0.09999999999999981
8897,-0.09999999999999981
8898,-0.09999999999999981
8899,-0.09999999999999981
8900,-0.09999999999999981
8901,-0.09999999999999981
8902,-0.09999999999999981
8903,-0.09999999999999981
8904,-0.09999999999999981
8905,-0.09999999999999981
8906,-0.09999999999999981
8907,-0.09999999999999981
8908,-0.09999999999999981
8909,-0.09999999999999981
8910,-0.09999999999999981
8911,-0.09999999999999981
8912,-0.09999999999999981
8913,-0.09999999999999981
8914,-0.09999999999999981
8915,-0.09999999999999981
8916,-0.09999999999999981
8917,-0.09999999999999981
8918,-0.09999999999999981
8919,-0.09999999999999981
8920,-0.09999999999999981
8921,-0.09999999999999981
8922,-0.09999999999999981
8923,-0.09999999999999981
8924,-0.09999999999999981
8925,-0.09999999999999981
8926,-0.09999999999999981
8927,-0.09999999999999981
8928,-0.09999999999999981
8929,-0.09999999999999981
8930,-0.09999999999999981
8931,-0.09999999999999981
8932,-0.09999999999999981
8933,-0.09999999999999981
8934,-0.09999999999999981
8935,-0.09999999999999981
8936,-0.09999999999999981
8937,-0.09999999999999981
8938,-0.09999999999999981
8939,-0.09999999999999981
8940,-0.09999999999999981
8941,-0.09999999999999981
8942,-0.09999999999999981
8943,-0.09999999999999981
8944,-0.09999999999999981
8945,-0.09999999999999981
8946,-0.09999999999999981
8947,-0.09999999999999981
8948,-0.09999999999999981
8949,-0.09999999999999981
8950,-0.09999999999999981
8951,-0.09999999999999981
8952,-0.09999999999999981
8953,-0.09999999999999981
8954,-0.09999999999999981
8955,-0.09999999999999981
8956,-0.09999999999999981
8957,-0.09999999999999981
8958,-0.09999999999999981
8959,-0.09999999999999981
8960,-0.09999999999999981
8961,-0.09999999999999981
8962,-0.09999999999999981
8963,-0.09999999999999981
8964,-0.09999999999999981
8965,-0.09999999999999981
8966,-0.09999999999999981
8967,-0.09999999999999981
8968,-0.09999999999999981
8969,-0.09999999999999981
8970,-0.09999999999999981
8971,-0.09999999999999981
8972,-0.09999999999999981
8973,-0.09999999999999981
8974,-0.09999999999999981
8975,-0.09999999999999981
8976,-0.09999999999999981
8977,-0.09999999999999981
8978,-0.09999999999999981
8979,-0.09999999999999981
8980,-0.09999999999999981
8981,-0.09999999999999981
8982,-0.09999999999999981
8983,-0.09999999999999981
8984,-0.09999999999999981
8985,-0.09999999999999981
8986,-0.09999999999999981
8987,-0.09999999999999981
8988,-0.09999999999999981
8989,-0.09999999999999981
8990,-0.09999999999999981
8991,-0.09999999999999981
8992,-0.09999999999999981
8993,-0.09999999999999981
8994,-0.09999999999999981
8995,-0.09999999999999981
8996,-0.09999999999999981
8997,-0.09999999999999981
8998,-0.09999999999999981
8999,-0.09999999999999981
9000,-0.09999999999999981
9001,-0.09999999999999981
9002,-0.09999999999999981
9003,-0.09999999999999981
9004,-0.09999999999999981
9005,-0.09999999999999981
9006,-0.09999999999999981
9007,-0.09999999999999981
9008,-0.09999999999999981
9009,-0.09999999999999981
9010,-0.09999999999999981
9011,-0.09999999999999981
9012,-0.09999999999999981
9013,-0.09999999999999981
9014,-0.09999999999999981
9015,-0.09999999999999981
9016,-0.09999999999999981
9017,-0.09999999999999981
9018,-0.09999999999999981
9019,-0.09999999999999981
9020,-0.09999999999999981
9021,-0.09999999999999981
9022,-0.09999999999999981
9023,-0.09999999999999981
9024,-0.09999999999999981
9025,-0.09999999999999981
9026,-0.09999999999999981
9027,-0.09999999999999981
9028,-0.09999999999999981
9029,-0.09999999999999981
9030,-0.09999999999999981
9031,-0.09999999999999981
9032,-0.09999999999999981
9033,-0.09999999999999981
9034,-0.09999999999999981
9035,-0.09999999999999981
9036,-0.09999999999999981
9037,-0.09999999999999981
9038,-0.09999999999999981
9039,-0.09999999999999981
9040,-0.09999999999999981
9041,-0.09999999999999981
9042,-0.09999999999999981
9043,-0.09999999999999981
9044,-0.09999999999999981
9045,-0.09999999999999981
9046,-0.09999999999999981
9047,-0.09999999999999981
9048,-0.09999999999999981
9049,-0.09999999999999981
9050,-0.09999999999999981
9051,-0.09999999999999981
9052,-0.09999999999999981
9053,-0.09999999999999981
9054,-0.09999999999999981
9055,-0.09999999999999981
9056,-0.09999999999999981
9057,-0.09999999999999981
9058,-0.09999999999999981
9059,-0.09999999999999981
9060,-0.09999999999999981
9061,-0.09999999999999981
9062,-0.09999999999999981
9063,-0.09999999999999981
9064,-0.09999999999999981
9065,-0.09999999999999981
9066,-0.09999999999999981
9067,-0.09999999999999981
9068,-0.09999999999999981
9069,-0.09999999999999981
9070,-0.09999999999999981
9071,-0.09999999999999981
9072,-0.09999999999999981
9073,-0.09999999999999981
9074,-0.09999999999999981
9075,-0.09999999999999981
9076,-0.09999999999999981
9077,-0.09999999999999981
9078,-0.09999999999999981
9079,-0.09999999999999981
9080,-0.09999999999999981
9081,-0.09999999999999981
9082,-0.09999999999999981
9083,-0.09999999999999981
9084,-0.09999999999999981
9085,-0.09999999999999981
9086,-0.09999999999999981
9087,-0.09999999999999981
9088,-0.09999999999999981
9089,-0.09999999999999981
9090,-0.09999999999999981
9091,-0.09999999999999981
9092,-0.09999999999999981
9093,-0.09999999999999981
9094,-0.09999999999999981
9095,-0.09999999999999981
9096,-0.09999999999999981
9097,-0.09999999999999981
9098,-0.09999999999999981
9099,-0.09999999999999981
9100,-0.09999999999999981
9101,-0.09999999999999981
9102,-0.09999999999999981
9103,-0.09999999999999981
9104,-0.09999999999999981
9105,-0.09999999999999981
9106,-0.09999999999999981
9107,-0.09999999999999981
9108,-0.09999999999999981
9109,-0.09999999999999981
9110,-0.09999999999999981
9111,-0.09999999999999981
9112,-0.09999999999999981
9113,-0.09999999999999981
9114,-0.09999999999999981
9115,-0.09999999999999981
9116,-0.09999999999999981
9117,-0.09999999999999981
9118,-0.09999999999999981
9119,-0.09999999999999981
9120,-0.09999999999999981
9121,-0.09999999999999981
9122,-0.09999999999999981
9123,-0.09999999999999981
9124,-0.09999999999999981
9125,-0.09999999999999981
9126,-0.09999999999999981
9127,-0.09999999999999981
9128,-0.09999999999999981
9129,-0.09999999999999981
9130,-0.09999999999999981
9131,-0.09999999999999981
9132,-0.09999999999999981
9133,-0.09999999999999981
9134,-0.09999999999999981
9135,-0.09999999999999981
9136,-0.09999999999999981
9137,-0.09999999999999981
9138,-0.09999999999999981
9139,-0.09999999999999981
9140,-0.09999999999999981
9141,-0.09999999999999981
9142,-0.09999999999999981
9143,-0.09999999999999981
9144,-0.09999999999999981
9145,-0.09999999999999981
9146,-0.09999999999999981
9147,-0.09999999999999981
9148,-0.09999999999999981
9149,-0.09999999999999981
9150,-0.09999999999999981
9151,-0.09999999999999981
9152,-0.09999999999999981
9153,-0.09999999999999981
9154,-0.09999999999999981
9155,-0.09999999999999981
9156,-0.09999999999999981
9157,-0.09999999999999981
9158,-0.09999999999999981
9159,-0.09999999999999981
9160,-0.09999999999999981
9161,-0.09999999999999981
9162,-0.09999999999999981
9163,-0.09999999999999981
9164,-0.09999999999999981
9165,-0.09999999999999981
9166,-0.09999999999999981
9167,-0.09999999999999981
9168,-0.09999999999999981
9169,-0.09999999999999981
9170,-0.09999999999999981
9171,-0.09999999999999981
9172,-0.09999999999999981
9173,-0.09999999999999981
9174,-0.09999999999999981
9175,-0.09999999999999981
9176,-0.09999999999999981
9177,-0.09999999999999981
9178,-0.09999999999999981
9179,-0.09999999999999981
9180,-0.09999999999999981
9181,-0.09999999999999981
9182,-0.09999999999999981
9183,-0.09999999999999981
9184,-0.09999999999999981
9185,-0.09999999999999981
9186,-0.09999999999999981
9187,-0.09999999999999981
9188,-0.09999999999999981
9189,-0.09999999999999981
9190,-0.09999999999999981
9191,-0.09999999999999981
9192,-0.09999999999999981
9193,-0.09999999999999981
9194,-0.09999999999999981
9195,-0.09999999999999981
9196,-0.09999999999999981
9197,-0.09999999999999981
9198,-0.09999999999999981
9199,-0.09999999999999981
9200,-0.09999999999999981
9201,-0.09999999999999981
9202,-0.09999999999999981
9203,-0.09999999999999981
9204,-0.09999999999999981
9205,-0.09999999999999981
9206,-0.09999999999999981
9207,-0.09999999999999981
9208,-0.09999999999999981
9209,-0.09999999999999981
9210,-0.09999999999999981
9211,-0.09999999999999981
9212,-0.09999999999999981
9213,-0.09999999999999981
9214,-0.09999999999999981
9215,-0.09999999999999981
9216,-0.09999999999999981
9217,-0.09999999999999981
9218,-0.09999999999999981
9219,-0.09999999999999981
9220,-0.09999999999999981
9221,-0.09999999999999981
9222,-0.09999999999999981
9223,-0.09999999999999981
9224,-0.09999999999999981
9225,-0.09999999999999981
9226,-0.09999999999999981
9227,-0.09999999999999981
9228,-0.09999999999999981
9229,-0.09999999999999981
9230,-0.09999999999999981
9231,-0.09999999999999981
9232,-0.09999999999999981
9233,-0.09999999999999981
9234,-0.09999999999999981
9235,-0.09999999999999981
9236,-0.09999999999999981
9237,-0.09999999999999981
9238,-0.09999999999999981
9239,-0.09999999999999981
9240,-0.09999999999999981
9241,-0.09999999999999981
9242,-0.09999999999999981
9243,-0.09999999999999981
9244,-0.09999999999999981
9245,-0.09999999999999981
9246,-0.09999999999999981
9247,-0.09999999999999981
9248,-0.09999999999999981
9249,-0.09999999999999981
9250,-0.09999999999999981
9251,-0.09999999999999981
9252,-0.09999999999999981
9253,-0.09999999999999981
9254,-0.09999999999999981
9255,-0.09999999999999981
9256,-0.09999999999999981
9257,-0.09999999999999981
9258,-0.09999999999999981
9259,-0.09999999999999981
9260,-0.09999999999999981
9261,-0.09999999999999981
9262,-0.09999999999999981
9263,-0.09999999999999981
9264,-0.09999999999999981
9265,-0.09999999999999981
9266,-0.09999999999999981
9267,-0.09999999999999981
9268,-0.09999999999999981
9269,-0.09999999999999981
9270,-0.09999999999999981
9271,-0.09999999999999981
9272,-0.09999999999999981
9273,-0.09999999999999981
9274,-0.09999999999999981
9275,-0.09999999999999981
9276,-0.09999999999999981
9277,-0.09999999999999981
9278,-0.09999999999999981
9279,-0.09999999999999981
9280,-0.09999999999999981
9281,-0.09999999999999981
9282,-0.09999999999999981
9283,-0.09999999999999981
9284,-0.09999999999999981
9285,-0.09999999999999981
9286,-0.09999999999999981
9287,-0.09999999999999981
9288,-0.09999999999999981
9289,-0.09999999999999981
9290,-0.09999999999999981
9291,-0.09999999999999981
9292,-0.09999999999999981
9293,-0.09999999999999981
9294,-0.09999999999999981
9295,-0.09999999999999981
9296,-0.09999999999999981
9297,-0.09999999999999981
9298,-0.09999999999999981
9299,-0.09999999999999981
9300,-0.09999999999999981
9301,-0.09999999999999981
9302,-0.09999999999999981
9303,-0.09999999999999981
9304,-0.09999999999999981
9305,-0.09999999999999981
9306,-0.09999999999999981
9307,-0.09999999999999981
9308,-0.09999999999999981
9309,-0.09999999999999981
9310,-0.09999999999999981
9311,-0.09999999999999981
9312,-0.09999999999999981
9313,-0.09999999999999981
9314,-0.09999999999999981
9315,-0.09999999999999981
9316,-0.09999999999999981
9317,-0.09999999999999981
9318,-0.09999999999999981
9319,-0.09999999999999981
9320,-0.09999999999999981
9321,-0.09999999999999981
9322,-0.09999999999999981
9323,-0.09999999999999981
9324,-0.09999999999999981
9325,-0.09999999999999981
9326,-0.09999999999999981
9327,-0.09999999999999981
9328,-0.09999999999999981
9329,-0.09999999999999981
9330,-0.09999999999999981
9331,-0.09999999999999981
9332,-0.09999999999999981
9333,-0.09999999999999981
9334,-0.09999999999999981
9335,-0.09999999999999981
9336,-0.09999999999999981
9337,-0.09999999999999981
9338,-0.09999999999999981
9339,-0.09999999999999981
9340,-0.09999999999999981
9341,-0.09999999999999981
9342,-0.09999999999999981
9343,-0.09999999999999981
9344,-0.09999999999999981
9345,-0.09999999999999981
9346,-0.09999999999999981
9347,-0.09999999999999981
9348,-0.09999999999999981
9349,-0.09999999999999981
9350,-0.09999999999999981
9351,-0.09999999999999981
9352,-0.09999999999999981
9353,-0.09999999999999981
9354,-0.09999999999999981
9355,-0.09999999999999981
9356,-0.09999999999999981
9357,-0.09999999999999981
9358,-0.09999999999999981
9359,-0.09999999999999981
9360,-0.09999999999999981
9361,-0.09999999999999981
9362,-0.09999999999999981
9363,-0.09999999999999981
9364,-0.09999999999999981
9365,-0.09999999999999981
9366,-0.09999999999999981
9367,-0.09999999999999981
9368,-0.09999999999999981
9369,-0.09999999999999981
9370,-0.09999999999999981
9371,-0.09999999999999981
9372,-0.09999999999999981
9373,-0.09999999999999981
9374,-0.09999999999999981
9375,-0.09999999999999981
9376,-0.09999999999999981
9377,-0.09999999999999981
9378,-0.09999999999999981
9379,-0.09999999999999981
9380,-0.09999999999999981
9381,-0.09999999999999981
9382,-0.09999999999999981
9383,-0.09999999999999981
9384,-0.09999999999999981
9385,-0.09999999999999981
9386,-0.09999999999999981
9387,-0.09999999999999981
9388,-0.09999999999999981
9389,-0.09999999999999981
9390,-0.09999999999999981
9391,-0.09999999999999981
9392,-0.09999999999999981
9393,-0.09999999999999981
9394,-0.09999999999999981
9395,-0.09999999999999981
9396,-0.09999999999999981
9397,-0.09999999999999981
9398,-0.09999999999999981
9399,-0.09999999999999981
9400,-0.09999999999999981
9401,-0.09999999999999981
9402,-0.09999999999999981
9403,-0.09999999999999981
9404,-0.09999999999999981
9405,-0.09999999999999981
9406,-0.09999999999999981
9407,-0.09999999999999981
9408,-0.09999999999999981
9409,-0.09999999999999981
9410,-0.09999999999999981
9411,-0.09999999999999981
9412,-0.09999999999999981
9413,-0.09999999999999981
9414,-0.09999999999999981
9415,-0.09999999999999981
9416,-0.09999999999999981
9417,-0.09999999999999981
9418,-0.09999999999999981
9419,-0.09999999999999981
9420,-0.09999999999999981
9421,-0.09999999999999981
9422,-0.09999999999999981
9423,-0.09999999999999981
9424,-0.09999999999999981
9425,-0.09999999999999981
9426,-0.09999999999999981
9427,-0.09999999999999981
9428,-0.09999999999999981
9429,-0.09999999999999981
9430,-0.09999999999999981
9431,-0.09999999999999981
9432,-0.09999999999999981
9433,-0.09999999999999981
9434,-0.09999999999999981
9435,-0.09999999999999981
9436,-0.09999999999999981
9437,-0.09999999999999981
9438,-0.09999999999999981
9439,-0.09999999999999981
9440,-0.09999999999999981
9441,-0.09999999999999981
9442,-0.09999999999999981
9443,-0.09999999999999981
9444,-0.09999999999999981
9445,-0.09999999999999981
9446,-0.09999999999999981
9447,-0.09999999999999981
9448,-0.09999999999999981
9449,-0.09999999999999981
9450,-0.09999999999999981
9451,-0.09999999999999981
9452,-0.09999999999999981
9453,-0.09999999999999981
9454,-0.09999999999999981
9455,-0.09999999999999981
9456,-0.09999999999999981
9457,-0.09999999999999981
9458,-0.09999999999999981
9459,-0.09999999999999981
9460,-0.09999999999999981
9461,-0.09999999999999981
9462,-0.09999999999999981
9463,-0.09999999999999981
9464,-0.09999999999999981
9465,-0.09999999999999981
9466,-0.09999999999999981
9467,-0.09999999999999981
9468,-0.09999999999999981
9469,-0.09999999999999981
9470,-0.09999999999999981
9471,-0.09999999999999981
9472,-0.09999999999999981
9473,-0.09999999999999981
9474,-0.09999999999999981
9475,-0.09999999999999981
9476,-0.09999999999999981
9477,-0.09999999999999981
9478,-0.09999999999999981
9479,-0.09999999999999981
9480,-0.09999999999999981
9481,-0.09999999999999981
9482,-0.09999999999999981
9483,-0.09999999999999981
9484,-0.09999999999999981
9485,-0.09999999999999981
9486,-0.09999999999999981
9487,-0.09999999999999981
9488,-0.09999999999999981
9489,-0.09999999999999981
9490,-0.09999999999999981
9491,-0.09999999999999981
9492,-0.09999999999999981
9493,-0.09999999999999981
9494,-0.09999999999999981
9495,-0.09999999999999981
9496,-0.09999999999999981
9497,-0.09999999999999981
9498,-0.09999999999999981
9499,-0.09999999999999981
9500,-0.09999999999999981
9501,-0.09999999999999981
9502,-0.09999999999999981
9503,-0.09999999999999981
9504,-0.09999999999999981
9505,-0.09999999999999981
9506,-0.09999999999999981
9507,-0.09999999999999981
9508,-0.09999999999999981
9509,-0.09999999999999981
9510,-0.09999999999999981
9511,-0.09999999999999981
9512,-0.09999999999999981
9513,-0.09999999999999981
9514,-0.09999999999999981
9515,-0.09999999999999981
9516,-0.09999999999999981
9517,-0.09999999999999981
9518,-0.09999999999999981
9519,-0.09999999999999981
9520,-0.09999999999999981
9521,-0.09999999999999981
9522,-0.09999999999999981
9523,-0.09999999999999981
9524,-0.09999999999999981
9525,-0.09999999999999981
9526,-0.09999999999999981
9527,-0.09999999999999981
9528,-0.09999999999999981
9529,-0.09999999999999981
9530,-0.09999999999999981
9531,-0.09999999999999981
9532,-0.09999999999999981
9533,-0.09999999999999981
9534,-0.09999999999999981
9535,-0.09999999999999981
9536,-0.09999999999999981
9537,-0.09999999999999981
9538,-0.09999999999999981
9539,-0.09999999999999981
9540,-0.09999999999999981
9541,-0.09999999999999981
9542,-0.09999999999999981
9543,-0.09999999999999981
9544,-0.09999999999999981
9545,-0.09999999999999981
9546,-0.09999999999999981
9547,-0.09999999999999981
9548,-0.09999999999999981
9549,-0.09999999999999981
9550,-0.09999999999999981
9551,-0.09999999999999981
9552,-0.09999999999999981
9553,-0.09999999999999981
9554,-0.09999999999999981
9555,-0.09999999999999981
9556,-0.09999999999999981
9557,-0.09999999999999981
9558,-0.09999999999999981
9559,-0.09999999999999981
9560,-0.09999999999999981
9561,-0.09999999999999981
9562,-0.09999999999999981
9563,-0.09999999999999981
9564,-0.09999999999999981
9565,-0.09999999999999981
9566,-0.09999999999999981
9567,-0.09999999999999981
9568,-0.09999999999999981
9569,-0.09999999999999981
9570,-0.09999999999999981
9571,-0.09999999999999981
9572,-0.09999999999999981
9573,-0.09999999999999981
9574,-0.09999999999999981
9575,-0.09999999999999981
9576,-0.09999999999999981
9577,-0.09999999999999981
9578,-0.09999999999999981
9579,-0.09999999999999981
9580,-0.09999999999999981
9581,-0.09999999999999981
9582,-0.09999999999999981
9583,-0.09999999999999981
9584,-0.09999999999999981
9585,-0.09999999999999981
9586,-0.09999999999999981
9587,-0.09999999999999981
9588,-0.09999999999999981
9589,-0.09999999999999981
9590,-0.09999999999999981
9591,-0.09999999999999981
9592,-0.09999999999999981
9593,-0.09999999999999981
9594,-0.09999999999999981
9595,-0.09999999999999981
9596,-0.09999999999999981
9597,-0.09999999999999981
9598,-0.09999999999999981
9599,-0.09999999999999981
9600,-0.09999999999999981
9601,-0.09999999999999981
9602,-0.09999999999999981
9603,-0.09999999999999981
9604,-0.09999999999999981
9605,-0.09999999999999981
9606,-0.09999999999999981
9607,-0.09999999999999981
9608,-0.09999999999999981
9609,-0.09999999999999981
9610,-0.09999999999999981
9611,-0.09999999999999981
9612,-0.09999999999999981
9613,-0.09999999999999981
9614,-0.09999999999999981
9615,-0.09999999999999981
9616,-0.09999999999999981
9617,-0.09999999999999981
9618,-0.09999999999999981
9619,-0.09999999999999981
9620,-0.09999999999999981
9621,-0.09999999999999981
9622,-0.09999999999999981
9623,-0.09999999999999981
9624,-0.09999999999999981
9625,-0.09999999999999981
9626,-0.09999999999999981
9627,-0.09999999999999981
9628,-0.09999999999999981
9629,-0.09999999999999981
9630,-0.09999999999999981
9631,-0.09999999999999981
9632,-0.09999999999999981
9633,-0.09999999999999981
9634,-0.09999999999999981
9635,-0.09999999999999981
9636,-0.09999999999999981
9637,-0.09999999999999981
9638,-0.09999999999999981
9639,-0.09999999999999981
9640,-0.09999999999999981
9641,-0.09999999999999981
9642,-0.09999999999999981
9643,-0.09999999999999981
9644,-0.09999999999999981
9645,-0.09999999999999981
9646,-0.09999999999999981
9647,-0.09999999999999981
9648,-0.09999999999999981
9649,-0.09999999999999981
9650,-0.09999999999999981
9651,-0.09999999999999981
9652,-0.09999999999999981
9653,-0.09999999999999981
9654,-0.09999999999999981
9655,-0.09999999999999981
9656,-0.09999999999999981
9657,-0.09999999999999981
9658,-0.09999999999999981
9659,-0.09999999999999981
9660,-0.09999999999999981
9661,-0.09999999999999981
9662,-0.09999999999999981
9663,-0.09999999999999981
9664,-0.09999999999999981
9665,-0.09999999999999981
9666,-0.09999999999999981
9667,-0.09999999999999981
9668,-0.09999999999999981
9669,-0.09999999999999981
9670,-0.09999999999999981
9671,-0.09999999999999981
9672,-0.09999999999999981
9673,-0.09999999999999981
9674,-0.09999999999999981
9675,-0.09999999999999981
9676,-0.09999999999999981
9677,-0.09999999999999981
9678,-0.09999999999999981
9679,-0.09999999999999981
9680,-0.09999999999999981
9681,-0.09999999999999981
9682,-0.09999999999999981
9683,-0.09999999999999981
9684,-0.09999999999999981
9685,-0.09999999999999981
9686,-0.09999999999999981
9687,-0.09999999999999981
9688,-0.09999999999999981
9689,-0.09999999999999981
9690,-0.09999999999999981
9691,-0.09999999999999981
9692,-0.09999999999999981
9693,-0.09999999999999981
9694,-0.09999999999999981
9695,-0.09999999999999981
9696,-0.09999999999999981
9697,-0.09999999999999981
9698,-0.09999999999999981
9699,-0.09999999999999981
9700,-0.09999999999999981
9701,-0.09999999999999981
9702,-0.09999999999999981
9703,-0.09999999999999981
9704,-0.09999999999999981
9705,-0.09999999999999981
9706,-0.09999999999999981
9707,-0.09999999999999981
9708,-0.09999999999999981
9709,-0.09999999999999981
9710,-0.09999999999999981
9711,-0.09999999999999981
9712,-0.09999999999999981
9713,-0.09999999999999981
9714,-0.09999999999999981
9715,-0.09999999999999981
9716,-0.09999999999999981
9717,-0.09999999999999981
9718,-0.09999999999999981
9719,-0.09999999999999981
9720,-0.09999999999999981
9721,-0.09999999999999981
9722,-0.09999999999999981
9723,-0.09999999999999981
9724,-0.09999999999999981
9725,-0.09999999999999981
9726,-0.09999999999999981
9727,-0.09999999999999981
9728,-0.09999999999999981
9729,-0.09999999999999981
9730,-0.09999999999999981
9731,-0.09999999999999981
9732,-0.09999999999999981
9733,-0.09999999999999981
9734,-0.09999999999999981
9735,-0.09999999999999981
9736,-0.09999999999999981
9737,-0.09999999999999981
9738,-0.09999999999999981
9739,-0.09999999999999981
9740,-0.09999999999999981
9741,-0.09999999999999981
9742,-0.09999999999999981
9743,-0.09999999999999981
9744,-0.09999999999999981
9745,-0.09999999999999981
9746,-0.09999999999999981
9747,-0.09999999999999981
9748,-0.09999999999999981
9749,-0.09999999999999981
9750,-0.09999999999999981
9751,-0.09999999999999981
9752,-0.09999999999999981
9753,-0.09999999999999981
9754,-0.09999999999999981
9755,-0.09999999999999981
9756,-0.09999999999999981
9757,-0.09999999999999981
9758,-0.09999999999999981
9759,-0.09999999999999981
9760,-0.09999999999999981
9761,-0.09999999999999981
9762,-0.09999999999999981
9763,-0.09999999999999981
9764,-0.09999999999999981
9765,-0.09999999999999981
9766,-0.09999999999999981
9767,-0.09999999999999981
9768,-0.09999999999999981
9769,-0.09999999999999981
9770,-0.09999999999999981
9771,-0.09999999999999981
9772,-0.09999999999999981
9773,-0.09999999999999981
9774,-0.09999999999999981
9775,-0.09999999999999981
9776,-0.09999999999999981
9777,-0.09999999999999981
9778,-0.09999999999999981
9779,-0.09999999999999981
9780,-0.09999999999999981
9781,-0.09999999999999981
9782,-0.09999999999999981
9783,-0.09999999999999981
9784,-0.09999999999999981
9785,-0.09999999999999981
9786,-0.09999999999999981
9787,-0.09999999999999981
9788,-0.09999999999999981
9789,-0.09999999999999981
9790,-0.09999999999999981
9791,-0.09999999999999981
9792,-0.09999999999999981
9793,-0.09999999999999981
9794,-0.09999999999999981
9795,-0.09999999999999981
9796,-0.09999999999999981
9797,-0.09999999999999981
9798,-0.09999999999999981
9799,-0.09999999999999981
9800,-0.09999999999999981
9801,-0.09999999999999981
9802,-0.09999999999999981
9803,-0.09999999999999981
9804,-0.09999999999999981
9805,-0.09999999999999981
9806,-0.09999999999999981
9807,-0.09999999999999981
9808,-0.09999999999999981
9809,-0.09999999999999981
9810,-0.09999999999999981
9811,-0.09999999999999981
9812,-0.09999999999999981
9813,-0.09999999999999981
9814,-0.09999999999999981
9815,-0.09999999999999981
9816,-0.09999999999999981
9817,-0.09999999999999981
9818,-0.09999999999999981
9819,-0.09999999999999981
9820,-0.09999999999999981
9821,-0.09999999999999981
9822,-0.09999999999999981
9823,-0.09999999999999981
9824,-0.09999999999999981
9825,-0.09999999999999981
9826,-0.09999999999999981
9827,-0.09999999999999981
9828,-0.09999999999999981
9829,-0.09999999999999981
9830,-0.09999999999999981
9831,-0.09999999999999981
9832,-0.09999999999999981
9833,-0.09999999999999981
9834,-0.09999999999999981
9835,-0.09999999999999981
9836,-0.09999999999999981
9837,-0.09999999999999981
9838,-0.09999999999999981
9839,-0.09999999999999981
9840,-0.09999999999999981
9841,-0.09999999999999981
9842,-0.09999999999999981
9843,-0.09999999999999981
9844,-0.09999999999999981
9845,-0.09999999999999981
9846,-0.09999999999999981
9847,-0.09999999999999981
9848,-0.09999999999999981
9849,-0.09999999999999981
9850,-0.09999999999999981
9851,-0.09999999999999981
9852,-0.09999999999999981
9853,-0.09999999999999981
9854,-0.09999999999999981
9855,-0.09999999999999981
9856,-0.09999999999999981
9857,-0.09999999999999981
9858,-0.09999999999999981
9859,-0.09999999999999981
9860,-0.09999999999999981
9861,-0.09999999999999981
9862,-0.09999999999999981
9863,-0.09999999999999981
9864,-0.09999999999999981
9865,-0.09999999999999981
9866,-0.09999999999999981
9867,-0.09999999999999981
9868,-0.09999999999999981
9869,-0.09999999999999981
9870,-0.09999999999999981
9871,-0.09999999999999981
9872,-0.09999999999999981
9873,-0.09999999999999981
9874,-0.09999999999999981
9875,-0.09999999999999981
9876,-0.09999999999999981
9877,-0.09999999999999981
9878,-0.09999999999999981
9879,-0.09999999999999981
9880,-0.09999999999999981
9881,-0.09999999999999981
9882,-0.09999999999999981
9883,-0.09999999999999981
9884,-0.09999999999999981
9885,-0.09999999999999981
9886,-0.09999999999999981
9887,-0.09999999999999981
9888,-0.09999999999999981
9889,-0.09999999999999981
9890,-0.09999999999999981
9891,-0.09999999999999981
9892,-0.09999999999999981
9893,-0.09999999999999981
9894,-0.09999999999999981
9895,-0.09999999999999981
9896,-0.09999999999999981
9897,-0.09999999999999981
9898,-0.09999999999999981
9899,-0.09999999999999981
9900,-0.09999999999999981
9901,-0.09999999999999981
9902,-0.09999999999999981
9903,-0.09999999999999981
9904,-0.09999999999999981
9905,-0.09999999999999981
9906,-0.09999999999999981
9907,-0.09999999999999981
9908,-0.09999999999999981
9909,-0.09999999999999981
9910,-0.09999999999999981
9911,-0.09999999999999981
9912,-0.09999999999999981
9913,-0.09999999999999981
9914,-0.09999999999999981
9915,-0.09999999999999981
9916,-0.09999999999999981
9917,-0.09999999999999981
9918,-0.09999999999999981
9919,-0.09999999999999981
9920,-0.09999999999999981
9921,-0.09999999999999981
9922,-0.09999999999999981
9923,-0.09999999999999981
9924,-0.09999999999999981
9925,-0.09999999999999981
9926,-0.09999999999999981
9927,-0.09999999999999981
9928,-0.09999999999999981
9929,-0.09999999999999981
9930,-0.09999999999999981
9931,-0.09999999999999981
9932,-0.09999999999999981
9933,-0.09999999999999981
9934,-0.09999999999999981
9935,-0.09999999999999981
9936,-0.09999999999999981
9937,-0.09999999999999981
9938,-0.09999999999999981
9939,-0.09999999999999981
9940,-0.09999999999999981
9941,-0.09999999999999981
9942,-0.09999999999999981
9943,-0.09999999999999981
9944,-0.09999999999999981
9945,-0.09999999999999981
9946,-0.09999999999999981
9947,-0.09999999999999981
9948,-0.09999999999999981
9949,-0.09999999999999981
9950,-0.09999999999999981
9951,-0.09999999999999981
9952,-0.09999999999999981
9953,-0.09999999999999981
9954,-0.09999999999999981
9955,-0.09999999999999981
9956,-0.09999999999999981
9957,-0.09999999999999981
9958,-0.09999999999999981
9959,-0.09999999999999981
9960,-0.09999999999999981
9961,-0.09999999999999981
9962,-0.09999999999999981
9963,-0.09999999999999981
9964,-0.09999999999999981
9965,-0.09999999999999981
9966,-0.09999999999999981
9967,-0.09999999999999981
9968,-0.09999999999999981
9969,-0.09999999999999981
9970,-0.09999999999999981
9971,-0.09999999999999981
9972,-0.09999999999999981
9973,-0.09999999999999981
9974,-0.09999999999999981
9975,-0.09999999999999981
9976,-0.09999999999999981
9977,-0.09999999999999981
9978,-0.09999999999999981
9979,-0.09999999999999981
9980,-0.09999999999999981
9981,-0.09999999999999981
9982,-0.09999999999999981
9983,-0.09999999999999981
9984,-0.09999999999999981
9985,-0.09999999999999981
9986,-0.09999999999999981
9987,-0.09999999999999981
9988,-0.09999999999999981
9989,-0.09999999999999981
9990,-0.09999999999999981
9991,-0.09999999999999981
9992,-0.09999999999999981
9993,-0.09999999999999981
9994,-0.09999999999999981
9995,-0.09999999999999981
9996,-0.09999999999999981
9997,-0.09999999999999981
9998,-0.09999999999999981
9999,-0.09999999999999981
10000,-0.09999999999999981
