Episode,AgentStandard-5
1,-0.09799999999999981
2,-0.09799999999999981
3,0.003000000000000117
4,0.11400000000000018
5,-0.09999999999999981
6,-0.09799999999999981
7,0.11000000000000015
8,-0.09999999999999981
9,0.005000000000000063
10,0.11600000000000012
11,0.00500000000000017
12,-0.09999999999999981
13,-0.09799999999999981
14,0.0010000000000001702
15,0.0010000000000000636
16,0.10600000000000018
17,-0.09999999999999981
18,0.1040000000000003
19,0.0030000000000001124
20,0.001000000000000028
21,0.005000000000000045
22,0.10800000000000015
23,0.21099999999999988
24,0.10400000000000018
25,0.0030000000000000994
26,-0.09799999999999981
27,0.009000000000000098
28,-0.09799999999999981
29,0.005000000000000121
30,-0.09599999999999982
31,0.001000000000000028
32,0.0030000000000000283
33,0.005000000000000028
34,0.10800000000000003
35,-0.09799999999999981
36,0.009000000000000152
37,0.013000000000000029
38,0.0030000000000001436
39,0.0030000000000000283
40,0.009000000000000027
41,0.20499999999999982
42,0.30599999999999883
43,0.0010000000000000369
44,-0.09799999999999981
45,0.20499999999999927
46,0.40699999999999975
47,0.011000000000000027
48,0.20900000000000019
49,0.005000000000000116
50,-0.09399999999999982
51,0.1040000000000002
52,-0.09799999999999981
53,0.003000000000000178
54,0.0010000000000001646
55,-0.09599999999999982
56,0.2090000000000001
57,-0.09999999999999981
58,0.0010000000000001568
59,0.00900000000000017
60,0.0010000000000001846
61,0.011000000000000081
62,0.011000000000000064
63,-0.09999999999999981
64,0.20299999999999993
65,0.1080000000000003
66,0.005000000000000028
67,0.21099999999999994
68,0.21500000000000014
69,0.3100000000000003
70,0.3139999999999999
71,0.003000000000000117
72,-0.09999999999999981
73,0.10400000000000023
74,0.11000000000000028
75,0.10800000000000014
76,0.3219999999999994
77,0.3059999999999989
78,0.005000000000000116
79,0.001000000000000117
80,0.007000000000000134
81,-0.09999999999999981
82,0.001000000000000188
83,-0.09999999999999981
84,0.0030000000000000283
85,0.11600000000000006
86,0.20499999999999932
87,0.20300000000000012
88,0.22100000000000009
89,0.10800000000000023
90,0.21499999999999944
91,0.21099999999999988
92,0.10200000000000006
93,0.011000000000000027
94,0.005000000000000099
95,0.2129999999999996
96,0.10400000000000022
97,0.10600000000000027
98,0.10600000000000023
99,0.20299999999999996
100,0.20900000000000019
101,-0.09799999999999981
102,0.0030000000000001527
103,0.11200000000000017
104,0.4109999999999993
105,0.1040000000000003
106,0.10400000000000015
107,0.11000000000000007
108,0.0010000000000001258
109,0.10800000000000011
110,-0.09399999999999982
111,0.30599999999999966
112,0.0030000000000001124
113,0.3099999999999988
114,0.11800000000000013
115,0.009000000000000036
116,0.20699999999999968
117,0.0010000000000000991
118,0.2050000000000002
119,0.3139999999999993
120,0.007000000000000067
121,0.1060000000000002
122,0.20899999999999963
123,0.011000000000000044
124,0.3159999999999991
125,0.21100000000000016
126,0.2029999999999988
127,0.2129999999999996
128,0.11000000000000004
129,0.31399999999999983
130,0.5079999999999995
131,0.10600000000000033
132,-0.09999999999999981
133,0.21099999999999944
134,0.3239999999999991
135,0.20700000000000013
136,0.10600000000000015
137,0.21500000000000008
138,0.11400000000000024
139,0.21699999999999967
140,0.21100000000000002
141,-0.09599999999999982
142,0.31799999999999995
143,0.2049999999999997
144,0.5139999999999997
145,0.5239999999999995
146,-0.09399999999999982
147,0.10599999999999993
148,0.3079999999999995
149,0.005000000000000063
150,0.009000000000000133
151,0.4169999999999998
152,0.22899999999999923
153,0.30999999999999917
154,0.011000000000000103
155,0.4089999999999999
156,0.31599999999999967
157,0.5159999999999997
158,0.3179999999999994
159,0.0010000000000000724
160,0.4129999999999996
161,0.30599999999999916
162,0.3119999999999996
163,0.7280000000000011
164,0.10200000000000035
165,0.2109999999999998
166,0.20299999999999926
167,0.21699999999999908
168,0.3199999999999996
169,0.42100000000000004
170,0.3239999999999997
171,0.308
172,0.20499999999999893
173,0.41299999999999903
174,0.21299999999999905
175,0.5179999999999992
176,0.21500000000000008
177,0.21299999999999958
178,0.21099999999999994
179,0.5279999999999992
180,0.6189999999999993
181,0.7239999999999995
182,0.622999999999999
183,0.3179999999999991
184,0.4169999999999991
185,0.1060000000000002
186,0.414999999999999
187,0.5139999999999998
188,0.11200000000000017
189,0.6109999999999994
190,0.4109999999999993
191,0.2169999999999998
192,0.20299999999999993
193,0.31199999999999956
194,0.20700000000000002
195,0.21099999999999944
196,0.7239999999999992
197,0.519999999999999
198,0.7179999999999995
199,0.3119999999999991
200,0.4129999999999994
201,0.5079999999999991
202,0.715999999999999
203,0.8270000000000011
204,0.8230000000000018
205,0.5159999999999989
206,0.620999999999999
207,0.6189999999999991
208,0.5139999999999992
209,0.30999999999999994
210,0.2069999999999996
211,0.6129999999999989
212,0.616999999999999
213,0.3299999999999991
214,0.5099999999999997
215,0.6109999999999988
216,0.20899999999999985
217,0.32599999999999973
218,0.7159999999999994
219,0.4149999999999997
220,0.6209999999999994
221,0.5219999999999991
222,0.6209999999999991
223,0.3119999999999991
224,0.7300000000000009
225,0.618999999999999
226,0.3159999999999993
227,0.31600000000000017
228,0.42499999999999966
229,0.730000000000001
230,0.614999999999999
231,0.20499999999999893
232,0.5139999999999992
233,0.5139999999999989
234,0.7219999999999996
235,0.5199999999999992
236,0.30999999999999894
237,0.30599999999999977
238,0.5199999999999989
239,0.20899999999999927
240,0.9200000000000016
241,0.419
242,0.5299999999999992
243,0.6229999999999992
244,0.7180000000000005
245,0.9260000000000003
246,0.7220000000000013
247,1.0290000000000006
248,0.2070000000000001
249,0.8390000000000005
250,0.22099999999999997
251,0.7160000000000005
252,0.9259999999999998
253,0.515999999999999
254,0.5219999999999995
255,0.7219999999999992
256,0.4229999999999992
257,0.5119999999999998
258,1.1280000000000012
259,1.029000000000001
260,0.4249999999999994
261,0.5159999999999991
262,0.4229999999999996
263,0.41899999999999954
264,0.41699999999999987
265,0.6309999999999996
266,0.8170000000000016
267,0.7180000000000001
268,0.8309999999999991
269,0.6209999999999996
270,0.7320000000000002
271,0.41099999999999887
272,1.035000000000002
273,0.7239999999999995
274,0.9160000000000019
275,1.0330000000000021
276,0.7219999999999994
277,0.3159999999999989
278,0.4149999999999995
279,0.3159999999999994
280,0.6269999999999992
281,0.4169999999999991
282,0.8290000000000001
283,0.8230000000000013
284,0.6309999999999996
285,1.134000000000002
286,0.7179999999999995
287,1.124000000000003
288,0.6209999999999991
289,0.7160000000000002
290,0.73
291,1.023000000000001
292,1.2290000000000025
293,0.6109999999999994
294,0.6149999999999991
295,1.2330000000000019
296,0.7200000000000011
297,0.8130000000000015
298,0.8230000000000013
299,0.9340000000000015
300,0.11000000000000014
301,0.6129999999999994
302,0.819000000000001
303,0.41499999999999887
304,1.3360000000000019
305,0.8190000000000015
306,0.926000000000002
307,0.30999999999999894
308,0.6209999999999991
309,1.0250000000000004
310,0.821
311,0.8209999999999996
312,0.8230000000000001
313,1.021
314,0.8190000000000016
315,0.9259999999999997
316,0.8229999999999998
317,0.9200000000000017
318,1.031000000000001
319,0.6229999999999991
320,0.9260000000000019
321,0.41899999999999893
322,1.1220000000000017
323,1.0370000000000006
324,0.9320000000000005
325,1.1200000000000023
326,1.027
327,0.9220000000000022
328,1.1340000000000017
329,0.8210000000000012
330,0.819000000000001
331,0.916000000000001
332,0.8310000000000004
333,0.8169999999999996
334,1.1380000000000015
335,1.1260000000000006
336,0.7219999999999996
337,0.4169999999999995
338,0.8249999999999997
339,1.0289999999999997
340,1.124000000000001
341,0.924
342,0.7199999999999995
343,0.6269999999999998
344,0.5199999999999992
345,0.8330000000000015
346,1.1300000000000012
347,0.6229999999999994
348,1.2250000000000012
349,0.9280000000000004
350,1.0290000000000024
351,1.1380000000000003
352,0.9320000000000015
353,0.4169999999999991
354,0.9240000000000014
355,1.1280000000000034
356,0.9239999999999998
357,0.8230000000000015
358,0.9180000000000001
359,1.0270000000000015
360,0.815
361,1.0370000000000008
362,0.6129999999999994
363,0.8270000000000001
364,1.443000000000001
365,1.0250000000000012
366,0.7119999999999994
367,0.616999999999999
368,1.1360000000000015
369,0.8269999999999997
370,1.0250000000000006
371,1.0330000000000015
372,1.0310000000000021
373,1.227000000000002
374,0.7240000000000001
375,0.5199999999999991
376,0.9260000000000003
377,0.7159999999999994
378,0.8209999999999994
379,1.1340000000000012
380,0.9160000000000014
381,1.130000000000002
382,1.0269999999999997
383,1.1380000000000008
384,1.0310000000000015
385,1.3220000000000016
386,1.132000000000002
387,0.9320000000000012
388,0.6249999999999993
389,0.922000000000001
390,0.8230000000000015
391,0.926000000000001
392,0.8190000000000017
393,0.9240000000000015
394,1.1240000000000003
395,1.2230000000000028
396,0.9300000000000012
397,0.9320000000000007
398,0.8269999999999996
399,1.0290000000000017
400,1.1360000000000017
401,1.027000000000001
402,0.7239999999999991
403,1.027000000000002
404,1.2230000000000014
405,0.9320000000000025
406,0.9240000000000015
407,0.8229999999999995
408,1.2290000000000014
409,1.5360000000000016
410,0.5219999999999998
411,0.8189999999999997
412,0.7259999999999995
413,0.728
414,1.0230000000000015
415,1.2310000000000025
416,1.1380000000000021
417,0.7179999999999993
418,1.1380000000000017
419,0.8310000000000016
420,0.9360000000000008
421,0.9320000000000003
422,0.9219999999999999
423,1.324000000000002
424,1.1300000000000014
425,1.3440000000000012
426,0.9300000000000003
427,1.4310000000000023
428,1.2310000000000019
429,0.9240000000000015
430,1.0310000000000012
431,0.72
432,0.9159999999999999
433,1.1280000000000012
434,1.0270000000000012
435,1.130000000000002
436,1.148000000000002
437,1.3340000000000012
438,1.2390000000000017
439,1.5440000000000018
440,1.233000000000002
441,1.029000000000001
442,1.225000000000002
443,1.2250000000000016
444,1.0330000000000021
445,1.0290000000000017
446,1.229000000000002
447,1.241000000000001
448,0.9219999999999997
449,1.1400000000000023
450,1.0289999999999997
451,1.241000000000001
452,0.8190000000000017
453,1.6350000000000022
454,0.823
455,0.9320000000000018
456,0.9159999999999999
457,1.5460000000000014
458,0.8210000000000014
459,1.0210000000000017
460,1.4350000000000014
461,1.4430000000000023
462,1.1220000000000017
463,1.330000000000002
464,0.7179999999999995
465,1.5340000000000023
466,1.3440000000000012
467,1.1320000000000008
468,1.0250000000000012
469,1.4310000000000023
470,1.1340000000000003
471,1.1360000000000001
472,1.2310000000000008
473,1.021000000000001
474,1.229000000000001
475,1.2330000000000014
476,1.033000000000001
477,1.245000000000001
478,0.9320000000000018
479,1.031000000000001
480,0.9300000000000008
481,0.9320000000000006
482,1.332000000000002
483,1.3280000000000023
484,0.9140000000000018
485,1.2310000000000003
486,0.8189999999999995
487,0.8330000000000004
488,1.0230000000000012
489,1.0230000000000004
490,1.2370000000000005
491,0.9300000000000008
492,1.0210000000000008
493,1.3440000000000003
494,1.5440000000000023
495,1.027000000000001
496,0.8130000000000009
497,1.3280000000000018
498,1.2290000000000019
499,1.3260000000000032
500,1.1320000000000014
501,1.128000000000001
502,1.1300000000000012
503,1.4330000000000025
504,1.116000000000001
505,1.3400000000000016
506,1.043000000000001
507,0.9240000000000015
508,1.338000000000001
509,1.5380000000000025
510,1.2310000000000019
511,1.235000000000002
512,0.9140000000000009
513,1.241
514,1.4270000000000018
515,0.9199999999999997
516,1.2370000000000019
517,1.3340000000000023
518,1.1460000000000008
519,1.148000000000001
520,1.227000000000002
521,1.1260000000000008
522,1.1320000000000012
523,1.3320000000000018
524,1.1260000000000014
525,1.4510000000000005
526,1.2230000000000016
527,1.546000000000002
528,0.8249999999999997
529,1.031000000000002
530,0.8290000000000005
531,1.433000000000002
532,1.2310000000000019
533,1.0310000000000021
534,1.3360000000000019
535,1.2350000000000012
536,0.9200000000000014
537,1.5400000000000011
538,1.328000000000002
539,1.1320000000000014
540,1.437000000000002
541,1.3340000000000012
542,0.9240000000000009
543,0.8290000000000002
544,1.1400000000000015
545,1.4370000000000018
546,1.0250000000000012
547,1.2330000000000023
548,1.1440000000000017
549,1.130000000000002
550,1.1300000000000001
551,1.7520000000000016
552,1.534000000000002
553,1.332000000000003
554,1.0230000000000012
555,1.4330000000000027
556,1.3320000000000025
557,1.3340000000000012
558,0.6249999999999993
559,1.0310000000000017
560,1.217000000000002
561,1.027000000000001
562,1.439000000000002
563,0.8230000000000021
564,0.7160000000000002
565,1.2370000000000019
566,1.0330000000000021
567,1.029000000000001
568,1.239000000000002
569,1.2170000000000005
570,0.9180000000000015
571,1.4430000000000007
572,1.2430000000000017
573,1.0290000000000008
574,0.920000000000002
575,1.4370000000000018
576,1.338000000000002
577,1.247000000000001
578,1.3400000000000007
579,1.2350000000000023
580,1.3380000000000016
581,0.9280000000000018
582,1.5400000000000014
583,1.0350000000000015
584,1.023000000000002
585,1.5440000000000014
586,1.1480000000000021
587,1.124000000000002
588,1.4470000000000025
589,1.0290000000000008
590,0.7199999999999994
591,1.2330000000000017
592,1.3380000000000016
593,1.342000000000002
594,1.4370000000000018
595,1.5340000000000023
596,1.0250000000000017
597,1.1240000000000012
598,1.0250000000000012
599,1.2170000000000016
600,0.9199999999999993
601,1.1180000000000014
602,1.330000000000002
603,1.5420000000000016
604,1.2290000000000019
605,1.128000000000002
606,1.023000000000001
607,1.2370000000000019
608,1.837000000000002
609,1.1260000000000014
610,1.4450000000000014
611,1.4330000000000018
612,1.3280000000000018
613,1.4350000000000025
614,1.0290000000000012
615,1.3300000000000016
616,1.5320000000000014
617,1.4390000000000014
618,0.9340000000000005
619,1.4270000000000025
620,1.332000000000001
621,1.1340000000000015
622,1.2310000000000016
623,1.2230000000000008
624,0.9280000000000007
625,1.3240000000000018
626,1.2390000000000012
627,1.2290000000000019
628,1.2370000000000017
629,1.5360000000000014
630,1.136000000000001
631,1.5480000000000018
632,1.1260000000000019
633,1.0290000000000015
634,1.4390000000000023
635,1.4390000000000023
636,0.9220000000000012
637,1.126000000000001
638,0.8170000000000011
639,1.0250000000000006
640,1.5520000000000018
641,1.328000000000002
642,1.3440000000000014
643,1.1180000000000019
644,1.7340000000000018
645,1.9560000000000008
646,1.2370000000000012
647,1.1240000000000017
648,1.0210000000000017
649,1.2410000000000019
650,1.1180000000000023
651,1.3360000000000016
652,0.9400000000000003
653,1.2370000000000019
654,1.5260000000000025
655,1.128000000000002
656,1.7340000000000024
657,1.1260000000000003
658,1.5380000000000018
659,1.3340000000000025
660,1.2310000000000008
661,1.540000000000002
662,1.5420000000000018
663,1.14
664,1.5440000000000014
665,1.1320000000000012
666,1.1280000000000021
667,1.5420000000000018
668,0.8230000000000001
669,1.3300000000000025
670,1.7260000000000022
671,1.3380000000000019
672,1.445000000000002
673,1.332000000000002
674,1.3340000000000014
675,1.7480000000000018
676,1.2370000000000019
677,1.433000000000002
678,1.4330000000000016
679,1.3360000000000019
680,1.6390000000000018
681,1.5360000000000023
682,1.534000000000002
683,1.435000000000002
684,1.3380000000000019
685,1.4390000000000012
686,1.6390000000000022
687,1.5260000000000025
688,1.4470000000000018
689,1.5420000000000016
690,0.8210000000000002
691,1.1280000000000021
692,1.5420000000000014
693,1.435000000000002
694,1.6330000000000027
695,1.746000000000002
696,1.2350000000000023
697,1.5420000000000023
698,1.4350000000000012
699,1.1240000000000008
700,1.3320000000000016
701,1.1280000000000021
702,1.7400000000000022
703,1.433000000000002
704,1.3300000000000023
705,1.3300000000000016
706,1.4270000000000018
707,1.5320000000000025
708,1.3400000000000014
709,1.1220000000000014
710,1.3320000000000018
711,1.5400000000000023
712,1.2250000000000008
713,1.1240000000000012
714,1.2390000000000014
715,1.4330000000000025
716,1.5480000000000016
717,1.2250000000000016
718,1.1220000000000026
719,1.6370000000000022
720,1.1260000000000019
721,1.3520000000000012
722,1.128000000000002
723,1.4190000000000027
724,1.3420000000000019
725,1.334000000000002
726,1.2290000000000005
727,1.237000000000001
728,1.5380000000000016
729,1.2330000000000012
730,1.6550000000000002
731,1.2330000000000023
732,1.5460000000000025
733,1.3300000000000012
734,1.540000000000002
735,1.3420000000000019
736,1.6370000000000025
737,1.1280000000000014
738,0.9519999999999997
739,1.6510000000000016
740,1.6350000000000018
741,1.3400000000000014
742,1.3380000000000016
743,1.0210000000000015
744,1.0290000000000004
745,1.3340000000000014
746,1.5460000000000016
747,1.0310000000000017
748,1.2370000000000014
749,1.3360000000000023
750,1.4390000000000014
751,1.5320000000000007
752,1.4410000000000018
753,1.4410000000000014
754,1.2330000000000028
755,1.6310000000000022
756,1.538000000000002
757,1.4350000000000016
758,1.8430000000000017
759,1.5440000000000018
760,1.3260000000000018
761,1.4310000000000018
762,1.330000000000002
763,1.6270000000000018
764,1.8470000000000026
765,1.2370000000000008
766,0.9180000000000008
767,1.138000000000001
768,1.1300000000000017
769,1.5420000000000025
770,1.6410000000000013
771,1.4370000000000016
772,1.7360000000000015
773,1.2290000000000012
774,1.625000000000002
775,1.3360000000000012
776,1.9420000000000024
777,1.736000000000001
778,1.4290000000000014
779,1.334000000000002
780,1.334000000000002
781,1.6370000000000013
782,1.8430000000000022
783,1.435000000000003
784,1.3220000000000014
785,1.6350000000000025
786,1.0290000000000024
787,1.6470000000000014
788,1.023
789,1.439000000000002
790,1.433000000000002
791,1.2330000000000012
792,1.2350000000000023
793,1.5440000000000014
794,1.4450000000000014
795,1.5460000000000023
796,1.3340000000000003
797,1.635000000000002
798,1.5540000000000014
799,1.6450000000000018
800,1.3360000000000014
801,1.540000000000002
802,1.2250000000000014
803,1.5460000000000016
804,1.4350000000000014
805,1.5400000000000018
806,1.5420000000000016
807,1.435000000000003
808,1.4350000000000014
809,1.9440000000000024
810,1.6350000000000022
811,1.5300000000000018
812,1.7300000000000022
813,1.5500000000000016
814,1.7360000000000022
815,1.534000000000002
816,1.124000000000001
817,1.3360000000000016
818,1.3280000000000023
819,1.5600000000000012
820,1.5420000000000018
821,1.8530000000000018
822,1.7480000000000016
823,1.4270000000000023
824,1.2450000000000023
825,1.6410000000000016
826,1.2450000000000012
827,1.4350000000000016
828,1.7440000000000018
829,1.3340000000000025
830,1.3380000000000019
831,1.435000000000002
832,1.3280000000000007
833,1.344000000000001
834,1.6470000000000014
835,1.6310000000000024
836,1.5400000000000025
837,1.4310000000000016
838,1.4310000000000032
839,1.332000000000002
840,1.5320000000000034
841,1.536000000000002
842,1.3260000000000016
843,1.744000000000002
844,1.1340000000000008
845,1.4430000000000012
846,1.7420000000000018
847,1.546000000000002
848,1.635000000000002
849,1.443000000000002
850,1.6390000000000011
851,1.4410000000000016
852,1.1320000000000008
853,1.5320000000000018
854,1.5400000000000014
855,1.027000000000002
856,1.4350000000000025
857,1.6510000000000014
858,1.5320000000000018
859,1.2290000000000012
860,1.3280000000000027
861,1.3260000000000012
862,1.3320000000000014
863,1.4470000000000018
864,1.9480000000000015
865,1.0350000000000006
866,1.5320000000000018
867,1.536000000000002
868,1.439000000000002
869,1.2270000000000016
870,1.6390000000000018
871,1.2290000000000025
872,0.9300000000000012
873,1.4270000000000023
874,1.5400000000000018
875,1.6510000000000016
876,1.7420000000000018
877,1.6390000000000018
878,1.7300000000000022
879,1.5400000000000018
880,1.5400000000000018
881,1.7500000000000022
882,1.8470000000000015
883,1.3360000000000012
884,1.435000000000002
885,1.5440000000000018
886,1.7520000000000018
887,1.8550000000000018
888,1.3500000000000014
889,1.5400000000000018
890,1.736000000000002
891,1.2350000000000017
892,1.4270000000000023
893,1.237000000000001
894,1.7380000000000015
895,1.3240000000000014
896,1.435000000000002
897,1.5440000000000014
898,1.4370000000000018
899,1.837000000000002
900,1.4350000000000012
901,1.641000000000002
902,1.5460000000000023
903,1.4410000000000023
904,1.629000000000002
905,1.740000000000002
906,1.5320000000000022
907,1.635000000000003
908,1.3240000000000023
909,1.5320000000000027
910,1.6490000000000011
911,1.7260000000000022
912,1.5460000000000007
913,1.5340000000000018
914,1.740000000000002
915,1.740000000000002
916,1.429000000000002
917,0.9380000000000009
918,1.4290000000000027
919,1.4410000000000012
920,1.8310000000000024
921,1.225000000000002
922,2.1380000000000026
923,1.641000000000002
924,1.7300000000000026
925,1.4350000000000023
926,1.4270000000000023
927,1.4410000000000023
928,1.7380000000000024
929,1.7360000000000022
930,1.4450000000000012
931,1.7400000000000027
932,1.6430000000000013
933,1.9480000000000022
934,1.857000000000001
935,1.3360000000000012
936,1.328000000000003
937,1.5300000000000025
938,1.7440000000000015
939,1.6270000000000022
940,1.6270000000000018
941,1.7360000000000022
942,1.6290000000000022
943,1.5540000000000012
944,1.6430000000000018
945,1.5500000000000012
946,1.9460000000000017
947,1.6370000000000018
948,1.8510000000000018
949,1.4410000000000012
950,1.5360000000000016
951,1.4350000000000016
952,1.6410000000000016
953,1.4430000000000018
954,1.1260000000000014
955,1.6310000000000022
956,1.229000000000002
957,1.6430000000000013
958,1.5320000000000016
959,1.631000000000002
960,1.8330000000000024
961,1.540000000000002
962,1.7400000000000022
963,1.8410000000000017
964,1.7440000000000018
965,1.4450000000000012
966,1.6450000000000005
967,1.5440000000000018
968,1.8390000000000015
969,1.5520000000000016
970,1.3320000000000014
971,1.6470000000000016
972,1.5400000000000025
973,1.3340000000000019
974,1.5380000000000018
975,1.3420000000000019
976,1.5340000000000023
977,1.6490000000000022
978,1.5400000000000025
979,1.6470000000000011
980,1.5440000000000018
981,1.4390000000000018
982,1.7380000000000022
983,1.6470000000000016
984,1.5540000000000014
985,1.3400000000000016
986,1.7540000000000007
987,1.5280000000000031
988,1.740000000000002
989,1.6430000000000016
990,1.5300000000000018
991,1.4350000000000023
992,1.6390000000000007
993,1.9500000000000017
994,1.7560000000000016
995,1.4350000000000016
996,1.5360000000000016
997,1.4330000000000018
998,1.3300000000000016
999,1.5440000000000011
1000,1.5380000000000018
1001,1.8550000000000018
1002,1.4350000000000023
1003,1.7440000000000015
1004,1.2370000000000019
1005,1.5480000000000016
1006,1.6450000000000018
1007,1.8450000000000022
1008,1.2430000000000017
1009,1.6490000000000016
1010,1.4390000000000014
1011,1.635000000000002
1012,1.8430000000000013
1013,1.6410000000000013
1014,1.6330000000000024
1015,1.9360000000000026
1016,1.7380000000000015
1017,1.4470000000000014
1018,1.6430000000000013
1019,1.5320000000000025
1020,1.4410000000000018
1021,1.5440000000000023
1022,1.8490000000000015
1023,1.5440000000000014
1024,1.9540000000000017
1025,1.7480000000000009
1026,1.5480000000000018
1027,1.330000000000002
1028,1.5300000000000011
1029,1.6310000000000016
1030,1.3300000000000005
1031,1.4410000000000016
1032,1.239000000000002
1033,1.5380000000000018
1034,1.7420000000000018
1035,1.5420000000000025
1036,1.7480000000000018
1037,1.5420000000000023
1038,1.437000000000002
1039,1.3280000000000018
1040,1.639000000000002
1041,1.5380000000000016
1042,1.5420000000000016
1043,1.7440000000000027
1044,1.6470000000000018
1045,1.4270000000000025
1046,1.5320000000000018
1047,1.3260000000000014
1048,1.8470000000000022
1049,1.8330000000000024
1050,1.5320000000000025
1051,1.7440000000000024
1052,1.5440000000000018
1053,1.851000000000002
1054,1.3360000000000014
1055,1.5340000000000011
1056,1.946000000000002
1057,1.540000000000002
1058,1.952000000000002
1059,1.8370000000000022
1060,1.5500000000000016
1061,1.5400000000000023
1062,1.5420000000000018
1063,1.7420000000000022
1064,1.8530000000000009
1065,1.4310000000000012
1066,1.2370000000000025
1067,1.7540000000000016
1068,1.649000000000002
1069,1.631000000000002
1070,1.952000000000002
1071,1.4270000000000025
1072,1.550000000000001
1073,1.6370000000000016
1074,1.8390000000000026
1075,1.7380000000000033
1076,1.7360000000000015
1077,1.629000000000002
1078,1.5340000000000018
1079,1.8470000000000024
1080,1.8410000000000024
1081,1.9460000000000017
1082,1.6530000000000014
1083,1.334000000000002
1084,1.530000000000001
1085,1.6350000000000018
1086,1.530000000000003
1087,1.3380000000000023
1088,1.5420000000000014
1089,1.4370000000000016
1090,1.3280000000000027
1091,1.5400000000000023
1092,1.6450000000000014
1093,1.6470000000000016
1094,1.9440000000000015
1095,1.855000000000001
1096,1.3260000000000012
1097,1.746000000000002
1098,2.055000000000002
1099,1.8410000000000022
1100,1.7340000000000015
1101,1.4410000000000016
1102,1.7460000000000022
1103,1.8490000000000015
1104,1.8430000000000024
1105,1.7480000000000009
1106,1.544000000000001
1107,1.8430000000000022
1108,1.4390000000000018
1109,1.5400000000000018
1110,1.7480000000000007
1111,1.544000000000001
1112,1.4370000000000018
1113,1.7280000000000024
1114,1.6470000000000022
1115,1.6510000000000022
1116,1.837000000000002
1117,1.8510000000000018
1118,1.9440000000000024
1119,1.5220000000000022
1120,1.4470000000000018
1121,1.7500000000000018
1122,1.4310000000000012
1123,1.540000000000002
1124,1.7400000000000027
1125,1.6370000000000016
1126,1.7520000000000022
1127,1.6470000000000022
1128,2.0510000000000015
1129,1.8530000000000024
1130,1.4310000000000018
1131,1.6350000000000022
1132,1.439000000000002
1133,1.6430000000000016
1134,1.6590000000000016
1135,1.4410000000000023
1136,1.6510000000000011
1137,1.8410000000000024
1138,1.5340000000000018
1139,1.433000000000001
1140,1.7440000000000018
1141,1.8470000000000015
1142,1.7320000000000024
1143,1.4530000000000016
1144,1.439000000000001
1145,1.7340000000000027
1146,1.530000000000002
1147,1.948000000000001
1148,1.5440000000000014
1149,1.2310000000000023
1150,1.6570000000000014
1151,1.548000000000001
1152,1.7380000000000015
1153,1.7420000000000024
1154,1.7500000000000013
1155,1.8530000000000018
1156,2.1560000000000006
1157,1.3400000000000023
1158,1.332000000000002
1159,1.5420000000000018
1160,1.4430000000000023
1161,1.6310000000000022
1162,1.7400000000000022
1163,1.447000000000002
1164,2.055000000000001
1165,1.433000000000002
1166,1.7260000000000022
1167,1.746000000000002
1168,1.6450000000000014
1169,1.6430000000000018
1170,1.8490000000000015
1171,1.740000000000002
1172,1.742000000000001
1173,1.4230000000000025
1174,1.9460000000000024
1175,1.8410000000000029
1176,1.8370000000000022
1177,1.8470000000000015
1178,1.7320000000000024
1179,1.2330000000000014
1180,1.6470000000000018
1181,2.0430000000000015
1182,1.3320000000000025
1183,1.7500000000000018
1184,1.5360000000000023
1185,2.0490000000000026
1186,1.740000000000002
1187,1.6330000000000027
1188,1.8510000000000024
1189,1.338000000000001
1190,1.5340000000000018
1191,1.5320000000000022
1192,1.744000000000002
1193,1.7460000000000024
1194,1.845000000000001
1195,1.4370000000000016
1196,1.6390000000000016
1197,1.6370000000000011
1198,1.9600000000000017
1199,1.6370000000000027
1200,1.5440000000000018
1201,2.057000000000002
1202,1.7400000000000022
1203,1.5420000000000025
1204,2.0470000000000024
1205,1.7400000000000022
1206,1.861000000000001
1207,1.3340000000000012
1208,1.7380000000000018
1209,2.047000000000002
1210,1.128000000000002
1211,1.6390000000000016
1212,1.8390000000000024
1213,1.732000000000002
1214,1.6350000000000025
1215,1.4310000000000018
1216,1.3340000000000019
1217,1.7320000000000024
1218,1.8370000000000015
1219,1.5360000000000016
1220,2.0550000000000015
1221,1.7520000000000018
1222,1.7480000000000016
1223,1.3320000000000016
1224,1.6410000000000013
1225,1.954000000000002
1226,1.6430000000000018
1227,1.944000000000002
1228,1.6530000000000007
1229,1.4350000000000023
1230,1.7400000000000022
1231,1.8430000000000013
1232,1.847000000000002
1233,1.4410000000000016
1234,1.8370000000000024
1235,1.645000000000002
1236,1.6370000000000011
1237,1.9500000000000017
1238,1.429000000000002
1239,1.3460000000000023
1240,2.1580000000000017
1241,1.8550000000000009
1242,1.6370000000000018
1243,1.6290000000000018
1244,1.5380000000000018
1245,1.7420000000000024
1246,1.861000000000001
1247,2.0510000000000015
1248,1.6390000000000027
1249,2.253000000000001
1250,1.4490000000000025
1251,1.6330000000000027
1252,1.6350000000000025
1253,1.7500000000000013
1254,1.8470000000000013
1255,1.6430000000000016
1256,1.2290000000000014
1257,1.7320000000000026
1258,1.7460000000000013
1259,1.950000000000001
1260,2.2630000000000012
1261,1.6410000000000022
1262,1.7340000000000024
1263,1.6430000000000016
1264,1.8330000000000024
1265,1.8570000000000007
1266,1.7480000000000018
1267,1.439000000000003
1268,1.7480000000000024
1269,1.8530000000000015
1270,1.8530000000000013
1271,1.5260000000000022
1272,2.1480000000000015
1273,1.5340000000000023
1274,2.049000000000002
1275,1.8430000000000024
1276,2.132000000000003
1277,1.453000000000001
1278,1.7440000000000015
1279,1.5340000000000027
1280,1.3400000000000016
1281,1.6390000000000016
1282,1.4290000000000014
1283,1.534000000000002
1284,1.4470000000000014
1285,1.7360000000000013
1286,2.0570000000000013
1287,1.5220000000000025
1288,1.9400000000000017
1289,1.4490000000000018
1290,1.635000000000003
1291,1.744000000000002
1292,1.5400000000000023
1293,1.530000000000002
1294,2.053000000000002
1295,1.5420000000000023
1296,1.7580000000000016
1297,1.5420000000000016
1298,2.1580000000000017
1299,1.7480000000000016
1300,1.9540000000000015
1301,2.148000000000002
1302,1.6410000000000022
1303,1.2330000000000019
1304,2.0350000000000024
1305,1.2390000000000012
1306,1.6470000000000007
1307,1.8630000000000007
1308,1.6310000000000022
1309,1.966000000000002
1310,1.4410000000000016
1311,1.7460000000000022
1312,1.7380000000000022
1313,1.5300000000000018
1314,1.6370000000000013
1315,1.635000000000002
1316,1.639000000000002
1317,2.057000000000002
1318,1.7480000000000018
1319,1.5420000000000025
1320,1.5380000000000027
1321,1.4350000000000023
1322,1.2290000000000014
1323,1.8630000000000015
1324,1.7480000000000018
1325,1.435000000000002
1326,1.7440000000000015
1327,1.8430000000000017
1328,1.4210000000000031
1329,1.6330000000000018
1330,1.5360000000000016
1331,1.6370000000000022
1332,1.8350000000000022
1333,1.6290000000000022
1334,1.7620000000000011
1335,2.0410000000000026
1336,1.9480000000000015
1337,1.8570000000000015
1338,1.736000000000002
1339,1.7440000000000015
1340,1.8550000000000018
1341,1.633000000000002
1342,1.7500000000000018
1343,1.7420000000000022
1344,1.9480000000000022
1345,1.6350000000000018
1346,1.4410000000000016
1347,1.7460000000000016
1348,2.0490000000000013
1349,1.8430000000000017
1350,1.8410000000000024
1351,1.4370000000000018
1352,1.643000000000002
1353,1.6370000000000031
1354,1.845000000000002
1355,1.5360000000000016
1356,1.4550000000000012
1357,1.849000000000002
1358,1.4330000000000027
1359,2.0410000000000017
1360,1.4270000000000016
1361,1.9440000000000017
1362,1.8490000000000018
1363,1.7460000000000022
1364,1.5340000000000018
1365,1.1200000000000008
1366,2.0490000000000017
1367,2.039000000000002
1368,1.8510000000000018
1369,1.435000000000003
1370,1.633000000000002
1371,1.8550000000000013
1372,1.645000000000002
1373,1.9520000000000013
1374,2.045000000000002
1375,1.7500000000000022
1376,1.5320000000000022
1377,1.6510000000000022
1378,2.140000000000003
1379,1.6490000000000011
1380,1.6470000000000018
1381,2.0290000000000026
1382,1.9400000000000022
1383,1.633000000000002
1384,1.7460000000000022
1385,1.851000000000002
1386,1.4370000000000018
1387,1.7340000000000024
1388,2.043000000000002
1389,1.7440000000000015
1390,1.7360000000000015
1391,1.6470000000000022
1392,1.7480000000000013
1393,1.7500000000000013
1394,1.8430000000000022
1395,1.841000000000001
1396,1.5320000000000018
1397,2.0510000000000015
1398,1.7340000000000018
1399,1.538000000000002
1400,1.6550000000000011
1401,2.146000000000002
1402,1.6330000000000018
1403,1.2310000000000023
1404,1.746000000000002
1405,1.8530000000000022
1406,1.7380000000000022
1407,1.6410000000000022
1408,2.0390000000000024
1409,1.7440000000000024
1410,2.0470000000000015
1411,1.5300000000000022
1412,1.6550000000000014
1413,1.6390000000000022
1414,1.641000000000002
1415,1.837000000000002
1416,1.633000000000002
1417,1.750000000000002
1418,1.635000000000002
1419,2.049000000000002
1420,1.6510000000000011
1421,1.225000000000002
1422,1.847000000000002
1423,1.7340000000000018
1424,1.7440000000000018
1425,1.4430000000000012
1426,1.9640000000000013
1427,1.7420000000000018
1428,1.4550000000000012
1429,1.7440000000000018
1430,1.7500000000000013
1431,2.0530000000000017
1432,1.7440000000000018
1433,1.9420000000000022
1434,1.629000000000002
1435,1.9400000000000017
1436,1.4370000000000014
1437,2.055000000000001
1438,1.8530000000000018
1439,1.8490000000000026
1440,1.8370000000000022
1441,1.740000000000002
1442,1.8510000000000024
1443,1.4350000000000014
1444,1.9460000000000013
1445,1.849000000000001
1446,1.653000000000002
1447,1.8490000000000018
1448,1.5340000000000018
1449,1.5340000000000011
1450,2.0530000000000017
1451,1.8350000000000026
1452,1.5380000000000018
1453,1.744000000000001
1454,1.7440000000000015
1455,1.7240000000000026
1456,1.6390000000000018
1457,1.7440000000000015
1458,1.534000000000002
1459,1.8510000000000022
1460,1.4330000000000018
1461,1.9360000000000026
1462,1.5440000000000018
1463,1.6410000000000016
1464,1.8350000000000026
1465,1.7420000000000015
1466,1.633000000000002
1467,1.2310000000000023
1468,1.6470000000000025
1469,2.144000000000002
1470,1.7460000000000016
1471,1.338000000000002
1472,1.8530000000000013
1473,1.9340000000000024
1474,1.7320000000000024
1475,1.7520000000000013
1476,1.8430000000000022
1477,1.4310000000000025
1478,2.059000000000002
1479,2.0530000000000017
1480,1.6330000000000024
1481,1.8510000000000018
1482,1.847000000000001
1483,1.8450000000000017
1484,1.8350000000000022
1485,1.8430000000000015
1486,1.730000000000002
1487,1.7540000000000011
1488,1.9460000000000017
1489,1.8390000000000026
1490,1.7360000000000024
1491,1.6350000000000022
1492,1.956000000000002
1493,1.7380000000000015
1494,1.6430000000000016
1495,2.0510000000000024
1496,1.7440000000000018
1497,1.5300000000000018
1498,1.9440000000000017
1499,1.7360000000000029
1500,2.160000000000002
1501,1.8450000000000017
1502,2.051000000000001
1503,1.8430000000000017
1504,1.8430000000000017
1505,1.9420000000000013
1506,2.051000000000002
1507,1.7460000000000013
1508,1.4390000000000027
1509,1.633000000000001
1510,1.641000000000002
1511,1.6470000000000014
1512,1.7320000000000022
1513,1.6450000000000011
1514,1.5460000000000014
1515,1.6450000000000022
1516,1.8410000000000017
1517,1.847000000000002
1518,1.6450000000000011
1519,1.8470000000000013
1520,1.9660000000000009
1521,1.5380000000000016
1522,1.5440000000000018
1523,1.7480000000000016
1524,2.1580000000000017
1525,1.6430000000000018
1526,1.8330000000000024
1527,1.6330000000000018
1528,1.952000000000002
1529,1.7480000000000013
1530,1.9580000000000013
1531,1.9540000000000015
1532,1.7380000000000013
1533,2.0370000000000017
1534,1.5440000000000014
1535,1.8370000000000024
1536,1.6390000000000018
1537,1.8410000000000017
1538,1.8490000000000009
1539,2.0470000000000024
1540,1.8350000000000022
1541,1.4370000000000018
1542,1.4430000000000016
1543,1.643000000000002
1544,1.8330000000000022
1545,1.946000000000002
1546,1.9460000000000022
1547,1.540000000000002
1548,1.8310000000000022
1549,1.7500000000000013
1550,2.041000000000002
1551,1.643000000000001
1552,1.849000000000001
1553,2.0470000000000015
1554,1.7460000000000016
1555,1.8570000000000013
1556,1.542000000000001
1557,1.5400000000000018
1558,1.8390000000000026
1559,1.5340000000000027
1560,1.4370000000000007
1561,1.8330000000000015
1562,2.0490000000000013
1563,1.534000000000002
1564,1.7300000000000022
1565,1.8610000000000009
1566,1.8370000000000022
1567,1.5520000000000018
1568,1.7380000000000022
1569,1.9480000000000017
1570,1.8270000000000024
1571,2.055000000000001
1572,1.7380000000000015
1573,1.5340000000000018
1574,1.7520000000000013
1575,1.4330000000000025
1576,1.5340000000000023
1577,1.5340000000000016
1578,1.6470000000000016
1579,1.7460000000000022
1580,1.849000000000001
1581,1.6390000000000018
1582,1.641000000000002
1583,2.1500000000000017
1584,1.8450000000000022
1585,1.425000000000002
1586,1.8490000000000024
1587,2.0570000000000017
1588,1.8430000000000022
1589,1.4290000000000023
1590,1.4270000000000025
1591,1.9580000000000017
1592,1.8570000000000015
1593,1.861000000000001
1594,2.358000000000002
1595,1.952000000000002
1596,1.9460000000000022
1597,1.952000000000001
1598,1.942000000000002
1599,1.433000000000002
1600,1.8450000000000022
1601,2.0530000000000017
1602,1.5400000000000023
1603,1.3280000000000016
1604,1.8350000000000022
1605,1.8470000000000024
1606,1.8370000000000015
1607,1.7460000000000013
1608,1.8490000000000018
1609,1.6430000000000018
1610,1.7300000000000026
1611,1.8370000000000024
1612,1.8330000000000017
1613,1.7420000000000024
1614,1.841000000000002
1615,1.6410000000000016
1616,1.9440000000000024
1617,1.4310000000000018
1618,1.7380000000000022
1619,1.7480000000000024
1620,2.1580000000000017
1621,1.7440000000000015
1622,1.8450000000000022
1623,1.9480000000000013
1624,1.9520000000000024
1625,1.1240000000000017
1626,2.043000000000002
1627,1.9500000000000017
1628,1.9560000000000017
1629,1.9520000000000015
1630,1.8430000000000026
1631,1.641000000000002
1632,1.5400000000000014
1633,2.350000000000002
1634,1.6370000000000022
1635,1.8410000000000017
1636,1.9520000000000015
1637,1.548000000000002
1638,1.631000000000002
1639,1.6410000000000022
1640,1.855000000000001
1641,2.0570000000000017
1642,1.746000000000002
1643,1.740000000000002
1644,2.039000000000002
1645,2.0470000000000024
1646,1.9380000000000017
1647,1.7360000000000024
1648,1.6390000000000027
1649,1.744000000000002
1650,1.9480000000000017
1651,1.538000000000002
1652,1.956000000000002
1653,1.9580000000000013
1654,1.5320000000000022
1655,1.750000000000001
1656,1.5260000000000022
1657,1.6490000000000022
1658,1.7380000000000022
1659,1.6390000000000016
1660,1.6390000000000018
1661,1.8370000000000024
1662,1.6410000000000013
1663,1.9540000000000008
1664,1.8530000000000018
1665,1.857000000000002
1666,2.0530000000000017
1667,1.7400000000000027
1668,1.7360000000000024
1669,1.5300000000000018
1670,1.6410000000000022
1671,2.0470000000000024
1672,2.051000000000002
1673,1.958000000000001
1674,1.5360000000000016
1675,2.1520000000000015
1676,1.8530000000000013
1677,1.7380000000000018
1678,1.8390000000000017
1679,1.8430000000000022
1680,1.3360000000000023
1681,1.9460000000000022
1682,1.6350000000000025
1683,1.6430000000000025
1684,1.744000000000002
1685,2.0669999999999997
1686,1.641000000000002
1687,1.6390000000000016
1688,1.8390000000000017
1689,1.8550000000000013
1690,1.960000000000001
1691,1.6310000000000016
1692,1.4270000000000023
1693,1.8430000000000015
1694,1.6330000000000018
1695,1.635000000000002
1696,2.156000000000001
1697,1.7540000000000016
1698,1.7420000000000015
1699,1.8450000000000022
1700,1.5340000000000011
1701,1.5500000000000012
1702,2.0510000000000015
1703,2.0510000000000024
1704,1.6430000000000016
1705,1.542000000000001
1706,1.6610000000000011
1707,1.944000000000002
1708,2.035000000000002
1709,1.538000000000002
1710,2.0490000000000013
1711,1.736000000000002
1712,1.635000000000003
1713,2.342000000000002
1714,1.5340000000000018
1715,1.8450000000000017
1716,1.3260000000000018
1717,1.7440000000000024
1718,1.7460000000000022
1719,1.9560000000000008
1720,1.544000000000001
1721,1.9460000000000022
1722,1.532000000000001
1723,1.439000000000001
1724,1.9440000000000013
1725,1.950000000000002
1726,1.641000000000002
1727,1.7420000000000015
1728,1.859000000000001
1729,1.940000000000002
1730,1.5480000000000012
1731,2.0490000000000013
1732,1.6510000000000016
1733,1.5300000000000018
1734,1.3320000000000025
1735,1.7320000000000026
1736,2.0470000000000015
1737,1.6510000000000011
1738,1.8550000000000018
1739,1.7460000000000013
1740,1.6410000000000016
1741,1.956000000000002
1742,2.146000000000002
1743,2.055000000000002
1744,1.3400000000000014
1745,2.047000000000002
1746,1.9480000000000015
1747,1.946000000000002
1748,1.9400000000000022
1749,1.9400000000000015
1750,1.7460000000000013
1751,1.8390000000000026
1752,1.7420000000000018
1753,1.8430000000000024
1754,1.5340000000000018
1755,1.5520000000000016
1756,1.4350000000000014
1757,1.8630000000000015
1758,1.5320000000000022
1759,1.946000000000002
1760,1.7400000000000022
1761,1.5460000000000025
1762,1.9440000000000015
1763,1.9420000000000022
1764,1.7440000000000015
1765,1.6350000000000018
1766,1.829000000000002
1767,1.8370000000000024
1768,1.8590000000000009
1769,1.8430000000000024
1770,1.9520000000000013
1771,1.9500000000000022
1772,2.0570000000000013
1773,2.039000000000002
1774,1.6370000000000025
1775,1.851000000000002
1776,1.837000000000002
1777,1.849000000000002
1778,1.6530000000000016
1779,1.8430000000000024
1780,1.950000000000001
1781,1.849000000000002
1782,1.849000000000002
1783,1.7520000000000013
1784,1.9440000000000024
1785,1.8350000000000029
1786,1.8530000000000015
1787,1.7500000000000009
1788,1.6370000000000025
1789,1.6510000000000022
1790,1.942000000000002
1791,2.047000000000001
1792,1.845000000000002
1793,1.9420000000000022
1794,1.7440000000000024
1795,1.6370000000000018
1796,1.7500000000000018
1797,1.855000000000002
1798,1.7420000000000018
1799,2.045000000000002
1800,1.6510000000000016
1801,1.6610000000000023
1802,1.7340000000000027
1803,1.9360000000000026
1804,1.6370000000000016
1805,1.5360000000000027
1806,1.9440000000000017
1807,1.7460000000000016
1808,2.055000000000002
1809,1.8430000000000015
1810,1.7500000000000013
1811,1.6330000000000016
1812,2.1480000000000015
1813,1.851000000000002
1814,1.9600000000000017
1815,1.8410000000000024
1816,1.8530000000000022
1817,1.5360000000000014
1818,2.0510000000000015
1819,1.7420000000000022
1820,1.6430000000000016
1821,2.3460000000000023
1822,2.0370000000000017
1823,1.6390000000000016
1824,1.7320000000000022
1825,1.7360000000000029
1826,1.9580000000000017
1827,1.7500000000000018
1828,2.2470000000000017
1829,1.443000000000002
1830,1.9480000000000022
1831,2.0430000000000015
1832,1.8430000000000017
1833,1.8430000000000015
1834,1.6390000000000018
1835,1.736000000000002
1836,1.9320000000000024
1837,2.148000000000002
1838,1.847000000000002
1839,1.952000000000001
1840,1.9480000000000017
1841,1.7480000000000016
1842,1.946000000000002
1843,1.435000000000001
1844,1.9520000000000022
1845,1.9560000000000022
1846,2.0450000000000017
1847,2.249000000000002
1848,2.2510000000000017
1849,1.8470000000000013
1850,1.8350000000000017
1851,1.7280000000000029
1852,1.6450000000000014
1853,1.635000000000002
1854,2.136000000000002
1855,1.9500000000000022
1856,1.8350000000000029
1857,2.039000000000003
1858,1.847000000000001
1859,1.5480000000000012
1860,1.7360000000000024
1861,1.8450000000000015
1862,2.039000000000002
1863,1.744000000000002
1864,2.156000000000002
1865,1.829000000000002
1866,1.9500000000000022
1867,1.9620000000000013
1868,1.6430000000000013
1869,1.6370000000000016
1870,1.8390000000000015
1871,1.6290000000000022
1872,1.7380000000000018
1873,1.6450000000000018
1874,1.9600000000000015
1875,2.148000000000002
1876,1.6550000000000018
1877,1.9400000000000026
1878,1.9300000000000026
1879,1.6450000000000014
1880,1.847000000000002
1881,1.9440000000000028
1882,1.9540000000000017
1883,1.851000000000002
1884,1.5400000000000018
1885,2.043000000000002
1886,1.8590000000000009
1887,1.6510000000000016
1888,1.849000000000002
1889,1.8430000000000015
1890,1.8490000000000018
1891,1.7420000000000015
1892,2.1520000000000015
1893,1.435000000000001
1894,1.8510000000000018
1895,1.9600000000000009
1896,2.354000000000002
1897,1.9500000000000015
1898,1.9560000000000013
1899,1.849000000000001
1900,2.2430000000000025
1901,1.8470000000000015
1902,1.7420000000000018
1903,1.7560000000000022
1904,2.3520000000000025
1905,1.9460000000000013
1906,1.7320000000000022
1907,1.942000000000002
1908,1.7400000000000027
1909,1.645000000000002
1910,1.9400000000000015
1911,1.7520000000000016
1912,1.857000000000001
1913,2.158000000000001
1914,2.0550000000000015
1915,1.7480000000000018
1916,1.6450000000000014
1917,2.253000000000002
1918,1.944000000000002
1919,1.9320000000000024
1920,1.5360000000000016
1921,1.946000000000002
1922,1.6490000000000011
1923,1.8330000000000033
1924,1.8590000000000007
1925,1.6290000000000022
1926,2.0570000000000017
1927,1.736000000000002
1928,1.6670000000000007
1929,1.8370000000000015
1930,1.9480000000000024
1931,1.7440000000000024
1932,1.9440000000000017
1933,1.8430000000000015
1934,1.7420000000000015
1935,1.5460000000000016
1936,2.043000000000002
1937,1.8570000000000015
1938,1.9480000000000017
1939,1.6390000000000022
1940,1.8590000000000024
1941,2.059000000000002
1942,2.146000000000002
1943,2.2570000000000014
1944,1.8450000000000022
1945,1.9340000000000026
1946,1.9440000000000015
1947,1.9640000000000015
1948,1.7340000000000018
1949,1.7340000000000024
1950,2.0470000000000006
1951,1.859000000000001
1952,1.7420000000000015
1953,1.7360000000000022
1954,2.2450000000000023
1955,2.0510000000000024
1956,1.6410000000000016
1957,1.9580000000000015
1958,2.045000000000002
1959,1.7380000000000022
1960,1.7420000000000027
1961,2.0550000000000015
1962,1.8410000000000017
1963,1.9480000000000017
1964,2.0570000000000017
1965,2.2570000000000014
1966,1.5320000000000022
1967,2.0410000000000026
1968,1.839000000000002
1969,2.051000000000002
1970,1.3320000000000016
1971,2.0610000000000013
1972,2.0490000000000013
1973,1.9500000000000008
1974,1.736000000000002
1975,2.0370000000000026
1976,2.0510000000000015
1977,1.8370000000000024
1978,1.8390000000000026
1979,2.049000000000002
1980,1.8350000000000029
1981,1.530000000000002
1982,1.8470000000000015
1983,1.639000000000001
1984,1.9440000000000017
1985,1.8430000000000024
1986,2.245000000000002
1987,1.946000000000002
1988,2.2590000000000017
1989,1.9380000000000022
1990,1.8610000000000013
1991,2.0510000000000015
1992,1.8310000000000028
1993,1.7440000000000024
1994,1.8370000000000024
1995,1.7420000000000027
1996,2.047000000000002
1997,1.9500000000000017
1998,2.350000000000002
1999,1.8350000000000022
2000,2.249000000000001
2001,1.944000000000002
2002,1.9700000000000015
2003,1.8350000000000015
2004,1.7420000000000022
2005,1.7420000000000022
2006,2.154000000000002
2007,2.136000000000003
2008,2.1520000000000024
2009,1.956000000000001
2010,1.5400000000000023
2011,1.9540000000000017
2012,1.8410000000000029
2013,2.146000000000002
2014,1.6350000000000013
2015,1.5260000000000016
2016,1.7440000000000027
2017,1.633000000000002
2018,2.051000000000001
2019,1.8510000000000018
2020,2.039000000000003
2021,1.9480000000000015
2022,1.7400000000000018
2023,1.9540000000000013
2024,1.6270000000000027
2025,2.0510000000000015
2026,1.9480000000000015
2027,1.9540000000000015
2028,1.6330000000000018
2029,2.142000000000002
2030,1.847000000000002
2031,2.0370000000000026
2032,1.6430000000000013
2033,1.944000000000002
2034,1.5500000000000016
2035,1.6590000000000011
2036,2.144000000000002
2037,1.7440000000000018
2038,1.940000000000002
2039,1.9440000000000024
2040,1.851000000000002
2041,1.6470000000000014
2042,1.831000000000002
2043,1.6510000000000016
2044,1.9400000000000017
2045,1.9500000000000017
2046,2.0550000000000015
2047,1.4490000000000007
2048,2.0530000000000017
2049,1.748000000000002
2050,2.0470000000000024
2051,1.950000000000001
2052,1.6310000000000016
2053,1.952000000000002
2054,1.845000000000001
2055,1.849000000000001
2056,2.039000000000002
2057,1.6470000000000014
2058,1.8530000000000018
2059,1.9520000000000015
2060,2.142000000000002
2061,2.0530000000000013
2062,2.049000000000002
2063,1.8590000000000009
2064,2.2590000000000017
2065,2.1660000000000013
2066,2.146000000000002
2067,2.0610000000000017
2068,1.7500000000000013
2069,1.8390000000000024
2070,1.8370000000000026
2071,1.6390000000000018
2072,1.9440000000000024
2073,2.041000000000002
2074,1.5320000000000018
2075,1.9320000000000022
2076,2.1400000000000023
2077,1.6330000000000024
2078,2.2490000000000023
2079,1.631000000000002
2080,2.2530000000000014
2081,1.9460000000000022
2082,2.1500000000000017
2083,2.1500000000000012
2084,2.049000000000002
2085,1.950000000000002
2086,1.8590000000000015
2087,1.9380000000000022
2088,1.8330000000000022
2089,1.5320000000000016
2090,1.8390000000000026
2091,2.073000000000001
2092,1.7440000000000027
2093,1.740000000000001
2094,2.2490000000000028
2095,1.643000000000002
2096,1.534000000000002
2097,2.144000000000002
2098,1.8410000000000024
2099,1.530000000000003
2100,1.9480000000000017
2101,1.5420000000000014
2102,1.944000000000002
2103,1.6310000000000016
2104,1.334000000000001
2105,2.156000000000002
2106,1.9320000000000028
2107,1.6310000000000024
2108,1.7420000000000015
2109,1.934000000000002
2110,1.748000000000002
2111,1.9480000000000015
2112,2.1500000000000026
2113,1.8490000000000018
2114,1.7700000000000005
2115,1.5300000000000022
2116,2.350000000000002
2117,1.7560000000000016
2118,1.9580000000000015
2119,1.9380000000000024
2120,1.855000000000002
2121,1.6490000000000016
2122,2.2590000000000012
2123,1.7420000000000018
2124,1.639000000000002
2125,2.0510000000000015
2126,2.1540000000000017
2127,1.7500000000000022
2128,1.8510000000000013
2129,2.0510000000000024
2130,1.6450000000000014
2131,1.6450000000000018
2132,1.9580000000000015
2133,1.746000000000002
2134,1.546000000000002
2135,1.8470000000000022
2136,1.9380000000000024
2137,1.956000000000002
2138,1.942000000000002
2139,2.0570000000000017
2140,2.257000000000002
2141,1.9420000000000015
2142,1.8450000000000015
2143,2.2470000000000026
2144,1.8530000000000015
2145,1.746000000000002
2146,1.849000000000002
2147,2.0590000000000015
2148,1.9480000000000026
2149,2.1540000000000017
2150,1.9420000000000022
2151,2.2590000000000017
2152,1.6430000000000025
2153,1.6430000000000016
2154,1.746000000000002
2155,1.7340000000000024
2156,2.043000000000002
2157,1.8370000000000024
2158,1.8330000000000026
2159,1.8370000000000022
2160,1.8390000000000024
2161,2.0550000000000015
2162,1.6450000000000022
2163,2.039000000000002
2164,2.049000000000002
2165,1.6370000000000013
2166,1.940000000000002
2167,1.847000000000002
2168,2.0510000000000015
2169,1.952000000000002
2170,1.8550000000000013
2171,2.2610000000000015
2172,1.9400000000000022
2173,1.847000000000002
2174,1.554000000000001
2175,1.9460000000000017
2176,1.8350000000000017
2177,1.6410000000000027
2178,2.0530000000000013
2179,2.051000000000002
2180,1.7340000000000024
2181,1.9580000000000013
2182,1.750000000000001
2183,1.9480000000000022
2184,1.8530000000000015
2185,1.7460000000000022
2186,1.8450000000000022
2187,1.6410000000000025
2188,2.1560000000000015
2189,2.251000000000002
2190,2.045000000000002
2191,2.249000000000002
2192,1.6490000000000018
2193,1.9400000000000026
2194,2.0470000000000015
2195,2.152000000000002
2196,1.8430000000000015
2197,2.071000000000001
2198,1.9400000000000017
2199,1.9500000000000015
2200,1.847000000000002
2201,1.7480000000000016
2202,1.4450000000000005
2203,2.0470000000000015
2204,2.6689999999999996
2205,2.2590000000000017
2206,1.730000000000002
2207,1.9320000000000024
2208,1.9540000000000015
2209,2.1620000000000017
2210,2.063000000000001
2211,2.0510000000000015
2212,1.950000000000002
2213,2.1580000000000013
2214,1.8550000000000018
2215,2.2510000000000017
2216,1.950000000000002
2217,1.8370000000000024
2218,1.841000000000002
2219,2.0510000000000015
2220,1.9560000000000013
2221,1.9340000000000024
2222,1.9380000000000026
2223,1.6310000000000024
2224,2.1440000000000023
2225,2.0450000000000017
2226,1.849000000000002
2227,1.7400000000000018
2228,1.629000000000002
2229,2.1460000000000012
2230,1.8350000000000026
2231,1.9460000000000017
2232,1.8370000000000024
2233,1.946000000000002
2234,1.950000000000002
2235,2.251000000000002
2236,1.8370000000000022
2237,1.9380000000000022
2238,1.9580000000000017
2239,2.2530000000000023
2240,1.7420000000000018
2241,2.245000000000002
2242,1.9380000000000026
2243,1.9380000000000024
2244,1.8470000000000022
2245,1.8370000000000022
2246,2.045000000000002
2247,1.847000000000002
2248,2.051000000000002
2249,1.932000000000003
2250,1.9460000000000017
2251,1.9380000000000024
2252,2.148000000000002
2253,2.067000000000001
2254,1.859000000000001
2255,1.645000000000002
2256,1.8350000000000022
2257,2.059000000000002
2258,1.841000000000002
2259,1.8610000000000004
2260,1.9480000000000015
2261,1.8630000000000013
2262,1.855000000000001
2263,1.8550000000000013
2264,1.8390000000000029
2265,1.9480000000000017
2266,1.5320000000000022
2267,1.849000000000001
2268,2.0530000000000017
2269,2.0430000000000024
2270,1.8310000000000024
2271,1.8350000000000022
2272,1.944000000000002
2273,1.7520000000000022
2274,1.849000000000001
2275,1.8470000000000013
2276,1.7380000000000022
2277,1.956000000000002
2278,2.344000000000002
2279,2.039000000000002
2280,1.8510000000000013
2281,1.8350000000000022
2282,1.9580000000000017
2283,1.960000000000001
2284,1.8390000000000017
2285,2.0550000000000015
2286,1.950000000000001
2287,2.172
2288,2.0310000000000024
2289,1.8510000000000018
2290,2.045000000000002
2291,1.6430000000000016
2292,1.9500000000000017
2293,1.9580000000000013
2294,2.1560000000000015
2295,1.7420000000000013
2296,1.5560000000000016
2297,2.247000000000002
2298,1.9500000000000017
2299,1.7380000000000022
2300,2.0470000000000015
2301,1.7320000000000022
2302,1.6310000000000022
2303,1.6370000000000022
2304,1.9620000000000006
2305,1.7380000000000015
2306,1.6370000000000025
2307,1.9460000000000022
2308,1.7340000000000027
2309,1.9500000000000017
2310,2.348000000000002
2311,1.5360000000000016
2312,2.253000000000002
2313,1.9580000000000017
2314,1.8370000000000015
2315,2.043000000000002
2316,1.7420000000000015
2317,2.043000000000002
2318,1.841000000000002
2319,2.0650000000000017
2320,1.9560000000000013
2321,2.0570000000000013
2322,1.7400000000000029
2323,1.736000000000002
2324,1.6350000000000018
2325,1.7400000000000029
2326,1.946000000000002
2327,1.8350000000000017
2328,1.946000000000002
2329,1.8310000000000017
2330,1.839000000000002
2331,1.946000000000002
2332,2.049000000000002
2333,1.524000000000002
2334,1.9580000000000013
2335,1.6530000000000016
2336,2.045000000000002
2337,1.7300000000000029
2338,1.7420000000000022
2339,2.0470000000000015
2340,1.9680000000000013
2341,2.0490000000000013
2342,2.354000000000002
2343,2.158000000000001
2344,1.9500000000000022
2345,2.0470000000000024
2346,1.7460000000000016
2347,1.4370000000000016
2348,2.253000000000002
2349,1.9560000000000013
2350,1.847000000000002
2351,1.8470000000000022
2352,1.845000000000002
2353,2.146000000000002
2354,1.837000000000002
2355,1.5280000000000025
2356,2.2470000000000026
2357,2.146000000000002
2358,1.742000000000003
2359,1.7440000000000024
2360,1.956000000000001
2361,1.849000000000001
2362,1.7340000000000027
2363,2.0470000000000024
2364,1.8450000000000029
2365,1.938000000000003
2366,1.9380000000000024
2367,2.059000000000001
2368,1.6430000000000016
2369,1.9520000000000024
2370,1.8370000000000022
2371,1.6490000000000016
2372,1.9380000000000026
2373,1.7460000000000024
2374,1.8490000000000018
2375,1.9480000000000022
2376,2.0490000000000017
2377,1.9460000000000017
2378,1.9360000000000022
2379,2.2570000000000014
2380,1.9420000000000022
2381,1.9360000000000022
2382,1.7540000000000016
2383,2.0570000000000013
2384,1.8450000000000026
2385,1.940000000000002
2386,1.7380000000000022
2387,1.9480000000000017
2388,2.0470000000000024
2389,1.940000000000002
2390,2.0550000000000024
2391,2.0510000000000024
2392,1.8490000000000015
2393,2.0530000000000017
2394,1.7460000000000016
2395,2.0350000000000024
2396,1.8550000000000022
2397,2.2490000000000023
2398,1.9420000000000022
2399,1.9360000000000017
2400,1.8510000000000018
2401,1.439000000000002
2402,2.0410000000000026
2403,2.150000000000002
2404,2.0490000000000013
2405,2.2470000000000017
2406,1.754000000000001
2407,2.053000000000002
2408,1.7340000000000024
2409,2.1500000000000017
2410,1.9500000000000015
2411,1.956000000000001
2412,1.8330000000000022
2413,1.6370000000000018
2414,1.8410000000000022
2415,1.7500000000000013
2416,1.7400000000000018
2417,2.041000000000002
2418,2.352000000000002
2419,2.0590000000000015
2420,1.9400000000000017
2421,2.0470000000000015
2422,2.055000000000002
2423,1.9480000000000017
2424,1.9440000000000017
2425,1.9580000000000015
2426,2.3520000000000016
2427,1.847000000000002
2428,2.1560000000000015
2429,1.7420000000000015
2430,2.2430000000000025
2431,1.7400000000000022
2432,2.1500000000000017
2433,2.039000000000003
2434,2.251000000000002
2435,1.8450000000000017
2436,2.1520000000000015
2437,2.0530000000000013
2438,1.748000000000002
2439,1.6430000000000025
2440,1.8430000000000024
2441,1.942000000000002
2442,1.7440000000000018
2443,1.9440000000000024
2444,1.9460000000000022
2445,1.7380000000000018
2446,2.2530000000000014
2447,1.9400000000000022
2448,2.039000000000002
2449,1.9480000000000015
2450,2.3440000000000025
2451,1.8470000000000024
2452,2.1580000000000017
2453,1.7520000000000016
2454,1.8410000000000017
2455,2.144000000000002
2456,1.8510000000000018
2457,1.944000000000002
2458,1.8390000000000024
2459,2.047000000000002
2460,1.9460000000000022
2461,1.839000000000002
2462,1.8290000000000026
2463,2.045000000000002
2464,2.0450000000000013
2465,1.7240000000000026
2466,1.8470000000000015
2467,1.8510000000000022
2468,1.8390000000000026
2469,2.1580000000000017
2470,2.0530000000000017
2471,1.9500000000000022
2472,1.5540000000000014
2473,2.0470000000000024
2474,2.055000000000001
2475,1.7340000000000015
2476,1.746000000000002
2477,2.350000000000002
2478,2.3500000000000028
2479,1.7440000000000024
2480,1.8430000000000024
2481,1.8530000000000018
2482,1.7540000000000016
2483,1.8430000000000013
2484,2.0490000000000017
2485,1.8410000000000022
2486,1.734000000000002
2487,1.8370000000000026
2488,1.9400000000000022
2489,1.9480000000000024
2490,1.8450000000000022
2491,1.851000000000002
2492,2.259000000000002
2493,1.9500000000000026
2494,2.0510000000000015
2495,1.942000000000002
2496,1.847000000000002
2497,1.6370000000000027
2498,2.2490000000000023
2499,1.8470000000000013
2500,1.954000000000002
2501,2.160000000000001
2502,2.1620000000000017
2503,2.0490000000000017
2504,2.2550000000000017
2505,2.2630000000000017
2506,1.9580000000000015
2507,1.7420000000000018
2508,1.6410000000000016
2509,2.261000000000002
2510,2.144000000000003
2511,2.0430000000000024
2512,2.3640000000000017
2513,1.7400000000000022
2514,1.8490000000000015
2515,1.835000000000002
2516,1.7400000000000013
2517,1.8370000000000026
2518,1.7440000000000018
2519,2.1540000000000017
2520,1.7440000000000024
2521,1.9440000000000015
2522,1.4370000000000016
2523,2.142000000000002
2524,1.9600000000000015
2525,2.2510000000000017
2526,2.045000000000002
2527,1.837000000000002
2528,1.629000000000003
2529,1.7380000000000013
2530,2.047000000000002
2531,1.5400000000000014
2532,1.9540000000000026
2533,2.354000000000002
2534,2.0470000000000024
2535,1.7540000000000016
2536,1.962000000000002
2537,1.740000000000002
2538,1.544000000000002
2539,1.841000000000002
2540,1.8510000000000013
2541,1.8450000000000015
2542,1.8430000000000022
2543,2.1580000000000017
2544,2.1380000000000017
2545,1.744000000000002
2546,1.9480000000000015
2547,1.9520000000000022
2548,2.128000000000003
2549,2.0530000000000017
2550,2.3440000000000016
2551,1.950000000000001
2552,1.8410000000000017
2553,1.9460000000000017
2554,2.1540000000000012
2555,1.9540000000000017
2556,2.0530000000000017
2557,1.849000000000001
2558,2.249000000000001
2559,2.051000000000002
2560,1.9360000000000026
2561,1.9500000000000017
2562,1.9420000000000022
2563,2.0510000000000015
2564,1.8610000000000015
2565,2.1420000000000026
2566,1.635000000000002
2567,1.746000000000002
2568,1.5400000000000014
2569,1.9540000000000006
2570,2.265000000000002
2571,1.7380000000000022
2572,2.1440000000000023
2573,1.8390000000000017
2574,1.8530000000000006
2575,2.043000000000002
2576,2.3560000000000016
2577,1.8430000000000022
2578,1.9480000000000022
2579,1.936000000000002
2580,1.9540000000000017
2581,2.049000000000002
2582,1.7460000000000013
2583,1.9480000000000017
2584,1.748000000000002
2585,2.041000000000003
2586,1.7420000000000024
2587,2.0610000000000017
2588,1.9540000000000017
2589,2.0530000000000017
2590,1.6430000000000016
2591,1.9380000000000017
2592,2.1540000000000017
2593,1.9540000000000024
2594,1.7340000000000027
2595,1.8430000000000022
2596,2.0690000000000013
2597,1.9440000000000013
2598,2.1480000000000015
2599,1.8370000000000024
2600,1.9480000000000013
2601,1.8410000000000022
2602,1.962000000000002
2603,1.8530000000000022
2604,1.7520000000000016
2605,1.8530000000000009
2606,2.245000000000002
2607,1.7420000000000024
2608,2.2630000000000012
2609,1.9480000000000017
2610,2.051000000000002
2611,1.934000000000002
2612,1.641000000000002
2613,1.8410000000000024
2614,1.9400000000000015
2615,2.059000000000002
2616,2.0430000000000024
2617,1.6370000000000018
2618,2.049000000000002
2619,2.150000000000002
2620,2.251000000000002
2621,1.8350000000000017
2622,1.944000000000002
2623,1.9380000000000024
2624,1.9460000000000017
2625,1.7260000000000024
2626,2.3580000000000014
2627,2.0390000000000024
2628,1.8370000000000022
2629,1.841000000000002
2630,2.0710000000000006
2631,2.356000000000002
2632,1.7420000000000015
2633,1.7560000000000013
2634,1.9540000000000024
2635,1.7480000000000018
2636,1.851000000000002
2637,1.6390000000000016
2638,1.8370000000000022
2639,1.9400000000000017
2640,1.9480000000000015
2641,2.146000000000002
2642,2.243000000000002
2643,2.051000000000001
2644,2.2550000000000012
2645,2.063000000000001
2646,1.635000000000002
2647,1.8350000000000022
2648,1.736000000000002
2649,1.9460000000000028
2650,1.8350000000000022
2651,1.9580000000000013
2652,1.5460000000000025
2653,1.7520000000000013
2654,2.2510000000000017
2655,2.247000000000002
2656,2.1460000000000017
2657,2.0510000000000015
2658,1.7520000000000016
2659,2.057000000000001
2660,2.0430000000000024
2661,1.8370000000000022
2662,1.7420000000000022
2663,2.2410000000000023
2664,2.0450000000000017
2665,1.8470000000000024
2666,2.0470000000000024
2667,1.7500000000000013
2668,1.9380000000000013
2669,1.9520000000000022
2670,2.045000000000002
2671,2.2550000000000012
2672,1.9360000000000022
2673,1.9460000000000013
2674,1.536000000000002
2675,2.0510000000000024
2676,1.9440000000000015
2677,1.9380000000000017
2678,1.730000000000003
2679,1.9380000000000022
2680,2.253000000000002
2681,1.756000000000002
2682,2.336000000000002
2683,2.0550000000000015
2684,2.0490000000000013
2685,1.6370000000000018
2686,1.9520000000000015
2687,2.0470000000000024
2688,1.9340000000000024
2689,2.053000000000001
2690,2.156000000000002
2691,2.2530000000000014
2692,2.2570000000000023
2693,2.057000000000001
2694,2.2570000000000023
2695,1.7520000000000022
2696,1.9500000000000015
2697,2.045000000000002
2698,2.150000000000002
2699,2.1500000000000017
2700,2.1560000000000015
2701,1.9520000000000013
2702,2.0590000000000015
2703,2.0450000000000013
2704,1.950000000000001
2705,2.2410000000000023
2706,2.1760000000000006
2707,2.164000000000001
2708,2.372000000000001
2709,2.0350000000000024
2710,1.950000000000002
2711,1.946000000000002
2712,1.6470000000000022
2713,1.9460000000000017
2714,2.0530000000000017
2715,2.1460000000000026
2716,2.1540000000000012
2717,2.0530000000000013
2718,2.0550000000000015
2719,1.944000000000002
2720,1.8530000000000013
2721,2.1500000000000017
2722,1.8410000000000024
2723,2.2490000000000023
2724,2.0470000000000015
2725,1.8470000000000013
2726,1.538000000000002
2727,1.9540000000000017
2728,2.053000000000002
2729,2.063000000000002
2730,1.8370000000000015
2731,1.536000000000002
2732,1.946000000000002
2733,1.829000000000002
2734,2.2530000000000014
2735,2.2550000000000012
2736,1.7440000000000024
2737,1.944000000000002
2738,2.0530000000000017
2739,1.845000000000002
2740,1.9480000000000022
2741,2.2590000000000017
2742,2.156000000000002
2743,2.0550000000000015
2744,1.8370000000000022
2745,2.0430000000000015
2746,1.7420000000000018
2747,1.9440000000000026
2748,2.2450000000000028
2749,1.6510000000000014
2750,2.059000000000001
2751,1.936000000000002
2752,2.047000000000002
2753,2.1580000000000013
2754,1.851000000000001
2755,2.049000000000002
2756,1.631000000000002
2757,2.257000000000002
2758,2.3540000000000014
2759,1.942000000000002
2760,2.162000000000002
2761,1.9480000000000015
2762,1.8530000000000018
2763,2.0570000000000017
2764,2.154000000000002
2765,2.0550000000000015
2766,2.063000000000001
2767,1.9600000000000017
2768,1.8330000000000017
2769,1.9540000000000015
2770,2.045000000000002
2771,1.9520000000000015
2772,2.148000000000001
2773,1.956000000000002
2774,2.059000000000001
2775,1.740000000000002
2776,2.045000000000002
2777,2.1520000000000024
2778,1.8450000000000026
2779,2.146000000000002
2780,1.841000000000002
2781,1.950000000000001
2782,1.9380000000000026
2783,2.146000000000002
2784,2.0530000000000013
2785,1.6330000000000027
2786,2.0510000000000015
2787,1.748000000000002
2788,2.348000000000002
2789,1.9540000000000015
2790,1.9680000000000015
2791,2.154000000000002
2792,1.849000000000001
2793,1.940000000000002
2794,2.3600000000000017
2795,1.9460000000000017
2796,2.0370000000000017
2797,1.940000000000002
2798,1.9500000000000022
2799,2.0550000000000015
2800,2.2570000000000014
2801,1.9460000000000017
2802,1.9580000000000017
2803,1.9420000000000024
2804,2.2550000000000026
2805,1.962000000000001
2806,1.9460000000000017
2807,1.9600000000000002
2808,2.469000000000001
2809,1.9380000000000024
2810,2.0610000000000004
2811,1.6410000000000016
2812,1.7460000000000022
2813,1.9340000000000026
2814,1.946000000000002
2815,2.340000000000003
2816,1.7639999999999998
2817,2.1540000000000017
2818,2.1440000000000015
2819,1.9440000000000024
2820,1.9380000000000024
2821,2.2510000000000012
2822,1.946000000000002
2823,1.7420000000000015
2824,1.7520000000000018
2825,2.146000000000002
2826,1.8550000000000022
2827,1.9380000000000026
2828,1.8510000000000013
2829,1.9500000000000026
2830,2.2530000000000014
2831,2.152000000000002
2832,2.0530000000000017
2833,2.229000000000003
2834,2.0410000000000026
2835,2.1560000000000006
2836,2.2570000000000014
2837,1.8470000000000022
2838,2.0530000000000017
2839,1.946000000000002
2840,2.0490000000000013
2841,2.0350000000000024
2842,1.845000000000002
2843,1.9600000000000017
2844,1.6370000000000011
2845,1.9460000000000017
2846,2.152000000000002
2847,1.9480000000000022
2848,1.9420000000000024
2849,2.455000000000002
2850,2.1520000000000024
2851,2.051000000000001
2852,2.049000000000002
2853,1.635000000000002
2854,2.1700000000000013
2855,2.031000000000003
2856,1.9480000000000017
2857,2.152000000000002
2858,2.2430000000000017
2859,2.1580000000000017
2860,1.8510000000000013
2861,1.9340000000000015
2862,1.940000000000002
2863,1.845000000000002
2864,1.8570000000000013
2865,1.7520000000000018
2866,1.956000000000002
2867,1.7280000000000026
2868,1.8430000000000024
2869,1.7440000000000015
2870,2.043000000000002
2871,2.134000000000002
2872,2.1600000000000015
2873,1.9440000000000013
2874,1.9380000000000024
2875,2.0670000000000006
2876,1.7460000000000004
2877,2.1560000000000015
2878,1.8490000000000015
2879,2.1560000000000015
2880,1.845000000000002
2881,1.7380000000000018
2882,2.057000000000001
2883,1.8570000000000015
2884,2.0510000000000015
2885,1.5280000000000018
2886,1.8470000000000022
2887,2.0550000000000015
2888,1.8450000000000017
2889,1.9440000000000024
2890,1.5500000000000016
2891,2.356000000000001
2892,2.059000000000001
2893,1.9360000000000026
2894,1.8510000000000022
2895,1.8590000000000018
2896,2.0550000000000015
2897,2.0430000000000015
2898,1.8450000000000022
2899,2.0490000000000017
2900,1.9400000000000028
2901,1.8290000000000028
2902,2.0470000000000015
2903,1.956000000000001
2904,1.9580000000000006
2905,2.2630000000000017
2906,1.9420000000000022
2907,1.849000000000001
2908,1.9340000000000028
2909,1.9620000000000006
2910,1.8470000000000022
2911,1.8430000000000024
2912,2.154000000000002
2913,2.1560000000000015
2914,1.9320000000000024
2915,2.0570000000000013
2916,1.9360000000000026
2917,2.0610000000000017
2918,2.055000000000002
2919,2.041000000000002
2920,2.144000000000003
2921,1.9400000000000015
2922,2.0430000000000015
2923,2.156000000000002
2924,1.9440000000000024
2925,2.2570000000000014
2926,2.0510000000000015
2927,1.841000000000002
2928,2.0370000000000026
2929,1.9540000000000017
2930,1.9480000000000022
2931,1.960000000000001
2932,2.0570000000000013
2933,2.0530000000000013
2934,1.8470000000000015
2935,2.057000000000001
2936,2.045000000000002
2937,2.1460000000000017
2938,2.253000000000002
2939,1.8510000000000024
2940,2.1620000000000017
2941,1.8430000000000017
2942,2.1520000000000015
2943,1.9420000000000013
2944,2.1520000000000015
2945,2.154000000000002
2946,2.1560000000000015
2947,1.8410000000000024
2948,2.053000000000002
2949,1.8530000000000015
2950,2.148000000000002
2951,2.0390000000000024
2952,2.148000000000002
2953,1.950000000000001
2954,2.0470000000000015
2955,2.253000000000002
2956,2.039000000000002
2957,1.9360000000000022
2958,2.1520000000000015
2959,1.7400000000000018
2960,2.160000000000002
2961,2.0570000000000017
2962,2.1400000000000023
2963,2.146000000000002
2964,2.4490000000000025
2965,2.1560000000000015
2966,1.6410000000000016
2967,2.146000000000002
2968,1.940000000000002
2969,1.950000000000002
2970,2.1520000000000024
2971,1.942000000000002
2972,2.049000000000002
2973,2.0490000000000013
2974,1.9580000000000022
2975,1.7420000000000013
2976,2.259000000000002
2977,1.857000000000002
2978,1.7420000000000015
2979,2.043000000000003
2980,2.0350000000000024
2981,2.249000000000002
2982,2.0530000000000026
2983,1.8450000000000017
2984,2.043000000000002
2985,1.8510000000000013
2986,2.055000000000001
2987,1.954000000000002
2988,2.1580000000000013
2989,1.8470000000000015
2990,2.156000000000002
2991,2.2530000000000014
2992,2.1580000000000017
2993,2.1420000000000017
2994,2.0470000000000024
2995,1.8430000000000009
2996,2.0530000000000017
2997,2.035000000000003
2998,1.8350000000000026
2999,2.043000000000003
3000,2.0510000000000015
3001,1.8550000000000018
3002,2.1500000000000012
3003,1.6410000000000016
3004,1.9520000000000013
3005,1.7400000000000022
3006,1.841000000000002
3007,2.1500000000000026
3008,2.1660000000000013
3009,1.8550000000000018
3010,2.1520000000000024
3011,2.2390000000000025
3012,1.8510000000000022
3013,1.744000000000001
3014,2.1680000000000006
3015,2.1520000000000024
3016,1.9480000000000017
3017,2.2450000000000028
3018,1.940000000000002
3019,1.8450000000000017
3020,2.047000000000003
3021,2.2450000000000023
3022,2.2510000000000012
3023,1.9540000000000015
3024,1.9420000000000022
3025,1.6450000000000018
3026,2.249000000000002
3027,2.051000000000001
3028,2.0530000000000017
3029,2.144000000000002
3030,1.8410000000000022
3031,2.0330000000000026
3032,2.0430000000000024
3033,2.3520000000000016
3034,1.851000000000002
3035,1.9540000000000017
3036,1.6370000000000018
3037,2.051000000000002
3038,2.043000000000002
3039,2.449000000000002
3040,2.0590000000000015
3041,1.7440000000000015
3042,1.8410000000000013
3043,2.1480000000000015
3044,2.354000000000002
3045,2.0510000000000015
3046,1.8430000000000022
3047,1.8410000000000022
3048,1.861000000000001
3049,2.045000000000002
3050,2.0610000000000013
3051,2.3580000000000023
3052,2.243000000000002
3053,2.146000000000002
3054,1.6450000000000022
3055,2.243000000000002
3056,1.9460000000000017
3057,2.1680000000000015
3058,2.055000000000001
3059,2.164000000000001
3060,2.162000000000001
3061,1.950000000000002
3062,2.0530000000000017
3063,2.1560000000000024
3064,2.162000000000001
3065,2.148000000000002
3066,1.9560000000000017
3067,1.8390000000000017
3068,2.1420000000000017
3069,1.9480000000000017
3070,2.1400000000000023
3071,1.8550000000000013
3072,1.8590000000000018
3073,2.053000000000002
3074,2.1500000000000017
3075,2.251000000000002
3076,2.132000000000003
3077,1.855000000000002
3078,2.2530000000000014
3079,1.9460000000000022
3080,2.1420000000000026
3081,1.9420000000000024
3082,2.253000000000002
3083,2.053000000000002
3084,1.9580000000000022
3085,2.1500000000000017
3086,2.0490000000000013
3087,1.950000000000002
3088,2.160000000000002
3089,2.255000000000002
3090,1.9680000000000009
3091,2.158000000000002
3092,1.9480000000000015
3093,1.9400000000000017
3094,1.8370000000000026
3095,2.138000000000003
3096,1.6350000000000018
3097,1.9520000000000015
3098,1.7340000000000024
3099,2.150000000000002
3100,1.7380000000000022
3101,1.8570000000000013
3102,1.8390000000000024
3103,1.9500000000000015
3104,1.962000000000002
3105,2.049000000000002
3106,2.158000000000001
3107,1.942000000000002
3108,1.8490000000000018
3109,2.0530000000000017
3110,2.249000000000002
3111,2.140000000000002
3112,1.7540000000000022
3113,2.0490000000000013
3114,2.1540000000000017
3115,1.831000000000002
3116,2.2590000000000012
3117,1.7360000000000013
3118,1.9380000000000024
3119,2.049000000000002
3120,2.0670000000000015
3121,1.9480000000000015
3122,1.6450000000000018
3123,2.041000000000002
3124,2.356000000000001
3125,1.845000000000002
3126,2.0510000000000024
3127,1.9460000000000013
3128,2.148000000000002
3129,2.1520000000000015
3130,1.9380000000000017
3131,1.839000000000002
3132,1.9560000000000017
3133,2.063000000000002
3134,1.9380000000000026
3135,2.0470000000000015
3136,1.7340000000000024
3137,2.0430000000000024
3138,1.9640000000000013
3139,1.9540000000000013
3140,2.354000000000002
3141,1.839000000000002
3142,1.952000000000002
3143,2.1460000000000012
3144,2.1620000000000013
3145,2.0610000000000013
3146,1.437000000000002
3147,1.855000000000002
3148,1.9500000000000026
3149,1.837000000000002
3150,1.9580000000000015
3151,1.9540000000000013
3152,2.358000000000002
3153,1.8450000000000015
3154,2.0370000000000026
3155,2.2570000000000014
3156,2.249000000000002
3157,2.3600000000000017
3158,2.049000000000002
3159,2.0470000000000024
3160,2.1600000000000015
3161,2.0590000000000015
3162,2.2630000000000017
3163,1.8330000000000028
3164,2.156000000000002
3165,1.5320000000000027
3166,2.146000000000002
3167,1.8450000000000017
3168,1.8430000000000022
3169,2.0610000000000013
3170,1.8330000000000024
3171,2.0510000000000015
3172,1.9420000000000028
3173,1.8450000000000017
3174,1.8430000000000024
3175,2.253000000000002
3176,1.8490000000000018
3177,1.946000000000001
3178,2.0510000000000024
3179,1.8430000000000026
3180,2.249000000000002
3181,1.9480000000000013
3182,1.950000000000002
3183,1.7360000000000022
3184,1.9420000000000022
3185,2.045000000000002
3186,2.152000000000002
3187,1.859000000000001
3188,2.053000000000002
3189,1.952000000000002
3190,1.8470000000000022
3191,1.9360000000000026
3192,2.1520000000000015
3193,1.9440000000000013
3194,1.950000000000001
3195,2.3660000000000014
3196,2.0450000000000013
3197,1.9400000000000017
3198,2.1520000000000024
3199,1.8350000000000026
3200,1.8450000000000017
3201,1.847000000000002
3202,2.1600000000000015
3203,2.047000000000002
3204,1.8530000000000015
3205,1.8390000000000024
3206,1.9460000000000013
3207,1.8410000000000029
3208,1.950000000000002
3209,1.8270000000000026
3210,2.3580000000000014
3211,2.0490000000000017
3212,2.0510000000000015
3213,1.7420000000000015
3214,2.0590000000000015
3215,2.158000000000001
3216,2.0530000000000013
3217,2.0570000000000017
3218,1.8430000000000022
3219,1.936000000000002
3220,1.8410000000000017
3221,2.045000000000002
3222,1.936000000000002
3223,2.148000000000002
3224,1.8430000000000017
3225,2.049000000000002
3226,2.073000000000001
3227,1.9420000000000015
3228,2.2510000000000012
3229,2.670999999999999
3230,2.043000000000002
3231,2.1500000000000012
3232,2.253000000000002
3233,2.0490000000000013
3234,1.7540000000000018
3235,2.0590000000000015
3236,2.2510000000000012
3237,1.7360000000000024
3238,2.150000000000002
3239,1.9460000000000017
3240,1.9380000000000022
3241,1.8490000000000015
3242,1.9640000000000009
3243,2.457000000000001
3244,1.734000000000002
3245,1.845000000000002
3246,1.9340000000000026
3247,2.2570000000000014
3248,2.0350000000000024
3249,1.9520000000000022
3250,1.9480000000000017
3251,2.3620000000000014
3252,1.841000000000002
3253,1.7440000000000018
3254,2.249000000000002
3255,2.148000000000002
3256,1.8490000000000018
3257,2.0610000000000013
3258,2.0550000000000024
3259,1.9520000000000013
3260,2.245000000000002
3261,2.2670000000000003
3262,2.0490000000000017
3263,2.0670000000000006
3264,2.251000000000002
3265,2.0390000000000024
3266,1.9460000000000017
3267,2.2650000000000015
3268,1.845000000000002
3269,2.039000000000003
3270,1.9460000000000022
3271,1.9420000000000022
3272,2.3580000000000023
3273,1.849000000000001
3274,1.8470000000000022
3275,2.041000000000002
3276,1.8450000000000015
3277,1.8410000000000022
3278,2.041000000000002
3279,2.2510000000000012
3280,2.1480000000000015
3281,1.8470000000000022
3282,2.1540000000000017
3283,1.9480000000000024
3284,1.8430000000000022
3285,1.8490000000000018
3286,2.1560000000000015
3287,1.7440000000000024
3288,2.0570000000000017
3289,2.1540000000000017
3290,2.0430000000000015
3291,2.2550000000000012
3292,2.2490000000000023
3293,1.831000000000002
3294,2.4530000000000016
3295,2.0530000000000013
3296,2.1620000000000017
3297,2.0570000000000017
3298,2.0490000000000013
3299,2.063000000000001
3300,1.9480000000000017
3301,2.0630000000000006
3302,2.0530000000000013
3303,1.6390000000000022
3304,1.8550000000000013
3305,2.2570000000000014
3306,1.6370000000000016
3307,1.952000000000001
3308,1.540000000000002
3309,2.1500000000000026
3310,2.063000000000001
3311,1.9420000000000022
3312,1.8390000000000026
3313,2.1560000000000024
3314,1.6250000000000022
3315,1.7580000000000013
3316,1.9480000000000017
3317,2.156000000000002
3318,1.7340000000000027
3319,1.9380000000000024
3320,2.0530000000000013
3321,1.7400000000000027
3322,2.2450000000000014
3323,1.7480000000000018
3324,2.144000000000002
3325,2.0390000000000024
3326,2.055000000000002
3327,2.2530000000000023
3328,2.1540000000000017
3329,2.0610000000000017
3330,2.144000000000002
3331,2.045000000000002
3332,1.9600000000000017
3333,2.4490000000000025
3334,2.1560000000000015
3335,2.1480000000000015
3336,2.354000000000002
3337,1.9380000000000022
3338,1.7520000000000013
3339,2.0470000000000015
3340,2.0490000000000013
3341,2.043000000000002
3342,1.7300000000000026
3343,2.2630000000000012
3344,2.2490000000000014
3345,1.7260000000000018
3346,1.645000000000003
3347,2.459000000000002
3348,1.837000000000002
3349,2.1520000000000015
3350,2.0490000000000017
3351,1.9400000000000015
3352,1.8310000000000022
3353,2.0490000000000013
3354,2.0470000000000015
3355,2.2590000000000017
3356,1.8490000000000018
3357,2.340000000000002
3358,1.9440000000000013
3359,2.152000000000002
3360,2.0530000000000017
3361,2.354000000000001
3362,1.6450000000000011
3363,1.940000000000002
3364,2.051000000000002
3365,2.055000000000002
3366,2.348000000000002
3367,2.2530000000000014
3368,2.251000000000002
3369,2.352000000000002
3370,1.6370000000000011
3371,1.851000000000001
3372,2.146000000000002
3373,2.140000000000002
3374,1.7460000000000022
3375,1.7580000000000016
3376,2.3620000000000014
3377,2.1520000000000015
3378,2.148000000000002
3379,2.079000000000001
3380,1.9500000000000015
3381,1.9480000000000017
3382,1.9480000000000017
3383,1.9620000000000013
3384,1.936000000000002
3385,2.261000000000001
3386,1.954000000000002
3387,1.9440000000000017
3388,1.9400000000000022
3389,1.8330000000000024
3390,2.2750000000000004
3391,1.8510000000000013
3392,2.2470000000000017
3393,2.152000000000002
3394,1.9340000000000026
3395,2.2610000000000015
3396,1.9540000000000015
3397,2.1580000000000017
3398,1.956000000000002
3399,1.8410000000000022
3400,2.055000000000002
3401,1.544000000000002
3402,1.742000000000001
3403,1.7460000000000016
3404,2.0550000000000015
3405,2.2610000000000015
3406,1.9500000000000022
3407,1.9360000000000022
3408,2.051000000000002
3409,2.1500000000000026
3410,2.0610000000000013
3411,2.0450000000000017
3412,1.7280000000000029
3413,1.9620000000000022
3414,2.051000000000002
3415,2.0610000000000017
3416,1.9420000000000024
3417,2.352000000000002
3418,1.8310000000000022
3419,2.041000000000002
3420,1.6430000000000013
3421,2.0530000000000017
3422,2.045000000000002
3423,2.142000000000002
3424,1.942000000000002
3425,2.0570000000000017
3426,1.9360000000000022
3427,2.1500000000000026
3428,2.1620000000000017
3429,2.455000000000002
3430,2.0550000000000015
3431,2.360000000000002
3432,2.3580000000000014
3433,1.960000000000001
3434,2.0510000000000015
3435,1.8390000000000024
3436,2.156000000000002
3437,2.144000000000002
3438,1.6470000000000014
3439,1.9620000000000015
3440,2.2490000000000023
3441,2.356000000000001
3442,2.3580000000000023
3443,2.0450000000000017
3444,2.0530000000000013
3445,2.051000000000001
3446,1.9460000000000022
3447,2.037000000000002
3448,2.2530000000000014
3449,2.249000000000002
3450,2.041000000000002
3451,1.849000000000001
3452,1.9440000000000017
3453,2.0450000000000017
3454,2.461000000000002
3455,2.3680000000000017
3456,2.2590000000000017
3457,1.934000000000002
3458,1.8510000000000013
3459,2.047000000000002
3460,2.045000000000002
3461,1.7260000000000029
3462,2.1460000000000026
3463,1.8390000000000029
3464,1.9440000000000013
3465,1.944000000000002
3466,2.1540000000000012
3467,1.754000000000001
3468,2.041000000000002
3469,1.8470000000000022
3470,1.657000000000001
3471,1.9520000000000015
3472,1.958000000000001
3473,1.9600000000000015
3474,2.160000000000002
3475,2.057000000000001
3476,1.9680000000000009
3477,1.952000000000001
3478,2.1700000000000013
3479,2.358000000000002
3480,1.6390000000000027
3481,2.0330000000000026
3482,2.2550000000000012
3483,1.8430000000000013
3484,2.348000000000002
3485,1.9380000000000024
3486,2.1580000000000017
3487,2.047000000000002
3488,2.1520000000000015
3489,2.4650000000000016
3490,2.354000000000002
3491,1.8430000000000022
3492,2.0610000000000013
3493,1.7460000000000004
3494,2.1540000000000017
3495,2.1580000000000017
3496,2.1580000000000017
3497,2.0450000000000026
3498,2.035000000000002
3499,1.847000000000002
3500,1.839000000000002
3501,2.0510000000000024
3502,1.8490000000000018
3503,1.8370000000000022
3504,1.9400000000000028
3505,2.2470000000000017
3506,1.9580000000000015
3507,2.1540000000000017
3508,1.7420000000000018
3509,2.243000000000002
3510,1.6470000000000011
3511,1.9500000000000015
3512,2.053000000000002
3513,2.0470000000000024
3514,2.1380000000000017
3515,1.8390000000000017
3516,2.2530000000000014
3517,2.150000000000002
3518,1.8390000000000026
3519,2.360000000000001
3520,2.152000000000002
3521,1.8410000000000017
3522,1.9480000000000015
3523,1.8470000000000015
3524,1.8630000000000015
3525,1.9580000000000017
3526,2.2290000000000028
3527,2.3440000000000025
3528,2.0550000000000024
3529,1.952000000000002
3530,1.9440000000000024
3531,1.9500000000000015
3532,2.043000000000002
3533,2.152000000000002
3534,1.946000000000002
3535,1.9540000000000017
3536,2.156000000000001
3537,2.0510000000000015
3538,2.0510000000000024
3539,1.7280000000000026
3540,2.3580000000000014
3541,2.039000000000002
3542,2.3440000000000016
3543,2.2510000000000017
3544,2.164000000000001
3545,2.251000000000002
3546,2.144000000000002
3547,2.2530000000000014
3548,1.7340000000000027
3549,2.150000000000002
3550,2.0370000000000026
3551,2.2510000000000017
3552,1.9560000000000013
3553,1.8490000000000018
3554,2.354000000000002
3555,2.1580000000000013
3556,2.1540000000000017
3557,1.960000000000001
3558,2.0450000000000013
3559,2.1520000000000015
3560,1.9580000000000006
3561,1.8390000000000026
3562,1.839000000000002
3563,2.3560000000000016
3564,2.146000000000002
3565,1.9400000000000015
3566,2.0470000000000024
3567,1.944000000000002
3568,1.835000000000002
3569,1.9480000000000015
3570,1.7500000000000013
3571,1.9560000000000013
3572,2.0490000000000017
3573,1.9420000000000024
3574,2.142000000000002
3575,1.845000000000002
3576,2.045000000000002
3577,2.0670000000000015
3578,1.9440000000000015
3579,1.9440000000000017
3580,2.146000000000002
3581,2.0510000000000015
3582,1.857000000000001
3583,2.1660000000000013
3584,1.841000000000002
3585,1.7420000000000015
3586,1.849000000000002
3587,2.164000000000001
3588,2.3580000000000014
3589,2.342000000000002
3590,2.2610000000000015
3591,1.8350000000000029
3592,1.7320000000000013
3593,1.7380000000000029
3594,2.061000000000002
3595,1.8390000000000015
3596,1.8430000000000022
3597,1.8450000000000022
3598,1.9440000000000017
3599,1.9440000000000015
3600,2.2630000000000017
3601,2.3400000000000016
3602,2.142000000000002
3603,1.940000000000003
3604,1.9380000000000024
3605,2.146000000000002
3606,1.936000000000002
3607,1.9500000000000022
3608,2.3760000000000012
3609,1.9620000000000013
3610,1.7380000000000022
3611,1.8490000000000015
3612,2.049000000000002
3613,2.1480000000000015
3614,2.0430000000000024
3615,2.1520000000000015
3616,2.0530000000000017
3617,2.156000000000002
3618,2.144000000000002
3619,1.9340000000000026
3620,2.3680000000000017
3621,1.831000000000003
3622,2.247000000000002
3623,2.043000000000002
3624,1.851000000000001
3625,1.8450000000000022
3626,1.9460000000000022
3627,1.9380000000000026
3628,2.059000000000001
3629,1.8470000000000024
3630,2.0570000000000026
3631,2.144000000000002
3632,2.043000000000003
3633,2.148000000000002
3634,2.055000000000002
3635,1.9460000000000017
3636,1.6410000000000031
3637,2.049000000000002
3638,1.7400000000000013
3639,1.9560000000000013
3640,1.7360000000000022
3641,2.249000000000002
3642,2.049000000000002
3643,1.7440000000000018
3644,1.9380000000000015
3645,1.734000000000002
3646,1.9340000000000028
3647,2.152000000000002
3648,2.1360000000000023
3649,2.138000000000002
3650,2.057000000000002
3651,1.952000000000002
3652,2.2490000000000014
3653,1.8410000000000024
3654,2.039000000000002
3655,2.059000000000001
3656,2.352000000000002
3657,2.2430000000000017
3658,2.1480000000000024
3659,2.156000000000002
3660,1.748000000000002
3661,1.7460000000000022
3662,2.039000000000001
3663,1.9540000000000013
3664,2.1520000000000015
3665,2.0490000000000013
3666,2.0450000000000017
3667,2.1460000000000026
3668,2.1460000000000012
3669,2.144000000000002
3670,2.253000000000002
3671,1.942000000000002
3672,1.7420000000000018
3673,2.0510000000000015
3674,2.0530000000000013
3675,1.946000000000002
3676,1.841000000000002
3677,2.2410000000000023
3678,2.2470000000000017
3679,1.9480000000000017
3680,2.0430000000000024
3681,2.0470000000000015
3682,1.9620000000000015
3683,2.055000000000002
3684,2.1580000000000013
3685,1.9500000000000026
3686,2.0590000000000015
3687,2.0550000000000024
3688,1.9580000000000015
3689,1.952000000000002
3690,2.237000000000002
3691,1.952000000000002
3692,1.8410000000000022
3693,2.1540000000000026
3694,2.1520000000000015
3695,1.7420000000000027
3696,2.352000000000002
3697,1.8430000000000022
3698,2.1560000000000015
3699,1.950000000000002
3700,2.1480000000000015
3701,2.0510000000000015
3702,1.8450000000000017
3703,2.247000000000002
3704,1.950000000000002
3705,2.3500000000000023
3706,1.9460000000000024
3707,2.1420000000000026
3708,1.7380000000000018
3709,1.9480000000000017
3710,2.144000000000002
3711,2.255000000000002
3712,1.950000000000002
3713,2.1440000000000023
3714,2.035000000000002
3715,2.0450000000000017
3716,1.8590000000000015
3717,2.1460000000000026
3718,2.0490000000000017
3719,1.9480000000000022
3720,2.3700000000000006
3721,1.9480000000000024
3722,2.148000000000002
3723,2.0510000000000015
3724,1.9400000000000022
3725,2.7540000000000022
3726,2.0510000000000015
3727,1.7360000000000015
3728,2.1360000000000023
3729,1.952000000000002
3730,2.0590000000000015
3731,2.160000000000002
3732,1.9440000000000026
3733,2.3580000000000014
3734,1.8370000000000015
3735,2.1500000000000012
3736,2.0490000000000013
3737,1.8550000000000013
3738,2.2530000000000014
3739,1.9440000000000017
3740,2.059000000000002
3741,1.8430000000000017
3742,1.839000000000002
3743,1.6410000000000025
3744,2.043000000000003
3745,2.152000000000002
3746,1.835000000000002
3747,2.1560000000000024
3748,1.9380000000000026
3749,2.0610000000000013
3750,1.7360000000000013
3751,2.2430000000000025
3752,2.249000000000002
3753,2.0350000000000024
3754,2.041000000000002
3755,2.3640000000000017
3756,2.259000000000001
3757,1.9340000000000024
3758,2.045000000000002
3759,2.0650000000000013
3760,2.457000000000001
3761,2.134000000000002
3762,2.142000000000002
3763,2.0610000000000013
3764,2.1500000000000012
3765,1.942000000000002
3766,2.049000000000002
3767,1.8510000000000009
3768,1.849000000000001
3769,1.8350000000000017
3770,2.2570000000000014
3771,1.9320000000000022
3772,2.148000000000002
3773,2.0530000000000026
3774,2.0490000000000013
3775,1.9480000000000017
3776,2.055000000000001
3777,2.3660000000000014
3778,1.8350000000000017
3779,1.9460000000000022
3780,2.0530000000000017
3781,2.3480000000000016
3782,2.2610000000000015
3783,1.849000000000002
3784,1.9380000000000022
3785,2.0370000000000026
3786,2.0510000000000015
3787,1.9460000000000024
3788,1.847000000000002
3789,1.740000000000002
3790,2.1540000000000017
3791,1.954000000000002
3792,2.152000000000001
3793,1.841000000000002
3794,2.2430000000000025
3795,1.9500000000000017
3796,2.2430000000000025
3797,2.257000000000002
3798,1.954000000000002
3799,2.055000000000001
3800,2.366000000000001
3801,1.958000000000001
3802,1.8330000000000024
3803,2.162000000000001
3804,2.156000000000002
3805,1.746000000000002
3806,1.9480000000000022
3807,2.0550000000000024
3808,2.0410000000000026
3809,1.7440000000000027
3810,2.4530000000000016
3811,2.0530000000000017
3812,2.356000000000001
3813,2.2570000000000014
3814,1.8430000000000017
3815,2.459000000000002
3816,1.8410000000000022
3817,2.0530000000000017
3818,2.047000000000002
3819,2.0510000000000015
3820,1.9500000000000026
3821,1.9340000000000017
3822,2.2670000000000017
3823,2.146000000000002
3824,2.140000000000002
3825,2.1500000000000017
3826,2.1580000000000017
3827,1.9480000000000022
3828,1.8250000000000026
3829,2.0470000000000015
3830,2.4510000000000023
3831,2.2510000000000012
3832,1.839000000000002
3833,1.746000000000001
3834,1.8450000000000022
3835,2.2570000000000023
3836,2.1520000000000015
3837,2.1460000000000026
3838,1.8370000000000015
3839,1.9500000000000015
3840,1.9480000000000015
3841,2.2570000000000023
3842,2.055000000000001
3843,1.960000000000001
3844,1.9480000000000013
3845,1.8430000000000022
3846,1.9480000000000017
3847,2.0490000000000017
3848,2.1520000000000024
3849,1.6470000000000016
3850,2.0630000000000015
3851,2.043000000000003
3852,2.1620000000000013
3853,2.049000000000002
3854,1.7460000000000016
3855,2.043000000000002
3856,2.2590000000000017
3857,2.1440000000000023
3858,2.0490000000000026
3859,2.1560000000000015
3860,2.3540000000000014
3861,2.1500000000000012
3862,2.2370000000000023
3863,2.126000000000003
3864,1.8370000000000022
3865,1.7260000000000029
3866,2.1460000000000026
3867,2.4610000000000016
3868,2.045000000000002
3869,2.459000000000002
3870,2.1540000000000017
3871,1.9440000000000017
3872,2.150000000000002
3873,1.9480000000000017
3874,2.148000000000002
3875,2.4490000000000016
3876,2.2530000000000014
3877,2.148000000000002
3878,1.9500000000000022
3879,2.249000000000002
3880,2.2410000000000014
3881,1.9620000000000015
3882,2.2590000000000012
3883,1.8390000000000026
3884,2.154000000000002
3885,1.9400000000000026
3886,2.0570000000000017
3887,2.160000000000001
3888,2.1560000000000024
3889,1.859000000000001
3890,1.9560000000000022
3891,2.0490000000000017
3892,2.0410000000000026
3893,2.0550000000000024
3894,1.9560000000000024
3895,2.039000000000001
3896,1.7460000000000022
3897,2.1520000000000024
3898,2.3620000000000014
3899,1.9480000000000017
3900,1.7420000000000015
3901,2.2510000000000012
3902,2.1600000000000015
3903,2.2610000000000015
3904,2.5660000000000003
3905,1.9420000000000028
3906,1.8450000000000017
3907,2.1460000000000026
3908,2.059000000000002
3909,1.8390000000000029
3910,1.9520000000000015
3911,2.1700000000000017
3912,2.2510000000000012
3913,2.340000000000002
3914,2.049000000000002
3915,2.580000000000001
3916,2.271000000000002
3917,2.4570000000000016
3918,2.1540000000000017
3919,1.9580000000000013
3920,2.2470000000000026
3921,2.0370000000000017
3922,2.140000000000002
3923,2.350000000000002
3924,2.150000000000002
3925,1.9560000000000013
3926,2.0490000000000017
3927,2.1540000000000017
3928,2.150000000000002
3929,1.9460000000000017
3930,2.0390000000000015
3931,1.8450000000000022
3932,2.3460000000000023
3933,2.2490000000000014
3934,2.0530000000000017
3935,2.2570000000000023
3936,2.0430000000000015
3937,2.164000000000002
3938,2.340000000000003
3939,1.855000000000002
3940,2.148000000000002
3941,1.8470000000000024
3942,2.2670000000000012
3943,1.7420000000000022
3944,2.2550000000000012
3945,1.9420000000000022
3946,2.1580000000000017
3947,2.2670000000000012
3948,2.148000000000002
3949,2.150000000000002
3950,2.164000000000001
3951,2.0450000000000017
3952,2.455000000000002
3953,1.9540000000000013
3954,2.1440000000000023
3955,1.9580000000000022
3956,2.041000000000002
3957,1.9420000000000024
3958,1.950000000000002
3959,1.9500000000000015
3960,1.9420000000000015
3961,2.0430000000000024
3962,1.8330000000000022
3963,1.851000000000002
3964,2.0410000000000017
3965,2.247000000000002
3966,1.958000000000001
3967,1.849000000000001
3968,1.954000000000002
3969,2.043000000000002
3970,2.140000000000002
3971,1.956000000000001
3972,2.2510000000000017
3973,2.033000000000003
3974,2.043000000000002
3975,1.847000000000002
3976,2.146000000000002
3977,2.146000000000002
3978,2.1480000000000015
3979,2.0370000000000026
3980,2.1500000000000012
3981,2.2550000000000012
3982,2.0530000000000017
3983,1.9420000000000022
3984,2.0310000000000024
3985,2.069000000000001
3986,2.045000000000002
3987,2.1460000000000017
3988,2.0410000000000017
3989,2.1620000000000017
3990,1.732000000000002
3991,2.243000000000002
3992,1.736000000000002
3993,2.043000000000002
3994,2.150000000000002
3995,2.0490000000000017
3996,2.1460000000000017
3997,2.160000000000002
3998,1.950000000000002
3999,2.2570000000000014
4000,2.243000000000002
4001,1.946000000000002
4002,1.736000000000002
4003,2.247000000000002
4004,2.1520000000000015
4005,2.1540000000000017
4006,2.138000000000003
4007,2.043000000000002
4008,1.9560000000000013
4009,2.2590000000000012
4010,1.942000000000002
4011,1.849000000000001
4012,2.4590000000000014
4013,1.8510000000000013
4014,2.4490000000000025
4015,1.9560000000000017
4016,2.0390000000000024
4017,2.350000000000002
4018,2.2610000000000015
4019,1.7460000000000013
4020,2.4530000000000016
4021,2.0510000000000024
4022,2.1460000000000017
4023,2.1420000000000026
4024,2.144000000000002
4025,2.0590000000000006
4026,1.9580000000000017
4027,2.1460000000000012
4028,1.7460000000000022
4029,2.1420000000000026
4030,2.455000000000002
4031,1.8350000000000022
4032,2.0570000000000017
4033,1.940000000000002
4034,2.4650000000000016
4035,2.045000000000002
4036,1.9420000000000024
4037,1.6390000000000016
4038,1.940000000000002
4039,2.1560000000000015
4040,1.9400000000000026
4041,2.1420000000000017
4042,1.9560000000000013
4043,1.9500000000000017
4044,2.041000000000002
4045,1.9500000000000015
4046,2.144000000000002
4047,2.152000000000001
4048,2.1440000000000015
4049,2.0550000000000015
4050,2.0430000000000015
4051,2.2570000000000014
4052,2.045000000000002
4053,2.1560000000000024
4054,2.041000000000002
4055,1.9500000000000017
4056,2.043000000000002
4057,2.2590000000000017
4058,1.8390000000000013
4059,2.077000000000001
4060,2.144000000000002
4061,2.144000000000002
4062,2.1520000000000024
4063,2.1420000000000026
4064,2.2410000000000023
4065,2.247000000000001
4066,2.2550000000000017
4067,1.8490000000000024
4068,2.1460000000000017
4069,1.952000000000002
4070,2.144000000000002
4071,2.245000000000002
4072,2.352000000000002
4073,2.0610000000000013
4074,1.944000000000002
4075,1.9320000000000022
4076,1.8570000000000007
4077,2.461000000000001
4078,1.851000000000001
4079,1.9480000000000017
4080,2.259000000000001
4081,1.9420000000000022
4082,2.657000000000002
4083,1.9500000000000017
4084,2.156000000000002
4085,2.6410000000000027
4086,1.9420000000000022
4087,2.0490000000000017
4088,2.150000000000002
4089,2.134000000000002
4090,2.156000000000002
4091,1.9380000000000022
4092,2.352000000000001
4093,2.1460000000000017
4094,2.1500000000000017
4095,1.964000000000002
4096,2.152000000000002
4097,2.0470000000000015
4098,1.958000000000001
4099,2.261000000000001
4100,2.051000000000002
4101,2.580000000000001
4102,2.2430000000000025
4103,2.0510000000000024
4104,2.461000000000001
4105,1.7360000000000015
4106,1.8530000000000015
4107,1.960000000000002
4108,2.364000000000002
4109,2.0570000000000013
4110,2.0470000000000024
4111,2.035000000000002
4112,1.9380000000000024
4113,1.7460000000000013
4114,2.045000000000002
4115,1.7440000000000027
4116,2.1400000000000023
4117,2.249000000000002
4118,2.1340000000000026
4119,2.045000000000002
4120,2.0530000000000017
4121,2.0510000000000015
4122,2.1520000000000024
4123,1.8450000000000022
4124,2.148000000000002
4125,2.0550000000000015
4126,2.2630000000000017
4127,2.1600000000000015
4128,2.3520000000000016
4129,2.1520000000000015
4130,2.0530000000000013
4131,1.8590000000000024
4132,2.148000000000002
4133,2.0430000000000015
4134,2.0330000000000026
4135,1.8390000000000013
4136,2.045000000000002
4137,2.1540000000000017
4138,2.1540000000000012
4139,2.150000000000002
4140,2.261000000000002
4141,1.851000000000002
4142,2.057000000000002
4143,2.1620000000000017
4144,2.047000000000003
4145,2.2550000000000017
4146,2.249000000000002
4147,2.3580000000000023
4148,1.9520000000000013
4149,1.8510000000000013
4150,2.148000000000002
4151,2.2530000000000014
4152,2.0570000000000026
4153,1.9500000000000015
4154,2.0450000000000017
4155,2.148000000000002
4156,1.835000000000002
4157,2.0330000000000017
4158,2.1660000000000013
4159,1.9480000000000017
4160,2.148000000000002
4161,2.3760000000000012
4162,1.9420000000000015
4163,2.156000000000001
4164,2.5440000000000023
4165,1.835000000000002
4166,1.8610000000000009
4167,2.1480000000000024
4168,2.037000000000002
4169,2.154000000000002
4170,2.0570000000000017
4171,2.249000000000002
4172,2.2450000000000023
4173,2.152000000000001
4174,1.9600000000000017
4175,2.352000000000002
4176,2.0510000000000024
4177,2.1520000000000015
4178,2.1480000000000015
4179,2.142000000000002
4180,1.845000000000002
4181,2.1480000000000024
4182,2.2470000000000017
4183,2.1580000000000026
4184,2.148000000000002
4185,2.0510000000000015
4186,2.043000000000002
4187,1.9380000000000022
4188,2.1640000000000015
4189,2.053000000000002
4190,1.9480000000000022
4191,2.2570000000000014
4192,2.1560000000000015
4193,2.144000000000002
4194,2.0610000000000013
4195,2.0530000000000017
4196,1.9380000000000017
4197,2.146000000000002
4198,2.1440000000000023
4199,2.0610000000000017
4200,1.8430000000000022
4201,2.0330000000000026
4202,2.144000000000002
4203,2.154000000000002
4204,2.2710000000000012
4205,2.158000000000002
4206,2.0690000000000013
4207,2.3600000000000017
4208,2.0510000000000015
4209,2.146000000000002
4210,1.8470000000000024
4211,2.2590000000000012
4212,1.946000000000002
4213,1.8390000000000029
4214,2.043000000000003
4215,2.0530000000000017
4216,1.9460000000000022
4217,2.0470000000000015
4218,2.148000000000002
4219,2.045000000000002
4220,2.049000000000002
4221,1.946000000000002
4222,2.0450000000000013
4223,2.2550000000000017
4224,2.1540000000000012
4225,1.9340000000000024
4226,1.740000000000002
4227,1.9380000000000015
4228,2.138000000000002
4229,2.1420000000000017
4230,1.9420000000000024
4231,2.356000000000002
4232,1.9540000000000013
4233,1.8390000000000026
4234,2.162000000000001
4235,1.8510000000000022
4236,2.3700000000000014
4237,2.2590000000000017
4238,2.263000000000001
4239,1.9360000000000026
4240,2.374000000000001
4241,2.1560000000000024
4242,2.2510000000000017
4243,1.9320000000000022
4244,2.043000000000002
4245,2.1560000000000024
4246,2.0510000000000015
4247,2.2490000000000023
4248,1.8470000000000013
4249,1.9580000000000015
4250,2.3480000000000025
4251,1.8490000000000018
4252,2.144000000000003
4253,2.354000000000002
4254,2.350000000000002
4255,2.0550000000000015
4256,2.063000000000001
4257,2.1460000000000026
4258,2.2450000000000028
4259,2.253000000000002
4260,1.9540000000000013
4261,1.8410000000000029
4262,2.1400000000000023
4263,2.249000000000002
4264,2.142000000000002
4265,1.8450000000000017
4266,2.0470000000000024
4267,2.3400000000000025
4268,2.0450000000000017
4269,1.8350000000000022
4270,2.1600000000000015
4271,2.1520000000000015
4272,2.148000000000002
4273,2.5660000000000003
4274,2.146000000000002
4275,2.247000000000002
4276,2.1500000000000017
4277,2.148000000000002
4278,2.0550000000000015
4279,2.1460000000000026
4280,1.835000000000002
4281,1.7340000000000027
4282,2.2550000000000026
4283,1.9420000000000015
4284,2.255000000000002
4285,2.144000000000002
4286,2.146000000000002
4287,2.2490000000000014
4288,1.9340000000000026
4289,1.9460000000000013
4290,2.045000000000002
4291,2.154000000000002
4292,2.0470000000000024
4293,2.459000000000002
4294,2.150000000000002
4295,2.1600000000000015
4296,2.0550000000000015
4297,1.9460000000000013
4298,1.9460000000000017
4299,2.1620000000000017
4300,2.051000000000001
4301,1.9320000000000022
4302,1.9380000000000024
4303,1.9460000000000017
4304,2.1560000000000015
4305,1.8390000000000017
4306,1.946000000000002
4307,2.1560000000000024
4308,2.148000000000002
4309,1.9380000000000022
4310,1.7320000000000022
4311,2.0510000000000024
4312,2.1480000000000015
4313,2.1520000000000015
4314,2.1440000000000023
4315,2.1560000000000015
4316,2.160000000000002
4317,1.841000000000002
4318,2.1520000000000024
4319,2.0550000000000015
4320,2.154000000000002
4321,2.0370000000000026
4322,2.1480000000000015
4323,1.746000000000002
4324,2.3640000000000017
4325,2.356000000000001
4326,2.0450000000000026
4327,2.1440000000000023
4328,2.154000000000002
4329,2.0510000000000006
4330,2.049000000000002
4331,2.144000000000002
4332,2.346000000000002
4333,2.1660000000000013
4334,1.9560000000000017
4335,2.150000000000002
4336,2.1580000000000013
4337,1.9460000000000017
4338,2.051000000000002
4339,2.2490000000000014
4340,2.0550000000000015
4341,1.3320000000000025
4342,2.0470000000000015
4343,2.1620000000000017
4344,2.047000000000002
4345,2.0450000000000013
4346,1.9300000000000026
4347,2.1320000000000023
4348,2.055000000000001
4349,2.0570000000000017
4350,1.9400000000000017
4351,2.3580000000000023
4352,1.9520000000000013
4353,1.9480000000000017
4354,2.362000000000002
4355,1.8430000000000017
4356,2.253000000000002
4357,2.1480000000000024
4358,2.257000000000002
4359,1.839000000000002
4360,2.251000000000002
4361,2.3500000000000014
4362,1.9440000000000017
4363,2.051000000000002
4364,2.0470000000000024
4365,2.0550000000000015
4366,2.2630000000000017
4367,1.9420000000000022
4368,2.053000000000002
4369,2.356000000000002
4370,1.8510000000000022
4371,1.7380000000000022
4372,1.839000000000002
4373,2.148000000000002
4374,2.1460000000000026
4375,2.243000000000002
4376,1.8430000000000015
4377,1.9560000000000017
4378,1.9500000000000022
4379,1.8430000000000015
4380,2.0410000000000026
4381,2.340000000000003
4382,2.138000000000002
4383,2.560000000000001
4384,2.2590000000000012
4385,2.0570000000000017
4386,2.043000000000002
4387,2.1500000000000017
4388,1.952000000000002
4389,2.164000000000001
4390,2.0370000000000026
4391,2.1420000000000017
4392,2.2430000000000025
4393,2.1420000000000026
4394,2.1500000000000017
4395,2.049000000000002
4396,2.0470000000000024
4397,2.2470000000000017
4398,2.047000000000002
4399,2.0570000000000013
4400,2.249000000000002
4401,2.0590000000000015
4402,1.9400000000000026
4403,1.8370000000000024
4404,2.2590000000000012
4405,1.9440000000000015
4406,2.4630000000000014
4407,2.045000000000002
4408,1.7420000000000024
4409,2.144000000000002
4410,2.1540000000000017
4411,2.1420000000000017
4412,2.063000000000002
4413,1.9360000000000026
4414,2.251000000000002
4415,2.0330000000000026
4416,2.0530000000000013
4417,2.362000000000002
4418,1.962000000000002
4419,2.2590000000000017
4420,2.0510000000000015
4421,2.035000000000002
4422,2.2490000000000023
4423,2.037000000000002
4424,1.9380000000000022
4425,2.148000000000002
4426,1.946000000000002
4427,2.265000000000001
4428,1.9480000000000017
4429,2.358000000000002
4430,2.249000000000002
4431,2.045000000000002
4432,1.9560000000000022
4433,2.0510000000000015
4434,2.150000000000002
4435,1.954000000000002
4436,2.039000000000002
4437,1.9480000000000015
4438,1.9460000000000024
4439,2.550000000000003
4440,2.043000000000002
4441,2.043000000000002
4442,1.849000000000002
4443,2.344000000000002
4444,1.9320000000000024
4445,2.148000000000002
4446,2.0550000000000024
4447,1.8390000000000017
4448,1.8450000000000017
4449,2.1480000000000024
4450,2.0430000000000015
4451,2.261000000000002
4452,1.8450000000000015
4453,2.265000000000001
4454,1.839000000000002
4455,2.265000000000002
4456,2.368000000000001
4457,1.851000000000002
4458,2.0410000000000026
4459,2.3640000000000017
4460,1.946000000000002
4461,2.154000000000002
4462,1.9520000000000022
4463,2.354000000000001
4464,2.055000000000001
4465,1.8410000000000022
4466,2.265000000000002
4467,1.837000000000002
4468,2.2430000000000025
4469,2.0530000000000013
4470,2.2410000000000023
4471,2.2470000000000017
4472,1.9520000000000015
4473,2.0450000000000017
4474,1.8410000000000013
4475,1.744000000000002
4476,2.1460000000000026
4477,2.0290000000000026
4478,2.0630000000000015
4479,1.8450000000000022
4480,2.2450000000000023
4481,1.855000000000002
4482,1.9520000000000013
4483,2.051000000000002
4484,2.1520000000000024
4485,2.1500000000000012
4486,2.0410000000000026
4487,2.148000000000002
4488,1.9380000000000026
4489,1.9440000000000026
4490,2.2450000000000023
4491,2.2550000000000012
4492,2.1520000000000015
4493,1.845000000000002
4494,2.045000000000002
4495,1.6490000000000018
4496,2.0470000000000024
4497,2.346000000000002
4498,1.6330000000000016
4499,2.0390000000000015
4500,2.0590000000000024
4501,1.8470000000000024
4502,1.839000000000002
4503,2.0530000000000017
4504,1.9560000000000013
4505,1.944000000000002
4506,2.152000000000002
4507,1.9640000000000009
4508,2.146000000000002
4509,1.9480000000000017
4510,2.0470000000000015
4511,2.253000000000002
4512,2.1580000000000017
4513,2.1500000000000012
4514,1.8530000000000013
4515,2.2530000000000023
4516,2.1520000000000015
4517,2.1440000000000023
4518,1.8470000000000015
4519,1.744000000000002
4520,1.4430000000000005
4521,1.9400000000000022
4522,2.043000000000002
4523,2.3580000000000023
4524,2.152000000000002
4525,1.8470000000000024
4526,2.2670000000000012
4527,2.142000000000002
4528,2.2470000000000026
4529,1.7380000000000018
4530,1.9360000000000022
4531,2.2570000000000023
4532,2.2510000000000017
4533,2.1620000000000017
4534,1.936000000000003
4535,2.039000000000002
4536,2.451000000000002
4537,2.075000000000001
4538,2.350000000000002
4539,2.3600000000000017
4540,1.944000000000002
4541,2.152000000000001
4542,2.1580000000000017
4543,2.047000000000002
4544,2.0530000000000013
4545,2.0470000000000015
4546,2.2410000000000014
4547,2.148000000000002
4548,1.946000000000002
4549,2.1500000000000017
4550,1.8330000000000024
4551,2.2510000000000012
4552,1.839000000000002
4553,2.2450000000000023
4554,2.148000000000002
4555,2.4670000000000014
4556,2.1520000000000024
4557,2.566000000000001
4558,1.744000000000002
4559,1.8470000000000013
4560,2.2590000000000017
4561,2.1520000000000024
4562,2.041000000000002
4563,2.3520000000000016
4564,1.9480000000000015
4565,1.9460000000000013
4566,2.257000000000001
4567,2.356000000000001
4568,2.0590000000000024
4569,2.146000000000002
4570,1.7480000000000016
4571,2.348000000000002
4572,1.9320000000000024
4573,2.255000000000002
4574,1.7380000000000022
4575,2.4470000000000023
4576,2.1580000000000013
4577,2.4510000000000023
4578,2.2410000000000023
4579,2.144000000000002
4580,1.9480000000000022
4581,2.2610000000000015
4582,1.839000000000002
4583,2.140000000000003
4584,1.8510000000000018
4585,2.059000000000002
4586,2.0550000000000006
4587,1.952000000000002
4588,2.0370000000000017
4589,1.9480000000000017
4590,1.9420000000000022
4591,2.3460000000000023
4592,2.0470000000000024
4593,2.0450000000000013
4594,1.9440000000000015
4595,1.653000000000001
4596,2.1500000000000017
4597,2.049000000000002
4598,2.0610000000000013
4599,2.263000000000002
4600,2.045000000000002
4601,1.7340000000000024
4602,1.9680000000000015
4603,2.0550000000000015
4604,2.344000000000002
4605,1.8410000000000022
4606,2.253000000000002
4607,1.8470000000000015
4608,2.2630000000000017
4609,2.2470000000000017
4610,2.249000000000002
4611,1.946000000000002
4612,2.152000000000001
4613,2.3460000000000023
4614,2.146000000000002
4615,1.6590000000000011
4616,2.360000000000001
4617,1.8470000000000015
4618,1.8590000000000015
4619,2.1540000000000017
4620,2.2550000000000017
4621,2.142000000000002
4622,2.3420000000000014
4623,2.4510000000000014
4624,1.7320000000000024
4625,1.9480000000000013
4626,2.2410000000000023
4627,1.849000000000002
4628,1.9480000000000022
4629,2.461000000000002
4630,1.8470000000000015
4631,2.2610000000000015
4632,1.841000000000002
4633,2.0410000000000013
4634,1.8350000000000015
4635,2.0450000000000017
4636,1.8430000000000024
4637,2.4710000000000014
4638,2.2410000000000028
4639,2.148000000000002
4640,2.1480000000000024
4641,2.0470000000000024
4642,2.4710000000000014
4643,2.142000000000002
4644,1.8390000000000015
4645,2.2390000000000025
4646,2.0550000000000015
4647,2.1480000000000024
4648,2.3460000000000023
4649,2.041000000000002
4650,2.1560000000000006
4651,1.7340000000000024
4652,2.1700000000000013
4653,2.146000000000002
4654,2.1560000000000015
4655,1.946000000000002
4656,2.346000000000002
4657,2.1360000000000023
4658,1.942000000000002
4659,1.9520000000000013
4660,2.370000000000002
4661,2.0530000000000013
4662,1.8510000000000018
4663,1.946000000000002
4664,1.9520000000000015
4665,2.5580000000000007
4666,2.2650000000000015
4667,2.1440000000000023
4668,1.9540000000000017
4669,2.0530000000000013
4670,2.150000000000002
4671,2.0530000000000017
4672,2.1600000000000015
4673,1.946000000000002
4674,1.9280000000000022
4675,2.1460000000000017
4676,2.146000000000002
4677,2.451000000000002
4678,1.8370000000000024
4679,2.1500000000000017
4680,2.1500000000000017
4681,2.356000000000002
4682,1.9440000000000015
4683,2.0450000000000017
4684,2.0510000000000015
4685,2.364000000000001
4686,2.0430000000000015
4687,2.073000000000001
4688,2.152000000000002
4689,2.354000000000002
4690,1.9540000000000013
4691,2.2550000000000012
4692,2.0410000000000017
4693,2.0510000000000024
4694,2.673000000000002
4695,2.3480000000000016
4696,1.954000000000002
4697,2.1400000000000023
4698,2.150000000000002
4699,2.043000000000002
4700,2.1580000000000026
4701,2.0370000000000026
4702,1.9400000000000022
4703,2.1460000000000026
4704,1.9380000000000022
4705,2.1440000000000015
4706,2.0430000000000024
4707,1.8510000000000009
4708,1.7320000000000022
4709,1.837000000000003
4710,1.8490000000000024
4711,2.2390000000000025
4712,1.8430000000000015
4713,2.1520000000000015
4714,1.9420000000000013
4715,1.8410000000000022
4716,2.154000000000002
4717,2.3580000000000014
4718,2.2610000000000015
4719,2.0430000000000015
4720,2.2610000000000015
4721,2.1540000000000012
4722,2.0490000000000013
4723,1.8410000000000013
4724,2.251000000000002
4725,2.1580000000000017
4726,1.9480000000000017
4727,1.8450000000000017
4728,2.0450000000000026
4729,1.944000000000002
4730,1.9420000000000015
4731,2.057000000000001
4732,2.0530000000000017
4733,1.9560000000000013
4734,2.0510000000000015
4735,2.156000000000002
4736,2.0570000000000017
4737,2.2470000000000017
4738,2.148000000000002
4739,2.3620000000000014
4740,2.255000000000002
4741,2.0370000000000017
4742,1.7460000000000016
4743,2.3520000000000025
4744,2.362000000000001
4745,1.9360000000000022
4746,2.063000000000001
4747,2.057000000000001
4748,2.148000000000002
4749,1.9400000000000026
4750,1.8450000000000026
4751,1.855000000000001
4752,2.2570000000000014
4753,2.257000000000001
4754,2.2470000000000017
4755,1.8510000000000018
4756,2.051000000000002
4757,2.037000000000002
4758,2.152000000000001
4759,2.051000000000001
4760,2.045000000000002
4761,2.1520000000000015
4762,2.174000000000001
4763,2.255000000000002
4764,2.2470000000000026
4765,1.940000000000002
4766,1.839000000000002
4767,2.0490000000000017
4768,2.5500000000000016
4769,2.1580000000000017
4770,2.1680000000000006
4771,2.148000000000002
4772,2.247000000000002
4773,2.251000000000002
4774,2.059000000000001
4775,2.245000000000002
4776,1.851000000000002
4777,2.269000000000001
4778,1.9360000000000026
4779,1.944000000000002
4780,2.356000000000001
4781,2.2470000000000017
4782,1.9440000000000017
4783,2.0550000000000015
4784,2.1560000000000006
4785,2.2690000000000015
4786,2.2430000000000017
4787,1.5440000000000011
4788,1.9560000000000022
4789,1.9420000000000024
4790,2.144000000000002
4791,2.352000000000001
4792,2.039000000000003
4793,1.9480000000000017
4794,1.9540000000000015
4795,2.1480000000000015
4796,2.154000000000002
4797,2.1660000000000017
4798,2.049000000000002
4799,2.1560000000000015
4800,1.849000000000001
4801,2.041000000000002
4802,2.463000000000002
4803,2.0570000000000017
4804,2.243000000000002
4805,1.9400000000000022
4806,2.1380000000000026
4807,2.2710000000000012
4808,2.4610000000000007
4809,1.8310000000000024
4810,2.0530000000000017
4811,2.0530000000000013
4812,2.352000000000002
4813,2.3380000000000023
4814,2.2590000000000017
4815,2.045000000000002
4816,2.5540000000000016
4817,2.253000000000002
4818,1.8450000000000017
4819,2.257000000000002
4820,2.148000000000002
4821,2.356000000000001
4822,1.8470000000000022
4823,2.0410000000000026
4824,1.9460000000000028
4825,2.350000000000002
4826,2.0390000000000024
4827,1.9580000000000013
4828,2.142000000000002
4829,2.152000000000002
4830,2.2530000000000014
4831,1.841000000000002
4832,1.7360000000000013
4833,2.045000000000002
4834,1.942000000000002
4835,2.150000000000002
4836,1.7260000000000022
4837,1.9440000000000024
4838,1.9460000000000022
4839,2.265000000000001
4840,2.2570000000000014
4841,2.243000000000002
4842,2.247000000000001
4843,1.8330000000000017
4844,2.1540000000000017
4845,2.152000000000001
4846,2.3460000000000027
4847,1.7360000000000024
4848,1.9540000000000017
4849,1.835000000000002
4850,1.9480000000000024
4851,2.247000000000002
4852,2.1540000000000012
4853,2.352000000000002
4854,2.2630000000000012
4855,1.9440000000000015
4856,2.0450000000000017
4857,1.8490000000000018
4858,2.0450000000000013
4859,1.7380000000000018
4860,1.952000000000002
4861,1.9600000000000015
4862,1.962000000000002
4863,2.055000000000002
4864,2.043000000000003
4865,2.0450000000000017
4866,1.9580000000000013
4867,1.5380000000000016
4868,2.1420000000000026
4869,2.249000000000002
4870,2.148000000000002
4871,2.045000000000002
4872,2.5680000000000005
4873,1.7420000000000015
4874,2.144000000000002
4875,2.039000000000002
4876,2.0450000000000017
4877,2.2550000000000017
4878,2.059000000000001
4879,1.9640000000000013
4880,2.4630000000000014
4881,2.049000000000002
4882,2.158000000000001
4883,2.455000000000002
4884,1.8430000000000022
4885,1.9420000000000022
4886,2.146000000000002
4887,2.1380000000000017
4888,1.8410000000000022
4889,1.9420000000000022
4890,2.1680000000000015
4891,2.457000000000002
4892,1.9400000000000017
4893,1.9440000000000015
4894,1.845000000000002
4895,2.1700000000000013
4896,2.255000000000002
4897,1.9500000000000022
4898,2.2630000000000017
4899,1.8370000000000022
4900,2.146000000000002
4901,2.049000000000002
4902,2.158000000000001
4903,1.8410000000000022
4904,2.542000000000003
4905,1.9640000000000015
4906,2.1580000000000017
4907,1.835000000000002
4908,2.051000000000002
4909,2.4530000000000016
4910,2.043000000000002
4911,2.3580000000000014
4912,2.3480000000000008
4913,2.059000000000002
4914,2.1360000000000023
4915,2.148000000000002
4916,2.0730000000000013
4917,1.946000000000002
4918,2.0590000000000006
4919,2.059000000000001
4920,2.1580000000000013
4921,2.144000000000002
4922,2.255000000000002
4923,2.4430000000000023
4924,2.251000000000002
4925,2.0450000000000017
4926,1.839000000000002
4927,1.9540000000000017
4928,2.3700000000000014
4929,2.146000000000002
4930,2.1500000000000012
4931,2.0530000000000017
4932,2.1360000000000023
4933,2.1520000000000015
4934,2.0670000000000015
4935,2.433000000000002
4936,2.255000000000002
4937,2.245000000000002
4938,1.9460000000000017
4939,2.241000000000002
4940,2.138000000000002
4941,2.1520000000000024
4942,2.148000000000002
4943,2.0550000000000015
4944,2.3540000000000014
4945,2.2470000000000017
4946,2.0470000000000024
4947,1.9480000000000017
4948,2.0470000000000024
4949,2.0510000000000015
4950,1.9520000000000013
4951,2.0550000000000015
4952,2.043000000000002
4953,2.461000000000002
4954,2.4530000000000016
4955,2.356000000000002
4956,1.8530000000000018
4957,2.0370000000000026
4958,2.2470000000000026
4959,2.0510000000000015
4960,2.146000000000002
4961,2.049000000000002
4962,2.2550000000000012
4963,2.063000000000001
4964,1.8350000000000029
4965,1.8550000000000013
4966,2.0550000000000015
4967,1.8570000000000013
4968,2.1560000000000015
4969,2.2630000000000017
4970,2.263000000000001
4971,2.1360000000000023
4972,2.4690000000000016
4973,1.7400000000000022
4974,2.356000000000002
4975,2.148000000000002
4976,2.1620000000000013
4977,2.354000000000001
4978,1.9380000000000024
4979,2.140000000000003
4980,2.255000000000002
4981,2.0410000000000017
4982,1.732000000000001
4983,2.045000000000002
4984,1.8430000000000024
4985,1.9600000000000015
4986,2.0550000000000015
4987,2.360000000000001
4988,2.146000000000002
4989,2.041000000000002
4990,1.9420000000000024
4991,1.9360000000000022
4992,2.2530000000000014
4993,1.9500000000000015
4994,2.049000000000002
4995,2.1660000000000013
4996,1.952000000000001
4997,2.063000000000001
4998,2.0490000000000017
4999,2.136000000000002
5000,2.1620000000000013
5001,1.946000000000002
5002,2.2530000000000023
5003,1.6490000000000018
5004,2.3580000000000014
5005,2.154000000000002
5006,2.160000000000001
5007,1.835000000000003
5008,1.8450000000000029
5009,2.142000000000002
5010,2.053000000000002
5011,2.3540000000000014
5012,1.8330000000000026
5013,1.938000000000003
5014,2.1440000000000015
5015,2.0510000000000015
5016,1.9560000000000017
5017,1.8470000000000022
5018,2.352000000000002
5019,2.350000000000002
5020,2.1560000000000015
5021,2.2470000000000017
5022,2.2610000000000015
5023,2.1420000000000026
5024,1.9480000000000026
5025,2.3620000000000014
5026,1.9380000000000017
5027,2.245000000000002
5028,2.3720000000000017
5029,1.944000000000002
5030,2.0650000000000013
5031,1.962000000000002
5032,2.360000000000002
5033,2.663000000000002
5034,2.350000000000002
5035,1.8410000000000022
5036,2.154000000000002
5037,2.0410000000000026
5038,2.2530000000000014
5039,2.346000000000002
5040,1.736000000000002
5041,2.2670000000000012
5042,2.0450000000000026
5043,1.946000000000001
5044,2.0530000000000017
5045,2.1520000000000024
5046,2.2370000000000023
5047,1.845000000000002
5048,2.148000000000002
5049,1.9380000000000017
5050,1.9440000000000017
5051,1.954000000000002
5052,2.156000000000002
5053,2.2610000000000015
5054,2.249000000000002
5055,2.1400000000000023
5056,2.346000000000002
5057,2.1500000000000017
5058,2.3440000000000025
5059,1.9420000000000024
5060,2.0490000000000013
5061,2.2510000000000026
5062,2.164000000000001
5063,1.9420000000000022
5064,1.9500000000000017
5065,2.160000000000001
5066,1.9540000000000015
5067,2.148000000000002
5068,2.1540000000000017
5069,1.7460000000000024
5070,1.9480000000000017
5071,2.049000000000002
5072,1.8430000000000017
5073,1.9420000000000015
5074,2.453000000000002
5075,2.0390000000000024
5076,2.4590000000000014
5077,1.944000000000002
5078,2.045000000000002
5079,2.2470000000000017
5080,1.8390000000000017
5081,2.148000000000002
5082,2.1620000000000017
5083,1.734000000000002
5084,1.9320000000000028
5085,1.9500000000000015
5086,1.7440000000000018
5087,1.950000000000001
5088,2.0470000000000015
5089,1.7340000000000018
5090,2.0610000000000017
5091,2.245000000000002
5092,2.463000000000001
5093,1.9580000000000015
5094,2.251000000000002
5095,1.9520000000000015
5096,1.950000000000002
5097,1.740000000000002
5098,2.4430000000000023
5099,2.255000000000002
5100,2.043000000000002
5101,1.944000000000002
5102,1.9460000000000022
5103,2.2490000000000023
5104,1.942000000000002
5105,1.946000000000002
5106,1.8430000000000022
5107,2.154000000000002
5108,2.154000000000002
5109,2.239000000000002
5110,2.1540000000000017
5111,2.1620000000000013
5112,2.2630000000000017
5113,2.354000000000002
5114,1.7380000000000018
5115,2.148000000000002
5116,2.350000000000002
5117,2.354000000000002
5118,2.1480000000000015
5119,2.1460000000000026
5120,2.144000000000003
5121,1.9500000000000017
5122,2.1640000000000015
5123,1.9500000000000015
5124,2.3600000000000017
5125,2.0510000000000024
5126,2.3500000000000014
5127,2.243000000000002
5128,1.8490000000000015
5129,2.348000000000002
5130,1.740000000000002
5131,2.144000000000001
5132,2.4490000000000025
5133,1.7460000000000013
5134,2.045000000000002
5135,1.851000000000001
5136,2.1520000000000015
5137,2.2590000000000017
5138,1.9540000000000017
5139,2.150000000000002
5140,1.944000000000002
5141,1.736000000000002
5142,1.946000000000002
5143,2.164000000000002
5144,2.0410000000000017
5145,2.0570000000000017
5146,2.356000000000002
5147,2.067000000000001
5148,1.956000000000001
5149,1.9480000000000017
5150,2.564000000000001
5151,2.243000000000002
5152,2.047000000000002
5153,2.0610000000000013
5154,1.934000000000002
5155,2.138000000000002
5156,2.144000000000002
5157,2.3440000000000025
5158,2.0450000000000013
5159,1.9380000000000024
5160,1.9460000000000022
5161,1.9420000000000022
5162,2.354000000000002
5163,2.156000000000002
5164,2.1560000000000015
5165,2.144000000000003
5166,2.3820000000000006
5167,2.1500000000000012
5168,2.150000000000002
5169,2.3620000000000014
5170,2.1460000000000026
5171,2.045000000000002
5172,1.946000000000002
5173,2.0490000000000017
5174,1.9660000000000009
5175,2.164000000000002
5176,2.039000000000003
5177,2.2510000000000017
5178,1.841000000000002
5179,1.9380000000000022
5180,2.1340000000000026
5181,1.8490000000000018
5182,2.3440000000000025
5183,2.047000000000002
5184,2.3620000000000014
5185,2.039000000000002
5186,1.9540000000000017
5187,2.1520000000000015
5188,1.9440000000000013
5189,1.8490000000000018
5190,1.8530000000000015
5191,1.9380000000000022
5192,1.9580000000000013
5193,2.0530000000000026
5194,2.0610000000000017
5195,2.2470000000000017
5196,2.1400000000000023
5197,2.039000000000002
5198,2.2430000000000017
5199,2.158000000000001
5200,1.8530000000000018
5201,2.148000000000002
5202,2.249000000000002
5203,2.0490000000000017
5204,2.2530000000000023
5205,2.1620000000000013
5206,2.0510000000000015
5207,2.156000000000002
5208,2.1560000000000024
5209,2.336000000000002
5210,1.7420000000000015
5211,1.9380000000000026
5212,1.9540000000000017
5213,1.9440000000000015
5214,2.045000000000002
5215,2.0510000000000015
5216,2.1620000000000017
5217,2.449000000000002
5218,2.441000000000003
5219,2.0490000000000013
5220,2.4590000000000014
5221,2.128000000000003
5222,1.940000000000002
5223,1.8570000000000013
5224,2.0490000000000017
5225,2.3540000000000014
5226,1.9460000000000022
5227,1.8410000000000022
5228,1.9460000000000022
5229,2.0550000000000015
5230,1.857000000000001
5231,2.2770000000000006
5232,2.0450000000000026
5233,1.7520000000000022
5234,2.142000000000002
5235,1.9480000000000015
5236,1.8370000000000022
5237,1.845000000000002
5238,2.156000000000001
5239,2.0470000000000015
5240,2.3600000000000017
5241,2.1520000000000024
5242,1.9540000000000015
5243,2.3520000000000025
5244,1.8410000000000017
5245,1.9480000000000015
5246,2.152000000000002
5247,1.946000000000002
5248,2.0530000000000013
5249,2.3400000000000025
5250,2.0610000000000017
5251,2.043000000000002
5252,2.148000000000002
5253,2.2530000000000014
5254,1.9540000000000024
5255,2.170000000000002
5256,2.560000000000002
5257,2.0530000000000013
5258,1.9460000000000028
5259,2.2510000000000017
5260,2.148000000000002
5261,2.150000000000002
5262,1.9620000000000013
5263,2.0570000000000017
5264,2.049000000000002
5265,1.7340000000000027
5266,1.9520000000000022
5267,1.8470000000000022
5268,2.5640000000000014
5269,2.2370000000000023
5270,2.051000000000002
5271,2.0530000000000017
5272,1.8430000000000017
5273,1.6390000000000018
5274,1.8450000000000015
5275,2.148000000000002
5276,2.148000000000002
5277,2.0450000000000017
5278,1.942000000000002
5279,2.2670000000000012
5280,1.8430000000000024
5281,1.9520000000000024
5282,2.340000000000002
5283,1.9420000000000022
5284,2.1500000000000012
5285,2.047000000000002
5286,1.7440000000000018
5287,2.1560000000000015
5288,2.148000000000002
5289,2.1640000000000015
5290,2.2550000000000017
5291,2.0490000000000013
5292,2.0550000000000015
5293,2.257000000000002
5294,2.1560000000000024
5295,1.8430000000000017
5296,2.156000000000001
5297,2.2530000000000014
5298,2.0450000000000013
5299,1.8410000000000017
5300,2.043000000000002
5301,2.0550000000000015
5302,2.249000000000002
5303,2.0370000000000026
5304,2.1360000000000023
5305,2.2570000000000014
5306,2.154000000000002
5307,2.063000000000002
5308,2.047000000000002
5309,2.261000000000002
5310,2.1460000000000026
5311,2.1500000000000012
5312,2.354000000000002
5313,2.269000000000001
5314,2.045000000000002
5315,2.0470000000000024
5316,2.461000000000002
5317,1.851000000000001
5318,2.172000000000001
5319,1.9480000000000015
5320,2.140000000000002
5321,1.9320000000000022
5322,1.962000000000001
5323,2.2490000000000028
5324,2.342000000000002
5325,2.249000000000002
5326,2.047000000000002
5327,1.944000000000002
5328,2.1600000000000015
5329,2.2510000000000012
5330,1.7380000000000033
5331,2.4550000000000023
5332,2.2470000000000026
5333,2.1440000000000023
5334,2.1540000000000017
5335,2.1420000000000017
5336,2.249000000000002
5337,2.0510000000000006
5338,2.3580000000000014
5339,1.835000000000002
5340,2.0530000000000013
5341,2.3560000000000008
5342,2.063000000000002
5343,2.039000000000002
5344,2.3580000000000014
5345,1.8430000000000022
5346,2.249000000000002
5347,2.253000000000002
5348,2.0370000000000026
5349,2.1420000000000026
5350,2.3520000000000025
5351,2.1620000000000017
5352,2.0470000000000024
5353,2.059000000000002
5354,1.944000000000002
5355,2.3520000000000016
5356,2.144000000000002
5357,2.1540000000000017
5358,1.9440000000000024
5359,2.350000000000002
5360,2.457000000000002
5361,1.9400000000000017
5362,2.039000000000003
5363,2.457000000000002
5364,1.837000000000002
5365,2.0610000000000004
5366,2.0610000000000013
5367,2.1400000000000023
5368,2.1580000000000013
5369,2.356000000000002
5370,1.9400000000000017
5371,1.944000000000002
5372,2.2510000000000017
5373,2.0550000000000024
5374,2.043000000000003
5375,2.041000000000002
5376,1.7500000000000018
5377,2.257000000000002
5378,2.3500000000000023
5379,1.9500000000000015
5380,1.8410000000000022
5381,2.051000000000002
5382,2.3480000000000025
5383,1.9460000000000017
5384,2.037000000000002
5385,2.3760000000000003
5386,1.9340000000000026
5387,2.152000000000002
5388,1.8390000000000024
5389,1.9520000000000022
5390,2.051000000000002
5391,2.1460000000000026
5392,1.8470000000000015
5393,2.1740000000000013
5394,2.2470000000000026
5395,1.7420000000000015
5396,2.2470000000000026
5397,2.1580000000000017
5398,2.039000000000002
5399,2.0510000000000015
5400,1.8430000000000024
5401,1.9360000000000022
5402,2.249000000000002
5403,1.7380000000000018
5404,1.740000000000002
5405,2.4470000000000023
5406,2.253000000000002
5407,1.8370000000000022
5408,1.9400000000000022
5409,1.9480000000000024
5410,2.154000000000002
5411,2.259000000000001
5412,1.859000000000002
5413,2.4510000000000023
5414,2.0470000000000024
5415,2.3640000000000017
5416,2.0530000000000017
5417,1.9540000000000013
5418,2.049000000000002
5419,2.2590000000000017
5420,1.8390000000000017
5421,2.0410000000000026
5422,2.0370000000000017
5423,1.8430000000000026
5424,2.1540000000000017
5425,2.0510000000000024
5426,1.7380000000000024
5427,1.855000000000002
5428,1.8490000000000026
5429,2.2710000000000012
5430,2.158000000000002
5431,2.251000000000002
5432,2.0470000000000015
5433,2.253000000000002
5434,1.847000000000002
5435,1.9420000000000022
5436,2.045000000000002
5437,2.0610000000000017
5438,2.3400000000000025
5439,1.6350000000000025
5440,1.8390000000000026
5441,2.059000000000001
5442,2.0510000000000015
5443,2.441000000000002
5444,2.2530000000000014
5445,2.049000000000002
5446,2.265000000000001
5447,2.651000000000002
5448,1.9440000000000026
5449,2.0370000000000026
5450,1.7360000000000022
5451,1.7300000000000018
5452,2.0550000000000015
5453,2.164000000000001
5454,2.247000000000001
5455,1.6330000000000018
5456,2.259000000000002
5457,1.9540000000000008
5458,2.0430000000000015
5459,2.346000000000002
5460,1.9400000000000022
5461,2.2510000000000017
5462,1.9520000000000022
5463,2.249000000000002
5464,2.455000000000002
5465,2.150000000000002
5466,1.9380000000000024
5467,2.453000000000002
5468,2.1560000000000015
5469,2.148000000000002
5470,2.0450000000000013
5471,2.552000000000002
5472,2.3580000000000014
5473,1.8370000000000022
5474,2.1620000000000017
5475,2.255000000000002
5476,1.8370000000000022
5477,1.9500000000000017
5478,2.0450000000000017
5479,2.4630000000000014
5480,2.1580000000000017
5481,2.043000000000002
5482,2.457000000000002
5483,2.1480000000000015
5484,2.168000000000001
5485,2.0430000000000015
5486,1.839000000000002
5487,2.1520000000000015
5488,1.7400000000000018
5489,2.144000000000002
5490,2.1440000000000015
5491,2.2430000000000025
5492,1.8370000000000013
5493,1.9460000000000017
5494,2.370000000000002
5495,2.0510000000000015
5496,1.847000000000002
5497,1.845000000000002
5498,2.231000000000003
5499,2.0390000000000024
5500,2.0530000000000017
5501,1.9580000000000013
5502,2.2530000000000014
5503,2.0330000000000026
5504,2.0570000000000017
5505,2.2510000000000012
5506,2.1620000000000013
5507,2.0490000000000017
5508,1.9320000000000024
5509,2.1540000000000017
5510,1.9360000000000026
5511,1.3260000000000012
5512,1.9480000000000022
5513,2.152000000000002
5514,2.354000000000002
5515,2.2630000000000017
5516,2.0530000000000013
5517,2.253000000000002
5518,2.047000000000002
5519,2.144000000000002
5520,2.0530000000000017
5521,2.051000000000001
5522,2.045000000000002
5523,2.0430000000000015
5524,2.0490000000000013
5525,2.146000000000002
5526,2.0550000000000015
5527,2.4490000000000025
5528,1.9520000000000022
5529,2.0490000000000017
5530,2.4650000000000007
5531,1.847000000000002
5532,2.144000000000002
5533,2.1440000000000015
5534,2.346000000000002
5535,1.9440000000000015
5536,2.144000000000002
5537,2.554000000000002
5538,2.360000000000001
5539,1.8330000000000026
5540,2.156000000000002
5541,2.148000000000002
5542,2.352000000000002
5543,2.352000000000001
5544,2.152000000000002
5545,1.8390000000000026
5546,2.4610000000000016
5547,2.0690000000000004
5548,2.2490000000000014
5549,2.1520000000000015
5550,2.0510000000000015
5551,1.7460000000000009
5552,2.2510000000000017
5553,2.1360000000000023
5554,2.2650000000000015
5555,1.9540000000000015
5556,1.847000000000002
5557,2.1460000000000017
5558,2.0510000000000015
5559,2.4350000000000027
5560,2.552000000000002
5561,2.358000000000002
5562,1.9540000000000017
5563,1.8450000000000017
5564,2.1500000000000017
5565,1.8410000000000022
5566,1.8330000000000022
5567,2.0590000000000015
5568,2.0510000000000024
5569,2.146000000000002
5570,2.2470000000000017
5571,2.251000000000002
5572,2.0430000000000024
5573,2.138000000000002
5574,1.6510000000000016
5575,2.045000000000002
5576,2.253000000000002
5577,2.1620000000000013
5578,2.1480000000000015
5579,2.0470000000000024
5580,2.2550000000000017
5581,2.0570000000000017
5582,1.8410000000000022
5583,2.2790000000000012
5584,1.9540000000000015
5585,2.0550000000000015
5586,2.043000000000002
5587,1.9560000000000017
5588,2.045000000000002
5589,2.5580000000000016
5590,2.0650000000000017
5591,2.041000000000002
5592,2.055000000000001
5593,2.2530000000000014
5594,2.0390000000000024
5595,2.350000000000002
5596,2.344000000000002
5597,1.9560000000000013
5598,2.1600000000000015
5599,2.3660000000000023
5600,2.356000000000002
5601,2.1500000000000017
5602,2.0490000000000013
5603,2.1420000000000026
5604,2.253000000000002
5605,2.043000000000002
5606,2.059000000000001
5607,2.1540000000000017
5608,2.2650000000000015
5609,2.2570000000000014
5610,2.0470000000000024
5611,2.2450000000000023
5612,2.247000000000002
5613,2.2670000000000012
5614,2.0410000000000017
5615,2.144000000000002
5616,2.047000000000002
5617,2.1380000000000026
5618,2.2550000000000012
5619,2.354000000000002
5620,2.0550000000000015
5621,1.8450000000000017
5622,2.148000000000002
5623,2.255000000000002
5624,1.8410000000000017
5625,2.045000000000002
5626,2.0570000000000017
5627,2.150000000000002
5628,2.249000000000002
5629,2.0410000000000026
5630,2.0530000000000017
5631,2.257000000000002
5632,1.9460000000000022
5633,2.3480000000000016
5634,2.1560000000000015
5635,2.0530000000000013
5636,1.9460000000000022
5637,2.0470000000000024
5638,1.944000000000002
5639,2.255000000000002
5640,2.1460000000000026
5641,1.7300000000000022
5642,2.0510000000000015
5643,2.0470000000000015
5644,2.2470000000000017
5645,2.4670000000000014
5646,2.2390000000000025
5647,2.253000000000002
5648,2.3680000000000017
5649,2.1500000000000012
5650,2.055000000000002
5651,2.2570000000000023
5652,2.043000000000002
5653,2.160000000000002
5654,2.346000000000002
5655,2.154000000000002
5656,2.4690000000000016
5657,1.9500000000000017
5658,1.841000000000002
5659,2.1460000000000017
5660,2.2490000000000023
5661,2.045000000000002
5662,2.348000000000002
5663,2.0390000000000024
5664,2.3460000000000014
5665,2.265000000000001
5666,1.9460000000000022
5667,2.055000000000002
5668,2.7500000000000018
5669,2.344000000000002
5670,2.3380000000000023
5671,2.144000000000003
5672,1.9440000000000017
5673,1.9600000000000015
5674,2.0530000000000026
5675,2.146000000000002
5676,1.956000000000001
5677,2.366000000000001
5678,2.2390000000000025
5679,2.245000000000002
5680,2.045000000000002
5681,1.7380000000000022
5682,1.8430000000000015
5683,2.2570000000000014
5684,2.1480000000000015
5685,2.148000000000002
5686,2.249000000000002
5687,2.362000000000001
5688,2.1440000000000023
5689,2.1540000000000017
5690,2.045000000000002
5691,2.146000000000002
5692,2.152000000000002
5693,2.461000000000002
5694,1.9460000000000024
5695,2.362000000000002
5696,2.1460000000000012
5697,2.1500000000000017
5698,1.9580000000000015
5699,2.1620000000000017
5700,2.154000000000002
5701,2.1500000000000017
5702,2.148000000000002
5703,2.0390000000000024
5704,2.4670000000000014
5705,2.0530000000000017
5706,2.1540000000000017
5707,2.041000000000002
5708,2.150000000000002
5709,2.148000000000003
5710,2.449000000000002
5711,1.9360000000000022
5712,1.841000000000002
5713,1.9260000000000028
5714,2.1420000000000026
5715,2.2410000000000023
5716,1.8430000000000015
5717,2.152000000000002
5718,2.150000000000002
5719,2.035000000000002
5720,2.3520000000000016
5721,2.0510000000000015
5722,2.144000000000002
5723,2.1480000000000024
5724,2.1540000000000017
5725,2.0530000000000017
5726,2.5620000000000003
5727,2.049000000000002
5728,2.2490000000000023
5729,2.051000000000002
5730,2.2690000000000006
5731,2.1340000000000026
5732,2.0510000000000024
5733,2.039000000000002
5734,2.152000000000001
5735,2.043000000000002
5736,2.253000000000002
5737,2.554000000000002
5738,2.2390000000000025
5739,2.3540000000000023
5740,2.148000000000002
5741,1.9520000000000022
5742,2.0450000000000017
5743,2.0530000000000017
5744,2.3720000000000017
5745,2.150000000000002
5746,2.0550000000000024
5747,2.0530000000000017
5748,2.1560000000000015
5749,1.8430000000000017
5750,1.9540000000000017
5751,2.352000000000002
5752,2.160000000000001
5753,2.0510000000000015
5754,1.9480000000000013
5755,2.039000000000002
5756,2.035000000000002
5757,2.1440000000000023
5758,2.1520000000000015
5759,2.253000000000002
5760,2.2510000000000012
5761,1.9440000000000017
5762,2.1580000000000017
5763,2.1580000000000017
5764,1.9480000000000022
5765,1.6290000000000022
5766,2.0470000000000024
5767,2.2630000000000017
5768,2.2530000000000014
5769,2.0650000000000013
5770,2.039000000000003
5771,2.253000000000002
5772,2.049000000000002
5773,1.952000000000002
5774,2.1660000000000013
5775,1.9420000000000015
5776,2.0570000000000017
5777,2.2570000000000023
5778,2.1420000000000026
5779,2.451000000000002
5780,1.8510000000000013
5781,2.1400000000000023
5782,2.552000000000002
5783,2.043000000000002
5784,2.2530000000000014
5785,2.160000000000001
5786,1.8390000000000015
5787,2.0430000000000015
5788,2.463000000000001
5789,2.2670000000000012
5790,2.0410000000000017
5791,2.158000000000002
5792,2.2630000000000012
5793,2.051000000000002
5794,2.253000000000002
5795,2.2390000000000017
5796,2.043000000000002
5797,2.144000000000002
5798,2.0510000000000015
5799,1.9380000000000024
5800,1.8450000000000026
5801,2.0510000000000024
5802,1.9380000000000026
5803,2.047000000000003
5804,2.1580000000000026
5805,2.0530000000000017
5806,2.1380000000000017
5807,2.0550000000000015
5808,2.1580000000000017
5809,1.9380000000000017
5810,2.0310000000000024
5811,1.946000000000002
5812,2.4530000000000016
5813,2.0630000000000006
5814,2.134000000000002
5815,2.1540000000000017
5816,2.2570000000000023
5817,2.467000000000001
5818,2.043000000000002
5819,2.045000000000002
5820,2.3580000000000014
5821,1.940000000000002
5822,2.2570000000000014
5823,1.8590000000000015
5824,2.0530000000000013
5825,2.0410000000000026
5826,2.043000000000002
5827,2.459000000000002
5828,2.249000000000002
5829,2.1560000000000015
5830,1.944000000000002
5831,1.7420000000000015
5832,2.0450000000000026
5833,2.150000000000002
5834,2.1560000000000015
5835,1.8390000000000015
5836,1.9520000000000013
5837,2.4650000000000016
5838,2.2450000000000028
5839,2.255000000000002
5840,1.9440000000000017
5841,2.1720000000000006
5842,2.0490000000000017
5843,2.043000000000002
5844,2.144000000000002
5845,2.035000000000002
5846,1.7480000000000018
5847,1.9440000000000015
5848,1.9380000000000024
5849,1.9620000000000013
5850,2.1580000000000004
5851,2.039000000000002
5852,2.348000000000002
5853,1.9540000000000015
5854,2.1360000000000023
5855,2.039000000000002
5856,2.156000000000001
5857,1.9480000000000022
5858,2.0450000000000013
5859,1.9480000000000013
5860,2.1460000000000017
5861,2.0330000000000026
5862,2.0290000000000026
5863,2.3580000000000014
5864,2.162000000000002
5865,2.0470000000000015
5866,1.9500000000000015
5867,2.1460000000000017
5868,2.560000000000001
5869,1.940000000000002
5870,2.1500000000000017
5871,1.8550000000000018
5872,2.457000000000001
5873,2.2450000000000028
5874,2.2630000000000017
5875,1.9480000000000015
5876,2.043000000000003
5877,2.1500000000000017
5878,2.2470000000000017
5879,2.0490000000000013
5880,2.4570000000000016
5881,2.247000000000002
5882,1.9360000000000022
5883,1.940000000000002
5884,2.2390000000000025
5885,1.8450000000000022
5886,1.942000000000002
5887,2.1400000000000023
5888,2.148000000000002
5889,2.144000000000002
5890,2.2530000000000014
5891,1.9540000000000015
5892,1.8350000000000022
5893,2.1480000000000015
5894,2.249000000000002
5895,2.4650000000000016
5896,1.9300000000000024
5897,2.144000000000002
5898,2.176000000000001
5899,2.150000000000002
5900,2.1520000000000024
5901,2.162000000000001
5902,2.0490000000000017
5903,1.8310000000000022
5904,2.4490000000000025
5905,2.047000000000002
5906,1.9400000000000026
5907,2.3700000000000006
5908,2.160000000000002
5909,2.150000000000002
5910,1.9440000000000024
5911,2.249000000000002
5912,1.9420000000000022
5913,2.152000000000002
5914,1.9480000000000017
5915,1.8530000000000022
5916,1.9340000000000024
5917,2.039000000000003
5918,2.1560000000000015
5919,2.459000000000002
5920,2.0370000000000026
5921,2.459000000000002
5922,2.3540000000000014
5923,2.340000000000002
5924,2.0510000000000015
5925,1.9360000000000022
5926,2.0470000000000015
5927,1.3260000000000027
5928,2.261000000000001
5929,2.1380000000000026
5930,2.354000000000002
5931,2.152000000000002
5932,1.950000000000001
5933,2.356000000000001
5934,1.9560000000000013
5935,2.350000000000002
5936,2.0570000000000017
5937,2.251000000000002
5938,2.346000000000002
5939,2.249000000000001
5940,1.748000000000002
5941,2.3680000000000017
5942,2.0510000000000024
5943,1.8310000000000022
5944,2.164000000000001
5945,2.1520000000000015
5946,1.9560000000000017
5947,1.841000000000002
5948,1.8490000000000015
5949,1.9340000000000026
5950,2.0470000000000015
5951,1.7320000000000026
5952,1.9440000000000017
5953,1.5340000000000018
5954,2.3640000000000017
5955,2.0490000000000013
5956,2.2490000000000014
5957,2.1460000000000017
5958,2.350000000000002
5959,2.263000000000001
5960,2.0510000000000015
5961,2.0530000000000017
5962,2.0510000000000015
5963,2.3520000000000016
5964,2.160000000000001
5965,2.1400000000000023
5966,1.8450000000000017
5967,2.0410000000000017
5968,2.0470000000000015
5969,2.3480000000000016
5970,2.340000000000003
5971,2.2490000000000023
5972,1.940000000000002
5973,2.251000000000002
5974,2.136000000000002
5975,2.041000000000002
5976,1.9380000000000024
5977,2.3620000000000014
5978,2.253000000000002
5979,2.144000000000002
5980,2.1480000000000015
5981,2.0490000000000017
5982,2.0510000000000024
5983,2.263000000000001
5984,2.045000000000002
5985,2.245000000000002
5986,1.849000000000002
5987,2.045000000000002
5988,1.7380000000000022
5989,2.2610000000000015
5990,2.4470000000000023
5991,2.1500000000000012
5992,2.0510000000000015
5993,1.934000000000002
5994,2.249000000000002
5995,2.0490000000000017
5996,1.8450000000000022
5997,2.257000000000001
5998,1.9520000000000022
5999,2.249000000000002
6000,2.457000000000002
6001,2.045000000000002
6002,2.457000000000002
6003,2.360000000000001
6004,2.140000000000002
6005,2.3580000000000014
6006,1.7240000000000026
6007,2.368000000000001
6008,2.2550000000000017
6009,2.0530000000000013
6010,2.1440000000000023
6011,2.0490000000000017
6012,1.9500000000000022
6013,2.2590000000000017
6014,1.942000000000002
6015,1.9380000000000022
6016,2.2590000000000012
6017,1.9460000000000022
6018,1.9400000000000026
6019,1.9440000000000017
6020,1.9420000000000015
6021,2.0470000000000015
6022,1.9460000000000008
6023,2.5620000000000003
6024,1.9540000000000015
6025,2.352000000000002
6026,2.4450000000000025
6027,2.2670000000000012
6028,2.247000000000002
6029,1.942000000000002
6030,2.2530000000000014
6031,2.148000000000002
6032,2.138000000000003
6033,2.360000000000002
6034,2.346000000000002
6035,2.3560000000000016
6036,1.6450000000000011
6037,1.740000000000002
6038,2.251000000000002
6039,2.0390000000000024
6040,1.8490000000000018
6041,2.4410000000000025
6042,2.1360000000000023
6043,2.047000000000002
6044,2.0410000000000026
6045,2.360000000000001
6046,2.0390000000000024
6047,2.2550000000000017
6048,2.3560000000000016
6049,2.148000000000002
6050,2.2670000000000017
6051,2.2610000000000015
6052,1.9460000000000017
6053,1.9380000000000024
6054,1.9600000000000017
6055,1.9440000000000017
6056,1.944000000000002
6057,2.2490000000000028
6058,2.2590000000000017
6059,1.952000000000001
6060,2.156000000000002
6061,1.8310000000000022
6062,2.1580000000000017
6063,2.1560000000000015
6064,2.475000000000001
6065,2.570000000000001
6066,2.1480000000000015
6067,2.2570000000000023
6068,1.8470000000000013
6069,2.257000000000001
6070,2.0530000000000017
6071,2.249000000000002
6072,1.952000000000002
6073,2.0310000000000024
6074,2.049000000000002
6075,2.049000000000002
6076,2.56
6077,2.1620000000000017
6078,2.2430000000000025
6079,2.0370000000000026
6080,2.051000000000002
6081,2.146000000000002
6082,2.059000000000001
6083,2.3480000000000025
6084,2.253000000000002
6085,2.045000000000002
6086,1.9460000000000024
6087,2.2610000000000015
6088,1.9560000000000024
6089,2.142000000000002
6090,1.629000000000002
6091,2.156000000000001
6092,2.164000000000001
6093,2.265000000000001
6094,2.0550000000000015
6095,2.041000000000002
6096,2.1460000000000017
6097,2.2470000000000017
6098,2.3480000000000025
6099,2.1400000000000023
6100,2.047000000000003
6101,1.9480000000000015
6102,2.447000000000002
6103,2.550000000000002
6104,2.251000000000002
6105,2.455000000000002
6106,2.2550000000000017
6107,1.9400000000000022
6108,2.0470000000000024
6109,2.1480000000000024
6110,2.1480000000000015
6111,2.0610000000000013
6112,2.0370000000000026
6113,1.6290000000000022
6114,2.0330000000000017
6115,2.1420000000000026
6116,1.9500000000000015
6117,2.1680000000000006
6118,2.0570000000000017
6119,2.4670000000000005
6120,1.734000000000002
6121,2.2670000000000017
6122,2.3640000000000008
6123,2.2750000000000012
6124,2.1400000000000023
6125,1.9500000000000017
6126,2.3680000000000017
6127,2.1460000000000017
6128,2.2470000000000026
6129,2.0510000000000015
6130,1.9480000000000022
6131,2.257000000000002
6132,2.1380000000000026
6133,2.2530000000000014
6134,2.0430000000000024
6135,2.2610000000000015
6136,2.144000000000002
6137,2.154000000000001
6138,1.942000000000002
6139,2.154000000000002
6140,1.8470000000000013
6141,2.0470000000000024
6142,2.1520000000000015
6143,1.9600000000000015
6144,2.3520000000000016
6145,2.053000000000002
6146,2.354000000000002
6147,1.7300000000000018
6148,2.1600000000000015
6149,2.156000000000002
6150,1.9440000000000024
6151,2.3480000000000016
6152,2.168000000000002
6153,2.146000000000002
6154,2.0570000000000017
6155,2.1580000000000017
6156,2.269000000000001
6157,2.2390000000000017
6158,1.8490000000000018
6159,2.2490000000000014
6160,2.356000000000002
6161,2.245000000000002
6162,2.148000000000002
6163,2.1400000000000023
6164,2.1520000000000015
6165,2.0550000000000015
6166,2.356000000000002
6167,1.9520000000000013
6168,2.457000000000002
6169,2.1520000000000024
6170,2.1440000000000015
6171,2.360000000000001
6172,2.1620000000000017
6173,2.4450000000000025
6174,2.461000000000001
6175,1.8510000000000022
6176,2.255000000000002
6177,2.3640000000000008
6178,1.9380000000000024
6179,2.354000000000001
6180,2.1540000000000017
6181,1.952000000000002
6182,2.0430000000000015
6183,2.1440000000000023
6184,2.366000000000001
6185,2.144000000000002
6186,2.5520000000000014
6187,2.037000000000002
6188,2.061000000000001
6189,2.261000000000002
6190,1.9600000000000015
6191,2.251000000000002
6192,2.1660000000000013
6193,2.160000000000001
6194,2.3580000000000014
6195,1.9400000000000022
6196,2.1600000000000015
6197,1.8350000000000022
6198,2.4530000000000025
6199,2.2410000000000023
6200,2.158000000000002
6201,2.144000000000002
6202,2.047000000000003
6203,2.261000000000002
6204,2.146000000000002
6205,1.9460000000000013
6206,2.4650000000000016
6207,2.4630000000000014
6208,2.1580000000000017
6209,2.247000000000002
6210,2.045000000000002
6211,2.1420000000000026
6212,2.2510000000000017
6213,2.245000000000002
6214,2.2570000000000014
6215,2.1440000000000015
6216,2.3460000000000023
6217,2.051000000000002
6218,2.0510000000000015
6219,2.0510000000000015
6220,2.291000000000001
6221,1.746000000000002
6222,2.3380000000000027
6223,1.9420000000000022
6224,2.247000000000002
6225,2.152000000000001
6226,2.2570000000000014
6227,2.043000000000002
6228,2.259000000000002
6229,2.2710000000000012
6230,2.0410000000000017
6231,1.9460000000000017
6232,2.3480000000000016
6233,1.9380000000000022
6234,1.946000000000002
6235,2.447000000000002
6236,2.6710000000000003
6237,2.354000000000002
6238,2.3720000000000017
6239,2.150000000000002
6240,2.3640000000000017
6241,2.2490000000000023
6242,1.8390000000000024
6243,2.2410000000000023
6244,2.1380000000000026
6245,2.2590000000000017
6246,2.253000000000002
6247,2.160000000000002
6248,2.2550000000000012
6249,2.0470000000000015
6250,2.4530000000000016
6251,2.1440000000000015
6252,2.3620000000000014
6253,2.0510000000000015
6254,2.1560000000000015
6255,2.2590000000000017
6256,2.2470000000000017
6257,1.8330000000000024
6258,2.1380000000000026
6259,1.9480000000000017
6260,2.249000000000002
6261,1.934000000000002
6262,1.946000000000002
6263,1.9480000000000026
6264,2.556000000000002
6265,2.239000000000002
6266,2.0530000000000017
6267,2.1420000000000017
6268,2.1520000000000024
6269,2.245000000000002
6270,1.9540000000000017
6271,1.950000000000002
6272,2.0490000000000017
6273,2.245000000000002
6274,2.340000000000002
6275,2.170000000000001
6276,2.146000000000002
6277,2.140000000000003
6278,1.9440000000000024
6279,2.263000000000001
6280,2.148000000000002
6281,2.0530000000000017
6282,2.2550000000000017
6283,2.354000000000002
6284,2.4490000000000025
6285,2.453000000000002
6286,2.4550000000000014
6287,2.1580000000000017
6288,1.8390000000000024
6289,1.9440000000000013
6290,1.9480000000000017
6291,2.352000000000002
6292,2.1500000000000012
6293,2.356000000000002
6294,2.2530000000000014
6295,1.946000000000002
6296,2.2590000000000017
6297,1.855000000000002
6298,2.053000000000002
6299,2.045000000000002
6300,2.451000000000002
6301,2.154000000000002
6302,2.0430000000000024
6303,2.144000000000002
6304,1.8410000000000022
6305,2.1480000000000015
6306,1.9420000000000022
6307,2.0470000000000024
6308,2.354000000000002
6309,2.2410000000000023
6310,2.346000000000002
6311,1.7400000000000018
6312,2.053000000000002
6313,2.243000000000002
6314,2.2670000000000017
6315,2.4510000000000023
6316,2.146000000000002
6317,2.2510000000000017
6318,2.1580000000000017
6319,1.950000000000001
6320,2.0610000000000013
6321,2.4490000000000025
6322,2.063000000000001
6323,2.035000000000002
6324,2.3520000000000016
6325,2.2550000000000012
6326,1.944000000000002
6327,2.1580000000000017
6328,2.0470000000000024
6329,2.2610000000000006
6330,2.0430000000000015
6331,2.2390000000000017
6332,2.1440000000000023
6333,2.2550000000000017
6334,2.1440000000000023
6335,2.3440000000000016
6336,1.859000000000001
6337,2.063000000000001
6338,1.9500000000000015
6339,2.2510000000000017
6340,2.1320000000000023
6341,2.350000000000002
6342,2.253000000000002
6343,2.245000000000002
6344,2.1560000000000015
6345,2.1580000000000017
6346,2.0610000000000017
6347,2.156000000000002
6348,1.9380000000000022
6349,2.350000000000002
6350,2.0350000000000024
6351,2.150000000000002
6352,2.1520000000000015
6353,2.350000000000002
6354,1.9380000000000024
6355,2.0390000000000015
6356,2.1580000000000017
6357,1.732000000000002
6358,2.2530000000000014
6359,1.9540000000000015
6360,2.158000000000002
6361,2.2410000000000023
6362,2.144000000000002
6363,2.354000000000002
6364,1.9460000000000022
6365,2.5620000000000003
6366,2.1440000000000023
6367,2.045000000000002
6368,1.9540000000000015
6369,1.940000000000002
6370,2.239000000000002
6371,1.7400000000000022
6372,1.952000000000002
6373,2.360000000000001
6374,2.0450000000000017
6375,2.5520000000000014
6376,2.3500000000000023
6377,2.1620000000000013
6378,2.1580000000000017
6379,2.1520000000000015
6380,2.4550000000000014
6381,2.1500000000000012
6382,2.2430000000000017
6383,2.3640000000000017
6384,1.841000000000002
6385,2.247000000000002
6386,2.249000000000002
6387,2.148000000000002
6388,2.047000000000002
6389,1.952000000000002
6390,1.7280000000000022
6391,1.9360000000000017
6392,2.253000000000002
6393,2.1560000000000015
6394,2.253000000000002
6395,2.4630000000000014
6396,2.1580000000000017
6397,2.251000000000002
6398,2.3680000000000008
6399,2.2550000000000017
6400,2.0530000000000026
6401,2.2470000000000017
6402,2.348000000000002
6403,2.1660000000000017
6404,2.1420000000000017
6405,2.150000000000002
6406,1.940000000000002
6407,2.1520000000000024
6408,2.0350000000000024
6409,2.2550000000000017
6410,2.356000000000002
6411,2.0610000000000017
6412,1.8510000000000018
6413,2.451000000000002
6414,2.1580000000000026
6415,2.152000000000002
6416,2.0570000000000017
6417,2.364000000000001
6418,1.9360000000000022
6419,2.4630000000000014
6420,2.1420000000000026
6421,2.245000000000002
6422,2.1500000000000012
6423,2.249000000000002
6424,2.269000000000001
6425,2.0530000000000017
6426,2.1460000000000017
6427,2.144000000000002
6428,2.1540000000000017
6429,1.9460000000000022
6430,2.047000000000002
6431,2.445000000000002
6432,2.1420000000000026
6433,2.3380000000000027
6434,2.1520000000000015
6435,2.463000000000002
6436,2.1580000000000013
6437,2.1600000000000015
6438,2.049000000000002
6439,2.560000000000001
6440,2.3580000000000014
6441,1.744000000000002
6442,2.039000000000002
6443,2.364000000000001
6444,2.451000000000002
6445,2.346000000000002
6446,2.4450000000000025
6447,2.243000000000002
6448,2.2450000000000023
6449,2.3440000000000025
6450,2.0470000000000024
6451,2.1560000000000015
6452,2.340000000000002
6453,1.9580000000000013
6454,2.3460000000000023
6455,2.245000000000002
6456,2.1520000000000024
6457,2.2430000000000017
6458,2.1460000000000012
6459,2.150000000000002
6460,2.1540000000000017
6461,2.247000000000002
6462,2.144000000000002
6463,2.0470000000000024
6464,2.0430000000000024
6465,1.944000000000002
6466,2.150000000000002
6467,2.154000000000002
6468,2.2450000000000028
6469,2.160000000000002
6470,2.4630000000000014
6471,2.146000000000002
6472,2.1400000000000023
6473,2.2550000000000012
6474,2.152000000000002
6475,2.150000000000002
6476,1.9380000000000022
6477,2.352000000000002
6478,2.4470000000000023
6479,2.150000000000002
6480,1.9360000000000022
6481,2.043000000000002
6482,2.265000000000001
6483,2.1500000000000012
6484,2.0390000000000024
6485,2.1560000000000024
6486,2.2730000000000015
6487,1.7480000000000018
6488,1.9360000000000028
6489,2.1700000000000013
6490,2.255000000000002
6491,2.243000000000002
6492,2.5480000000000023
6493,1.944000000000002
6494,2.3460000000000023
6495,2.1620000000000017
6496,2.047000000000002
6497,2.0530000000000017
6498,2.3480000000000016
6499,2.0430000000000015
6500,2.3660000000000014
6501,1.7480000000000016
6502,2.0470000000000024
6503,2.2550000000000012
6504,2.2650000000000015
6505,2.255000000000002
6506,2.2630000000000017
6507,1.9360000000000028
6508,2.0510000000000024
6509,2.146000000000002
6510,2.4430000000000023
6511,1.8370000000000015
6512,2.3520000000000025
6513,1.948000000000001
6514,2.3620000000000014
6515,2.0510000000000006
6516,2.1500000000000017
6517,2.144000000000002
6518,2.4610000000000016
6519,2.0470000000000015
6520,1.7500000000000013
6521,2.146000000000002
6522,2.0330000000000026
6523,2.2450000000000023
6524,2.362000000000001
6525,2.1440000000000023
6526,2.144000000000002
6527,1.8570000000000022
6528,2.5540000000000016
6529,2.0590000000000015
6530,2.0530000000000017
6531,2.1580000000000017
6532,1.734000000000002
6533,1.9420000000000022
6534,1.952000000000001
6535,2.146000000000002
6536,2.344000000000002
6537,1.960000000000001
6538,2.0410000000000026
6539,2.146000000000002
6540,2.249000000000002
6541,2.1500000000000012
6542,2.1520000000000015
6543,2.459000000000002
6544,2.160000000000002
6545,1.8370000000000022
6546,2.162000000000001
6547,1.8410000000000013
6548,2.2570000000000023
6549,2.045000000000002
6550,2.554000000000002
6551,1.9400000000000022
6552,2.3500000000000028
6553,2.364000000000001
6554,2.146000000000002
6555,2.1360000000000023
6556,1.8510000000000018
6557,2.2510000000000017
6558,2.2670000000000012
6559,1.839000000000002
6560,1.7480000000000016
6561,2.1520000000000015
6562,2.158000000000001
6563,2.0330000000000026
6564,2.356000000000001
6565,2.0570000000000017
6566,2.2630000000000017
6567,2.154000000000002
6568,2.455000000000002
6569,2.2610000000000015
6570,2.1420000000000026
6571,1.9480000000000017
6572,1.9560000000000017
6573,2.352000000000002
6574,2.059000000000001
6575,2.370000000000001
6576,2.457000000000001
6577,1.9500000000000015
6578,2.2490000000000014
6579,1.9540000000000024
6580,1.8470000000000013
6581,2.5540000000000025
6582,2.1480000000000024
6583,2.1540000000000012
6584,2.449000000000002
6585,2.2630000000000017
6586,2.360000000000001
6587,1.6410000000000011
6588,2.352000000000002
6589,2.148000000000002
6590,2.344000000000002
6591,2.4530000000000016
6592,1.9420000000000024
6593,2.360000000000001
6594,2.0370000000000017
6595,2.239000000000002
6596,1.942000000000002
6597,2.1480000000000015
6598,2.0410000000000026
6599,2.1460000000000017
6600,1.6410000000000016
6601,1.831000000000003
6602,2.160000000000001
6603,2.2630000000000017
6604,2.0730000000000013
6605,2.158000000000001
6606,2.265000000000001
6607,1.9500000000000015
6608,2.3480000000000025
6609,2.138000000000002
6610,1.8410000000000022
6611,2.461000000000001
6612,1.845000000000002
6613,1.8530000000000015
6614,2.2570000000000014
6615,2.3600000000000017
6616,2.263000000000001
6617,2.057000000000001
6618,2.0510000000000015
6619,2.146000000000002
6620,1.9500000000000017
6621,2.261000000000001
6622,2.3540000000000014
6623,2.035000000000002
6624,2.0570000000000017
6625,2.5660000000000003
6626,2.249000000000002
6627,2.3560000000000016
6628,2.152000000000002
6629,2.4490000000000025
6630,2.148000000000002
6631,2.265000000000001
6632,2.348000000000002
6633,2.0410000000000017
6634,2.144000000000003
6635,2.1580000000000017
6636,2.146000000000002
6637,2.251000000000002
6638,2.140000000000002
6639,2.257000000000002
6640,2.2470000000000026
6641,2.251000000000002
6642,1.8450000000000015
6643,2.1500000000000017
6644,2.5480000000000023
6645,2.3560000000000016
6646,2.2370000000000028
6647,2.158000000000002
6648,2.2510000000000017
6649,1.9540000000000015
6650,1.635000000000002
6651,1.9420000000000015
6652,2.0450000000000017
6653,2.043000000000003
6654,1.942000000000002
6655,2.144000000000002
6656,1.956000000000001
6657,2.251000000000002
6658,2.4590000000000023
6659,2.2490000000000028
6660,1.8370000000000024
6661,2.0450000000000013
6662,2.253000000000002
6663,2.041000000000003
6664,2.2510000000000017
6665,2.2510000000000026
6666,2.144000000000002
6667,2.457000000000001
6668,2.0450000000000017
6669,2.1520000000000015
6670,2.2410000000000023
6671,2.1480000000000024
6672,2.275000000000001
6673,2.350000000000002
6674,2.461000000000002
6675,1.9460000000000017
6676,2.360000000000001
6677,2.1560000000000024
6678,2.4650000000000007
6679,2.0570000000000017
6680,1.9500000000000015
6681,2.2570000000000014
6682,2.366000000000001
6683,2.1420000000000017
6684,2.051000000000002
6685,2.1480000000000024
6686,1.9360000000000022
6687,2.247000000000002
6688,2.249000000000002
6689,2.247000000000002
6690,2.1520000000000024
6691,1.956000000000001
6692,2.0470000000000015
6693,2.049000000000002
6694,1.9340000000000028
6695,2.1500000000000017
6696,1.9340000000000026
6697,2.554000000000002
6698,2.3700000000000014
6699,2.0550000000000024
6700,1.9460000000000022
6701,2.0510000000000015
6702,2.1520000000000015
6703,2.0450000000000026
6704,2.1400000000000023
6705,2.255000000000002
6706,2.2410000000000014
6707,2.3520000000000016
6708,2.1520000000000024
6709,1.7300000000000026
6710,2.043000000000002
6711,2.249000000000002
6712,2.1480000000000024
6713,1.8410000000000013
6714,1.841000000000002
6715,1.950000000000002
6716,1.9460000000000013
6717,2.2530000000000014
6718,1.8350000000000022
6719,2.1380000000000026
6720,2.1560000000000015
6721,2.2550000000000017
6722,1.7360000000000029
6723,2.3460000000000023
6724,2.348000000000002
6725,1.841000000000002
6726,2.265000000000001
6727,2.350000000000002
6728,1.8410000000000022
6729,1.9460000000000013
6730,2.2470000000000017
6731,2.2530000000000014
6732,2.2430000000000025
6733,2.0630000000000015
6734,2.3560000000000016
6735,2.0390000000000024
6736,2.439000000000002
6737,1.940000000000002
6738,2.128000000000003
6739,1.8490000000000018
6740,2.152000000000003
6741,2.2570000000000014
6742,2.150000000000002
6743,2.259000000000002
6744,2.146000000000002
6745,2.1540000000000017
6746,2.0610000000000017
6747,2.1520000000000024
6748,2.0470000000000015
6749,2.261000000000001
6750,2.045000000000002
6751,2.0470000000000015
6752,2.352000000000002
6753,1.9480000000000017
6754,1.9480000000000022
6755,2.2430000000000017
6756,2.0430000000000015
6757,2.2590000000000012
6758,1.7360000000000029
6759,2.249000000000002
6760,2.2550000000000012
6761,1.9300000000000024
6762,2.2450000000000023
6763,2.3640000000000017
6764,2.0530000000000013
6765,2.0550000000000015
6766,2.144000000000002
6767,2.461000000000001
6768,2.265000000000002
6769,2.255000000000002
6770,2.035000000000002
6771,2.261000000000001
6772,2.4410000000000025
6773,2.1540000000000017
6774,2.1560000000000024
6775,2.1500000000000026
6776,2.267000000000001
6777,2.3680000000000008
6778,2.0550000000000015
6779,2.558000000000001
6780,1.8590000000000018
6781,2.3420000000000027
6782,2.0510000000000015
6783,1.760000000000002
6784,2.1520000000000015
6785,1.8450000000000015
6786,1.8430000000000015
6787,2.5640000000000005
6788,1.9540000000000017
6789,2.055000000000002
6790,2.457000000000002
6791,2.0490000000000017
6792,2.0530000000000026
6793,2.265000000000001
6794,2.1520000000000015
6795,2.055000000000001
6796,2.0470000000000024
6797,2.0530000000000017
6798,2.0450000000000017
6799,2.249000000000001
6800,2.0510000000000024
6801,2.2430000000000025
6802,2.051000000000002
6803,1.9520000000000013
6804,2.2590000000000017
6805,2.245000000000002
6806,2.3640000000000008
6807,1.6390000000000018
6808,2.047000000000002
6809,2.0530000000000013
6810,1.9500000000000015
6811,2.3620000000000014
6812,2.2590000000000017
6813,2.358000000000002
6814,1.847000000000002
6815,2.2510000000000017
6816,2.1540000000000017
6817,2.1540000000000017
6818,1.8490000000000009
6819,2.265000000000001
6820,2.0490000000000017
6821,2.4690000000000016
6822,1.9500000000000015
6823,2.140000000000002
6824,2.041000000000002
6825,2.162000000000001
6826,1.9400000000000015
6827,2.243000000000002
6828,2.4690000000000007
6829,2.061000000000002
6830,2.241000000000002
6831,2.360000000000002
6832,1.9440000000000017
6833,2.2470000000000026
6834,1.9420000000000022
6835,1.645000000000001
6836,2.0430000000000015
6837,2.160000000000002
6838,2.344000000000002
6839,2.2390000000000017
6840,2.1420000000000017
6841,2.352000000000002
6842,2.4650000000000016
6843,2.364000000000001
6844,2.045000000000003
6845,2.0290000000000026
6846,2.459000000000002
6847,1.9440000000000017
6848,2.0530000000000017
6849,2.0370000000000017
6850,2.2550000000000017
6851,2.164000000000001
6852,2.2670000000000017
6853,2.156000000000002
6854,2.043000000000003
6855,2.1540000000000017
6856,2.1340000000000026
6857,2.1400000000000023
6858,2.150000000000002
6859,2.3680000000000008
6860,2.1460000000000017
6861,2.5660000000000003
6862,2.251000000000002
6863,2.148000000000002
6864,2.146000000000002
6865,2.3540000000000023
6866,2.150000000000002
6867,2.160000000000002
6868,1.9500000000000017
6869,2.255000000000002
6870,2.3580000000000023
6871,2.1540000000000017
6872,2.4530000000000016
6873,2.2570000000000014
6874,1.952000000000002
6875,2.051000000000002
6876,2.156000000000002
6877,2.154000000000002
6878,2.2470000000000017
6879,2.2550000000000017
6880,2.3480000000000016
6881,1.9340000000000024
6882,2.170000000000001
6883,2.140000000000002
6884,2.477000000000001
6885,2.1580000000000017
6886,2.055000000000002
6887,1.8570000000000015
6888,2.1580000000000017
6889,2.352000000000002
6890,2.148000000000002
6891,1.9500000000000015
6892,1.9380000000000022
6893,2.253000000000002
6894,2.350000000000002
6895,2.049000000000002
6896,2.451000000000002
6897,2.3460000000000023
6898,2.3480000000000025
6899,2.344000000000002
6900,2.3380000000000027
6901,2.142000000000002
6902,2.144000000000002
6903,2.1540000000000017
6904,1.9380000000000017
6905,2.0530000000000017
6906,1.9440000000000024
6907,2.237000000000003
6908,1.9440000000000017
6909,2.3560000000000016
6910,2.255000000000002
6911,2.1380000000000026
6912,2.1580000000000017
6913,2.4550000000000023
6914,2.146000000000002
6915,1.950000000000001
6916,2.1440000000000023
6917,1.9380000000000024
6918,2.257000000000001
6919,2.055000000000002
6920,2.362000000000001
6921,2.2650000000000015
6922,2.3520000000000016
6923,2.1740000000000013
6924,2.160000000000002
6925,2.558000000000002
6926,2.154000000000001
6927,2.0430000000000015
6928,1.938000000000003
6929,2.350000000000002
6930,2.0490000000000013
6931,2.0510000000000015
6932,1.9380000000000017
6933,2.037000000000003
6934,2.2610000000000015
6935,2.453000000000002
6936,2.0510000000000015
6937,2.0330000000000017
6938,2.3580000000000014
6939,2.152000000000002
6940,1.9520000000000015
6941,1.744000000000002
6942,2.063000000000001
6943,2.0570000000000013
6944,1.7460000000000022
6945,2.3620000000000014
6946,2.0450000000000013
6947,1.8490000000000018
6948,2.3620000000000014
6949,2.257000000000002
6950,2.144000000000002
6951,2.255000000000002
6952,2.257000000000002
6953,1.849000000000001
6954,2.146000000000002
6955,2.154000000000002
6956,1.944000000000002
6957,1.9520000000000013
6958,2.051000000000002
6959,2.354000000000002
6960,2.1560000000000015
6961,2.0350000000000024
6962,1.9620000000000015
6963,2.3520000000000016
6964,1.8430000000000024
6965,2.150000000000002
6966,2.245000000000002
6967,2.350000000000002
6968,2.150000000000002
6969,0.9240000000000004
6970,2.1560000000000015
6971,2.350000000000002
6972,2.251000000000002
6973,2.140000000000002
6974,2.2530000000000014
6975,2.1560000000000024
6976,2.1400000000000023
6977,2.1500000000000012
6978,2.4590000000000014
6979,1.8390000000000024
6980,2.657000000000002
6981,2.2550000000000017
6982,2.243000000000002
6983,2.055000000000002
6984,2.3540000000000014
6985,2.154000000000002
6986,2.051000000000002
6987,2.1480000000000015
6988,2.035000000000003
6989,2.039000000000002
6990,2.063000000000002
6991,1.9500000000000022
6992,2.045000000000002
6993,2.1540000000000017
6994,2.0370000000000017
6995,2.1440000000000023
6996,2.144000000000002
6997,1.8430000000000029
6998,2.5480000000000023
6999,2.0550000000000015
7000,2.2510000000000012
7001,2.1520000000000015
7002,2.0510000000000024
7003,1.9500000000000015
7004,2.2670000000000012
7005,2.348000000000002
7006,1.9420000000000022
7007,1.952000000000002
7008,2.148000000000002
7009,2.043000000000002
7010,2.251000000000002
7011,2.560000000000001
7012,2.0590000000000015
7013,2.0470000000000024
7014,2.0570000000000013
7015,2.249000000000002
7016,2.1520000000000015
7017,2.5520000000000014
7018,2.257000000000002
7019,2.1660000000000004
7020,2.249000000000002
7021,2.251000000000002
7022,2.1600000000000015
7023,2.049000000000002
7024,1.9380000000000013
7025,2.243000000000002
7026,2.354000000000002
7027,1.8410000000000017
7028,2.2510000000000012
7029,2.1500000000000017
7030,2.255000000000002
7031,2.3460000000000023
7032,2.2550000000000012
7033,2.247000000000002
7034,2.348000000000001
7035,2.039000000000002
7036,2.144000000000002
7037,2.3500000000000023
7038,2.4630000000000014
7039,2.0470000000000015
7040,1.940000000000002
7041,2.1540000000000017
7042,2.055000000000002
7043,1.544000000000001
7044,2.455000000000002
7045,2.156000000000002
7046,2.146000000000002
7047,2.255000000000002
7048,2.249000000000002
7049,2.3540000000000014
7050,1.9480000000000017
7051,2.148000000000002
7052,2.0530000000000017
7053,2.1460000000000026
7054,2.2710000000000012
7055,2.1440000000000023
7056,2.043000000000002
7057,2.572000000000001
7058,2.0450000000000013
7059,2.253000000000002
7060,2.2430000000000025
7061,2.043000000000002
7062,2.2550000000000017
7063,2.461000000000001
7064,2.564000000000001
7065,2.142000000000002
7066,2.1400000000000023
7067,2.2470000000000017
7068,1.8430000000000013
7069,2.0510000000000024
7070,2.251000000000002
7071,1.9380000000000022
7072,2.249000000000002
7073,2.350000000000002
7074,1.9540000000000015
7075,1.950000000000002
7076,1.950000000000001
7077,2.669000000000001
7078,2.041000000000002
7079,2.352000000000002
7080,2.251000000000002
7081,2.0510000000000015
7082,1.8550000000000009
7083,1.9540000000000017
7084,2.0310000000000024
7085,2.3480000000000025
7086,2.360000000000002
7087,2.156000000000002
7088,2.2450000000000023
7089,2.041000000000002
7090,2.051000000000002
7091,2.1580000000000017
7092,2.142000000000002
7093,2.049000000000002
7094,2.1700000000000013
7095,2.3560000000000016
7096,1.8370000000000024
7097,2.560000000000001
7098,2.051000000000002
7099,2.164000000000001
7100,2.2470000000000017
7101,1.9500000000000008
7102,1.9520000000000015
7103,2.037000000000002
7104,2.2410000000000023
7105,1.9520000000000013
7106,2.1360000000000023
7107,1.839000000000002
7108,1.9480000000000022
7109,1.9540000000000017
7110,2.568000000000002
7111,1.9440000000000017
7112,2.2590000000000017
7113,2.0390000000000024
7114,2.0530000000000017
7115,2.449000000000002
7116,2.251000000000002
7117,2.0450000000000026
7118,2.360000000000002
7119,2.5400000000000027
7120,2.045000000000002
7121,2.2470000000000017
7122,2.0410000000000013
7123,2.0490000000000026
7124,2.1440000000000023
7125,1.7500000000000018
7126,2.0550000000000024
7127,2.045000000000002
7128,2.1540000000000017
7129,2.253000000000002
7130,2.352000000000002
7131,2.160000000000002
7132,2.0610000000000013
7133,1.932000000000003
7134,2.047000000000002
7135,2.451000000000002
7136,2.1380000000000026
7137,2.253000000000002
7138,2.0470000000000024
7139,2.045000000000002
7140,2.148000000000003
7141,2.4530000000000016
7142,2.5720000000000014
7143,1.8430000000000015
7144,2.0390000000000024
7145,1.936000000000002
7146,2.150000000000002
7147,2.0410000000000026
7148,2.243000000000002
7149,2.146000000000002
7150,2.1580000000000017
7151,2.047000000000002
7152,2.0530000000000017
7153,2.1540000000000017
7154,2.043000000000002
7155,2.2530000000000014
7156,2.3620000000000014
7157,2.2610000000000015
7158,2.2430000000000025
7159,2.045000000000002
7160,2.158000000000001
7161,1.8670000000000013
7162,2.3420000000000027
7163,2.043000000000002
7164,2.061000000000002
7165,2.556000000000002
7166,2.0510000000000015
7167,2.364000000000002
7168,2.356000000000002
7169,1.9420000000000015
7170,2.1580000000000017
7171,2.160000000000001
7172,2.0590000000000015
7173,2.249000000000001
7174,2.2570000000000014
7175,1.9420000000000024
7176,2.049000000000002
7177,2.2610000000000015
7178,2.158000000000001
7179,2.455000000000002
7180,1.9420000000000015
7181,2.063000000000001
7182,2.150000000000002
7183,2.0310000000000024
7184,2.142000000000002
7185,2.459000000000002
7186,1.9400000000000022
7187,2.051000000000002
7188,1.9540000000000013
7189,1.946000000000002
7190,2.146000000000002
7191,1.9380000000000024
7192,1.845000000000001
7193,2.4530000000000016
7194,2.158000000000002
7195,1.9540000000000015
7196,2.4510000000000023
7197,2.150000000000002
7198,2.2570000000000014
7199,1.934000000000002
7200,2.253000000000002
7201,2.0510000000000024
7202,1.9400000000000026
7203,2.2450000000000023
7204,2.0570000000000017
7205,2.354000000000002
7206,2.249000000000002
7207,2.5620000000000016
7208,2.148000000000002
7209,2.0470000000000024
7210,2.1540000000000017
7211,2.035000000000002
7212,2.140000000000002
7213,1.9440000000000015
7214,2.0510000000000024
7215,2.0490000000000017
7216,2.0370000000000017
7217,1.9440000000000015
7218,1.9320000000000022
7219,2.140000000000002
7220,2.2590000000000012
7221,2.2570000000000014
7222,2.1560000000000015
7223,1.6350000000000018
7224,2.2550000000000017
7225,2.2610000000000015
7226,2.051000000000002
7227,2.2430000000000017
7228,2.1460000000000026
7229,2.059000000000001
7230,2.1520000000000015
7231,2.1620000000000017
7232,2.1320000000000023
7233,2.3520000000000016
7234,2.3540000000000023
7235,2.1560000000000015
7236,2.2550000000000026
7237,2.358000000000002
7238,2.047000000000002
7239,1.9540000000000013
7240,2.243000000000002
7241,2.1500000000000017
7242,2.3640000000000017
7243,1.8510000000000018
7244,2.352000000000002
7245,2.146000000000002
7246,2.3560000000000016
7247,2.0570000000000017
7248,2.3620000000000014
7249,2.055000000000001
7250,2.043000000000001
7251,1.8510000000000013
7252,2.3440000000000025
7253,2.144000000000002
7254,2.0450000000000017
7255,2.4710000000000014
7256,2.3640000000000017
7257,1.8410000000000022
7258,2.045000000000002
7259,2.039000000000002
7260,2.0450000000000017
7261,2.251000000000002
7262,2.350000000000002
7263,2.148000000000002
7264,2.243000000000002
7265,2.144000000000002
7266,2.0570000000000017
7267,2.3660000000000014
7268,2.156000000000002
7269,2.1460000000000026
7270,2.0610000000000017
7271,2.130000000000003
7272,2.0570000000000017
7273,2.261000000000001
7274,2.2510000000000012
7275,2.148000000000002
7276,2.150000000000002
7277,2.457000000000001
7278,2.251000000000002
7279,2.356000000000002
7280,2.039000000000002
7281,2.1520000000000024
7282,2.160000000000001
7283,2.346000000000002
7284,1.9440000000000024
7285,2.1580000000000013
7286,2.358000000000001
7287,2.2470000000000026
7288,2.2530000000000014
7289,2.2570000000000014
7290,2.1520000000000015
7291,2.1520000000000024
7292,1.936000000000002
7293,2.235000000000002
7294,2.3740000000000006
7295,2.043000000000002
7296,2.455000000000002
7297,2.249000000000002
7298,2.160000000000001
7299,2.1400000000000023
7300,2.2570000000000023
7301,2.3580000000000014
7302,2.039000000000001
7303,1.8570000000000022
7304,2.368000000000001
7305,1.9440000000000024
7306,2.148000000000002
7307,2.251000000000002
7308,1.8430000000000015
7309,2.1540000000000017
7310,2.144000000000001
7311,2.5680000000000005
7312,2.4590000000000014
7313,2.2510000000000012
7314,2.0490000000000026
7315,2.2590000000000003
7316,2.3520000000000016
7317,2.3600000000000017
7318,2.3380000000000023
7319,2.148000000000002
7320,2.3500000000000014
7321,2.154000000000002
7322,2.245000000000002
7323,1.9540000000000008
7324,2.067000000000001
7325,2.350000000000002
7326,2.2590000000000017
7327,2.1580000000000017
7328,2.049000000000002
7329,2.2590000000000017
7330,1.9360000000000022
7331,2.045000000000002
7332,2.0410000000000017
7333,2.1400000000000023
7334,2.049000000000002
7335,2.0450000000000017
7336,2.1560000000000024
7337,2.2550000000000017
7338,2.0470000000000024
7339,2.1560000000000024
7340,2.453000000000001
7341,2.146000000000002
7342,1.9340000000000026
7343,2.150000000000002
7344,2.348000000000002
7345,2.2450000000000028
7346,2.063000000000001
7347,2.055000000000002
7348,2.2550000000000012
7349,2.2550000000000012
7350,2.356000000000002
7351,2.257000000000002
7352,2.0550000000000015
7353,2.156000000000002
7354,2.556000000000001
7355,2.1680000000000006
7356,2.059000000000002
7357,2.4830000000000005
7358,2.2590000000000017
7359,2.239000000000002
7360,2.3660000000000014
7361,2.138000000000002
7362,2.0570000000000017
7363,2.1580000000000013
7364,1.9500000000000017
7365,2.3680000000000017
7366,2.1520000000000024
7367,2.3480000000000016
7368,2.249000000000002
7369,2.1540000000000017
7370,2.152000000000002
7371,2.2490000000000028
7372,1.9440000000000024
7373,2.154000000000002
7374,2.071000000000001
7375,2.2650000000000015
7376,2.045000000000002
7377,2.063000000000001
7378,2.2610000000000015
7379,2.265000000000001
7380,2.0570000000000017
7381,2.150000000000002
7382,1.7500000000000022
7383,2.156000000000002
7384,2.461000000000002
7385,2.3580000000000023
7386,2.253000000000002
7387,1.9420000000000022
7388,2.059000000000002
7389,2.140000000000002
7390,2.142000000000002
7391,2.356000000000002
7392,2.158000000000001
7393,2.059000000000001
7394,2.0410000000000026
7395,2.0530000000000013
7396,1.841000000000002
7397,2.370000000000001
7398,2.3460000000000023
7399,1.9580000000000013
7400,2.271000000000001
7401,2.043000000000002
7402,1.8350000000000029
7403,2.1560000000000015
7404,2.059000000000002
7405,2.142000000000002
7406,2.1420000000000026
7407,1.8410000000000017
7408,2.0570000000000013
7409,2.0490000000000017
7410,1.9440000000000013
7411,1.8430000000000024
7412,2.1480000000000024
7413,1.6390000000000027
7414,2.049000000000002
7415,2.041000000000002
7416,2.2590000000000017
7417,2.651000000000002
7418,1.9420000000000024
7419,1.9400000000000017
7420,2.251000000000002
7421,2.255000000000002
7422,2.1400000000000023
7423,2.2570000000000023
7424,1.8430000000000017
7425,2.1580000000000017
7426,1.9480000000000015
7427,2.2630000000000017
7428,2.053000000000002
7429,2.0510000000000024
7430,2.247000000000002
7431,1.7440000000000015
7432,2.0510000000000024
7433,2.253000000000002
7434,2.152000000000002
7435,2.3440000000000016
7436,1.8350000000000022
7437,1.9440000000000015
7438,1.9520000000000013
7439,2.3480000000000025
7440,2.047000000000002
7441,2.2550000000000017
7442,2.0590000000000015
7443,2.1540000000000017
7444,2.043000000000002
7445,2.3580000000000014
7446,2.1600000000000015
7447,2.350000000000002
7448,2.2590000000000017
7449,2.154000000000002
7450,2.546000000000002
7451,2.164
7452,2.1660000000000013
7453,2.249000000000002
7454,1.944000000000002
7455,2.1560000000000015
7456,2.2610000000000015
7457,2.154000000000002
7458,2.0550000000000024
7459,2.045000000000002
7460,2.4470000000000023
7461,1.7380000000000033
7462,1.8430000000000022
7463,2.1460000000000017
7464,2.162000000000001
7465,2.251000000000002
7466,2.354000000000002
7467,2.051000000000001
7468,1.9500000000000015
7469,2.150000000000002
7470,2.4510000000000023
7471,2.2530000000000014
7472,2.047000000000002
7473,2.58
7474,2.3660000000000014
7475,2.049000000000002
7476,2.0470000000000015
7477,2.352000000000002
7478,2.249000000000002
7479,1.9540000000000017
7480,2.0490000000000017
7481,2.069000000000001
7482,2.566000000000001
7483,1.942000000000002
7484,2.0390000000000024
7485,2.37
7486,2.1580000000000017
7487,2.150000000000002
7488,2.1520000000000015
7489,1.9540000000000017
7490,1.839000000000002
7491,2.455000000000002
7492,2.4470000000000023
7493,2.174000000000001
7494,2.051000000000002
7495,1.9540000000000015
7496,2.0470000000000015
7497,2.158000000000001
7498,2.3540000000000014
7499,2.251000000000002
7500,2.1640000000000015
7501,2.053000000000001
7502,2.245000000000002
7503,2.1600000000000015
7504,2.1660000000000013
7505,1.9480000000000022
7506,2.465000000000001
7507,2.2430000000000017
7508,2.257000000000001
7509,1.8430000000000017
7510,2.0590000000000015
7511,2.3640000000000017
7512,2.1460000000000026
7513,2.1400000000000015
7514,1.9440000000000017
7515,1.9440000000000024
7516,2.152000000000002
7517,2.043000000000002
7518,2.1580000000000013
7519,2.2530000000000014
7520,2.049000000000002
7521,2.2430000000000017
7522,2.261000000000002
7523,2.164000000000002
7524,2.5360000000000027
7525,2.451000000000002
7526,2.168000000000002
7527,2.255000000000002
7528,2.0450000000000026
7529,2.4510000000000023
7530,2.148000000000002
7531,2.1320000000000023
7532,2.0530000000000017
7533,2.3620000000000014
7534,2.4630000000000014
7535,2.144000000000003
7536,2.0470000000000015
7537,2.2570000000000014
7538,2.3580000000000014
7539,2.0390000000000024
7540,2.1580000000000017
7541,2.4630000000000014
7542,2.253000000000002
7543,2.041000000000002
7544,2.358000000000002
7545,2.1660000000000013
7546,2.063000000000001
7547,2.3460000000000023
7548,2.445000000000002
7549,1.8350000000000022
7550,2.0370000000000017
7551,1.8330000000000026
7552,2.251000000000002
7553,2.546000000000002
7554,2.251000000000002
7555,2.243000000000002
7556,2.372000000000001
7557,1.942000000000002
7558,2.247000000000001
7559,2.2470000000000017
7560,2.1560000000000015
7561,2.152000000000002
7562,2.1400000000000023
7563,2.1600000000000024
7564,2.051000000000001
7565,2.3560000000000016
7566,2.4610000000000016
7567,2.542000000000002
7568,2.352000000000001
7569,2.150000000000002
7570,2.4510000000000023
7571,2.360000000000002
7572,2.2590000000000017
7573,2.647000000000002
7574,2.4590000000000014
7575,2.1560000000000015
7576,2.5500000000000025
7577,2.1420000000000026
7578,2.154000000000002
7579,1.9600000000000015
7580,2.146000000000002
7581,1.8530000000000009
7582,2.0570000000000017
7583,2.2470000000000017
7584,2.0510000000000015
7585,2.5620000000000016
7586,2.5620000000000016
7587,2.154000000000002
7588,2.144000000000003
7589,2.3520000000000016
7590,1.9540000000000015
7591,2.1700000000000004
7592,2.269000000000002
7593,2.0470000000000015
7594,2.1580000000000013
7595,1.9480000000000022
7596,2.0510000000000015
7597,2.045000000000002
7598,2.1540000000000017
7599,2.249000000000002
7600,1.9520000000000013
7601,2.2610000000000015
7602,2.370000000000001
7603,2.356000000000001
7604,2.4650000000000016
7605,2.354000000000002
7606,2.057000000000002
7607,2.3600000000000025
7608,2.144000000000002
7609,2.1580000000000013
7610,1.9480000000000015
7611,2.0530000000000017
7612,2.2350000000000025
7613,2.269000000000001
7614,2.1520000000000024
7615,2.2590000000000017
7616,1.946000000000001
7617,2.2670000000000012
7618,2.360000000000002
7619,2.3620000000000014
7620,2.156000000000002
7621,2.0470000000000015
7622,2.2410000000000023
7623,2.2390000000000025
7624,2.461000000000002
7625,1.8370000000000026
7626,1.9440000000000017
7627,2.2590000000000017
7628,2.2490000000000014
7629,2.140000000000002
7630,2.245000000000002
7631,2.461000000000001
7632,2.1600000000000015
7633,2.249000000000002
7634,2.2630000000000017
7635,1.9380000000000017
7636,2.3500000000000023
7637,2.2550000000000012
7638,1.9480000000000022
7639,2.0530000000000017
7640,2.1460000000000026
7641,1.952000000000002
7642,2.045000000000002
7643,2.4670000000000014
7644,2.158000000000002
7645,1.9620000000000006
7646,2.362000000000002
7647,2.0470000000000024
7648,2.043000000000003
7649,2.1640000000000015
7650,2.255000000000002
7651,2.0530000000000017
7652,2.0450000000000026
7653,2.152000000000002
7654,2.146000000000002
7655,2.057000000000001
7656,1.756000000000002
7657,1.7380000000000027
7658,2.463000000000002
7659,1.952000000000002
7660,2.3480000000000016
7661,2.259000000000002
7662,2.1620000000000017
7663,2.2530000000000014
7664,1.9640000000000013
7665,2.0530000000000017
7666,2.152000000000001
7667,2.1720000000000015
7668,2.0510000000000015
7669,2.0530000000000013
7670,2.265000000000002
7671,1.952000000000002
7672,1.9580000000000017
7673,2.041000000000002
7674,2.0650000000000013
7675,2.150000000000002
7676,2.5820000000000003
7677,2.170000000000001
7678,2.6669999999999994
7679,2.0430000000000024
7680,2.3620000000000014
7681,2.2550000000000017
7682,2.146000000000002
7683,2.2510000000000012
7684,2.0490000000000013
7685,1.940000000000002
7686,2.1580000000000017
7687,2.0550000000000015
7688,2.1620000000000017
7689,2.043000000000002
7690,1.9420000000000022
7691,2.2610000000000015
7692,1.946000000000001
7693,1.962000000000002
7694,2.043000000000002
7695,2.2530000000000014
7696,2.1420000000000026
7697,2.1540000000000017
7698,2.059000000000001
7699,2.0510000000000024
7700,2.263000000000001
7701,2.154000000000002
7702,2.0370000000000026
7703,2.2590000000000017
7704,2.3580000000000014
7705,1.8330000000000022
7706,2.1540000000000017
7707,2.164000000000001
7708,1.9500000000000017
7709,2.154000000000002
7710,1.9400000000000022
7711,2.445000000000002
7712,2.045000000000002
7713,2.3440000000000025
7714,2.0550000000000015
7715,2.0470000000000015
7716,2.1460000000000017
7717,2.1480000000000015
7718,2.150000000000002
7719,2.041000000000002
7720,2.1560000000000015
7721,2.263000000000001
7722,2.140000000000002
7723,2.364000000000002
7724,2.251000000000002
7725,2.1620000000000013
7726,2.0550000000000015
7727,2.154000000000002
7728,2.3600000000000017
7729,2.2550000000000017
7730,2.2630000000000026
7731,2.047000000000002
7732,2.1560000000000006
7733,2.370000000000001
7734,2.352000000000001
7735,2.2630000000000012
7736,2.0450000000000026
7737,2.0470000000000024
7738,2.4690000000000016
7739,2.2530000000000014
7740,2.2530000000000023
7741,2.354000000000002
7742,2.3620000000000014
7743,2.348000000000002
7744,2.152000000000002
7745,2.2610000000000015
7746,2.047000000000002
7747,2.2410000000000023
7748,1.8330000000000024
7749,2.346000000000002
7750,2.1500000000000026
7751,2.356000000000002
7752,2.352000000000002
7753,1.946000000000002
7754,2.1620000000000013
7755,2.148000000000002
7756,2.148000000000002
7757,2.1580000000000017
7758,2.5740000000000007
7759,1.9560000000000013
7760,2.1360000000000023
7761,2.1520000000000015
7762,2.2550000000000017
7763,2.045000000000002
7764,2.4550000000000014
7765,2.253000000000002
7766,2.2490000000000023
7767,2.5680000000000014
7768,2.566000000000001
7769,1.9440000000000017
7770,2.261000000000002
7771,1.841000000000002
7772,2.255000000000002
7773,2.3460000000000023
7774,2.1640000000000015
7775,2.2550000000000012
7776,2.045000000000002
7777,2.358000000000002
7778,2.1480000000000015
7779,2.2550000000000012
7780,2.257000000000001
7781,1.8610000000000004
7782,2.2670000000000017
7783,2.0530000000000017
7784,2.566000000000001
7785,2.1400000000000023
7786,2.253000000000002
7787,2.1600000000000015
7788,2.0510000000000015
7789,2.4570000000000025
7790,2.257000000000002
7791,2.348000000000002
7792,2.4730000000000008
7793,2.0450000000000017
7794,2.1420000000000026
7795,1.8450000000000015
7796,1.9440000000000015
7797,2.1360000000000023
7798,2.160000000000001
7799,2.3420000000000027
7800,2.3420000000000023
7801,1.9380000000000015
7802,2.2510000000000012
7803,1.7340000000000024
7804,2.249000000000002
7805,2.033000000000003
7806,2.0490000000000013
7807,2.1520000000000015
7808,2.049000000000002
7809,2.263000000000001
7810,2.249000000000002
7811,2.447000000000002
7812,2.148000000000002
7813,2.045000000000002
7814,2.2550000000000012
7815,2.146000000000002
7816,2.1620000000000017
7817,2.3580000000000023
7818,2.469000000000001
7819,2.2570000000000014
7820,2.3540000000000014
7821,2.1420000000000026
7822,2.453000000000002
7823,2.1520000000000015
7824,2.4470000000000023
7825,1.8410000000000004
7826,1.9500000000000015
7827,2.148000000000002
7828,2.0610000000000017
7829,1.9480000000000017
7830,1.950000000000002
7831,2.0530000000000017
7832,2.566000000000001
7833,2.1540000000000017
7834,2.5720000000000005
7835,2.2670000000000003
7836,1.8370000000000022
7837,1.8470000000000013
7838,2.0590000000000015
7839,2.063000000000002
7840,1.9500000000000017
7841,2.0550000000000015
7842,2.156000000000002
7843,2.243000000000002
7844,2.053000000000002
7845,2.354000000000002
7846,2.1440000000000023
7847,2.6490000000000027
7848,1.940000000000002
7849,2.1380000000000017
7850,2.1560000000000015
7851,2.049000000000002
7852,2.354000000000002
7853,2.041000000000002
7854,2.3560000000000016
7855,2.1540000000000017
7856,2.362000000000001
7857,1.8550000000000022
7858,2.251000000000002
7859,2.043000000000002
7860,2.051000000000002
7861,2.146000000000002
7862,1.958000000000001
7863,2.1580000000000017
7864,1.9420000000000013
7865,2.037000000000002
7866,2.1460000000000026
7867,1.946000000000002
7868,1.9580000000000013
7869,2.2530000000000014
7870,2.2630000000000017
7871,2.148000000000002
7872,1.851000000000002
7873,2.2490000000000028
7874,1.0190000000000026
7875,1.7380000000000027
7876,2.140000000000002
7877,2.3660000000000014
7878,2.0510000000000015
7879,2.2530000000000014
7880,2.2670000000000012
7881,2.140000000000002
7882,2.2590000000000017
7883,2.0410000000000026
7884,2.0390000000000024
7885,2.0430000000000015
7886,2.162000000000001
7887,2.247000000000002
7888,2.1420000000000017
7889,1.9560000000000017
7890,2.2530000000000014
7891,2.0550000000000024
7892,2.172000000000001
7893,2.2550000000000017
7894,2.1500000000000017
7895,2.661
7896,1.8510000000000013
7897,2.255000000000002
7898,2.156000000000002
7899,1.9460000000000024
7900,2.0530000000000017
7901,2.2490000000000023
7902,2.352000000000001
7903,2.457000000000001
7904,2.1620000000000017
7905,1.9480000000000017
7906,2.243000000000002
7907,1.9360000000000028
7908,2.4590000000000014
7909,2.356000000000001
7910,1.9460000000000022
7911,2.3520000000000016
7912,2.0430000000000015
7913,2.2510000000000026
7914,2.1540000000000017
7915,2.463000000000002
7916,2.3700000000000014
7917,2.350000000000002
7918,2.4470000000000023
7919,2.0630000000000015
7920,1.9380000000000022
7921,1.9440000000000017
7922,2.144000000000002
7923,2.4570000000000016
7924,2.360000000000001
7925,1.9480000000000022
7926,2.1400000000000023
7927,2.045000000000002
7928,1.9440000000000017
7929,2.3540000000000014
7930,2.459000000000002
7931,2.265000000000002
7932,2.241000000000002
7933,2.2530000000000014
7934,2.3660000000000014
7935,2.164000000000002
7936,2.362000000000001
7937,1.8570000000000013
7938,2.154000000000002
7939,1.9500000000000022
7940,2.148000000000002
7941,2.3460000000000023
7942,1.750000000000001
7943,2.142000000000002
7944,1.849000000000002
7945,2.5680000000000005
7946,2.451000000000002
7947,2.049000000000002
7948,2.3560000000000016
7949,2.1440000000000015
7950,2.2590000000000017
7951,2.152000000000002
7952,2.1580000000000017
7953,2.2530000000000014
7954,2.247000000000001
7955,2.455000000000002
7956,2.255000000000002
7957,1.9420000000000022
7958,1.9560000000000017
7959,2.148000000000002
7960,2.3580000000000014
7961,2.362000000000002
7962,2.1600000000000015
7963,2.1520000000000024
7964,2.2470000000000017
7965,2.5740000000000007
7966,2.661000000000001
7967,1.9600000000000015
7968,2.255000000000002
7969,2.253000000000002
7970,2.0550000000000024
7971,2.475000000000001
7972,1.9540000000000017
7973,2.372000000000001
7974,2.045000000000002
7975,2.148000000000002
7976,2.154000000000002
7977,2.049000000000002
7978,2.3480000000000016
7979,2.1520000000000015
7980,2.1600000000000015
7981,2.154000000000002
7982,2.3420000000000023
7983,2.350000000000002
7984,1.9440000000000015
7985,2.350000000000002
7986,2.366000000000001
7987,1.8430000000000017
7988,2.057000000000001
7989,1.8610000000000015
7990,2.148000000000002
7991,1.9520000000000013
7992,1.9480000000000017
7993,2.2510000000000017
7994,2.0430000000000024
7995,2.3640000000000017
7996,2.047000000000002
7997,2.154000000000002
7998,2.1580000000000017
7999,2.055000000000002
8000,2.350000000000002
8001,1.841000000000002
8002,2.1720000000000015
8003,1.9400000000000026
8004,2.2470000000000017
8005,0.8210000000000032
8006,1.9560000000000013
8007,2.0450000000000017
8008,1.9500000000000015
8009,2.1620000000000017
8010,1.9500000000000015
8011,2.148000000000002
8012,2.2530000000000014
8013,1.954000000000002
8014,2.047000000000002
8015,2.1540000000000017
8016,2.152000000000002
8017,1.9340000000000028
8018,2.1540000000000017
8019,1.8350000000000026
8020,2.0590000000000015
8021,1.841000000000002
8022,1.9520000000000024
8023,1.7520000000000016
8024,2.4670000000000014
8025,2.1500000000000012
8026,1.9540000000000017
8027,1.7380000000000018
8028,2.2510000000000017
8029,2.142000000000002
8030,1.9620000000000013
8031,2.1560000000000015
8032,2.8610000000000015
8033,2.0510000000000015
8034,2.146000000000002
8035,2.0610000000000017
8036,2.2510000000000017
8037,2.0550000000000024
8038,2.2550000000000012
8039,2.146000000000002
8040,2.053000000000002
8041,2.2470000000000017
8042,2.3560000000000016
8043,2.1440000000000023
8044,2.0570000000000017
8045,1.9540000000000015
8046,2.1380000000000017
8047,2.057000000000001
8048,2.3440000000000025
8049,2.4430000000000023
8050,2.045000000000002
8051,2.249000000000002
8052,2.1520000000000024
8053,2.0470000000000015
8054,2.148000000000002
8055,1.8390000000000017
8056,2.1460000000000026
8057,2.2370000000000023
8058,2.2530000000000023
8059,2.0470000000000015
8060,1.950000000000002
8061,2.0450000000000013
8062,2.051000000000002
8063,2.049000000000002
8064,2.051000000000002
8065,2.2670000000000012
8066,2.1480000000000024
8067,1.734000000000002
8068,1.8430000000000017
8069,2.1460000000000012
8070,2.1700000000000013
8071,1.9480000000000022
8072,2.1500000000000026
8073,2.342000000000002
8074,2.0450000000000017
8075,1.7420000000000018
8076,2.1620000000000017
8077,1.9380000000000015
8078,2.352000000000002
8079,2.368000000000001
8080,2.546000000000002
8081,1.8390000000000024
8082,2.362000000000002
8083,1.9480000000000017
8084,2.1620000000000017
8085,2.2570000000000014
8086,2.043000000000002
8087,2.3620000000000014
8088,2.352000000000002
8089,2.150000000000002
8090,2.0430000000000024
8091,1.9460000000000017
8092,1.952000000000002
8093,2.2530000000000014
8094,2.2550000000000017
8095,2.251000000000002
8096,1.9520000000000015
8097,2.0410000000000026
8098,2.3620000000000014
8099,2.358000000000002
8100,2.140000000000002
8101,2.0510000000000015
8102,1.8330000000000024
8103,2.039000000000003
8104,2.245000000000002
8105,1.940000000000002
8106,1.8390000000000015
8107,2.1560000000000015
8108,2.1400000000000023
8109,1.641000000000002
8110,2.249000000000002
8111,2.3640000000000017
8112,2.269000000000001
8113,2.166000000000002
8114,1.8530000000000009
8115,2.0470000000000024
8116,2.2530000000000014
8117,2.2530000000000014
8118,2.059000000000001
8119,2.051000000000001
8120,1.9500000000000017
8121,2.348000000000002
8122,2.1600000000000015
8123,2.2670000000000017
8124,1.8470000000000024
8125,1.7380000000000022
8126,1.9400000000000022
8127,2.2430000000000025
8128,2.2470000000000017
8129,2.1540000000000017
8130,2.146000000000002
8131,1.958000000000001
8132,1.8390000000000024
8133,2.146000000000002
8134,2.2490000000000014
8135,1.9580000000000015
8136,2.051000000000002
8137,2.0610000000000013
8138,1.7340000000000024
8139,2.459000000000001
8140,2.2510000000000017
8141,2.0490000000000013
8142,2.3620000000000014
8143,1.9360000000000017
8144,2.2490000000000023
8145,2.1720000000000006
8146,1.8410000000000022
8147,2.051000000000002
8148,2.2590000000000017
8149,2.2490000000000023
8150,2.2570000000000014
8151,2.0350000000000024
8152,2.451000000000002
8153,2.0630000000000015
8154,2.354000000000002
8155,2.1540000000000017
8156,1.750000000000001
8157,2.247000000000002
8158,2.041000000000002
8159,2.4650000000000016
8160,2.2350000000000025
8161,2.1420000000000026
8162,2.356000000000001
8163,1.8470000000000013
8164,2.346000000000002
8165,1.950000000000001
8166,2.144000000000002
8167,2.4490000000000025
8168,1.6370000000000025
8169,2.1400000000000023
8170,2.174000000000001
8171,1.639000000000002
8172,2.1560000000000015
8173,1.9480000000000015
8174,2.3560000000000016
8175,2.2510000000000017
8176,2.5440000000000023
8177,2.2630000000000017
8178,2.253000000000002
8179,2.0530000000000017
8180,1.8430000000000017
8181,2.0530000000000017
8182,2.356000000000001
8183,2.0450000000000013
8184,2.1560000000000015
8185,2.043000000000002
8186,2.045000000000002
8187,2.142000000000002
8188,2.160000000000002
8189,2.354000000000002
8190,1.9440000000000017
8191,2.3540000000000014
8192,2.2610000000000015
8193,2.265000000000002
8194,2.154000000000002
8195,2.045000000000002
8196,2.445000000000002
8197,2.049000000000002
8198,2.0550000000000015
8199,2.1480000000000015
8200,2.0550000000000015
8201,2.1420000000000026
8202,2.354000000000001
8203,1.952000000000002
8204,2.350000000000002
8205,2.1520000000000015
8206,2.0630000000000006
8207,1.8410000000000017
8208,2.1740000000000013
8209,2.356000000000001
8210,2.144000000000002
8211,2.156000000000002
8212,2.146000000000002
8213,2.3480000000000016
8214,2.2530000000000014
8215,2.2430000000000025
8216,2.1480000000000024
8217,2.1520000000000015
8218,1.9480000000000015
8219,2.0590000000000015
8220,2.1560000000000015
8221,2.043000000000002
8222,2.2630000000000012
8223,1.9680000000000006
8224,2.2710000000000017
8225,2.253000000000002
8226,1.9440000000000015
8227,2.2450000000000023
8228,1.9400000000000022
8229,1.8430000000000013
8230,2.2650000000000015
8231,2.7499999999999987
8232,2.160000000000002
8233,2.1560000000000015
8234,2.144000000000002
8235,2.3500000000000023
8236,2.1700000000000013
8237,1.855000000000001
8238,2.255000000000002
8239,2.2670000000000012
8240,2.473000000000001
8241,2.142000000000002
8242,2.158000000000001
8243,2.356000000000002
8244,1.8410000000000017
8245,2.055000000000002
8246,2.1700000000000013
8247,1.7420000000000018
8248,2.350000000000002
8249,1.9340000000000024
8250,2.4550000000000014
8251,2.0470000000000015
8252,2.251000000000002
8253,2.1420000000000026
8254,2.045000000000002
8255,2.243000000000002
8256,2.051000000000002
8257,2.043000000000002
8258,2.0610000000000013
8259,2.459000000000002
8260,2.2590000000000012
8261,2.2550000000000012
8262,2.447000000000002
8263,1.9380000000000013
8264,1.9420000000000022
8265,2.152000000000002
8266,2.0490000000000026
8267,2.043000000000002
8268,2.0510000000000015
8269,2.2450000000000023
8270,2.154000000000002
8271,2.1600000000000015
8272,2.1700000000000004
8273,2.358000000000002
8274,1.845000000000002
8275,2.1660000000000013
8276,2.1620000000000013
8277,2.1440000000000023
8278,2.249000000000002
8279,2.3620000000000014
8280,2.546000000000002
8281,1.9520000000000022
8282,2.152000000000002
8283,1.8510000000000013
8284,2.1440000000000023
8285,1.9520000000000022
8286,1.9420000000000024
8287,2.5720000000000005
8288,2.1560000000000015
8289,1.944000000000002
8290,2.249000000000002
8291,2.2550000000000017
8292,2.0510000000000015
8293,2.164000000000001
8294,2.043000000000002
8295,2.2410000000000023
8296,2.5720000000000005
8297,1.9540000000000013
8298,2.0350000000000024
8299,2.253000000000002
8300,2.3520000000000016
8301,2.0510000000000015
8302,2.041000000000002
8303,1.946000000000002
8304,2.352000000000001
8305,2.041000000000002
8306,1.8530000000000015
8307,2.2550000000000012
8308,2.4530000000000016
8309,2.2570000000000014
8310,2.1540000000000017
8311,2.3560000000000025
8312,2.2650000000000015
8313,2.4650000000000016
8314,2.0570000000000013
8315,2.3580000000000014
8316,1.7460000000000022
8317,1.9440000000000013
8318,1.8410000000000022
8319,1.946000000000002
8320,2.152000000000002
8321,2.134000000000002
8322,2.0550000000000015
8323,2.041000000000002
8324,2.0410000000000026
8325,2.4430000000000023
8326,2.1520000000000024
8327,1.946000000000002
8328,2.1560000000000015
8329,2.148000000000002
8330,2.1540000000000017
8331,2.5480000000000023
8332,2.1660000000000013
8333,2.039000000000002
8334,1.8330000000000024
8335,1.944000000000002
8336,2.045000000000002
8337,2.1560000000000015
8338,2.4610000000000016
8339,2.1540000000000017
8340,2.049000000000002
8341,2.2570000000000014
8342,2.148000000000002
8343,2.247000000000002
8344,1.8510000000000013
8345,2.045000000000002
8346,2.2590000000000017
8347,2.2430000000000025
8348,2.2570000000000014
8349,2.0470000000000024
8350,2.039000000000002
8351,2.1460000000000026
8352,2.253000000000002
8353,2.1580000000000017
8354,2.154000000000002
8355,2.043000000000002
8356,2.2570000000000014
8357,2.063000000000001
8358,2.2530000000000014
8359,2.1520000000000015
8360,2.0530000000000017
8361,2.4690000000000016
8362,2.051000000000002
8363,2.453000000000002
8364,2.249000000000001
8365,2.1620000000000013
8366,1.8430000000000015
8367,2.762
8368,2.4590000000000014
8369,2.0550000000000015
8370,1.9480000000000017
8371,1.8450000000000017
8372,2.1540000000000017
8373,2.3520000000000016
8374,1.750000000000002
8375,1.9460000000000017
8376,2.2590000000000017
8377,2.0510000000000015
8378,1.9420000000000015
8379,2.2530000000000023
8380,2.059000000000002
8381,2.1500000000000017
8382,2.142000000000002
8383,2.0490000000000017
8384,1.9400000000000022
8385,2.0470000000000024
8386,2.3520000000000016
8387,1.9560000000000013
8388,2.451000000000002
8389,2.0470000000000024
8390,2.1400000000000023
8391,1.9540000000000017
8392,2.1520000000000024
8393,2.1420000000000026
8394,1.9500000000000015
8395,2.0510000000000015
8396,1.227
8397,2.0530000000000013
8398,2.3640000000000017
8399,2.0490000000000017
8400,2.0470000000000024
8401,2.1600000000000015
8402,2.1460000000000017
8403,1.5440000000000023
8404,1.8510000000000024
8405,2.271000000000001
8406,1.750000000000002
8407,2.0510000000000024
8408,2.146000000000002
8409,2.455000000000002
8410,2.059000000000001
8411,2.2450000000000023
8412,2.049000000000002
8413,2.067000000000001
8414,2.041000000000002
8415,2.130000000000003
8416,1.849000000000001
8417,1.9420000000000024
8418,2.0510000000000015
8419,2.140000000000002
8420,2.138000000000002
8421,2.146000000000002
8422,2.1420000000000026
8423,2.144000000000002
8424,1.9440000000000017
8425,2.455000000000002
8426,2.150000000000002
8427,2.1540000000000017
8428,1.944000000000002
8429,1.859000000000001
8430,2.2470000000000017
8431,1.9480000000000022
8432,1.8410000000000024
8433,2.374000000000001
8434,1.9560000000000022
8435,2.1700000000000013
8436,1.9540000000000013
8437,2.368000000000001
8438,2.2570000000000014
8439,2.2450000000000014
8440,2.2430000000000017
8441,1.8530000000000009
8442,1.9480000000000013
8443,2.1560000000000015
8444,1.956000000000001
8445,2.160000000000001
8446,2.362000000000002
8447,2.4650000000000016
8448,1.9480000000000022
8449,2.3540000000000014
8450,2.3680000000000008
8451,2.0690000000000013
8452,2.267000000000001
8453,1.9380000000000017
8454,2.352000000000002
8455,2.152000000000002
8456,1.9480000000000022
8457,2.546000000000002
8458,1.9480000000000015
8459,2.445000000000002
8460,2.265000000000001
8461,2.1580000000000017
8462,2.2590000000000017
8463,1.9360000000000022
8464,2.059000000000001
8465,2.1560000000000015
8466,2.156000000000001
8467,1.9360000000000022
8468,2.4490000000000016
8469,1.946000000000001
8470,2.3680000000000008
8471,1.8470000000000015
8472,2.251000000000002
8473,1.9480000000000024
8474,2.2490000000000023
8475,2.2630000000000012
8476,2.2510000000000026
8477,2.055000000000002
8478,2.3460000000000023
8479,2.1440000000000023
8480,2.142000000000002
8481,2.2570000000000014
8482,2.3440000000000025
8483,2.059000000000002
8484,1.845000000000002
8485,2.249000000000002
8486,1.8510000000000022
8487,2.2350000000000025
8488,2.1440000000000023
8489,1.9580000000000015
8490,2.2630000000000012
8491,2.3740000000000014
8492,2.2570000000000014
8493,2.0570000000000017
8494,2.0390000000000024
8495,2.1580000000000013
8496,2.3460000000000023
8497,2.0410000000000026
8498,2.265000000000002
8499,2.049000000000002
8500,2.150000000000002
8501,1.8370000000000026
8502,2.0550000000000015
8503,2.4570000000000016
8504,1.857000000000002
8505,2.265000000000002
8506,2.142000000000002
8507,1.9380000000000024
8508,2.148000000000002
8509,2.2450000000000028
8510,2.1500000000000017
8511,2.453000000000002
8512,2.130000000000003
8513,2.1580000000000013
8514,2.251000000000002
8515,1.9420000000000028
8516,2.249000000000002
8517,1.9440000000000017
8518,2.3580000000000014
8519,2.3580000000000023
8520,2.5480000000000014
8521,2.356000000000002
8522,2.0330000000000026
8523,2.0570000000000017
8524,2.243000000000002
8525,2.3500000000000023
8526,1.8430000000000015
8527,2.2410000000000023
8528,2.2590000000000012
8529,2.2470000000000017
8530,2.2690000000000006
8531,2.156000000000002
8532,2.0470000000000024
8533,2.3720000000000003
8534,2.0510000000000015
8535,2.4690000000000007
8536,2.150000000000002
8537,2.370000000000001
8538,2.3540000000000014
8539,2.0570000000000013
8540,2.2470000000000017
8541,2.2570000000000014
8542,2.2690000000000015
8543,2.3560000000000016
8544,2.1560000000000006
8545,2.1520000000000015
8546,2.2410000000000028
8547,2.2550000000000017
8548,2.1580000000000013
8549,2.1580000000000017
8550,2.245000000000002
8551,2.352000000000002
8552,2.2590000000000012
8553,1.958000000000001
8554,2.0550000000000015
8555,2.253000000000002
8556,2.4690000000000016
8557,1.9440000000000017
8558,2.0530000000000026
8559,2.2430000000000025
8560,2.249000000000001
8561,2.465000000000002
8562,2.3660000000000014
8563,2.249000000000002
8564,2.3580000000000023
8565,2.1540000000000012
8566,2.465000000000001
8567,2.2590000000000017
8568,2.0490000000000017
8569,2.0490000000000017
8570,2.1480000000000024
8571,2.455000000000002
8572,2.2370000000000023
8573,2.049000000000002
8574,2.0410000000000013
8575,1.942000000000002
8576,1.845000000000002
8577,2.1500000000000012
8578,2.5580000000000007
8579,2.150000000000002
8580,2.0610000000000013
8581,2.1500000000000017
8582,2.049000000000002
8583,2.152000000000002
8584,1.9560000000000013
8585,2.4570000000000016
8586,2.451000000000002
8587,2.764000000000002
8588,2.1500000000000017
8589,2.257000000000002
8590,2.039000000000003
8591,2.2370000000000028
8592,2.1440000000000023
8593,2.144000000000002
8594,2.1520000000000015
8595,2.1600000000000015
8596,1.9440000000000024
8597,2.045000000000002
8598,2.1660000000000017
8599,2.0470000000000015
8600,2.0510000000000024
8601,2.142000000000002
8602,2.2590000000000017
8603,2.0470000000000024
8604,2.148000000000002
8605,2.4690000000000016
8606,2.5680000000000005
8607,1.9480000000000017
8608,1.6330000000000016
8609,2.148000000000002
8610,2.249000000000001
8611,2.0370000000000026
8612,1.9360000000000026
8613,2.249000000000002
8614,2.1660000000000013
8615,2.0410000000000026
8616,2.164000000000002
8617,2.261000000000001
8618,1.861000000000001
8619,2.0530000000000017
8620,1.9540000000000008
8621,0.924
8622,2.3640000000000017
8623,1.9580000000000013
8624,2.2410000000000023
8625,2.1540000000000017
8626,2.1560000000000015
8627,1.3260000000000003
8628,2.2670000000000012
8629,2.0710000000000015
8630,1.954000000000002
8631,2.269000000000001
8632,2.0550000000000024
8633,2.0510000000000024
8634,2.051000000000002
8635,2.1580000000000013
8636,2.0530000000000017
8637,2.1680000000000015
8638,2.350000000000002
8639,1.9500000000000017
8640,2.1460000000000026
8641,2.3480000000000025
8642,1.8610000000000015
8643,1.9480000000000017
8644,2.0510000000000015
8645,1.8610000000000022
8646,2.3500000000000023
8647,2.0350000000000024
8648,2.336000000000002
8649,2.1640000000000015
8650,2.255000000000002
8651,2.249000000000002
8652,2.259000000000002
8653,2.265000000000001
8654,2.4610000000000016
8655,2.2390000000000025
8656,2.449000000000002
8657,2.142000000000002
8658,2.0570000000000013
8659,2.364000000000001
8660,1.9520000000000022
8661,2.0410000000000026
8662,2.2530000000000023
8663,2.245000000000002
8664,2.1580000000000017
8665,2.146000000000002
8666,2.1400000000000023
8667,2.164000000000001
8668,2.0610000000000013
8669,2.140000000000002
8670,2.564000000000001
8671,2.346000000000002
8672,2.251000000000003
8673,2.4470000000000023
8674,2.1460000000000026
8675,2.2530000000000014
8676,1.8310000000000024
8677,2.045000000000002
8678,2.2590000000000017
8679,2.051000000000002
8680,2.3580000000000014
8681,1.8530000000000024
8682,2.2470000000000017
8683,2.5680000000000005
8684,2.277000000000001
8685,1.9460000000000022
8686,2.1560000000000015
8687,2.041000000000002
8688,2.162000000000001
8689,2.148000000000002
8690,2.5520000000000023
8691,2.059000000000001
8692,2.2530000000000014
8693,2.160000000000001
8694,2.4410000000000025
8695,2.356000000000001
8696,2.148000000000002
8697,2.0470000000000024
8698,2.1480000000000015
8699,2.0510000000000015
8700,2.4510000000000023
8701,2.148000000000002
8702,2.3480000000000025
8703,2.3620000000000005
8704,2.0570000000000017
8705,2.1460000000000017
8706,2.3700000000000014
8707,2.2410000000000023
8708,2.1700000000000013
8709,2.2650000000000015
8710,2.146000000000002
8711,1.9400000000000017
8712,2.459000000000002
8713,1.849000000000002
8714,1.934000000000002
8715,2.3660000000000014
8716,2.348000000000002
8717,2.354000000000001
8718,2.164000000000002
8719,2.045000000000002
8720,2.1660000000000013
8721,2.2550000000000012
8722,2.154000000000002
8723,2.1500000000000012
8724,2.0370000000000026
8725,2.160000000000002
8726,2.3500000000000023
8727,2.146000000000002
8728,2.160000000000002
8729,2.4650000000000016
8730,2.249000000000002
8731,1.944000000000002
8732,2.2590000000000012
8733,2.055000000000001
8734,2.160000000000001
8735,2.1440000000000023
8736,2.3620000000000014
8737,2.352000000000002
8738,1.9480000000000015
8739,2.1540000000000017
8740,2.1380000000000026
8741,2.1580000000000017
8742,2.457000000000002
8743,2.0510000000000015
8744,2.449000000000002
8745,2.255000000000002
8746,2.3380000000000023
8747,2.257000000000002
8748,2.041000000000002
8749,2.0490000000000013
8750,2.1480000000000015
8751,1.9500000000000017
8752,2.0630000000000015
8753,2.156000000000001
8754,2.354000000000002
8755,1.9420000000000022
8756,2.1560000000000015
8757,2.251000000000002
8758,2.164
8759,2.158000000000002
8760,2.3760000000000003
8761,2.352000000000002
8762,2.0430000000000024
8763,2.370000000000001
8764,2.1480000000000015
8765,2.249000000000002
8766,2.253000000000002
8767,2.140000000000003
8768,2.362000000000001
8769,1.950000000000002
8770,2.350000000000002
8771,2.261000000000001
8772,1.8530000000000018
8773,2.471000000000001
8774,1.8370000000000024
8775,2.1540000000000012
8776,1.950000000000002
8777,2.457000000000001
8778,1.9420000000000024
8779,2.261000000000001
8780,2.1480000000000024
8781,2.2430000000000025
8782,2.1360000000000023
8783,2.2650000000000006
8784,2.045000000000002
8785,2.0470000000000024
8786,2.253000000000002
8787,2.152000000000002
8788,2.144000000000002
8789,2.2530000000000023
8790,2.156000000000002
8791,2.1560000000000015
8792,1.9440000000000024
8793,2.2630000000000012
8794,2.259000000000002
8795,2.1720000000000015
8796,1.9460000000000024
8797,2.0410000000000013
8798,2.0550000000000015
8799,2.4650000000000016
8800,2.162000000000001
8801,2.2490000000000014
8802,1.9600000000000015
8803,2.2750000000000012
8804,2.1500000000000017
8805,2.1560000000000015
8806,2.354000000000002
8807,2.4530000000000016
8808,2.2450000000000023
8809,2.1420000000000017
8810,2.366000000000001
8811,1.9400000000000026
8812,2.6550000000000016
8813,2.0390000000000024
8814,2.1440000000000023
8815,2.1540000000000017
8816,2.265000000000002
8817,2.247000000000002
8818,2.0450000000000017
8819,2.146000000000002
8820,2.0450000000000017
8821,2.2410000000000023
8822,2.0490000000000017
8823,2.0670000000000006
8824,2.0530000000000017
8825,2.2410000000000023
8826,2.0550000000000015
8827,1.9460000000000017
8828,2.140000000000002
8829,1.8530000000000015
8830,2.3520000000000016
8831,2.152000000000002
8832,2.5680000000000005
8833,1.9520000000000024
8834,2.160000000000002
8835,2.2570000000000014
8836,2.3520000000000016
8837,2.0570000000000017
8838,1.4390000000000007
8839,1.8430000000000013
8840,1.9520000000000013
8841,2.041000000000002
8842,2.0450000000000017
8843,2.2590000000000017
8844,2.3380000000000023
8845,1.9440000000000015
8846,2.0530000000000017
8847,2.2630000000000017
8848,2.1560000000000015
8849,1.952000000000002
8850,2.164000000000001
8851,2.2450000000000023
8852,1.9520000000000022
8853,2.1720000000000015
8854,1.9440000000000017
8855,2.156000000000001
8856,2.0470000000000015
8857,2.1380000000000017
8858,2.045000000000002
8859,2.2550000000000017
8860,2.0450000000000013
8861,2.459000000000002
8862,2.0530000000000017
8863,2.1540000000000012
8864,1.950000000000001
8865,2.548000000000002
8866,2.3660000000000014
8867,2.049000000000002
8868,2.235000000000002
8869,2.0450000000000013
8870,2.1620000000000013
8871,2.0370000000000026
8872,2.647000000000002
8873,2.1520000000000015
8874,2.1600000000000015
8875,2.053000000000002
8876,2.475000000000001
8877,2.0430000000000024
8878,2.144000000000003
8879,2.1500000000000017
8880,2.039000000000002
8881,2.0470000000000024
8882,2.249000000000002
8883,2.1600000000000015
8884,2.269000000000001
8885,1.7420000000000018
8886,2.162000000000002
8887,2.152000000000002
8888,2.1340000000000026
8889,2.0430000000000024
8890,2.372000000000001
8891,2.564000000000001
8892,2.1500000000000026
8893,1.9380000000000024
8894,2.045000000000002
8895,2.148000000000002
8896,2.144000000000002
8897,2.0550000000000015
8898,2.2470000000000026
8899,2.1520000000000015
8900,1.9380000000000024
8901,2.0310000000000024
8902,2.2430000000000025
8903,2.3620000000000014
8904,2.1540000000000017
8905,2.150000000000002
8906,2.0430000000000024
8907,2.255000000000002
8908,2.0530000000000017
8909,2.043000000000003
8910,2.148000000000002
8911,2.174000000000001
8912,2.041000000000002
8913,2.263000000000001
8914,2.152000000000002
8915,2.459000000000002
8916,2.3580000000000014
8917,2.364000000000001
8918,2.4630000000000014
8919,2.2510000000000017
8920,2.059000000000002
8921,1.839000000000002
8922,2.2590000000000017
8923,2.0450000000000013
8924,2.455000000000002
8925,2.1560000000000006
8926,2.1800000000000006
8927,2.144000000000002
8928,2.0570000000000017
8929,2.3660000000000014
8930,2.146000000000002
8931,2.4470000000000023
8932,2.5660000000000007
8933,2.146000000000002
8934,2.2550000000000012
8935,2.1580000000000017
8936,2.037000000000002
8937,2.2610000000000015
8938,2.3580000000000023
8939,2.1540000000000012
8940,2.2470000000000026
8941,2.1480000000000024
8942,2.049000000000002
8943,2.251000000000002
8944,2.164000000000001
8945,2.247000000000002
8946,2.243000000000002
8947,2.1540000000000017
8948,2.2630000000000017
8949,2.2670000000000017
8950,1.9380000000000024
8951,2.1480000000000024
8952,2.0510000000000024
8953,2.3480000000000025
8954,2.2490000000000023
8955,2.0370000000000026
8956,2.235000000000002
8957,2.4670000000000014
8958,2.1560000000000024
8959,2.1580000000000013
8960,2.0570000000000017
8961,2.257000000000002
8962,2.0490000000000017
8963,2.356000000000001
8964,2.4710000000000014
8965,2.1580000000000013
8966,1.8510000000000018
8967,1.952000000000002
8968,2.560000000000001
8969,2.0610000000000013
8970,2.045000000000003
8971,2.255000000000002
8972,2.2410000000000028
8973,2.453000000000002
8974,2.3600000000000008
8975,2.3640000000000017
8976,2.2470000000000026
8977,2.160000000000002
8978,2.146000000000002
8979,2.1560000000000015
8980,2.251000000000002
8981,2.2570000000000014
8982,2.2450000000000023
8983,2.2650000000000015
8984,2.3520000000000016
8985,2.2570000000000014
8986,2.350000000000001
8987,2.043000000000003
8988,2.144000000000003
8989,2.0510000000000015
8990,2.1560000000000015
8991,1.9380000000000022
8992,2.269000000000001
8993,1.9440000000000017
8994,2.1540000000000017
8995,2.1520000000000015
8996,2.144000000000002
8997,2.0610000000000013
8998,2.354000000000002
8999,2.1580000000000026
9000,2.2470000000000017
9001,1.8450000000000022
9002,2.059000000000001
9003,2.4550000000000014
9004,2.0510000000000015
9005,2.455000000000002
9006,2.1500000000000012
9007,2.1580000000000017
9008,2.3440000000000025
9009,2.047000000000002
9010,2.473000000000001
9011,1.9440000000000024
9012,2.2590000000000012
9013,2.2490000000000023
9014,2.1560000000000015
9015,2.146000000000002
9016,2.255000000000002
9017,2.0450000000000017
9018,2.144000000000003
9019,2.053000000000002
9020,2.3620000000000014
9021,2.142000000000002
9022,2.3440000000000016
9023,2.0510000000000024
9024,2.2530000000000014
9025,2.0630000000000006
9026,2.049000000000002
9027,2.2730000000000006
9028,2.2370000000000023
9029,2.1440000000000023
9030,2.267000000000001
9031,1.9600000000000015
9032,2.2570000000000014
9033,2.1520000000000015
9034,2.043000000000002
9035,2.2550000000000012
9036,2.1500000000000012
9037,2.1580000000000017
9038,2.550000000000002
9039,1.8430000000000015
9040,2.039000000000003
9041,1.9420000000000022
9042,2.257000000000002
9043,2.352000000000002
9044,2.356000000000002
9045,2.0330000000000026
9046,2.356000000000002
9047,2.4590000000000014
9048,2.063000000000002
9049,2.1600000000000015
9050,2.043000000000002
9051,1.8510000000000022
9052,2.352000000000002
9053,2.154000000000002
9054,1.9480000000000015
9055,2.257000000000002
9056,2.2550000000000017
9057,2.3460000000000023
9058,2.3560000000000016
9059,2.134000000000003
9060,2.2590000000000017
9061,2.1580000000000017
9062,2.1520000000000015
9063,1.7320000000000026
9064,2.249000000000002
9065,2.251000000000002
9066,2.0390000000000024
9067,2.243000000000001
9068,2.2570000000000014
9069,2.0530000000000017
9070,2.257000000000001
9071,2.1420000000000012
9072,2.2530000000000023
9073,2.253000000000002
9074,2.1540000000000017
9075,2.1580000000000026
9076,2.2570000000000014
9077,2.2430000000000017
9078,2.160000000000001
9079,2.160000000000001
9080,2.150000000000002
9081,2.059000000000002
9082,2.039000000000002
9083,2.2610000000000015
9084,2.0510000000000024
9085,2.0570000000000017
9086,1.8390000000000015
9087,2.5580000000000016
9088,2.4650000000000007
9089,2.2570000000000014
9090,2.156000000000002
9091,2.1580000000000017
9092,1.8410000000000013
9093,2.2630000000000017
9094,2.1560000000000015
9095,1.952000000000002
9096,2.354000000000002
9097,2.0470000000000015
9098,2.148000000000002
9099,2.7659999999999996
9100,2.243000000000002
9101,2.158000000000001
9102,2.045000000000002
9103,2.144000000000002
9104,2.2570000000000014
9105,2.152000000000002
9106,2.1520000000000015
9107,2.0450000000000026
9108,2.1540000000000017
9109,2.2710000000000012
9110,2.1520000000000024
9111,2.356000000000001
9112,2.447000000000002
9113,1.9480000000000015
9114,2.3580000000000023
9115,2.3700000000000014
9116,2.1560000000000015
9117,2.041000000000002
9118,2.2610000000000015
9119,1.9560000000000017
9120,2.366000000000001
9121,1.9620000000000013
9122,1.9480000000000015
9123,2.1560000000000015
9124,2.354000000000002
9125,2.154000000000002
9126,1.942000000000001
9127,2.3620000000000014
9128,2.0690000000000017
9129,2.2590000000000017
9130,2.251000000000002
9131,2.2630000000000017
9132,2.3520000000000025
9133,2.2450000000000023
9134,2.4670000000000014
9135,2.041000000000002
9136,2.255000000000002
9137,1.8330000000000022
9138,2.2670000000000012
9139,2.354000000000002
9140,2.055000000000002
9141,2.350000000000002
9142,2.5700000000000007
9143,1.835000000000002
9144,2.0510000000000015
9145,2.1440000000000023
9146,2.360000000000001
9147,1.9480000000000022
9148,2.1520000000000015
9149,2.3580000000000023
9150,2.156000000000002
9151,2.346000000000002
9152,2.3560000000000016
9153,2.0610000000000013
9154,1.7420000000000022
9155,2.2430000000000025
9156,2.045000000000002
9157,2.352000000000002
9158,1.8410000000000022
9159,2.346000000000002
9160,2.2510000000000017
9161,2.3440000000000025
9162,2.3700000000000006
9163,2.253000000000002
9164,2.063000000000001
9165,2.2750000000000004
9166,2.253000000000002
9167,2.6530000000000022
9168,2.459000000000001
9169,2.148000000000002
9170,2.160000000000002
9171,2.2430000000000017
9172,2.031000000000003
9173,2.150000000000002
9174,2.136000000000003
9175,2.3480000000000016
9176,2.247000000000002
9177,2.1580000000000013
9178,2.364000000000001
9179,1.9420000000000024
9180,2.352000000000001
9181,2.449000000000002
9182,2.2590000000000012
9183,2.2670000000000012
9184,2.1620000000000017
9185,2.360000000000001
9186,2.257000000000002
9187,2.3440000000000025
9188,2.350000000000002
9189,2.144000000000002
9190,2.1480000000000015
9191,2.261000000000002
9192,2.570000000000001
9193,2.1620000000000017
9194,2.1420000000000017
9195,2.3560000000000016
9196,2.2550000000000012
9197,2.257000000000002
9198,2.1520000000000015
9199,2.4630000000000014
9200,1.952000000000001
9201,2.152000000000002
9202,2.2410000000000023
9203,2.0330000000000026
9204,2.671000000000001
9205,1.8410000000000022
9206,2.2570000000000014
9207,2.045000000000002
9208,2.045000000000002
9209,2.5500000000000025
9210,2.0450000000000013
9211,2.1560000000000015
9212,2.164000000000002
9213,1.9580000000000013
9214,2.043000000000002
9215,2.156000000000002
9216,2.340000000000002
9217,1.944000000000002
9218,2.1480000000000015
9219,2.2550000000000012
9220,2.3720000000000003
9221,2.1480000000000015
9222,2.570000000000001
9223,1.946000000000002
9224,1.7360000000000022
9225,2.0430000000000015
9226,2.1520000000000024
9227,2.154000000000002
9228,1.8530000000000018
9229,2.2610000000000015
9230,1.831000000000002
9231,2.263000000000001
9232,2.150000000000002
9233,2.243000000000002
9234,2.2510000000000012
9235,2.1540000000000017
9236,2.142000000000002
9237,2.059000000000002
9238,2.354000000000002
9239,1.9400000000000026
9240,1.9360000000000026
9241,2.4690000000000007
9242,1.8430000000000017
9243,2.6590000000000007
9244,2.3580000000000014
9245,2.2630000000000012
9246,1.9400000000000022
9247,2.0570000000000013
9248,2.043000000000002
9249,2.3680000000000017
9250,2.374000000000001
9251,2.5740000000000007
9252,2.0470000000000015
9253,2.047000000000002
9254,2.1420000000000026
9255,2.051000000000002
9256,2.255000000000002
9257,2.059000000000001
9258,2.156000000000002
9259,1.8450000000000022
9260,2.156000000000002
9261,2.3480000000000016
9262,2.253000000000002
9263,2.158000000000002
9264,2.1620000000000004
9265,1.8310000000000024
9266,2.144000000000002
9267,2.354000000000002
9268,2.354000000000002
9269,2.245000000000002
9270,1.936000000000002
9271,2.0390000000000024
9272,2.748000000000002
9273,1.9420000000000015
9274,2.2630000000000012
9275,2.0550000000000015
9276,2.1560000000000015
9277,2.4590000000000014
9278,2.358000000000002
9279,2.3620000000000014
9280,2.352000000000002
9281,2.0410000000000026
9282,2.055000000000001
9283,2.2550000000000012
9284,2.3460000000000023
9285,2.154000000000001
9286,2.4390000000000027
9287,2.3420000000000014
9288,2.2510000000000012
9289,1.9340000000000026
9290,2.253000000000002
9291,2.4690000000000016
9292,2.3620000000000014
9293,2.4610000000000016
9294,2.142000000000002
9295,2.372000000000001
9296,2.455000000000002
9297,2.550000000000002
9298,2.3460000000000023
9299,2.4550000000000014
9300,2.346000000000002
9301,2.055000000000001
9302,2.263000000000002
9303,2.0570000000000013
9304,2.148000000000002
9305,2.2370000000000023
9306,2.039000000000002
9307,1.9420000000000022
9308,2.1520000000000015
9309,2.2570000000000014
9310,2.4570000000000016
9311,2.148000000000002
9312,1.9460000000000024
9313,2.045000000000002
9314,1.9480000000000017
9315,1.9560000000000013
9316,2.0470000000000024
9317,2.1560000000000006
9318,2.0370000000000017
9319,2.1580000000000017
9320,2.3580000000000014
9321,2.039000000000003
9322,2.3620000000000014
9323,2.3560000000000016
9324,2.144000000000003
9325,2.0490000000000017
9326,2.2530000000000014
9327,2.0430000000000015
9328,2.0470000000000024
9329,2.1380000000000026
9330,2.255000000000002
9331,2.653000000000002
9332,2.0570000000000017
9333,2.3520000000000025
9334,1.9560000000000017
9335,1.9420000000000013
9336,2.2470000000000017
9337,2.1500000000000017
9338,2.0410000000000017
9339,2.0470000000000024
9340,2.041000000000002
9341,2.2450000000000023
9342,2.2390000000000025
9343,1.8310000000000024
9344,2.0550000000000015
9345,2.235000000000003
9346,2.0510000000000015
9347,2.253000000000002
9348,2.271000000000001
9349,1.9440000000000017
9350,2.0470000000000015
9351,2.2470000000000017
9352,2.1480000000000015
9353,2.3440000000000025
9354,2.1480000000000015
9355,2.2550000000000012
9356,2.3460000000000023
9357,2.370000000000001
9358,2.2550000000000017
9359,2.6550000000000016
9360,2.0350000000000033
9361,2.352000000000002
9362,2.0530000000000017
9363,1.8370000000000026
9364,1.8490000000000026
9365,2.245000000000003
9366,2.2530000000000023
9367,2.041000000000002
9368,2.0530000000000026
9369,2.1440000000000023
9370,2.457000000000001
9371,2.2370000000000023
9372,1.9560000000000013
9373,1.960000000000001
9374,2.1380000000000026
9375,2.1580000000000017
9376,1.845000000000001
9377,1.635000000000001
9378,2.1660000000000013
9379,2.370000000000001
9380,2.1640000000000015
9381,1.9540000000000015
9382,2.2670000000000012
9383,2.2630000000000012
9384,2.255000000000002
9385,2.354000000000002
9386,2.2410000000000023
9387,2.4470000000000014
9388,2.0570000000000017
9389,2.2490000000000023
9390,2.0550000000000015
9391,2.063000000000002
9392,1.9540000000000013
9393,2.453000000000002
9394,2.0490000000000017
9395,2.2430000000000025
9396,2.150000000000002
9397,2.146000000000002
9398,2.051000000000001
9399,2.4610000000000016
9400,2.1480000000000015
9401,2.259000000000001
9402,2.354000000000002
9403,2.1540000000000017
9404,2.043000000000002
9405,2.2330000000000023
9406,2.457000000000001
9407,2.1460000000000017
9408,2.0290000000000026
9409,2.1500000000000012
9410,2.0510000000000024
9411,2.0510000000000024
9412,1.9540000000000015
9413,2.152000000000002
9414,2.1400000000000023
9415,2.148000000000002
9416,2.1600000000000015
9417,2.059000000000002
9418,2.465000000000001
9419,1.9500000000000017
9420,2.354000000000002
9421,1.9420000000000013
9422,2.2510000000000012
9423,2.3420000000000023
9424,2.146000000000002
9425,2.449000000000002
9426,2.045000000000002
9427,2.455000000000002
9428,2.348000000000002
9429,2.352000000000002
9430,2.0530000000000017
9431,2.346000000000002
9432,2.0410000000000026
9433,2.1560000000000015
9434,2.4590000000000014
9435,2.0450000000000026
9436,2.2490000000000023
9437,2.358000000000002
9438,2.558000000000001
9439,1.9500000000000015
9440,2.352000000000002
9441,2.1520000000000015
9442,2.0550000000000015
9443,1.7500000000000018
9444,1.851000000000002
9445,1.9340000000000024
9446,2.158000000000002
9447,2.5780000000000007
9448,2.158000000000001
9449,2.2610000000000015
9450,2.0570000000000017
9451,2.253000000000002
9452,2.469000000000001
9453,2.2410000000000014
9454,2.160000000000001
9455,1.9540000000000017
9456,1.9580000000000015
9457,2.253000000000002
9458,2.045000000000002
9459,2.459000000000002
9460,2.354000000000002
9461,1.8390000000000024
9462,2.253000000000002
9463,2.657000000000001
9464,2.0450000000000026
9465,2.1520000000000015
9466,2.247000000000002
9467,2.348000000000002
9468,2.5480000000000023
9469,2.1400000000000023
9470,2.245000000000002
9471,2.4470000000000014
9472,2.140000000000002
9473,1.7340000000000027
9474,2.255000000000002
9475,2.358000000000002
9476,2.0370000000000017
9477,2.168000000000001
9478,2.350000000000002
9479,2.045000000000002
9480,2.2610000000000015
9481,2.261000000000002
9482,2.043000000000002
9483,2.051000000000002
9484,2.3480000000000025
9485,2.3480000000000016
9486,2.156000000000001
9487,2.2510000000000017
9488,2.041000000000002
9489,2.457000000000002
9490,2.1460000000000017
9491,2.1400000000000023
9492,2.1500000000000017
9493,1.9560000000000017
9494,2.148000000000002
9495,2.0450000000000017
9496,1.9320000000000024
9497,2.1560000000000015
9498,2.055000000000002
9499,2.158000000000001
9500,1.9500000000000015
9501,2.1400000000000023
9502,2.1620000000000017
9503,1.9520000000000015
9504,2.0330000000000026
9505,2.049000000000002
9506,2.449000000000002
9507,1.839000000000002
9508,2.7540000000000004
9509,2.253000000000002
9510,2.4530000000000016
9511,2.3640000000000017
9512,2.057000000000001
9513,2.469000000000001
9514,2.352000000000001
9515,2.1640000000000006
9516,1.8430000000000015
9517,1.9380000000000017
9518,2.0510000000000015
9519,2.346000000000002
9520,2.3580000000000014
9521,2.041000000000002
9522,2.554000000000002
9523,2.445000000000002
9524,2.2450000000000028
9525,2.160000000000001
9526,2.5620000000000016
9527,2.3480000000000025
9528,2.150000000000002
9529,1.6410000000000016
9530,2.0490000000000017
9531,2.1560000000000015
9532,2.0450000000000026
9533,2.3620000000000005
9534,2.1540000000000012
9535,1.9380000000000026
9536,2.3480000000000016
9537,2.255000000000002
9538,2.2530000000000014
9539,1.9500000000000015
9540,1.9500000000000017
9541,1.7360000000000015
9542,2.3500000000000023
9543,2.253000000000002
9544,2.138000000000003
9545,2.1620000000000013
9546,2.138000000000002
9547,2.1420000000000017
9548,2.154000000000002
9549,1.9380000000000024
9550,2.249000000000002
9551,1.9360000000000022
9552,2.2410000000000023
9553,2.2390000000000025
9554,2.1600000000000024
9555,2.1500000000000017
9556,1.952000000000002
9557,2.160000000000001
9558,2.247000000000002
9559,2.2430000000000017
9560,2.265000000000001
9561,2.039000000000003
9562,2.0530000000000017
9563,2.0410000000000026
9564,2.1540000000000017
9565,2.4630000000000014
9566,2.140000000000002
9567,2.041000000000002
9568,2.3620000000000014
9569,1.8410000000000022
9570,2.051000000000001
9571,2.249000000000002
9572,2.348000000000002
9573,2.051000000000002
9574,2.150000000000002
9575,2.144000000000002
9576,2.469000000000001
9577,2.1580000000000017
9578,2.164000000000001
9579,2.3580000000000023
9580,1.9440000000000015
9581,2.360000000000002
9582,2.1620000000000017
9583,2.1500000000000012
9584,2.2590000000000017
9585,2.142000000000002
9586,2.1500000000000017
9587,2.1520000000000024
9588,2.556000000000002
9589,2.0550000000000015
9590,2.1540000000000012
9591,2.2510000000000017
9592,2.2650000000000015
9593,2.352000000000002
9594,2.4450000000000016
9595,2.249000000000002
9596,2.4650000000000016
9597,1.9380000000000026
9598,2.0370000000000017
9599,2.243000000000002
9600,2.2670000000000012
9601,1.847000000000002
9602,1.9520000000000013
9603,2.360000000000001
9604,2.1580000000000017
9605,2.0370000000000026
9606,2.0470000000000015
9607,2.3460000000000023
9608,2.0490000000000017
9609,2.354000000000002
9610,2.2570000000000014
9611,2.1500000000000017
9612,2.162000000000001
9613,2.366000000000001
9614,2.2450000000000014
9615,2.3520000000000016
9616,2.0490000000000013
9617,2.0470000000000024
9618,2.2610000000000015
9619,1.9260000000000026
9620,1.950000000000002
9621,1.9360000000000028
9622,2.4670000000000014
9623,1.1340000000000034
9624,2.043000000000002
9625,2.138000000000002
9626,2.461000000000001
9627,2.045000000000002
9628,2.352000000000002
9629,2.4490000000000016
9630,2.1480000000000024
9631,2.3460000000000023
9632,2.1360000000000023
9633,2.5740000000000007
9634,1.9360000000000022
9635,2.3680000000000017
9636,2.1420000000000017
9637,2.253000000000002
9638,2.5720000000000005
9639,2.2470000000000017
9640,2.2470000000000017
9641,2.2670000000000012
9642,2.4590000000000014
9643,1.9580000000000015
9644,2.247000000000002
9645,1.9380000000000022
9646,2.445000000000002
9647,2.4670000000000014
9648,1.9520000000000015
9649,2.455000000000002
9650,1.9440000000000017
9651,2.3500000000000014
9652,2.148000000000002
9653,1.9440000000000024
9654,2.2510000000000012
9655,2.5840000000000005
9656,1.946000000000002
9657,2.3580000000000023
9658,2.2530000000000023
9659,2.162000000000002
9660,2.148000000000002
9661,2.235000000000002
9662,2.144000000000002
9663,2.0530000000000026
9664,2.352000000000002
9665,2.3520000000000016
9666,2.253000000000002
9667,2.2610000000000015
9668,2.4430000000000023
9669,2.0530000000000013
9670,2.4530000000000016
9671,2.2590000000000017
9672,2.1520000000000015
9673,2.1540000000000017
9674,2.247000000000002
9675,1.944000000000002
9676,2.362000000000002
9677,2.350000000000002
9678,2.2510000000000012
9679,2.1500000000000017
9680,2.1580000000000013
9681,2.150000000000002
9682,2.247000000000002
9683,2.241000000000002
9684,1.9500000000000022
9685,1.8430000000000017
9686,2.253000000000002
9687,2.0470000000000015
9688,2.2610000000000015
9689,2.261000000000001
9690,2.2670000000000017
9691,1.9420000000000022
9692,1.8370000000000015
9693,2.2570000000000014
9694,1.9460000000000013
9695,2.1480000000000015
9696,2.4530000000000025
9697,2.4510000000000023
9698,2.1520000000000015
9699,2.1560000000000015
9700,2.1420000000000026
9701,2.0530000000000017
9702,2.0510000000000024
9703,2.3440000000000016
9704,2.0670000000000015
9705,2.241000000000002
9706,2.1520000000000024
9707,2.047000000000002
9708,2.2550000000000017
9709,2.1420000000000017
9710,2.144000000000002
9711,2.362000000000002
9712,2.372000000000001
9713,2.1500000000000017
9714,2.0450000000000013
9715,1.9440000000000015
9716,2.031000000000003
9717,2.2570000000000006
9718,2.1520000000000015
9719,2.1540000000000017
9720,2.154000000000002
9721,2.2390000000000025
9722,2.146000000000002
9723,2.257000000000002
9724,2.148000000000002
9725,2.3440000000000016
9726,2.1620000000000013
9727,1.9520000000000022
9728,2.2410000000000023
9729,2.148000000000002
9730,1.946000000000002
9731,2.047000000000001
9732,2.170000000000001
9733,2.249000000000002
9734,2.356000000000002
9735,2.4550000000000014
9736,2.459000000000002
9737,1.9560000000000017
9738,2.1380000000000026
9739,2.352000000000002
9740,2.253000000000002
9741,2.0530000000000017
9742,2.2470000000000017
9743,2.257000000000002
9744,1.7420000000000013
9745,2.1440000000000023
9746,2.2670000000000012
9747,2.140000000000002
9748,2.350000000000002
9749,2.4510000000000023
9750,2.049000000000002
9751,2.455000000000002
9752,1.9500000000000015
9753,2.1480000000000015
9754,1.9440000000000017
9755,2.350000000000002
9756,2.0530000000000017
9757,2.043000000000002
9758,2.2590000000000017
9759,2.356000000000001
9760,2.1620000000000013
9761,2.1620000000000017
9762,1.940000000000002
9763,2.251000000000003
9764,2.344000000000002
9765,2.251000000000002
9766,2.0550000000000015
9767,1.952000000000002
9768,2.3440000000000025
9769,2.043000000000002
9770,2.249000000000002
9771,2.160000000000001
9772,1.9400000000000017
9773,2.2510000000000017
9774,2.257000000000002
9775,2.340000000000003
9776,2.251000000000002
9777,2.447000000000002
9778,2.562000000000001
9779,2.255000000000002
9780,2.2590000000000017
9781,2.1540000000000017
9782,2.1580000000000017
9783,2.1540000000000017
9784,2.4570000000000016
9785,2.342000000000002
9786,1.9460000000000017
9787,2.0590000000000015
9788,1.8390000000000015
9789,2.4410000000000025
9790,2.0410000000000017
9791,2.352000000000002
9792,2.463000000000002
9793,2.0510000000000015
9794,1.9420000000000024
9795,2.3660000000000014
9796,2.172000000000001
9797,2.1620000000000017
9798,2.148000000000002
9799,2.457000000000001
9800,2.354000000000001
9801,2.031000000000003
9802,2.148000000000002
9803,2.2590000000000017
9804,1.8390000000000017
9805,2.453000000000002
9806,2.3360000000000025
9807,2.146000000000002
9808,2.465000000000001
9809,1.936000000000002
9810,2.160000000000002
9811,2.045000000000002
9812,2.1540000000000017
9813,1.8550000000000022
9814,2.1400000000000023
9815,2.152000000000002
9816,2.4530000000000016
9817,2.047000000000002
9818,2.150000000000002
9819,2.3460000000000023
9820,2.340000000000002
9821,2.0430000000000024
9822,2.249000000000002
9823,2.1420000000000017
9824,2.1660000000000013
9825,2.3460000000000023
9826,2.556000000000002
9827,2.138000000000002
9828,2.3480000000000025
9829,2.1540000000000017
9830,2.1540000000000017
9831,2.247000000000001
9832,2.0550000000000015
9833,1.9420000000000022
9834,2.2550000000000017
9835,2.134000000000002
9836,1.936000000000002
9837,1.934000000000002
9838,2.154000000000002
9839,2.1460000000000012
9840,2.152000000000001
9841,2.1400000000000023
9842,1.9400000000000017
9843,2.0630000000000015
9844,2.0550000000000015
9845,2.0530000000000013
9846,2.1620000000000013
9847,2.0570000000000017
9848,2.041000000000002
9849,2.039000000000002
9850,1.8310000000000024
9851,1.9480000000000017
9852,2.358000000000002
9853,1.1320000000000028
9854,2.1540000000000012
9855,2.0370000000000017
9856,2.0550000000000015
9857,2.4570000000000016
9858,1.9380000000000017
9859,2.162000000000001
9860,2.352000000000002
9861,2.354000000000002
9862,2.1540000000000017
9863,1.837000000000002
9864,2.4690000000000007
9865,2.148000000000002
9866,2.1500000000000017
9867,2.3540000000000028
9868,2.2430000000000025
9869,2.2470000000000017
9870,1.9360000000000026
9871,2.057000000000002
9872,2.453000000000002
9873,2.2570000000000014
9874,2.3520000000000016
9875,2.039000000000002
9876,2.0570000000000026
9877,2.4590000000000014
9878,2.4430000000000023
9879,2.0450000000000017
9880,2.045000000000002
9881,2.053000000000002
9882,1.9260000000000022
9883,2.2530000000000014
9884,2.366000000000002
9885,2.0570000000000017
9886,1.9460000000000024
9887,2.047000000000002
9888,2.2510000000000017
9889,2.148000000000002
9890,2.1420000000000026
9891,2.2510000000000017
9892,2.441000000000003
9893,2.047000000000002
9894,2.2530000000000023
9895,2.253000000000002
9896,2.2590000000000017
9897,2.1580000000000017
9898,2.152000000000002
9899,2.049000000000002
9900,2.4670000000000005
9901,1.9500000000000022
9902,2.158000000000002
9903,2.564000000000001
9904,2.164000000000001
9905,2.1460000000000026
9906,2.3660000000000014
9907,2.0490000000000017
9908,2.2570000000000014
9909,2.154000000000002
9910,1.9620000000000013
9911,2.560000000000002
9912,2.150000000000002
9913,2.550000000000002
9914,2.2590000000000017
9915,1.9480000000000024
9916,2.0530000000000017
9917,2.2670000000000012
9918,2.1640000000000015
9919,2.263000000000001
9920,1.9600000000000022
9921,2.2410000000000028
9922,2.356000000000002
9923,1.9500000000000015
9924,2.1440000000000023
9925,2.045000000000002
9926,2.257000000000002
9927,2.352000000000002
9928,2.049000000000001
9929,2.744000000000002
9930,2.251000000000002
9931,2.2450000000000023
9932,2.152000000000002
9933,2.4430000000000023
9934,2.243000000000002
9935,2.1620000000000013
9936,2.245000000000002
9937,2.1480000000000015
9938,2.2530000000000014
9939,2.346000000000002
9940,2.0530000000000017
9941,2.243000000000002
9942,2.5520000000000014
9943,2.253000000000002
9944,2.247000000000003
9945,2.0530000000000013
9946,2.249000000000002
9947,2.2410000000000014
9948,2.2570000000000014
9949,2.3620000000000014
9950,2.144000000000002
9951,1.9540000000000006
9952,1.944000000000002
9953,2.354000000000002
9954,2.352000000000002
9955,2.457000000000002
9956,2.4610000000000016
9957,2.1560000000000015
9958,2.1540000000000017
9959,2.0490000000000017
9960,2.039000000000003
9961,2.150000000000002
9962,2.047000000000002
9963,1.9480000000000017
9964,2.2570000000000014
9965,2.2590000000000012
9966,2.162000000000001
9967,2.253000000000002
9968,1.954000000000002
9969,2.4570000000000016
9970,2.0350000000000024
9971,2.1640000000000024
9972,2.4530000000000016
9973,1.8450000000000015
9974,2.4530000000000016
9975,1.9440000000000017
9976,1.845000000000002
9977,1.946000000000002
9978,2.148000000000003
9979,2.039000000000002
9980,2.249000000000002
9981,2.148000000000002
9982,2.354000000000002
9983,1.9480000000000017
9984,2.059000000000002
9985,1.9360000000000026
9986,2.461000000000001
9987,2.3640000000000017
9988,2.148000000000002
9989,2.142000000000002
9990,2.5500000000000016
9991,1.7300000000000022
9992,2.2390000000000025
9993,2.657000000000002
9994,2.152000000000002
9995,2.2510000000000026
9996,2.148000000000002
9997,2.1500000000000012
9998,2.2530000000000014
9999,2.546000000000002
10000,2.134000000000002
10001,2.3420000000000023
10002,2.0550000000000015
10003,2.140000000000002
10004,2.265000000000001
10005,2.1320000000000023
10006,2.0550000000000015
10007,2.241000000000002
10008,2.146000000000002
10009,2.253000000000002
10010,2.0410000000000026
10011,2.1540000000000017
10012,2.255000000000002
10013,2.245000000000002
10014,1.9520000000000008
10015,2.1640000000000024
10016,2.3480000000000025
10017,2.2650000000000015
10018,2.2430000000000025
10019,2.245000000000002
10020,2.564000000000001
10021,2.1520000000000015
10022,2.449000000000002
10023,1.9380000000000017
10024,2.1460000000000017
10025,1.9380000000000017
10026,2.245000000000002
10027,2.1500000000000017
10028,2.2730000000000015
10029,2.045000000000002
10030,2.1380000000000026
10031,1.956000000000002
10032,2.348000000000002
10033,2.047000000000002
10034,2.366000000000001
10035,2.0510000000000015
10036,2.346000000000002
10037,2.1380000000000026
10038,2.358000000000001
10039,2.045000000000002
10040,2.0450000000000017
10041,2.261000000000001
10042,2.144000000000002
10043,2.1580000000000017
10044,2.2510000000000012
10045,2.150000000000002
10046,2.552000000000002
10047,2.2590000000000012
10048,2.249000000000002
10049,2.3380000000000023
10050,2.269000000000001
10051,2.0490000000000017
10052,2.4450000000000016
10053,2.0550000000000015
10054,2.0530000000000017
10055,2.3600000000000017
10056,2.144000000000002
10057,2.156000000000001
10058,2.2450000000000028
10059,2.1540000000000012
10060,2.253000000000002
10061,2.0470000000000015
10062,2.249000000000002
10063,2.0430000000000015
10064,2.2410000000000014
10065,2.356000000000002
10066,2.249000000000002
10067,1.9420000000000015
10068,1.960000000000001
10069,1.9540000000000015
10070,2.142000000000002
10071,2.053000000000002
10072,2.255000000000001
10073,1.9480000000000017
10074,1.122000000000003
10075,2.043000000000002
10076,2.451000000000002
10077,2.148000000000002
10078,2.4570000000000016
10079,2.2450000000000023
10080,2.1360000000000023
10081,2.152000000000001
10082,2.3600000000000017
10083,2.0530000000000017
10084,2.360000000000002
10085,1.9400000000000026
10086,2.3580000000000023
10087,2.3580000000000014
10088,2.0550000000000024
10089,2.2530000000000014
10090,2.247000000000002
10091,1.8450000000000015
10092,2.1560000000000015
10093,2.251000000000002
10094,1.9420000000000015
10095,2.049000000000002
10096,2.1540000000000017
10097,2.154000000000002
10098,2.144000000000002
10099,1.9360000000000017
10100,2.162000000000001
10101,2.156000000000002
10102,2.562000000000001
10103,2.362000000000002
10104,2.1340000000000026
10105,2.356000000000002
10106,1.9400000000000028
10107,2.5660000000000003
10108,2.356000000000002
10109,2.3580000000000014
10110,2.1720000000000006
10111,2.354000000000002
10112,2.4670000000000014
10113,2.1660000000000017
10114,2.1560000000000015
10115,2.2550000000000017
10116,2.2370000000000028
10117,2.150000000000002
10118,2.142000000000002
10119,2.2370000000000023
10120,2.146000000000002
10121,2.4490000000000016
10122,2.2570000000000023
10123,2.1440000000000023
10124,2.0470000000000015
10125,2.049000000000002
10126,2.562000000000001
10127,2.049000000000002
10128,2.251000000000002
10129,1.9500000000000028
10130,2.461000000000002
10131,2.055000000000001
10132,2.358000000000002
10133,2.1560000000000024
10134,2.3700000000000014
10135,2.2610000000000015
10136,2.2530000000000014
10137,2.2630000000000012
10138,2.1540000000000017
10139,2.152000000000002
10140,1.940000000000002
10141,1.9460000000000017
10142,1.9480000000000013
10143,2.045000000000002
10144,2.1560000000000015
10145,2.059000000000001
10146,2.0450000000000013
10147,2.146000000000002
10148,2.4510000000000023
10149,2.1620000000000017
10150,2.352000000000002
10151,2.1520000000000015
10152,2.148000000000002
10153,2.354000000000002
10154,1.9400000000000017
10155,2.447000000000002
10156,2.0470000000000024
10157,2.257000000000002
10158,2.362000000000002
10159,2.4430000000000023
10160,2.051000000000002
10161,2.2470000000000017
10162,2.0510000000000015
10163,2.0370000000000017
10164,1.950000000000002
10165,2.5760000000000014
10166,2.3420000000000023
10167,1.9480000000000022
10168,2.2470000000000017
10169,2.160000000000001
10170,2.271000000000001
10171,2.459000000000002
10172,2.459000000000002
10173,2.0550000000000015
10174,2.1500000000000026
10175,2.146000000000002
10176,2.1580000000000013
10177,2.1520000000000015
10178,2.362000000000002
10179,2.251000000000002
10180,1.839000000000002
10181,2.2470000000000017
10182,2.6630000000000007
10183,2.1540000000000017
10184,2.261000000000001
10185,2.2770000000000015
10186,2.5500000000000016
10187,2.148000000000002
10188,1.9420000000000022
10189,2.354000000000001
10190,2.364000000000001
10191,1.9420000000000022
10192,2.1580000000000013
10193,2.1540000000000017
10194,2.051000000000002
10195,2.146000000000002
10196,2.245000000000002
10197,1.942000000000002
10198,2.2570000000000023
10199,2.4390000000000027
10200,2.148000000000002
10201,1.8410000000000024
10202,2.1560000000000015
10203,1.8450000000000017
10204,2.2610000000000015
10205,2.160000000000002
10206,2.150000000000002
10207,2.3700000000000006
10208,2.1480000000000015
10209,2.0430000000000015
10210,2.4530000000000016
10211,2.251000000000002
10212,2.235000000000003
10213,2.4530000000000016
10214,2.059000000000002
10215,1.8390000000000015
10216,2.3580000000000023
10217,2.148000000000002
10218,2.041000000000003
10219,2.350000000000002
10220,2.1660000000000017
10221,2.1620000000000017
10222,2.3460000000000023
10223,2.2530000000000014
10224,2.374000000000002
10225,1.847000000000002
10226,2.453000000000002
10227,1.9420000000000015
10228,2.0510000000000015
10229,2.039000000000002
10230,2.455000000000002
10231,2.253000000000002
10232,2.059000000000001
10233,2.2590000000000017
10234,2.045000000000002
10235,2.2570000000000014
10236,2.160000000000002
10237,2.041000000000002
10238,2.2510000000000017
10239,2.035000000000002
10240,2.0490000000000017
10241,2.0470000000000024
10242,2.362000000000001
10243,2.356000000000002
10244,1.7480000000000016
10245,2.0530000000000013
10246,2.1460000000000026
10247,2.0490000000000017
10248,1.7380000000000022
10249,2.1640000000000015
10250,2.142000000000002
10251,2.045000000000002
10252,2.245000000000002
10253,1.8410000000000017
10254,1.9440000000000017
10255,2.148000000000002
10256,2.3500000000000014
10257,2.2450000000000028
10258,2.1480000000000015
10259,2.255000000000002
10260,2.043000000000003
10261,2.2590000000000017
10262,2.146000000000002
10263,2.459000000000002
10264,1.946000000000002
10265,2.2690000000000015
10266,2.2550000000000017
10267,2.0470000000000015
10268,2.0510000000000024
10269,2.3460000000000027
10270,2.350000000000002
10271,1.8470000000000015
10272,2.4450000000000025
10273,2.1440000000000023
10274,2.350000000000002
10275,1.845000000000002
10276,2.2530000000000014
10277,2.3540000000000014
10278,1.9640000000000013
10279,2.358000000000002
10280,1.849000000000002
10281,1.7380000000000022
10282,2.146000000000002
10283,2.148000000000002
10284,2.2510000000000012
10285,1.9480000000000013
10286,1.7300000000000022
10287,2.047000000000002
10288,1.7420000000000022
10289,1.8450000000000022
10290,2.350000000000002
10291,2.2590000000000017
10292,2.352000000000002
10293,2.148000000000002
10294,2.2510000000000017
10295,2.5720000000000014
10296,2.1500000000000017
10297,2.049000000000002
10298,2.247000000000002
10299,2.356000000000002
10300,2.576000000000001
10301,2.3500000000000028
10302,2.0550000000000015
10303,2.160000000000001
10304,2.4550000000000023
10305,2.053000000000002
10306,2.2390000000000025
10307,2.4530000000000016
10308,2.049000000000002
10309,2.3440000000000025
10310,2.152000000000002
10311,2.049000000000002
10312,2.1660000000000013
10313,2.2750000000000004
10314,1.8450000000000017
10315,2.1400000000000023
10316,1.9460000000000017
10317,1.9440000000000017
10318,2.463000000000002
10319,1.8390000000000026
10320,2.057000000000001
10321,2.0470000000000015
10322,2.255000000000002
10323,2.1620000000000013
10324,2.2410000000000028
10325,2.154000000000002
10326,2.2610000000000023
10327,2.2570000000000023
10328,2.039000000000002
10329,2.5520000000000023
10330,2.3620000000000014
10331,2.1420000000000026
10332,2.2550000000000012
10333,2.1500000000000012
10334,2.1480000000000024
10335,1.8390000000000024
10336,1.9420000000000022
10337,2.261000000000001
10338,2.340000000000002
10339,2.0690000000000013
10340,2.1460000000000026
10341,2.144000000000002
10342,2.342000000000002
10343,2.043000000000001
10344,2.1540000000000017
10345,1.9420000000000015
10346,2.253000000000002
10347,2.247000000000002
10348,2.2550000000000012
10349,2.0350000000000024
10350,2.2490000000000014
10351,2.1540000000000017
10352,2.144000000000002
10353,2.150000000000002
10354,2.0570000000000013
10355,2.1520000000000015
10356,2.249000000000002
10357,2.0490000000000017
10358,2.457000000000002
10359,2.1680000000000006
10360,2.2450000000000023
10361,2.041000000000002
10362,2.1600000000000015
10363,2.2530000000000014
10364,2.1540000000000017
10365,2.1520000000000024
10366,2.356000000000001
10367,2.3400000000000025
10368,2.0570000000000017
10369,1.9380000000000017
10370,2.546000000000002
10371,2.251000000000002
10372,2.0650000000000013
10373,2.2650000000000015
10374,2.3580000000000023
10375,1.9400000000000022
10376,2.146000000000002
10377,2.4630000000000014
10378,2.2410000000000023
10379,2.4630000000000023
10380,2.0510000000000015
10381,2.1540000000000017
10382,1.942000000000002
10383,2.1540000000000017
10384,2.2470000000000026
10385,1.9380000000000026
10386,2.2510000000000012
10387,2.3620000000000014
10388,2.3440000000000016
10389,2.1460000000000017
10390,2.4530000000000016
10391,1.9380000000000022
10392,2.2570000000000014
10393,2.453000000000002
10394,2.1420000000000026
10395,2.352000000000002
10396,1.944000000000002
10397,2.4530000000000016
10398,2.2550000000000017
10399,2.1460000000000017
10400,2.1560000000000015
10401,2.1600000000000015
10402,2.2550000000000012
10403,2.047000000000002
10404,2.4510000000000023
10405,2.360000000000002
10406,2.0470000000000024
10407,2.0530000000000017
10408,2.2430000000000025
10409,1.952000000000002
10410,2.1600000000000015
10411,2.459000000000002
10412,2.443000000000002
10413,2.2530000000000014
10414,2.348000000000002
10415,2.2530000000000023
10416,1.9580000000000022
10417,2.049000000000002
10418,2.3640000000000017
10419,1.9440000000000024
10420,1.9420000000000024
10421,2.352000000000002
10422,2.1460000000000026
10423,2.148000000000002
10424,2.4530000000000016
10425,2.047000000000002
10426,2.136000000000003
10427,2.4550000000000023
10428,2.3560000000000016
10429,2.1360000000000023
10430,2.2490000000000023
10431,2.356000000000002
10432,2.1400000000000023
10433,2.1560000000000015
10434,2.271000000000001
10435,2.142000000000002
10436,2.2670000000000012
10437,2.160000000000002
10438,2.251000000000002
10439,2.2750000000000004
10440,2.265000000000002
10441,1.8430000000000015
10442,2.043000000000001
10443,2.362000000000002
10444,1.6430000000000018
10445,1.9460000000000017
10446,2.1540000000000017
10447,2.2550000000000012
10448,2.146000000000002
10449,2.1380000000000017
10450,1.9420000000000022
10451,2.2630000000000012
10452,2.3520000000000025
10453,2.047000000000002
10454,2.2470000000000017
10455,2.148000000000002
10456,2.160000000000001
10457,2.2530000000000014
10458,2.247000000000002
10459,2.3420000000000027
10460,2.657000000000001
10461,2.253000000000002
10462,2.1520000000000015
10463,1.9500000000000015
10464,2.2450000000000028
10465,2.273000000000001
10466,1.9420000000000024
10467,1.9360000000000026
10468,1.9520000000000024
10469,2.3380000000000023
10470,2.146000000000002
10471,2.1500000000000017
10472,2.346000000000002
10473,1.9440000000000026
10474,2.0410000000000017
10475,2.0390000000000024
10476,2.1420000000000026
10477,2.2550000000000012
10478,2.3520000000000025
10479,2.0410000000000017
10480,2.140000000000003
10481,2.148000000000002
10482,2.037000000000002
10483,2.3520000000000016
10484,2.146000000000002
10485,2.253000000000002
10486,2.156000000000001
10487,2.3640000000000017
10488,2.2570000000000014
10489,2.037000000000002
10490,2.1460000000000026
10491,2.150000000000002
10492,2.059000000000001
10493,2.055000000000001
10494,2.455000000000002
10495,2.148000000000002
10496,2.1360000000000023
10497,2.2410000000000023
10498,2.3420000000000027
10499,1.950000000000002
10500,2.356000000000002
10501,2.3560000000000016
10502,1.9300000000000028
10503,1.9420000000000015
10504,2.2410000000000023
10505,2.1360000000000023
10506,2.3580000000000014
10507,2.362000000000002
10508,2.2650000000000015
10509,2.342000000000002
10510,2.0470000000000024
10511,2.4510000000000023
10512,2.255000000000002
10513,2.2590000000000017
10514,2.0530000000000017
10515,2.144000000000002
10516,2.144000000000002
10517,2.3620000000000014
10518,2.0410000000000026
10519,2.2470000000000026
10520,2.251000000000002
10521,2.2530000000000014
10522,2.362000000000001
10523,2.3620000000000014
10524,2.354000000000002
10525,2.358000000000002
10526,2.249000000000002
10527,2.1540000000000017
10528,2.1420000000000017
10529,2.2530000000000023
10530,2.257000000000002
10531,2.148000000000002
10532,2.350000000000002
10533,2.059000000000001
10534,2.251000000000002
10535,2.364000000000001
10536,1.946000000000002
10537,2.154000000000002
10538,2.152000000000002
10539,2.0490000000000013
10540,2.132000000000003
10541,2.251000000000002
10542,2.154000000000002
10543,2.0530000000000017
10544,2.352000000000002
10545,2.4690000000000007
10546,2.443000000000003
10547,1.9580000000000015
10548,2.437000000000003
10549,2.1520000000000015
10550,2.2590000000000017
10551,2.144000000000002
10552,1.9480000000000015
10553,2.047000000000002
10554,1.7380000000000022
10555,2.3460000000000023
10556,2.0590000000000015
10557,2.1580000000000017
10558,2.3600000000000017
10559,2.249000000000002
10560,1.825000000000002
10561,1.8450000000000022
10562,1.7300000000000022
10563,2.0530000000000017
10564,2.045000000000002
10565,2.2570000000000014
10566,2.043000000000002
10567,2.455000000000002
10568,2.1500000000000017
10569,1.8410000000000024
10570,2.455000000000002
10571,2.2410000000000028
10572,2.253000000000002
10573,2.2470000000000026
10574,2.249000000000002
10575,2.356000000000001
10576,2.1540000000000017
10577,2.1520000000000024
10578,1.9540000000000013
10579,2.253000000000002
10580,2.3440000000000025
10581,2.3580000000000014
10582,2.1420000000000017
10583,2.558000000000001
10584,2.2510000000000012
10585,1.9520000000000013
10586,1.942000000000002
10587,2.253000000000002
10588,2.362000000000001
10589,2.354000000000002
10590,2.045000000000002
10591,2.1440000000000023
10592,2.154000000000002
10593,2.346000000000002
10594,2.146000000000002
10595,2.249000000000002
10596,2.2610000000000015
10597,2.366000000000001
10598,2.3640000000000017
10599,2.144000000000003
10600,2.1500000000000017
10601,2.043000000000002
10602,2.152000000000002
10603,2.2490000000000014
10604,2.249000000000002
10605,2.2470000000000026
10606,2.0450000000000017
10607,2.247000000000002
10608,2.041000000000002
10609,2.4550000000000023
10610,2.045000000000002
10611,1.8530000000000015
10612,1.8290000000000024
10613,2.340000000000002
10614,2.1560000000000015
10615,2.1460000000000017
10616,2.0450000000000017
10617,2.1420000000000026
10618,2.049000000000002
10619,2.3480000000000025
10620,2.366000000000001
10621,2.043000000000002
10622,2.2550000000000017
10623,1.950000000000001
10624,1.944000000000002
10625,2.4490000000000025
10626,2.144000000000002
10627,2.447000000000002
10628,2.1560000000000015
10629,2.059000000000001
10630,2.1500000000000017
10631,2.045000000000002
10632,2.2470000000000017
10633,2.1420000000000026
10634,2.3580000000000023
10635,2.1440000000000015
10636,2.2450000000000023
10637,2.2610000000000015
10638,2.352000000000002
10639,2.0470000000000024
10640,2.449000000000002
10641,2.4430000000000023
10642,2.0470000000000015
10643,2.0470000000000015
10644,2.3420000000000023
10645,2.148000000000002
10646,2.263000000000002
10647,2.465000000000001
10648,1.9460000000000022
10649,2.3540000000000014
10650,2.146000000000002
10651,2.1520000000000024
10652,2.059000000000001
10653,2.2670000000000012
10654,2.164000000000002
10655,1.9500000000000017
10656,1.8430000000000015
10657,2.352000000000002
10658,2.3620000000000014
10659,2.1520000000000015
10660,2.043000000000002
10661,2.2390000000000025
10662,1.944000000000002
10663,1.8410000000000017
10664,2.142000000000002
10665,2.3440000000000016
10666,2.3460000000000014
10667,2.2430000000000025
10668,2.2550000000000012
10669,2.146000000000002
10670,2.1660000000000013
10671,2.158000000000002
10672,2.2490000000000014
10673,2.0610000000000017
10674,2.0310000000000024
10675,1.9540000000000017
10676,2.4610000000000016
10677,2.059000000000002
10678,2.0370000000000026
10679,2.360000000000001
10680,2.144000000000002
10681,2.251000000000002
10682,2.370000000000001
10683,2.0530000000000013
10684,2.049000000000002
10685,2.2670000000000017
10686,2.340000000000002
10687,2.0550000000000015
10688,2.2410000000000023
10689,2.1540000000000017
10690,2.0510000000000015
10691,2.3700000000000014
10692,2.253000000000002
10693,1.9380000000000024
10694,2.041000000000002
10695,2.4430000000000023
10696,2.251000000000002
10697,2.251000000000002
10698,2.265000000000001
10699,2.3480000000000025
10700,2.2450000000000023
10701,2.2410000000000023
10702,2.154000000000002
10703,1.8470000000000024
10704,2.049000000000002
10705,2.0390000000000024
10706,2.1540000000000017
10707,2.356000000000002
10708,2.653000000000002
10709,2.041000000000002
10710,2.5460000000000016
10711,2.154000000000002
10712,2.356000000000002
10713,2.243000000000002
10714,1.7360000000000024
10715,2.3500000000000014
10716,2.348000000000002
10717,1.9480000000000017
10718,2.2530000000000014
10719,2.2550000000000026
10720,2.5620000000000003
10721,1.9460000000000022
10722,2.4670000000000014
10723,2.4570000000000016
10724,2.4550000000000014
10725,2.255000000000002
10726,1.6430000000000018
10727,2.265000000000001
10728,2.0550000000000015
10729,1.8530000000000018
10730,2.2550000000000012
10731,2.350000000000002
10732,1.9420000000000022
10733,2.0410000000000017
10734,2.158000000000001
10735,2.043000000000002
10736,1.841000000000002
10737,2.148000000000002
10738,2.352000000000001
10739,2.6510000000000025
10740,2.1500000000000017
10741,2.2570000000000023
10742,1.934000000000002
10743,2.2650000000000015
10744,2.3540000000000023
10745,2.1460000000000017
10746,2.152000000000002
10747,1.9560000000000013
10748,2.2570000000000014
10749,2.5580000000000016
10750,2.251000000000001
10751,1.952000000000002
10752,2.5540000000000016
10753,2.035000000000003
10754,2.045000000000002
10755,2.4610000000000016
10756,2.2470000000000017
10757,2.253000000000002
10758,2.3640000000000008
10759,2.0490000000000013
10760,2.049000000000002
10761,2.346000000000002
10762,2.162000000000002
10763,2.546000000000002
10764,2.2550000000000017
10765,2.366000000000002
10766,2.0510000000000015
10767,2.2430000000000017
10768,2.150000000000002
10769,2.0550000000000024
10770,2.1420000000000026
10771,2.0530000000000017
10772,2.4630000000000014
10773,1.9540000000000017
10774,2.354000000000002
10775,2.1440000000000023
10776,2.160000000000002
10777,2.051000000000002
10778,2.3500000000000014
10779,2.251000000000002
10780,1.839000000000002
10781,1.8490000000000018
10782,2.1500000000000012
10783,2.2610000000000015
10784,2.0490000000000017
10785,2.2470000000000017
10786,2.253000000000002
10787,2.2570000000000014
10788,2.168000000000001
10789,2.4470000000000023
10790,2.2550000000000012
10791,2.253000000000002
10792,2.3600000000000017
10793,2.451000000000002
10794,2.1520000000000015
10795,2.3620000000000023
10796,2.451000000000002
10797,2.4530000000000016
10798,1.946000000000002
10799,2.073000000000001
10800,2.2630000000000017
10801,2.3540000000000014
10802,2.2470000000000026
10803,2.049000000000002
10804,2.4650000000000016
10805,2.051000000000002
10806,2.560000000000001
10807,2.253000000000002
10808,2.346000000000002
10809,2.0450000000000026
10810,2.354000000000001
10811,2.2610000000000015
10812,2.0430000000000024
10813,2.043000000000003
10814,2.558000000000001
10815,1.9360000000000022
10816,2.059000000000001
10817,1.7400000000000022
10818,2.1560000000000015
10819,2.5660000000000007
10820,2.2510000000000012
10821,2.461000000000002
10822,1.944000000000002
10823,2.3520000000000016
10824,2.239000000000002
10825,2.249000000000002
10826,2.1320000000000023
10827,1.9460000000000017
10828,2.2570000000000014
10829,2.2470000000000026
10830,2.358000000000002
10831,2.457000000000001
10832,2.049000000000002
10833,2.5620000000000016
10834,1.9480000000000017
10835,2.459000000000002
10836,2.3660000000000014
10837,2.2590000000000012
10838,1.8630000000000015
10839,2.2450000000000023
10840,2.146000000000002
10841,2.1420000000000026
10842,2.342000000000002
10843,2.2590000000000017
10844,2.1520000000000015
10845,2.2470000000000017
10846,2.0490000000000026
10847,2.3500000000000014
10848,2.3620000000000014
10849,2.1500000000000012
10850,2.253000000000002
10851,2.142000000000002
10852,2.0490000000000013
10853,2.255000000000002
10854,1.841000000000002
10855,2.144000000000003
10856,2.362000000000001
10857,2.2390000000000025
10858,2.453000000000001
10859,1.9520000000000013
10860,2.3580000000000023
10861,2.4670000000000014
10862,2.146000000000002
10863,1.932000000000002
10864,2.1480000000000015
10865,2.2510000000000012
10866,2.2490000000000023
10867,2.049000000000002
10868,2.3600000000000008
10869,2.2450000000000028
10870,2.2510000000000017
10871,2.0510000000000024
10872,2.059000000000001
10873,2.154000000000002
10874,2.1480000000000015
10875,2.344000000000002
10876,2.2590000000000017
10877,2.3620000000000023
10878,2.2450000000000023
10879,2.1540000000000017
10880,2.269000000000002
10881,2.2570000000000014
10882,2.441000000000002
10883,2.263000000000001
10884,2.0390000000000015
10885,2.1580000000000013
10886,1.8390000000000015
10887,1.9280000000000026
10888,2.0510000000000015
10889,2.2550000000000012
10890,2.144000000000002
10891,2.1360000000000023
10892,2.3780000000000014
10893,2.1420000000000026
10894,2.2570000000000014
10895,2.451000000000002
10896,2.1540000000000012
10897,2.144000000000002
10898,2.3500000000000023
10899,2.158000000000001
10900,1.9480000000000026
10901,2.2550000000000017
10902,2.0590000000000015
10903,1.8490000000000024
10904,2.1620000000000017
10905,2.160000000000002
10906,1.9480000000000022
10907,2.0510000000000024
10908,2.3480000000000016
10909,2.3580000000000023
10910,2.4690000000000007
10911,2.043000000000002
10912,1.744000000000002
10913,2.043000000000002
10914,2.3620000000000014
10915,2.045000000000002
10916,1.9380000000000022
10917,2.0650000000000013
10918,2.5500000000000025
10919,2.2430000000000025
10920,2.3400000000000025
10921,2.2510000000000017
10922,2.356000000000002
10923,2.2430000000000017
10924,2.3560000000000016
10925,2.265000000000002
10926,2.1440000000000023
10927,2.041000000000002
10928,2.3500000000000023
10929,2.261000000000001
10930,2.263000000000001
10931,2.045000000000002
10932,1.9460000000000022
10933,2.3640000000000017
10934,2.259000000000002
10935,2.273000000000001
10936,2.3540000000000014
10937,2.2550000000000017
10938,2.3500000000000014
10939,2.1400000000000023
10940,2.045000000000002
10941,2.043000000000002
10942,1.9500000000000022
10943,2.1520000000000015
10944,2.1720000000000015
10945,2.053000000000002
10946,2.5620000000000016
10947,1.841000000000002
10948,2.146000000000002
10949,2.4470000000000023
10950,2.140000000000002
10951,2.257000000000002
10952,2.5680000000000005
10953,2.2590000000000017
10954,2.1580000000000017
10955,2.1440000000000023
10956,2.2590000000000017
10957,2.461000000000001
10958,2.2470000000000017
10959,2.2390000000000025
10960,2.4530000000000016
10961,2.067000000000002
10962,2.160000000000002
10963,2.2470000000000017
10964,2.249000000000002
10965,2.043000000000002
10966,2.3640000000000008
10967,2.1640000000000006
10968,2.251000000000002
10969,2.1460000000000012
10970,2.2490000000000014
10971,2.5520000000000023
10972,1.952000000000002
10973,2.156000000000001
10974,2.154000000000002
10975,2.0490000000000017
10976,2.3480000000000025
10977,2.160000000000002
10978,2.366000000000001
10979,2.3540000000000023
10980,2.1500000000000012
10981,1.9420000000000013
10982,2.5440000000000023
10983,2.150000000000002
10984,2.3580000000000014
10985,2.0490000000000017
10986,2.473000000000001
10987,2.154000000000002
10988,2.354000000000002
10989,2.1520000000000024
10990,2.1480000000000024
10991,2.350000000000002
10992,2.1520000000000015
10993,2.245000000000002
10994,1.9560000000000017
10995,2.1580000000000017
10996,1.8470000000000022
10997,2.0670000000000015
10998,2.2590000000000017
10999,1.9400000000000026
11000,2.245000000000002
11001,2.158000000000001
11002,2.0470000000000024
11003,2.059000000000002
11004,2.1400000000000023
11005,2.0510000000000024
11006,2.352000000000002
11007,2.150000000000002
11008,2.358000000000002
11009,2.0510000000000024
11010,2.162000000000001
11011,2.2470000000000026
11012,2.2570000000000014
11013,2.043000000000002
11014,2.370000000000002
11015,2.358000000000001
11016,2.352000000000001
11017,2.045000000000002
11018,2.344000000000002
11019,2.2570000000000023
11020,2.043000000000002
11021,2.150000000000002
11022,2.0470000000000015
11023,2.3620000000000014
11024,2.154000000000001
11025,2.043000000000002
11026,2.2470000000000017
11027,2.2430000000000025
11028,2.2570000000000014
11029,2.1500000000000012
11030,2.0350000000000024
11031,2.3640000000000017
11032,2.051000000000002
11033,2.053000000000002
11034,2.245000000000002
11035,2.261000000000002
11036,2.356000000000002
11037,2.2430000000000025
11038,1.9480000000000017
11039,2.2710000000000012
11040,2.1600000000000015
11041,2.144000000000002
11042,2.1560000000000015
11043,2.352000000000002
11044,2.160000000000002
11045,2.2550000000000012
11046,2.1540000000000012
11047,2.2510000000000017
11048,2.259000000000001
11049,2.035000000000002
11050,2.2610000000000015
11051,2.1660000000000013
11052,2.150000000000002
11053,2.253000000000002
11054,2.041000000000002
11055,2.0370000000000026
11056,2.1580000000000013
11057,2.2390000000000025
11058,2.2590000000000017
11059,2.0470000000000024
11060,2.255000000000002
11061,2.348000000000002
11062,2.1420000000000026
11063,2.136000000000003
11064,2.0450000000000017
11065,2.0570000000000017
11066,2.0410000000000026
11067,2.467000000000002
11068,2.2390000000000025
11069,2.0450000000000017
11070,2.344000000000002
11071,2.560000000000001
11072,2.1620000000000017
11073,2.1580000000000017
11074,2.3660000000000014
11075,2.3600000000000017
11076,2.0490000000000017
11077,2.570000000000001
11078,2.2590000000000017
11079,2.160000000000002
11080,2.469000000000001
11081,2.350000000000002
11082,2.1360000000000015
11083,2.142000000000002
11084,1.746000000000001
11085,2.1580000000000017
11086,1.9440000000000015
11087,2.1420000000000017
11088,2.245000000000002
11089,2.350000000000002
11090,2.348000000000002
11091,1.956000000000002
11092,2.350000000000002
11093,2.2390000000000025
11094,2.2530000000000014
11095,2.3700000000000014
11096,2.1420000000000017
11097,2.1520000000000015
11098,1.8390000000000017
11099,2.152000000000001
11100,2.3580000000000023
11101,1.8410000000000022
11102,2.340000000000002
11103,2.1580000000000017
11104,2.249000000000002
11105,2.1660000000000013
11106,2.148000000000003
11107,2.3580000000000014
11108,1.9420000000000022
11109,2.5500000000000025
11110,2.043000000000002
11111,2.455000000000002
11112,2.3460000000000023
11113,2.1560000000000015
11114,2.3700000000000014
11115,2.1420000000000026
11116,2.148000000000002
11117,1.8530000000000018
11118,2.552000000000002
11119,1.7460000000000016
11120,2.0610000000000017
11121,2.2550000000000012
11122,2.146000000000002
11123,2.6450000000000014
11124,2.1400000000000023
11125,2.235000000000002
11126,2.1660000000000013
11127,2.350000000000002
11128,2.0410000000000017
11129,2.2610000000000015
11130,2.354000000000002
11131,1.9540000000000013
11132,2.0590000000000015
11133,2.2710000000000012
11134,1.9400000000000022
11135,2.055000000000002
11136,2.3380000000000027
11137,2.0470000000000024
11138,2.269000000000001
11139,2.3460000000000023
11140,2.1420000000000026
11141,2.2450000000000023
11142,2.1480000000000015
11143,1.9420000000000022
11144,2.3420000000000014
11145,2.463000000000002
11146,2.136000000000002
11147,1.9360000000000026
11148,2.257000000000002
11149,2.5680000000000005
11150,1.962000000000002
11151,2.166000000000001
11152,1.942000000000002
11153,2.3640000000000008
11154,2.0730000000000013
11155,2.3480000000000025
11156,2.249000000000002
11157,2.2550000000000012
11158,2.0490000000000017
11159,2.168000000000001
11160,2.360000000000001
11161,2.1560000000000024
11162,2.0430000000000024
11163,2.350000000000002
11164,2.4410000000000025
11165,2.2730000000000015
11166,2.253000000000001
11167,2.142000000000002
11168,2.041000000000002
11169,2.1580000000000017
11170,2.2470000000000017
11171,2.144000000000002
11172,2.1440000000000023
11173,2.1520000000000015
11174,2.037000000000002
11175,2.053000000000002
11176,2.356000000000001
11177,1.9440000000000017
11178,2.2670000000000012
11179,2.2410000000000023
11180,2.2470000000000017
11181,2.1420000000000026
11182,2.1440000000000023
11183,2.6650000000000005
11184,2.3500000000000023
11185,2.249000000000002
11186,2.4710000000000014
11187,2.0470000000000015
11188,2.5740000000000007
11189,2.2510000000000012
11190,2.140000000000003
11191,1.9360000000000022
11192,2.3580000000000014
11193,2.1680000000000015
11194,2.560000000000002
11195,2.455000000000002
11196,2.160000000000002
11197,2.0550000000000015
11198,2.0470000000000024
11199,2.1540000000000017
11200,2.251000000000002
11201,2.362000000000001
11202,2.156000000000001
11203,2.1420000000000017
11204,2.1560000000000015
11205,2.1460000000000026
11206,2.1520000000000015
11207,1.9500000000000015
11208,2.1580000000000017
11209,2.358000000000002
11210,2.148000000000002
11211,2.5480000000000023
11212,2.154000000000002
11213,2.138000000000002
11214,2.150000000000002
11215,2.1580000000000017
11216,2.453000000000002
11217,2.354000000000002
11218,2.1500000000000012
11219,2.249000000000002
11220,2.3600000000000017
11221,2.1560000000000015
11222,2.1580000000000017
11223,2.2590000000000012
11224,2.56
11225,2.2570000000000023
11226,1.9540000000000015
11227,1.9540000000000013
11228,1.7380000000000024
11229,2.1360000000000023
11230,2.3580000000000014
11231,2.0490000000000017
11232,2.455000000000002
11233,2.1560000000000015
11234,2.045000000000002
11235,2.144000000000003
11236,2.2650000000000015
11237,2.3720000000000008
11238,2.043000000000002
11239,2.164000000000002
11240,2.158000000000001
11241,1.956000000000001
11242,2.132000000000003
11243,2.251000000000002
11244,2.1520000000000024
11245,2.0490000000000017
11246,2.358000000000002
11247,2.2670000000000012
11248,2.3640000000000008
11249,2.0530000000000026
11250,2.5500000000000025
11251,2.1580000000000017
11252,2.3440000000000025
11253,2.1620000000000017
11254,2.2490000000000014
11255,2.4570000000000016
11256,2.358000000000001
11257,2.041000000000002
11258,2.2450000000000023
11259,1.9460000000000013
11260,2.356000000000002
11261,2.1400000000000023
11262,2.354000000000002
11263,2.261000000000001
11264,2.366000000000001
11265,2.0590000000000015
11266,2.451000000000002
11267,2.2550000000000017
11268,2.1580000000000017
11269,1.940000000000002
11270,2.2590000000000017
11271,2.1560000000000015
11272,2.1560000000000015
11273,1.8490000000000018
11274,2.1600000000000015
11275,2.3480000000000025
11276,2.566000000000001
11277,2.259000000000002
11278,2.247000000000002
11279,2.148000000000002
11280,1.7500000000000013
11281,2.475000000000001
11282,2.366000000000001
11283,2.253000000000002
11284,2.150000000000002
11285,1.9420000000000022
11286,2.2550000000000017
11287,2.2430000000000017
11288,2.0490000000000026
11289,2.2550000000000017
11290,2.253000000000002
11291,2.253000000000002
11292,2.364000000000001
11293,2.2650000000000015
11294,2.3560000000000016
11295,2.0410000000000026
11296,2.2610000000000015
11297,2.5520000000000023
11298,2.0410000000000013
11299,2.657000000000002
11300,2.2450000000000023
11301,2.471000000000001
11302,2.1600000000000015
11303,2.2550000000000017
11304,2.449000000000002
11305,2.5520000000000023
11306,1.9420000000000015
11307,2.4670000000000014
11308,1.9520000000000022
11309,2.348000000000001
11310,1.9520000000000015
11311,2.362000000000001
11312,2.1700000000000013
11313,2.1500000000000012
11314,2.245000000000002
11315,2.251000000000002
11316,2.150000000000002
11317,2.2550000000000012
11318,2.049000000000002
11319,2.251000000000002
11320,2.160000000000001
11321,2.3620000000000023
11322,2.4630000000000014
11323,2.1520000000000015
11324,1.7300000000000022
11325,2.3460000000000023
11326,1.954000000000002
11327,2.251000000000002
11328,2.2530000000000014
11329,2.0410000000000017
11330,2.051000000000002
11331,2.249000000000002
11332,1.7360000000000022
11333,2.552000000000002
11334,2.249000000000002
11335,1.439000000000001
11336,2.148000000000002
11337,1.9560000000000013
11338,2.150000000000002
11339,2.4470000000000023
11340,1.9600000000000017
11341,2.0650000000000013
11342,2.1580000000000017
11343,2.2550000000000017
11344,2.160000000000001
11345,2.2650000000000015
11346,2.1480000000000015
11347,2.150000000000002
11348,2.0470000000000024
11349,2.2390000000000017
11350,2.144000000000002
11351,1.9400000000000022
11352,1.9620000000000013
11353,1.9440000000000015
11354,2.037000000000002
11355,2.144000000000002
11356,2.2610000000000015
11357,2.0470000000000024
11358,2.253000000000002
11359,2.251000000000002
11360,2.2570000000000014
11361,2.245000000000002
11362,2.134000000000002
11363,2.3420000000000027
11364,2.2590000000000017
11365,2.0570000000000013
11366,2.247000000000002
11367,2.463000000000002
11368,2.249000000000002
11369,2.041000000000002
11370,2.3580000000000014
11371,2.461000000000001
11372,2.160000000000001
11373,1.9400000000000022
11374,1.849000000000002
11375,2.1500000000000017
11376,2.059000000000002
11377,2.140000000000003
11378,2.0550000000000015
11379,2.3560000000000016
11380,2.3440000000000025
11381,1.9500000000000015
11382,2.1500000000000017
11383,1.7380000000000015
11384,2.1620000000000013
11385,2.356000000000001
11386,2.3660000000000014
11387,1.958000000000001
11388,2.1500000000000017
11389,2.142000000000002
11390,2.146000000000002
11391,2.1580000000000017
11392,2.146000000000002
11393,2.560000000000001
11394,2.445000000000002
11395,2.156000000000002
11396,2.3500000000000023
11397,2.0510000000000024
11398,2.3640000000000017
11399,1.8490000000000018
11400,2.144000000000002
11401,2.0530000000000017
11402,2.2470000000000017
11403,2.362000000000002
11404,2.0470000000000024
11405,2.257000000000002
11406,2.3640000000000017
11407,2.140000000000003
11408,1.8610000000000013
11409,2.041000000000002
11410,1.8410000000000022
11411,1.940000000000002
11412,2.354000000000002
11413,2.0510000000000024
11414,2.2590000000000012
11415,2.352000000000002
11416,1.952000000000002
11417,2.582
11418,2.255000000000001
11419,1.9600000000000015
11420,2.2410000000000023
11421,2.356000000000002
11422,2.457000000000002
11423,2.0570000000000017
11424,2.1340000000000026
11425,2.1700000000000013
11426,2.1520000000000015
11427,2.1420000000000026
11428,2.259000000000002
11429,2.356000000000002
11430,2.2550000000000012
11431,2.3700000000000014
11432,2.558000000000001
11433,2.251000000000002
11434,2.1540000000000017
11435,2.0530000000000017
11436,2.261000000000001
11437,2.2570000000000014
11438,2.2510000000000017
11439,2.1500000000000017
11440,2.3720000000000008
11441,2.261000000000001
11442,2.352000000000002
11443,2.2470000000000017
11444,2.2570000000000014
11445,2.3500000000000014
11446,2.3560000000000016
11447,2.263000000000001
11448,1.8430000000000015
11449,1.9420000000000022
11450,2.2630000000000012
11451,2.2530000000000014
11452,2.360000000000002
11453,2.2550000000000017
11454,2.0410000000000017
11455,2.1480000000000024
11456,2.2570000000000014
11457,2.1580000000000017
11458,2.358000000000002
11459,2.4590000000000014
11460,2.039000000000003
11461,2.354000000000002
11462,2.152000000000002
11463,2.142000000000002
11464,2.447000000000002
11465,2.043000000000003
11466,2.0490000000000017
11467,2.261000000000001
11468,2.152000000000002
11469,2.146000000000002
11470,2.251000000000002
11471,2.0470000000000015
11472,2.168000000000001
11473,1.9280000000000022
11474,2.465000000000001
11475,2.2490000000000023
11476,2.2510000000000012
11477,2.2470000000000017
11478,2.134000000000003
11479,2.457000000000002
11480,2.356000000000002
11481,1.9500000000000022
11482,2.4530000000000016
11483,2.2710000000000012
11484,2.2530000000000014
11485,2.2510000000000017
11486,2.0510000000000015
11487,2.146000000000002
11488,2.3560000000000016
11489,2.362000000000002
11490,2.1460000000000017
11491,2.558000000000001
11492,2.138000000000002
11493,2.1440000000000015
11494,2.156000000000001
11495,2.1700000000000013
11496,2.2510000000000017
11497,2.148000000000002
11498,2.2550000000000017
11499,2.142000000000002
11500,2.0570000000000017
11501,2.6490000000000022
11502,1.9480000000000015
11503,2.459000000000002
11504,2.1500000000000017
11505,1.9420000000000028
11506,2.463000000000002
11507,2.0670000000000015
11508,2.239000000000002
11509,2.243000000000002
11510,2.1460000000000026
11511,2.247000000000002
11512,2.0490000000000013
11513,2.257000000000002
11514,2.2590000000000017
11515,2.148000000000002
11516,2.1400000000000023
11517,2.0490000000000013
11518,2.3420000000000023
11519,2.1540000000000012
11520,2.2610000000000015
11521,2.354000000000002
11522,2.2530000000000014
11523,2.0530000000000017
11524,2.168000000000001
11525,2.352000000000002
11526,1.9500000000000017
11527,2.146000000000002
11528,2.2510000000000026
11529,2.360000000000001
11530,2.144000000000002
11531,2.140000000000002
11532,2.1500000000000026
11533,2.1580000000000017
11534,2.3640000000000017
11535,2.162000000000001
11536,2.037000000000002
11537,2.1600000000000006
11538,2.146000000000002
11539,2.146000000000002
11540,2.043000000000002
11541,2.251000000000002
11542,2.1560000000000015
11543,2.2550000000000012
11544,2.0530000000000017
11545,2.1600000000000015
11546,2.1500000000000017
11547,2.041000000000002
11548,2.5520000000000014
11549,2.560000000000001
11550,2.160000000000002
11551,2.4390000000000027
11552,2.0510000000000015
11553,2.1440000000000023
11554,2.2530000000000014
11555,2.4490000000000025
11556,2.366000000000001
11557,2.150000000000002
11558,2.1480000000000024
11559,2.243000000000003
11560,2.2470000000000026
11561,2.166000000000001
11562,2.0510000000000024
11563,1.8390000000000026
11564,2.457000000000001
11565,2.257000000000002
11566,2.356000000000002
11567,1.9500000000000017
11568,2.2410000000000023
11569,2.3580000000000023
11570,2.2490000000000023
11571,2.1620000000000017
11572,2.051000000000002
11573,2.2570000000000014
11574,2.154000000000002
11575,2.049000000000002
11576,2.358000000000002
11577,2.2570000000000006
11578,1.9440000000000017
11579,2.2650000000000015
11580,2.2510000000000017
11581,2.463000000000001
11582,2.0530000000000017
11583,2.2570000000000014
11584,2.0630000000000015
11585,2.2710000000000017
11586,2.354000000000002
11587,2.2670000000000012
11588,1.9480000000000024
11589,2.1560000000000015
11590,1.851000000000002
11591,2.049000000000002
11592,2.1640000000000015
11593,2.144000000000002
11594,2.4470000000000023
11595,2.364000000000001
11596,2.142000000000002
11597,2.069000000000002
11598,2.039000000000003
11599,2.5620000000000016
11600,2.0590000000000015
11601,2.0510000000000015
11602,2.142000000000003
11603,2.148000000000002
11604,2.3540000000000014
11605,2.1540000000000017
11606,2.265000000000002
11607,2.451000000000002
11608,2.0630000000000015
11609,2.146000000000002
11610,2.279000000000001
11611,2.2590000000000017
11612,2.3460000000000027
11613,2.3620000000000014
11614,1.9440000000000024
11615,2.465000000000001
11616,2.564000000000001
11617,2.2410000000000023
11618,2.247000000000002
11619,2.352000000000002
11620,2.459000000000002
11621,1.9420000000000015
11622,2.1500000000000017
11623,2.2510000000000012
11624,1.8510000000000018
11625,2.471000000000002
11626,2.2650000000000015
11627,2.3380000000000023
11628,2.1380000000000026
11629,1.952000000000002
11630,2.4490000000000016
11631,2.2550000000000017
11632,2.160000000000001
11633,2.2570000000000023
11634,2.1540000000000017
11635,2.556000000000002
11636,1.944000000000002
11637,2.152000000000002
11638,2.354000000000002
11639,2.360000000000002
11640,2.1560000000000024
11641,1.972000000000001
11642,2.2470000000000026
11643,2.249000000000002
11644,2.2550000000000012
11645,2.041000000000002
11646,2.6550000000000025
11647,2.376000000000001
11648,2.152000000000002
11649,1.942000000000002
11650,2.1420000000000026
11651,2.467000000000001
11652,2.372000000000001
11653,2.0450000000000017
11654,2.0470000000000024
11655,2.055000000000002
11656,2.0490000000000013
11657,2.1560000000000015
11658,2.3540000000000014
11659,2.352000000000001
11660,2.156000000000002
11661,1.845000000000002
11662,2.2610000000000015
11663,2.158000000000002
11664,2.1560000000000015
11665,2.2570000000000014
11666,2.051000000000002
11667,1.0230000000000035
11668,1.9420000000000013
11669,2.261000000000001
11670,2.2390000000000017
11671,2.2610000000000015
11672,2.138000000000002
11673,2.043000000000002
11674,2.156000000000002
11675,2.0530000000000017
11676,2.249000000000002
11677,2.1380000000000026
11678,2.245000000000002
11679,2.0570000000000017
11680,2.2450000000000023
11681,2.1440000000000015
11682,2.041000000000002
11683,2.4670000000000005
11684,2.1520000000000015
11685,2.1480000000000024
11686,2.1680000000000015
11687,2.358000000000002
11688,2.4650000000000016
11689,2.1400000000000023
11690,2.2550000000000012
11691,2.251000000000002
11692,2.2530000000000014
11693,2.162000000000002
11694,2.1620000000000017
11695,2.0470000000000015
11696,2.0510000000000015
11697,2.4530000000000025
11698,2.3520000000000016
11699,2.457000000000002
11700,2.1460000000000012
11701,2.140000000000002
11702,1.7420000000000027
11703,2.2490000000000014
11704,2.2450000000000023
11705,2.3500000000000014
11706,2.3680000000000008
11707,2.4670000000000014
11708,2.675000000000001
11709,1.9400000000000017
11710,2.0510000000000024
11711,1.9400000000000022
11712,2.2590000000000017
11713,2.247000000000001
11714,2.148000000000002
11715,2.3460000000000023
11716,1.9440000000000024
11717,2.1500000000000017
11718,1.9540000000000017
11719,2.1540000000000017
11720,2.0490000000000017
11721,2.144000000000002
11722,2.356000000000001
11723,2.265000000000001
11724,2.4530000000000025
11725,2.350000000000002
11726,2.3480000000000016
11727,2.368000000000001
11728,1.956000000000001
11729,2.1460000000000017
11730,2.148000000000002
11731,2.1480000000000024
11732,2.3680000000000008
11733,2.1440000000000015
11734,2.4450000000000016
11735,2.1460000000000017
11736,2.356000000000002
11737,2.2590000000000017
11738,1.9520000000000015
11739,2.1580000000000013
11740,2.2450000000000023
11741,2.249000000000002
11742,2.0450000000000013
11743,2.3540000000000014
11744,2.154000000000002
11745,1.9360000000000022
11746,2.249000000000002
11747,2.2510000000000017
11748,2.2590000000000017
11749,2.4770000000000003
11750,2.0610000000000013
11751,2.3560000000000016
11752,2.5740000000000007
11753,2.4470000000000023
11754,2.3640000000000017
11755,2.2570000000000014
11756,2.2470000000000017
11757,2.261000000000002
11758,2.352000000000001
11759,2.3560000000000016
11760,2.0510000000000015
11761,2.368000000000001
11762,2.1460000000000017
11763,2.2510000000000012
11764,2.2510000000000012
11765,2.5660000000000003
11766,2.352000000000002
11767,2.2650000000000015
11768,2.144000000000002
11769,2.2570000000000023
11770,2.1520000000000024
11771,1.9400000000000022
11772,2.2550000000000017
11773,2.4590000000000014
11774,2.0350000000000024
11775,2.4630000000000014
11776,2.2430000000000025
11777,2.461000000000001
11778,2.053000000000002
11779,2.2410000000000023
11780,2.043000000000002
11781,2.1660000000000017
11782,2.128000000000003
11783,2.0550000000000015
11784,1.9620000000000013
11785,2.2570000000000014
11786,2.459000000000002
11787,2.245000000000002
11788,2.148000000000002
11789,1.9580000000000017
11790,2.249000000000002
11791,2.1500000000000017
11792,2.2510000000000012
11793,1.960000000000001
11794,2.1580000000000017
11795,1.9480000000000024
11796,2.152000000000002
11797,2.5680000000000014
11798,2.0410000000000026
11799,2.2510000000000017
11800,2.269000000000001
11801,2.3560000000000016
11802,2.154000000000002
11803,2.1420000000000017
11804,2.1520000000000015
11805,2.2530000000000014
11806,2.160000000000002
11807,2.156000000000002
11808,2.045000000000002
11809,2.344000000000002
11810,2.164000000000001
11811,1.9420000000000028
11812,2.148000000000002
11813,2.0530000000000017
11814,2.4610000000000016
11815,2.1560000000000015
11816,2.1660000000000013
11817,2.152000000000002
11818,2.5580000000000016
11819,1.849000000000002
11820,2.4530000000000016
11821,2.0450000000000013
11822,2.2530000000000014
11823,2.249000000000001
11824,2.041000000000002
11825,2.2510000000000017
11826,2.3460000000000023
11827,2.269000000000001
11828,2.5680000000000005
11829,2.0430000000000015
11830,2.0390000000000024
11831,2.376000000000001
11832,2.4690000000000016
11833,2.047000000000002
11834,2.350000000000002
11835,2.136000000000002
11836,2.041000000000002
11837,2.350000000000002
11838,2.2510000000000017
11839,2.2570000000000023
11840,2.1420000000000026
11841,2.0490000000000017
11842,2.0510000000000015
11843,2.1460000000000017
11844,2.2570000000000014
11845,2.354000000000002
11846,1.934000000000002
11847,2.142000000000002
11848,2.055000000000002
11849,2.154000000000002
11850,2.2470000000000017
11851,2.356000000000001
11852,2.158000000000002
11853,2.251000000000002
11854,2.370000000000001
11855,2.1420000000000026
11856,2.340000000000002
11857,1.8450000000000026
11858,2.1540000000000017
11859,2.3580000000000014
11860,2.354000000000001
11861,2.2630000000000017
11862,2.1740000000000013
11863,2.4690000000000007
11864,2.0490000000000017
11865,1.8410000000000022
11866,2.0550000000000024
11867,2.259000000000002
11868,2.1720000000000015
11869,2.259000000000002
11870,1.956000000000002
11871,2.156000000000002
11872,2.2610000000000015
11873,2.455000000000002
11874,2.148000000000002
11875,1.9420000000000028
11876,2.0490000000000017
11877,2.3480000000000016
11878,2.045000000000002
11879,2.364000000000001
11880,2.3620000000000014
11881,2.3640000000000017
11882,2.0350000000000024
11883,2.2570000000000023
11884,2.1580000000000017
11885,2.241000000000002
11886,1.8370000000000024
11887,2.0590000000000015
11888,2.350000000000002
11889,1.9440000000000017
11890,2.251000000000002
11891,2.037000000000002
11892,2.249000000000002
11893,2.043000000000003
11894,2.352000000000002
11895,2.0550000000000015
11896,2.269000000000001
11897,2.265000000000001
11898,2.1600000000000006
11899,1.8490000000000018
11900,2.146000000000002
11901,2.259000000000002
11902,2.2550000000000012
11903,1.9580000000000022
11904,2.3480000000000016
11905,2.2410000000000023
11906,2.3580000000000014
11907,2.146000000000002
11908,2.3560000000000008
11909,2.164000000000001
11910,1.9420000000000015
11911,2.4670000000000014
11912,2.2610000000000015
11913,2.261000000000002
11914,2.2510000000000017
11915,2.461000000000001
11916,1.9460000000000022
11917,2.039000000000003
11918,2.449000000000002
11919,2.1640000000000015
11920,2.245000000000002
11921,2.0290000000000026
11922,1.7240000000000035
11923,1.9560000000000013
11924,1.9360000000000026
11925,2.154000000000002
11926,2.2550000000000012
11927,2.2630000000000012
11928,2.0490000000000013
11929,2.356000000000001
11930,1.8470000000000022
11931,2.2610000000000015
11932,2.0550000000000015
11933,2.4630000000000014
11934,2.073000000000001
11935,1.9440000000000017
11936,2.0490000000000013
11937,2.554000000000002
11938,2.364000000000001
11939,2.2590000000000017
11940,2.148000000000002
11941,2.7579999999999996
11942,2.045000000000002
11943,2.2450000000000023
11944,2.354000000000002
11945,2.138000000000002
11946,2.253000000000003
11947,2.1540000000000017
11948,2.063000000000001
11949,2.055000000000001
11950,2.1420000000000017
11951,2.045000000000002
11952,2.354000000000002
11953,2.043000000000001
11954,2.263000000000001
11955,1.8370000000000022
11956,2.144000000000002
11957,1.9480000000000017
11958,1.9340000000000024
11959,2.455000000000002
11960,2.2650000000000015
11961,1.9320000000000022
11962,2.356000000000002
11963,2.049000000000002
11964,2.251000000000002
11965,2.3480000000000016
11966,2.2510000000000012
11967,2.253000000000002
11968,2.1520000000000015
11969,2.1600000000000015
11970,2.661
11971,2.0410000000000026
11972,2.4670000000000014
11973,1.9560000000000017
11974,2.0490000000000017
11975,2.049000000000002
11976,2.059000000000001
11977,2.174000000000001
11978,2.1680000000000015
11979,2.566000000000001
11980,2.269000000000001
11981,2.039000000000002
11982,2.2430000000000025
11983,1.744000000000002
11984,1.233000000000003
11985,1.9300000000000026
11986,1.9380000000000017
11987,2.2690000000000015
11988,2.3760000000000012
11989,2.4550000000000014
11990,2.245000000000002
11991,2.1420000000000017
11992,2.2590000000000017
11993,2.1520000000000015
11994,2.255000000000002
11995,2.3760000000000012
11996,2.5640000000000014
11997,2.2590000000000017
11998,2.2510000000000012
11999,2.1620000000000017
12000,2.350000000000002
12001,1.9520000000000013
12002,2.150000000000002
12003,2.144000000000002
12004,2.1740000000000013
12005,2.366000000000002
12006,2.243000000000002
12007,2.3420000000000027
12008,1.9380000000000024
12009,2.2670000000000012
12010,2.152000000000002
12011,2.4530000000000016
12012,2.249000000000002
12013,2.142000000000002
12014,2.0550000000000015
12015,2.356000000000002
12016,1.8470000000000015
12017,1.8650000000000002
12018,2.152000000000002
12019,1.9480000000000013
12020,2.380000000000001
12021,2.1360000000000023
12022,2.1540000000000017
12023,2.4710000000000014
12024,2.0470000000000024
12025,2.249000000000002
12026,2.2590000000000012
12027,2.269000000000001
12028,2.3540000000000014
12029,2.2570000000000023
12030,1.9560000000000013
12031,2.160000000000002
12032,2.261000000000001
12033,2.255000000000002
12034,2.445000000000002
12035,2.1620000000000013
12036,2.350000000000002
12037,2.251000000000002
12038,2.2710000000000012
12039,2.1620000000000017
12040,2.249000000000002
12041,2.558000000000002
12042,2.4470000000000023
12043,2.1520000000000024
12044,2.5500000000000016
12045,2.253000000000002
12046,1.9520000000000022
12047,2.142000000000002
12048,1.9360000000000026
12049,2.1700000000000013
12050,2.455000000000002
12051,2.4590000000000014
12052,2.4490000000000016
12053,1.9560000000000008
12054,1.9480000000000017
12055,2.3540000000000023
12056,2.1540000000000017
12057,2.0530000000000017
12058,1.9320000000000022
12059,1.9440000000000026
12060,2.3660000000000014
12061,1.9440000000000024
12062,2.2630000000000012
12063,2.459000000000002
12064,2.055000000000002
12065,2.055000000000002
12066,2.2490000000000014
12067,2.146000000000002
12068,2.356000000000001
12069,2.2530000000000014
12070,1.847000000000002
12071,2.1440000000000015
12072,2.150000000000002
12073,2.1540000000000017
12074,2.4630000000000014
12075,2.356000000000002
12076,2.2430000000000025
12077,2.253000000000002
12078,2.1520000000000024
12079,2.3700000000000014
12080,2.0570000000000013
12081,2.253000000000002
12082,2.0550000000000015
12083,2.164000000000001
12084,2.257000000000002
12085,2.358000000000001
12086,2.350000000000002
12087,2.144000000000003
12088,2.1440000000000023
12089,2.1500000000000012
12090,2.249000000000002
12091,2.4590000000000014
12092,2.148000000000002
12093,2.156000000000002
12094,2.2550000000000012
12095,2.045000000000002
12096,2.2530000000000014
12097,2.3460000000000023
12098,2.043000000000002
12099,2.152000000000002
12100,2.1520000000000015
12101,1.9440000000000024
12102,2.1520000000000015
12103,2.0430000000000015
12104,2.255000000000002
12105,2.340000000000002
12106,2.045000000000002
12107,2.451000000000002
12108,2.0610000000000013
12109,2.152000000000002
12110,1.9560000000000017
12111,2.041000000000002
12112,2.259000000000002
12113,2.0570000000000013
12114,2.1540000000000017
12115,2.2610000000000015
12116,2.5540000000000016
12117,2.3560000000000016
12118,2.2410000000000023
12119,2.055000000000002
12120,1.952000000000002
12121,2.045000000000002
12122,2.352000000000002
12123,2.4430000000000023
12124,2.344000000000002
12125,2.461000000000002
12126,2.356000000000001
12127,2.1540000000000017
12128,2.467000000000001
12129,2.144000000000002
12130,2.0530000000000017
12131,2.356000000000002
12132,2.051000000000002
12133,2.150000000000002
12134,2.0570000000000017
12135,1.9520000000000022
12136,2.1580000000000013
12137,2.3580000000000014
12138,2.3580000000000014
12139,2.051000000000002
12140,2.043000000000002
12141,2.4530000000000025
12142,1.7540000000000016
12143,2.3580000000000014
12144,2.164000000000001
12145,2.2630000000000017
12146,2.360000000000001
12147,2.249000000000002
12148,1.9520000000000013
12149,2.0490000000000013
12150,2.473000000000001
12151,2.247000000000002
12152,2.1540000000000017
12153,2.156000000000002
12154,2.247000000000002
12155,2.352000000000002
12156,2.3680000000000008
12157,2.370000000000001
12158,2.3480000000000016
12159,2.356000000000002
12160,2.1540000000000017
12161,2.1600000000000015
12162,2.251000000000002
12163,2.4650000000000016
12164,2.0430000000000024
12165,1.8570000000000013
12166,2.2570000000000014
12167,2.150000000000002
12168,2.1560000000000006
12169,2.2650000000000015
12170,2.2570000000000023
12171,2.1620000000000013
12172,2.5540000000000016
12173,2.364000000000001
12174,2.2430000000000017
12175,1.5320000000000018
12176,2.2490000000000014
12177,2.253000000000002
12178,2.150000000000002
12179,2.051000000000002
12180,1.9440000000000015
12181,2.3460000000000023
12182,2.362000000000002
12183,2.0350000000000024
12184,2.2730000000000006
12185,1.9460000000000022
12186,2.1560000000000015
12187,2.257000000000002
12188,2.041000000000002
12189,2.4670000000000014
12190,2.2430000000000017
12191,2.3520000000000016
12192,2.2550000000000012
12193,2.3420000000000023
12194,1.8530000000000015
12195,2.1520000000000015
12196,2.461000000000002
12197,2.0530000000000017
12198,2.3440000000000025
12199,1.942000000000002
12200,2.0530000000000013
12201,2.0470000000000015
12202,2.140000000000002
12203,2.2470000000000026
12204,2.2550000000000017
12205,2.451000000000002
12206,1.9380000000000026
12207,2.0490000000000017
12208,2.257000000000002
12209,2.3700000000000014
12210,2.0490000000000013
12211,2.348000000000002
12212,2.1500000000000012
12213,1.8530000000000009
12214,2.5740000000000007
12215,2.2410000000000023
12216,2.1500000000000017
12217,2.1460000000000026
12218,2.1440000000000023
12219,2.059000000000002
12220,2.049000000000002
12221,2.2410000000000023
12222,2.465000000000002
12223,1.950000000000001
12224,1.938000000000003
12225,2.2410000000000023
12226,2.253000000000002
12227,2.045000000000002
12228,1.7440000000000015
12229,2.451000000000002
12230,2.459000000000002
12231,1.9440000000000017
12232,2.1400000000000023
12233,2.154000000000001
12234,2.356000000000001
12235,2.2590000000000012
12236,1.9600000000000022
12237,2.140000000000002
12238,2.2490000000000014
12239,2.0410000000000013
12240,2.0570000000000013
12241,2.144000000000002
12242,2.2550000000000012
12243,2.364000000000002
12244,1.944000000000002
12245,2.0330000000000017
12246,2.3580000000000014
12247,2.350000000000002
12248,2.152000000000002
12249,1.7400000000000018
12250,2.3540000000000014
12251,2.2590000000000012
12252,2.146000000000002
12253,2.1440000000000023
12254,2.265000000000002
12255,2.0410000000000026
12256,2.2630000000000012
12257,2.1620000000000017
12258,2.2470000000000017
12259,1.9460000000000028
12260,1.9400000000000017
12261,2.162000000000001
12262,2.1440000000000015
12263,2.2710000000000017
12264,2.1440000000000023
12265,2.152000000000002
12266,1.9380000000000017
12267,2.0570000000000017
12268,2.3720000000000008
12269,2.249000000000002
12270,2.354000000000002
12271,2.158000000000002
12272,2.1520000000000024
12273,2.358000000000002
12274,1.9480000000000017
12275,2.5580000000000016
12276,2.249000000000002
12277,2.562000000000001
12278,2.142000000000002
12279,1.946000000000002
12280,1.9400000000000022
12281,2.2610000000000015
12282,2.243000000000002
12283,2.2470000000000017
12284,1.9320000000000028
12285,2.3460000000000023
12286,2.2590000000000012
12287,1.9400000000000017
12288,2.144000000000003
12289,1.950000000000002
12290,2.451000000000002
12291,2.3600000000000017
12292,2.0510000000000015
12293,2.1580000000000017
12294,1.9480000000000013
12295,2.0550000000000015
12296,2.4570000000000016
12297,2.148000000000002
12298,1.9380000000000022
12299,2.045000000000002
12300,2.3540000000000014
12301,2.057000000000001
12302,1.952000000000001
12303,2.3420000000000027
12304,1.9480000000000015
12305,2.4550000000000023
12306,2.142000000000002
12307,2.0470000000000024
12308,1.946000000000002
12309,2.045000000000002
12310,2.2410000000000023
12311,2.354000000000002
12312,2.160000000000002
12313,1.427000000000003
12314,2.459000000000002
12315,2.4630000000000014
12316,2.245000000000002
12317,1.8390000000000024
12318,2.354000000000002
12319,2.164000000000001
12320,2.1540000000000017
12321,2.259000000000002
12322,2.3600000000000017
12323,2.3680000000000008
12324,2.3680000000000008
12325,2.1560000000000015
12326,2.1420000000000026
12327,1.9420000000000022
12328,1.9460000000000022
12329,2.057000000000001
12330,2.2430000000000025
12331,2.372000000000001
12332,2.352000000000002
12333,2.1560000000000015
12334,2.1520000000000015
12335,2.253000000000002
12336,1.9500000000000017
12337,2.457000000000001
12338,2.0510000000000015
12339,2.5540000000000016
12340,2.0550000000000015
12341,2.2550000000000017
12342,2.245000000000002
12343,2.1380000000000026
12344,2.2490000000000014
12345,2.2650000000000015
12346,2.059000000000002
12347,2.249000000000002
12348,2.457000000000001
12349,2.249000000000002
12350,2.1540000000000017
12351,2.0490000000000013
12352,2.160000000000001
12353,2.2550000000000012
12354,2.265000000000002
12355,2.255000000000002
12356,1.9400000000000017
12357,2.0370000000000026
12358,2.354000000000002
12359,2.350000000000002
12360,2.251000000000002
12361,2.5660000000000003
12362,2.2510000000000017
12363,1.9340000000000024
12364,2.358000000000002
12365,2.0390000000000033
12366,2.160000000000002
12367,2.451000000000002
12368,2.2610000000000015
12369,2.2370000000000023
12370,2.051000000000001
12371,2.164000000000001
12372,2.3560000000000016
12373,2.2590000000000017
12374,2.455000000000002
12375,2.150000000000002
12376,2.2450000000000023
12377,2.055000000000002
12378,2.1500000000000012
12379,2.2550000000000026
12380,2.4690000000000016
12381,2.251000000000002
12382,2.3580000000000023
12383,2.2630000000000017
12384,2.168000000000002
12385,2.251000000000002
12386,2.162000000000001
12387,2.3580000000000014
12388,2.3580000000000023
12389,2.3540000000000014
12390,1.9520000000000015
12391,2.1540000000000017
12392,2.245000000000002
12393,2.77
12394,2.1580000000000017
12395,2.2630000000000012
12396,2.168000000000002
12397,2.243000000000002
12398,1.9360000000000028
12399,2.439000000000002
12400,2.4650000000000016
12401,1.841000000000002
12402,2.1580000000000017
12403,2.0450000000000026
12404,2.1540000000000017
12405,2.2630000000000017
12406,2.2470000000000017
12407,2.358000000000002
12408,2.2510000000000017
12409,2.3500000000000014
12410,2.251000000000002
12411,1.9400000000000026
12412,2.2610000000000015
12413,1.9440000000000024
12414,2.3580000000000014
12415,2.3420000000000014
12416,2.051000000000002
12417,2.3760000000000003
12418,2.1460000000000026
12419,1.944000000000002
12420,2.0430000000000015
12421,2.350000000000002
12422,2.1540000000000017
12423,2.1660000000000004
12424,2.055000000000002
12425,2.2670000000000012
12426,2.4490000000000016
12427,2.354000000000002
12428,2.0470000000000024
12429,2.146000000000002
12430,2.1520000000000015
12431,2.5440000000000027
12432,2.1600000000000015
12433,2.0470000000000024
12434,1.9500000000000015
12435,2.150000000000002
12436,1.524000000000003
12437,1.9440000000000017
12438,2.043000000000002
12439,2.255000000000002
12440,2.3520000000000025
12441,2.039000000000002
12442,2.255000000000002
12443,2.451000000000002
12444,2.245000000000002
12445,2.146000000000002
12446,2.065000000000002
12447,2.144000000000002
12448,2.144000000000002
12449,2.2570000000000014
12450,2.251000000000002
12451,2.253000000000002
12452,2.4570000000000016
12453,1.9480000000000015
12454,2.3580000000000014
12455,1.9420000000000015
12456,2.2550000000000017
12457,2.366000000000001
12458,2.148000000000002
12459,2.1500000000000017
12460,2.1540000000000017
12461,2.350000000000001
12462,2.257000000000002
12463,2.1680000000000015
12464,2.1700000000000013
12465,2.354000000000002
12466,2.1560000000000024
12467,2.235000000000002
12468,2.1580000000000017
12469,2.0650000000000017
12470,1.9460000000000017
12471,2.362000000000001
12472,2.152000000000002
12473,2.352000000000002
12474,2.2530000000000023
12475,2.356000000000002
12476,2.0550000000000015
12477,2.2510000000000017
12478,2.259000000000001
12479,2.059000000000001
12480,2.4450000000000016
12481,2.0270000000000024
12482,1.9500000000000015
12483,2.1640000000000015
12484,2.2450000000000023
12485,2.247000000000002
12486,1.7520000000000013
12487,1.9480000000000015
12488,1.944000000000002
12489,2.3520000000000025
12490,2.3440000000000016
12491,2.1560000000000015
12492,2.4590000000000014
12493,2.2590000000000017
12494,2.2630000000000017
12495,2.3460000000000023
12496,2.1500000000000017
12497,2.2510000000000017
12498,2.2550000000000012
12499,2.1520000000000024
12500,2.2630000000000017
12501,2.354000000000002
12502,2.0450000000000017
12503,2.455000000000002
12504,1.9380000000000017
12505,2.1520000000000015
12506,2.3500000000000028
12507,2.3480000000000016
12508,2.4710000000000014
12509,1.7520000000000013
12510,2.1400000000000023
12511,2.1520000000000024
12512,2.1560000000000015
12513,2.344000000000003
12514,2.2610000000000023
12515,1.950000000000002
12516,2.150000000000002
12517,2.2450000000000023
12518,2.1540000000000017
12519,2.043000000000002
12520,2.2670000000000017
12521,2.2610000000000015
12522,2.2590000000000017
12523,2.0450000000000017
12524,1.9420000000000024
12525,2.3760000000000012
12526,2.247000000000002
12527,2.2430000000000025
12528,2.140000000000002
12529,2.2590000000000017
12530,2.154000000000002
12531,1.9600000000000017
12532,2.3620000000000014
12533,2.0490000000000017
12534,2.2530000000000023
12535,2.043000000000002
12536,2.249000000000002
12537,2.0570000000000017
12538,2.5620000000000016
12539,2.174000000000001
12540,1.9460000000000017
12541,2.1400000000000023
12542,2.0390000000000024
12543,2.251000000000002
12544,2.261000000000001
12545,2.455000000000001
12546,1.9460000000000022
12547,2.154000000000002
12548,2.164000000000001
12549,2.1580000000000017
12550,2.255000000000002
12551,2.0510000000000015
12552,2.150000000000002
12553,2.148000000000002
12554,2.1540000000000017
12555,1.9520000000000015
12556,2.158000000000002
12557,2.5620000000000003
12558,2.3560000000000016
12559,2.1460000000000026
12560,2.352000000000002
12561,1.9560000000000013
12562,1.942000000000002
12563,2.4530000000000016
12564,1.7460000000000013
12565,1.9540000000000017
12566,2.148000000000002
12567,2.1440000000000023
12568,1.1280000000000032
12569,2.340000000000002
12570,2.255000000000002
12571,2.546000000000002
12572,2.346000000000002
12573,2.0610000000000013
12574,2.1520000000000024
12575,2.1480000000000015
12576,2.1560000000000015
12577,2.1720000000000015
12578,2.2570000000000014
12579,2.4570000000000016
12580,2.344000000000002
12581,2.154000000000002
12582,1.9500000000000015
12583,2.148000000000002
12584,1.940000000000002
12585,2.0650000000000013
12586,2.2390000000000025
12587,1.9380000000000026
12588,2.346000000000002
12589,1.9520000000000022
12590,2.1440000000000023
12591,2.3480000000000025
12592,2.1400000000000023
12593,2.1420000000000026
12594,2.2530000000000014
12595,1.9540000000000015
12596,2.4390000000000023
12597,2.3500000000000023
12598,2.045000000000002
12599,1.9580000000000013
12600,2.0490000000000017
12601,2.0610000000000013
12602,2.1420000000000017
12603,2.146000000000002
12604,2.352000000000002
12605,2.3660000000000014
12606,2.0490000000000017
12607,2.0530000000000017
12608,2.1660000000000013
12609,2.463000000000002
12610,2.142000000000002
12611,1.9500000000000017
12612,2.057000000000002
12613,2.0470000000000015
12614,2.0450000000000013
12615,1.9500000000000022
12616,2.360000000000001
12617,2.1480000000000015
12618,2.560000000000001
12619,2.243000000000002
12620,2.2730000000000015
12621,1.9540000000000013
12622,2.041000000000002
12623,2.2650000000000015
12624,1.9440000000000024
12625,2.1520000000000015
12626,1.7320000000000026
12627,1.9480000000000022
12628,2.2550000000000017
12629,2.2510000000000017
12630,2.2630000000000012
12631,1.9520000000000013
12632,2.2530000000000014
12633,2.156000000000002
12634,2.156000000000002
12635,2.156000000000001
12636,2.1460000000000026
12637,2.1520000000000024
12638,2.4670000000000014
12639,2.0610000000000017
12640,2.661
12641,2.144000000000002
12642,2.047000000000002
12643,2.346000000000002
12644,1.9600000000000015
12645,2.261000000000001
12646,1.6350000000000013
12647,2.253000000000002
12648,2.1560000000000015
12649,2.1620000000000013
12650,2.3580000000000014
12651,2.154000000000002
12652,2.043000000000002
12653,2.3640000000000017
12654,2.142000000000002
12655,2.3380000000000023
12656,2.037000000000002
12657,2.352000000000002
12658,2.146000000000002
12659,2.2630000000000012
12660,2.3580000000000023
12661,2.1520000000000015
12662,2.3560000000000016
12663,2.146000000000002
12664,2.164000000000001
12665,2.0630000000000015
12666,2.2450000000000023
12667,2.0350000000000024
12668,1.9480000000000015
12669,2.1520000000000024
12670,2.1540000000000017
12671,2.039000000000002
12672,2.055000000000002
12673,2.4550000000000014
12674,1.8430000000000015
12675,2.2590000000000017
12676,2.255000000000002
12677,2.348000000000002
12678,2.047000000000002
12679,2.1500000000000017
12680,2.251000000000002
12681,2.2470000000000026
12682,2.249000000000002
12683,2.2510000000000017
12684,2.362000000000002
12685,2.160000000000002
12686,2.1560000000000015
12687,2.3520000000000016
12688,2.1540000000000017
12689,2.051000000000001
12690,2.354000000000002
12691,2.168000000000001
12692,2.148000000000002
12693,2.160000000000001
12694,2.4730000000000003
12695,2.255000000000002
12696,2.370000000000001
12697,2.2530000000000014
12698,2.2630000000000012
12699,2.4650000000000016
12700,1.8370000000000026
12701,2.3520000000000016
12702,2.1480000000000015
12703,2.0630000000000015
12704,1.9540000000000013
12705,1.9540000000000017
12706,2.150000000000002
12707,2.249000000000002
12708,2.150000000000002
12709,2.0490000000000013
12710,1.8370000000000024
12711,1.946000000000002
12712,2.0510000000000015
12713,2.162000000000001
12714,2.552000000000002
12715,2.1480000000000024
12716,2.5620000000000016
12717,2.033000000000002
12718,2.146000000000002
12719,2.150000000000002
12720,2.1600000000000015
12721,2.2430000000000025
12722,2.0270000000000024
12723,2.1460000000000017
12724,2.2450000000000028
12725,2.144000000000002
12726,2.1460000000000026
12727,2.152000000000002
12728,2.041000000000002
12729,2.0430000000000024
12730,2.0510000000000015
12731,2.3580000000000014
12732,1.7420000000000018
12733,2.251000000000002
12734,2.138000000000002
12735,2.1420000000000017
12736,2.0550000000000015
12737,2.1540000000000017
12738,2.354000000000002
12739,2.144000000000003
12740,2.2470000000000017
12741,2.352000000000002
12742,1.9420000000000022
12743,2.146000000000002
12744,2.239000000000002
12745,2.1640000000000015
12746,2.0350000000000033
12747,2.370000000000002
12748,2.041000000000002
12749,2.051000000000002
12750,1.7400000000000018
12751,2.562000000000001
12752,1.9520000000000015
12753,2.142000000000002
12754,2.1580000000000017
12755,2.556000000000002
12756,2.4650000000000016
12757,1.942000000000003
12758,1.9480000000000022
12759,2.158000000000002
12760,2.041000000000002
12761,2.2550000000000017
12762,2.142000000000002
12763,2.483000000000001
12764,2.0530000000000017
12765,2.5560000000000027
12766,2.2450000000000028
12767,2.146000000000002
12768,2.0650000000000013
12769,1.9500000000000026
12770,2.354000000000002
12771,2.041000000000002
12772,1.9640000000000013
12773,2.352000000000002
12774,2.2610000000000015
12775,2.2630000000000012
12776,2.0510000000000015
12777,2.2550000000000012
12778,2.5560000000000014
12779,2.150000000000002
12780,1.744000000000001
12781,1.9440000000000015
12782,2.235000000000002
12783,2.051000000000002
12784,2.045000000000002
12785,2.144000000000003
12786,2.146000000000002
12787,1.8450000000000017
12788,2.1460000000000012
12789,2.146000000000002
12790,2.0490000000000017
12791,2.2610000000000015
12792,2.146000000000002
12793,2.360000000000001
12794,2.3580000000000023
12795,2.447000000000002
12796,2.053000000000002
12797,2.1580000000000017
12798,2.2490000000000023
12799,1.9580000000000015
12800,2.255000000000002
12801,2.1620000000000017
12802,2.156000000000002
12803,2.053000000000002
12804,2.3620000000000014
12805,2.449000000000003
12806,2.265000000000001
12807,2.459000000000002
12808,2.134000000000002
12809,2.2390000000000025
12810,2.251000000000002
12811,2.1500000000000017
12812,2.0470000000000024
12813,2.1500000000000012
12814,2.5620000000000003
12815,2.2650000000000015
12816,2.364000000000001
12817,2.0470000000000024
12818,2.4650000000000016
12819,2.0570000000000013
12820,2.146000000000002
12821,2.0490000000000017
12822,2.053000000000002
12823,2.160000000000001
12824,1.8410000000000022
12825,2.136000000000002
12826,2.461000000000002
12827,2.1600000000000015
12828,2.7560000000000002
12829,2.4730000000000008
12830,1.946000000000002
12831,2.259000000000001
12832,2.0590000000000015
12833,2.362000000000001
12834,2.138000000000002
12835,2.255000000000002
12836,2.360000000000001
12837,2.2450000000000028
12838,2.362000000000002
12839,2.160000000000001
12840,2.0510000000000015
12841,2.2690000000000015
12842,2.249000000000002
12843,2.1560000000000015
12844,2.2650000000000015
12845,2.041000000000002
12846,2.1500000000000012
12847,2.465000000000001
12848,2.346000000000002
12849,2.1740000000000013
12850,1.845000000000002
12851,2.255000000000002
12852,2.362000000000001
12853,2.1380000000000017
12854,2.0530000000000017
12855,2.156000000000002
12856,1.9500000000000017
12857,2.0490000000000017
12858,2.051000000000002
12859,2.1520000000000015
12860,2.3540000000000014
12861,2.5580000000000016
12862,2.2470000000000017
12863,2.140000000000003
12864,2.459000000000002
12865,2.556000000000002
12866,2.2610000000000015
12867,2.053000000000002
12868,2.1560000000000015
12869,1.9540000000000017
12870,1.8530000000000029
12871,2.047000000000002
12872,2.0530000000000013
12873,2.360000000000002
12874,2.251000000000002
12875,2.0370000000000026
12876,2.352000000000002
12877,2.144000000000002
12878,2.154000000000001
12879,2.051000000000002
12880,2.1520000000000024
12881,2.568000000000002
12882,2.3640000000000017
12883,2.043000000000002
12884,2.2610000000000015
12885,2.0470000000000024
12886,2.047000000000002
12887,2.049000000000002
12888,2.045000000000002
12889,1.8450000000000017
12890,2.253000000000002
12891,2.0450000000000017
12892,2.3460000000000023
12893,2.459000000000002
12894,2.7680000000000007
12895,2.2430000000000017
12896,2.2490000000000014
12897,2.247000000000002
12898,2.556000000000002
12899,2.362000000000001
12900,2.4430000000000023
12901,2.459000000000002
12902,2.370000000000001
12903,2.3380000000000023
12904,2.1540000000000012
12905,1.940000000000002
12906,2.0550000000000015
12907,2.2510000000000012
12908,2.049000000000002
12909,2.039000000000002
12910,2.0510000000000015
12911,1.8370000000000022
12912,2.251000000000002
12913,2.354000000000002
12914,2.356000000000001
12915,2.0530000000000017
12916,2.0490000000000013
12917,1.9580000000000017
12918,2.148000000000002
12919,2.053000000000002
12920,2.0510000000000015
12921,2.2670000000000017
12922,2.265000000000001
12923,2.558000000000001
12924,2.1400000000000023
12925,2.3540000000000014
12926,1.950000000000002
12927,2.148000000000002
12928,2.249000000000002
12929,2.148000000000002
12930,2.1660000000000013
12931,2.0490000000000013
12932,2.3680000000000017
12933,2.352000000000002
12934,2.047000000000002
12935,2.2590000000000017
12936,2.261000000000002
12937,2.350000000000002
12938,2.0470000000000015
12939,2.3440000000000025
12940,2.3580000000000014
12941,2.459000000000002
12942,1.9360000000000022
12943,2.463000000000001
12944,2.257000000000002
12945,2.150000000000002
12946,2.049000000000002
12947,2.364000000000001
12948,2.154000000000002
12949,2.0590000000000015
12950,2.255000000000002
12951,2.156000000000001
12952,1.9480000000000017
12953,2.346000000000002
12954,1.855000000000001
12955,2.2550000000000017
12956,2.2510000000000017
12957,2.1600000000000006
12958,2.0630000000000015
12959,2.0530000000000017
12960,2.059000000000001
12961,2.3580000000000023
12962,1.9540000000000015
12963,2.560000000000001
12964,2.2650000000000015
12965,2.2530000000000014
12966,2.2450000000000023
12967,2.344000000000002
12968,2.364000000000001
12969,1.8410000000000022
12970,2.045000000000002
12971,2.469000000000001
12972,2.154000000000002
12973,2.146000000000002
12974,1.9420000000000022
12975,2.1560000000000015
12976,2.1620000000000013
12977,1.946000000000002
12978,2.2710000000000012
12979,1.948000000000001
12980,2.2390000000000025
12981,1.9500000000000015
12982,2.370000000000001
12983,2.374000000000001
12984,1.946000000000002
12985,1.9520000000000022
12986,2.665000000000001
12987,2.1560000000000015
12988,2.047000000000002
12989,2.0490000000000017
12990,2.3580000000000023
12991,2.251000000000002
12992,2.144000000000002
12993,2.4510000000000023
12994,2.558000000000001
12995,2.366000000000002
12996,1.7380000000000022
12997,2.2610000000000015
12998,2.245000000000002
12999,2.4530000000000025
13000,2.3540000000000014
13001,2.265000000000002
13002,2.0650000000000004
13003,2.354000000000002
13004,1.6510000000000011
13005,2.1440000000000023
13006,2.2470000000000017
13007,1.7380000000000022
13008,2.2550000000000012
13009,2.0510000000000024
13010,2.249000000000002
13011,1.8470000000000015
13012,2.4570000000000016
13013,1.7380000000000022
13014,2.164000000000002
13015,2.156000000000001
13016,2.0470000000000024
13017,2.2470000000000017
13018,2.761999999999999
13019,1.9440000000000024
13020,2.2530000000000023
13021,1.9640000000000013
13022,2.2390000000000025
13023,2.1540000000000017
13024,2.0530000000000017
13025,2.2470000000000017
13026,2.271000000000001
13027,1.9740000000000009
13028,2.2470000000000017
13029,2.1480000000000015
13030,1.9500000000000015
13031,2.1480000000000015
13032,2.160000000000002
13033,2.043000000000002
13034,2.0490000000000013
13035,2.261000000000001
13036,2.2670000000000012
13037,2.1560000000000015
13038,1.9480000000000017
13039,2.352000000000002
13040,2.352000000000002
13041,2.239000000000002
13042,2.0590000000000015
13043,2.0510000000000015
13044,2.465000000000002
13045,2.2570000000000014
13046,2.447000000000002
13047,1.9500000000000017
13048,1.845000000000002
13049,1.9500000000000022
13050,2.350000000000002
13051,2.451000000000002
13052,2.2530000000000014
13053,2.461000000000001
13054,2.041000000000002
13055,2.041000000000002
13056,2.451000000000002
13057,2.055000000000002
13058,2.1720000000000006
13059,2.0530000000000017
13060,2.358000000000002
13061,1.8510000000000022
13062,2.049000000000002
13063,2.152000000000002
13064,1.8370000000000022
13065,2.150000000000002
13066,2.3460000000000023
13067,2.4530000000000016
13068,2.3640000000000017
13069,2.251000000000002
13070,2.6670000000000016
13071,2.0570000000000017
13072,1.942000000000002
13073,2.3520000000000016
13074,2.358000000000002
13075,2.164000000000001
13076,2.144000000000003
13077,2.360000000000001
13078,1.7380000000000024
13079,2.1500000000000012
13080,2.352000000000001
13081,1.9420000000000013
13082,2.180000000000001
13083,2.3580000000000014
13084,2.150000000000002
13085,2.059000000000002
13086,1.845000000000002
13087,2.2590000000000017
13088,2.0550000000000015
13089,2.0530000000000017
13090,2.2550000000000017
13091,2.1440000000000023
13092,2.461000000000001
13093,2.045000000000002
13094,2.3500000000000023
13095,2.148000000000002
13096,2.362000000000002
13097,2.1400000000000023
13098,2.1380000000000017
13099,1.7500000000000013
13100,2.1560000000000015
13101,2.2670000000000012
13102,2.067000000000001
13103,1.940000000000002
13104,2.5540000000000016
13105,1.8450000000000029
13106,2.364000000000001
13107,2.251000000000002
13108,1.8410000000000013
13109,2.1580000000000013
13110,2.3520000000000016
13111,2.160000000000001
13112,2.3580000000000023
13113,2.2470000000000017
13114,1.9360000000000022
13115,1.9380000000000024
13116,2.0490000000000013
13117,2.0410000000000026
13118,2.356000000000002
13119,2.265000000000001
13120,1.954000000000002
13121,2.6630000000000007
13122,2.4490000000000016
13123,2.457000000000002
13124,1.9460000000000022
13125,2.0490000000000013
13126,1.7360000000000022
13127,2.0430000000000024
13128,2.1560000000000024
13129,1.9520000000000022
13130,2.1600000000000015
13131,1.952000000000002
13132,2.253000000000002
13133,2.5480000000000023
13134,2.0550000000000015
13135,1.950000000000001
13136,1.645000000000002
13137,1.9600000000000017
13138,2.2570000000000023
13139,2.459000000000002
13140,2.3580000000000023
13141,2.1460000000000017
13142,2.243000000000002
13143,2.049000000000002
13144,2.253000000000002
13145,2.152000000000002
13146,2.360000000000001
13147,2.255000000000002
13148,2.4470000000000023
13149,2.370000000000002
13150,2.0550000000000015
13151,2.2470000000000017
13152,2.1560000000000015
13153,2.055000000000001
13154,2.0410000000000026
13155,1.8390000000000015
13156,2.150000000000002
13157,2.053000000000002
13158,2.148000000000002
13159,2.160000000000001
13160,2.2570000000000014
13161,2.0550000000000015
13162,2.354000000000002
13163,2.3540000000000023
13164,2.140000000000003
13165,2.251000000000002
13166,2.051000000000002
13167,2.164000000000002
13168,2.1500000000000026
13169,2.069000000000001
13170,2.0510000000000015
13171,2.4650000000000016
13172,2.4510000000000023
13173,2.265000000000001
13174,2.2490000000000023
13175,2.140000000000002
13176,2.0610000000000013
13177,2.4530000000000016
13178,2.364000000000002
13179,2.1520000000000015
13180,2.0530000000000017
13181,2.3640000000000017
13182,2.2690000000000015
13183,2.2470000000000017
13184,2.1440000000000015
13185,2.2530000000000014
13186,2.045000000000002
13187,2.3520000000000016
13188,2.2490000000000023
13189,2.3660000000000014
13190,2.570000000000001
13191,2.665000000000001
13192,2.0650000000000013
13193,2.0530000000000017
13194,2.0470000000000015
13195,2.2630000000000012
13196,2.1480000000000015
13197,2.051000000000002
13198,2.055000000000001
13199,2.150000000000002
13200,2.1500000000000017
13201,2.2590000000000017
13202,2.168000000000001
13203,1.8510000000000022
13204,2.0550000000000015
13205,2.0350000000000024
13206,2.562000000000001
13207,2.1480000000000015
13208,2.1520000000000015
13209,2.1420000000000017
13210,1.8510000000000018
13211,2.162000000000002
13212,2.0470000000000024
13213,1.958000000000001
13214,2.063000000000001
13215,2.0490000000000017
13216,2.134000000000002
13217,2.360000000000002
13218,2.2450000000000023
13219,2.356000000000002
13220,2.144000000000002
13221,2.257000000000002
13222,2.0370000000000026
13223,2.4610000000000016
13224,1.9440000000000024
13225,2.358000000000002
13226,2.043000000000002
13227,2.1480000000000024
13228,2.255000000000002
13229,2.255000000000002
13230,2.354000000000002
13231,2.2470000000000017
13232,2.154000000000001
13233,2.445000000000002
13234,2.2470000000000017
13235,2.354000000000002
13236,2.4550000000000014
13237,2.360000000000001
13238,2.1380000000000026
13239,2.3580000000000014
13240,2.356000000000002
13241,2.251000000000002
13242,2.362000000000001
13243,2.249000000000002
13244,2.4630000000000014
13245,2.3480000000000016
13246,1.6430000000000005
13247,2.2430000000000025
13248,2.271000000000001
13249,1.855000000000001
13250,2.0330000000000026
13251,1.9480000000000017
13252,1.8470000000000022
13253,2.0490000000000017
13254,2.245000000000002
13255,2.047000000000001
13256,2.4690000000000007
13257,1.952000000000002
13258,2.154000000000002
13259,2.3680000000000017
13260,2.148000000000003
13261,2.172000000000001
13262,2.154000000000002
13263,2.0590000000000015
13264,2.2630000000000012
13265,2.146000000000002
13266,2.471000000000001
13267,2.059000000000002
13268,1.9480000000000022
13269,2.3780000000000006
13270,2.3680000000000008
13271,2.2570000000000014
13272,2.449000000000002
13273,2.245000000000002
13274,2.457000000000001
13275,2.045000000000002
13276,2.4630000000000014
13277,2.2530000000000014
13278,2.053000000000002
13279,1.940000000000002
13280,1.9480000000000015
13281,2.039000000000002
13282,2.154000000000002
13283,2.3620000000000014
13284,2.366000000000001
13285,2.4690000000000016
13286,2.2610000000000015
13287,2.055000000000002
13288,2.1460000000000017
13289,2.4630000000000023
13290,1.952000000000002
13291,2.146000000000002
13292,2.1360000000000023
13293,2.0470000000000015
13294,2.049000000000002
13295,2.0390000000000024
13296,1.9440000000000024
13297,1.9480000000000022
13298,2.1520000000000015
13299,2.152000000000002
13300,2.251000000000002
13301,2.152000000000001
13302,2.1500000000000017
13303,2.150000000000002
13304,2.366000000000001
13305,2.374000000000001
13306,2.0510000000000024
13307,2.560000000000001
13308,2.0430000000000024
13309,2.150000000000002
13310,2.5700000000000007
13311,2.1520000000000015
13312,1.9440000000000017
13313,2.3600000000000017
13314,2.1560000000000024
13315,2.374000000000001
13316,2.045000000000002
13317,2.2370000000000023
13318,2.0610000000000013
13319,2.251000000000002
13320,2.2550000000000012
13321,2.6610000000000014
13322,2.251000000000002
13323,1.9500000000000017
13324,2.255000000000002
13325,2.160000000000001
13326,2.453000000000002
13327,1.1220000000000039
13328,1.7460000000000009
13329,2.364000000000001
13330,2.4730000000000008
13331,2.2490000000000023
13332,2.2670000000000017
13333,2.2470000000000017
13334,1.7420000000000015
13335,0.9159999999999999
13336,2.249000000000002
13337,2.1540000000000017
13338,2.247000000000002
13339,2.0610000000000013
13340,2.162000000000001
13341,2.1760000000000006
13342,2.055000000000001
13343,2.562
13344,2.1380000000000026
13345,2.0530000000000013
13346,1.9460000000000017
13347,2.1680000000000015
13348,2.2470000000000026
13349,2.043000000000002
13350,1.9600000000000017
13351,2.1460000000000017
13352,2.275000000000001
13353,1.8510000000000013
13354,2.0490000000000013
13355,2.1520000000000015
13356,2.059000000000002
13357,2.142000000000002
13358,2.3480000000000016
13359,1.9420000000000024
13360,2.3680000000000008
13361,2.0530000000000017
13362,1.9400000000000022
13363,2.045000000000002
13364,2.467000000000001
13365,2.150000000000002
13366,2.045000000000002
13367,2.2510000000000017
13368,1.8450000000000015
13369,2.255000000000002
13370,2.3580000000000014
13371,2.451000000000002
13372,2.041000000000002
13373,2.3700000000000006
13374,2.0530000000000013
13375,2.041000000000002
13376,2.047000000000002
13377,2.1360000000000023
13378,2.1480000000000024
13379,2.1540000000000017
13380,2.2490000000000014
13381,2.2470000000000017
13382,2.1500000000000017
13383,2.063000000000001
13384,2.354000000000002
13385,2.1480000000000015
13386,2.152000000000002
13387,2.0430000000000024
13388,2.2450000000000028
13389,2.2570000000000014
13390,2.1520000000000015
13391,2.2450000000000023
13392,2.243000000000002
13393,2.1620000000000013
13394,2.2470000000000017
13395,1.9400000000000015
13396,1.8530000000000009
13397,2.3560000000000016
13398,2.146000000000002
13399,2.273000000000001
13400,2.1380000000000026
13401,2.8510000000000013
13402,2.253000000000002
13403,2.2610000000000015
13404,2.4470000000000023
13405,2.0470000000000015
13406,2.463000000000002
13407,2.3460000000000023
13408,2.0550000000000015
13409,2.253000000000002
13410,2.2410000000000023
13411,2.057000000000001
13412,2.045000000000002
13413,2.0450000000000013
13414,2.269000000000001
13415,2.043000000000002
13416,2.2570000000000014
13417,2.4630000000000014
13418,2.1420000000000017
13419,2.0550000000000024
13420,2.4430000000000027
13421,2.152000000000002
13422,2.1460000000000026
13423,2.4390000000000023
13424,2.1520000000000015
13425,1.9500000000000022
13426,2.2330000000000023
13427,2.1520000000000024
13428,2.049000000000002
13429,2.4650000000000016
13430,1.9580000000000015
13431,2.3700000000000014
13432,2.3480000000000025
13433,2.265000000000002
13434,2.253000000000002
13435,2.051000000000002
13436,2.261000000000002
13437,1.9480000000000024
13438,2.354000000000002
13439,1.8410000000000022
13440,2.2590000000000017
13441,2.160000000000001
13442,2.2370000000000023
13443,2.251000000000002
13444,2.156000000000002
13445,1.9540000000000015
13446,2.354000000000002
13447,2.243000000000002
13448,2.2570000000000023
13449,2.2410000000000023
13450,2.154000000000002
13451,2.166000000000002
13452,2.1440000000000023
13453,1.8510000000000013
13454,2.051000000000002
13455,2.1420000000000017
13456,2.1420000000000017
13457,0.821000000000004
13458,2.2470000000000017
13459,1.940000000000002
13460,1.944000000000002
13461,1.8510000000000013
13462,2.358000000000002
13463,2.049000000000002
13464,2.1580000000000017
13465,1.8370000000000024
13466,2.4570000000000016
13467,2.255000000000002
13468,2.465000000000001
13469,1.9360000000000017
13470,1.940000000000002
13471,1.9480000000000015
13472,1.9380000000000024
13473,1.9400000000000017
13474,2.346000000000002
13475,2.047000000000002
13476,2.257000000000002
13477,1.9560000000000017
13478,2.2390000000000025
13479,2.2530000000000023
13480,2.154000000000002
13481,2.2390000000000025
13482,1.855000000000001
13483,2.370000000000001
13484,2.340000000000002
13485,2.352000000000002
13486,2.2550000000000012
13487,2.1580000000000017
13488,2.2410000000000023
13489,2.251000000000002
13490,2.6730000000000005
13491,2.152000000000002
13492,2.156000000000001
13493,2.2470000000000017
13494,2.2670000000000012
13495,2.045000000000002
13496,2.243000000000002
13497,0.7200000000000037
13498,1.3260000000000007
13499,2.4630000000000014
13500,2.267000000000001
13501,2.154000000000002
13502,2.2510000000000012
13503,2.2490000000000014
13504,2.1540000000000017
13505,0.1059999999999997
13506,2.2710000000000012
13507,2.560000000000002
13508,2.1700000000000004
13509,2.2510000000000012
13510,2.043000000000002
13511,1.9480000000000022
13512,2.0390000000000024
13513,2.1580000000000017
13514,2.039000000000002
13515,1.9480000000000022
13516,2.047000000000003
13517,2.243000000000002
13518,2.0490000000000013
13519,2.3460000000000023
13520,2.148000000000003
13521,2.3340000000000027
13522,2.1420000000000017
13523,2.4490000000000016
13524,2.039000000000003
13525,2.152000000000002
13526,2.2430000000000017
13527,1.9440000000000015
13528,2.0410000000000026
13529,2.257000000000002
13530,2.659
13531,2.3520000000000016
13532,2.3660000000000014
13533,2.031000000000003
13534,2.3600000000000017
13535,2.2510000000000017
13536,2.255000000000002
13537,2.362000000000002
13538,2.3640000000000008
13539,2.243000000000002
13540,2.4530000000000016
13541,2.247000000000001
13542,2.251000000000002
13543,2.449000000000002
13544,2.1460000000000026
13545,2.156000000000002
13546,2.2490000000000023
13547,2.2450000000000028
13548,2.2370000000000023
13549,2.0550000000000015
13550,2.150000000000002
13551,2.249000000000002
13552,1.9440000000000024
13553,2.0350000000000024
13554,2.1440000000000023
13555,2.4610000000000016
13556,2.1540000000000017
13557,2.453000000000002
13558,2.362000000000001
13559,2.4390000000000023
13560,2.3440000000000025
13561,2.245000000000002
13562,2.144000000000002
13563,2.055000000000001
13564,2.1520000000000015
13565,2.358000000000002
13566,2.154000000000002
13567,2.239000000000002
13568,2.2570000000000023
13569,2.249000000000002
13570,2.2530000000000014
13571,2.0430000000000024
13572,2.047000000000003
13573,1.9440000000000015
13574,2.3460000000000023
13575,2.160000000000001
13576,2.2550000000000017
13577,2.3420000000000023
13578,2.043000000000002
13579,2.0470000000000015
13580,2.1460000000000012
13581,2.045000000000002
13582,2.2630000000000012
13583,2.4630000000000014
13584,2.265000000000002
13585,2.2330000000000023
13586,2.350000000000002
13587,2.2570000000000014
13588,2.140000000000002
13589,2.152000000000002
13590,2.1440000000000023
13591,2.4630000000000014
13592,2.253000000000002
13593,2.158000000000001
13594,1.837000000000002
13595,2.445000000000002
13596,1.629000000000003
13597,2.4490000000000016
13598,2.057000000000001
13599,1.9620000000000013
13600,2.3520000000000016
13601,2.166000000000001
13602,2.041000000000002
13603,2.1560000000000015
13604,2.150000000000002
13605,1.940000000000002
13606,2.047000000000002
13607,2.2590000000000017
13608,1.9460000000000024
13609,2.3640000000000008
13610,1.9340000000000024
13611,2.4630000000000023
13612,2.1500000000000017
13613,2.352000000000001
13614,2.057000000000002
13615,2.360000000000002
13616,2.2670000000000012
13617,2.1400000000000023
13618,2.0470000000000015
13619,2.356000000000001
13620,2.1580000000000017
13621,2.2370000000000023
13622,2.459000000000002
13623,2.0650000000000013
13624,2.0510000000000024
13625,2.2470000000000017
13626,1.9540000000000024
13627,2.3520000000000016
13628,2.0470000000000024
13629,2.360000000000002
13630,2.2610000000000015
13631,2.1480000000000015
13632,2.0470000000000024
13633,2.249000000000002
13634,2.0510000000000024
13635,2.2450000000000023
13636,2.247000000000001
13637,2.047000000000002
13638,2.0490000000000013
13639,2.0550000000000015
13640,2.1400000000000023
13641,2.3540000000000014
13642,2.059000000000002
13643,2.2530000000000014
13644,2.0410000000000026
13645,2.354000000000001
13646,2.374000000000001
13647,2.146000000000002
13648,2.047000000000002
13649,2.1500000000000017
13650,2.4490000000000016
13651,2.144000000000003
13652,2.1580000000000017
13653,2.178000000000001
13654,2.2470000000000026
13655,2.352000000000001
13656,1.9500000000000015
13657,2.045000000000002
13658,2.1420000000000026
13659,2.372000000000001
13660,2.160000000000002
13661,2.475000000000001
13662,2.2570000000000014
13663,2.352000000000001
13664,2.1480000000000024
13665,2.2550000000000017
13666,2.344000000000002
13667,1.9520000000000013
13668,2.037000000000002
13669,2.045000000000002
13670,2.1520000000000015
13671,1.9640000000000009
13672,2.144000000000002
13673,2.2550000000000012
13674,2.039000000000003
13675,2.156000000000002
13676,2.3620000000000014
13677,2.350000000000002
13678,2.0510000000000015
13679,2.0370000000000026
13680,2.0530000000000017
13681,1.9380000000000024
13682,1.9400000000000015
13683,2.1400000000000023
13684,2.663000000000001
13685,2.142000000000002
13686,2.342000000000002
13687,1.958000000000001
13688,2.471000000000002
13689,1.6410000000000027
13690,2.3420000000000014
13691,2.346000000000002
13692,2.162000000000002
13693,2.0410000000000026
13694,2.142000000000003
13695,2.1440000000000023
13696,2.0450000000000026
13697,2.457000000000002
13698,2.0450000000000017
13699,2.053000000000002
13700,1.9360000000000022
13701,2.2470000000000026
13702,2.2470000000000026
13703,2.0510000000000015
13704,2.045000000000003
13705,2.253000000000002
13706,2.350000000000002
13707,2.1440000000000015
13708,2.150000000000002
13709,1.9540000000000008
13710,2.552000000000002
13711,2.160000000000002
13712,2.2530000000000014
13713,2.348000000000002
13714,1.223000000000003
13715,1.9500000000000017
13716,2.2430000000000025
13717,1.8450000000000017
13718,2.3620000000000014
13719,2.576
13720,2.1480000000000015
13721,2.2590000000000012
13722,2.4470000000000014
13723,2.4530000000000016
13724,2.1520000000000024
13725,2.362000000000002
13726,2.045000000000002
13727,2.059000000000001
13728,2.2430000000000025
13729,2.360000000000001
13730,2.156000000000002
13731,2.160000000000002
13732,2.257000000000002
13733,2.354000000000002
13734,2.445000000000002
13735,2.0650000000000013
13736,2.0550000000000015
13737,2.0510000000000024
13738,2.0470000000000015
13739,2.144000000000002
13740,2.1580000000000013
13741,1.9440000000000015
13742,2.2630000000000017
13743,1.835000000000002
13744,2.3480000000000025
13745,2.043000000000002
13746,2.0530000000000017
13747,2.2670000000000017
13748,2.039000000000002
13749,1.740000000000001
13750,2.558000000000001
13751,2.2470000000000026
13752,2.451000000000002
13753,2.1460000000000017
13754,2.148000000000002
13755,2.3460000000000023
13756,2.146000000000002
13757,2.140000000000002
13758,2.3580000000000014
13759,2.152000000000002
13760,2.1540000000000017
13761,1.9480000000000022
13762,2.144000000000002
13763,1.9460000000000022
13764,1.9320000000000022
13765,2.0450000000000017
13766,2.0490000000000017
13767,2.150000000000002
13768,2.136000000000002
13769,2.247000000000002
13770,2.043000000000002
13771,2.1400000000000023
13772,1.9540000000000024
13773,2.2650000000000015
13774,1.9640000000000009
13775,1.8310000000000024
13776,2.146000000000002
13777,2.150000000000002
13778,2.2370000000000023
13779,2.1520000000000015
13780,2.1520000000000015
13781,2.2470000000000017
13782,1.8450000000000015
13783,2.249000000000002
13784,2.150000000000002
13785,1.9320000000000028
13786,2.148000000000002
13787,2.059000000000001
13788,1.9380000000000024
13789,2.251000000000002
13790,2.5500000000000016
13791,2.2510000000000017
13792,2.350000000000002
13793,2.249000000000002
13794,2.1560000000000015
13795,1.9440000000000015
13796,2.148000000000002
13797,2.245000000000002
13798,1.9560000000000013
13799,2.2570000000000014
13800,2.449000000000002
13801,2.455000000000002
13802,2.140000000000002
13803,2.1480000000000015
13804,2.1500000000000017
13805,2.1540000000000017
13806,2.1500000000000017
13807,2.2450000000000023
13808,1.9480000000000015
13809,2.047000000000002
13810,2.253000000000002
13811,2.2630000000000017
13812,2.051000000000002
13813,2.348000000000002
13814,2.1420000000000026
13815,2.2450000000000028
13816,2.1480000000000024
13817,2.1460000000000017
13818,2.4370000000000025
13819,1.950000000000002
13820,2.3420000000000023
13821,2.3440000000000016
13822,2.255000000000002
13823,2.043000000000002
13824,2.3580000000000014
13825,1.9540000000000015
13826,2.1620000000000017
13827,2.3540000000000014
13828,2.1520000000000015
13829,1.8530000000000009
13830,2.4590000000000014
13831,2.4570000000000025
13832,2.2450000000000023
13833,2.2590000000000017
13834,1.9500000000000008
13835,2.459000000000002
13836,2.158000000000002
13837,2.340000000000002
13838,1.9560000000000013
13839,2.152000000000002
13840,2.1580000000000017
13841,2.1580000000000013
13842,2.045000000000002
13843,1.9680000000000022
13844,2.146000000000002
13845,2.0550000000000015
13846,2.1560000000000015
13847,2.1480000000000015
13848,1.942000000000002
13849,2.0570000000000013
13850,1.9400000000000022
13851,1.9480000000000015
13852,1.9500000000000017
13853,2.063000000000001
13854,2.1480000000000024
13855,2.160000000000001
13856,2.2470000000000017
13857,2.251000000000003
13858,1.8430000000000026
13859,2.0470000000000015
13860,2.1440000000000023
13861,2.0690000000000017
13862,1.9520000000000013
13863,2.045000000000002
13864,2.1520000000000024
13865,2.142000000000002
13866,2.2630000000000012
13867,1.9360000000000026
13868,2.0470000000000024
13869,2.5400000000000027
13870,2.053000000000001
13871,1.950000000000001
13872,2.1440000000000023
13873,2.0410000000000017
13874,2.247000000000002
13875,2.148000000000003
13876,1.2270000000000032
13877,1.950000000000002
13878,2.0410000000000026
13879,2.1560000000000015
13880,2.2510000000000017
13881,1.952000000000002
13882,2.1520000000000015
13883,2.469000000000001
13884,2.2470000000000017
13885,2.148000000000002
13886,2.253000000000002
13887,2.3380000000000023
13888,1.742000000000001
13889,2.346000000000002
13890,2.0370000000000017
13891,2.1500000000000017
13892,2.049000000000002
13893,2.552000000000002
13894,2.0550000000000015
13895,2.653000000000002
13896,1.8410000000000022
13897,1.9360000000000026
13898,2.1420000000000017
13899,2.2490000000000023
13900,2.249000000000002
13901,2.0450000000000017
13902,2.3460000000000014
13903,2.045000000000002
13904,2.045000000000002
13905,2.037000000000002
13906,2.0470000000000015
13907,2.0490000000000017
13908,2.356000000000001
13909,2.144000000000002
13910,2.1400000000000023
13911,2.0510000000000024
13912,2.4430000000000023
13913,1.9520000000000013
13914,2.340000000000002
13915,2.2710000000000012
13916,2.140000000000002
13917,2.144000000000002
13918,2.1460000000000026
13919,2.041000000000002
13920,2.152000000000001
13921,1.633000000000003
13922,2.3420000000000023
13923,1.960000000000001
13924,1.9460000000000024
13925,2.144000000000002
13926,2.354000000000002
13927,2.560000000000002
13928,1.9440000000000026
13929,2.362000000000002
13930,1.9380000000000024
13931,2.047000000000002
13932,2.0350000000000024
13933,2.158000000000002
13934,2.148000000000002
13935,2.3480000000000025
13936,2.2390000000000025
13937,2.1520000000000015
13938,1.845000000000002
13939,2.049000000000002
13940,2.449000000000002
13941,2.461000000000001
13942,2.3660000000000014
13943,2.455000000000002
13944,2.0510000000000015
13945,1.8390000000000013
13946,2.043000000000002
13947,1.9580000000000013
13948,2.257000000000001
13949,2.0410000000000026
13950,2.3680000000000017
13951,2.2570000000000014
13952,2.2450000000000023
13953,2.3460000000000023
13954,2.049000000000002
13955,2.2470000000000017
13956,2.350000000000002
13957,2.350000000000002
13958,2.150000000000002
13959,2.451000000000002
13960,2.043000000000002
13961,2.439000000000002
13962,2.150000000000002
13963,2.358000000000002
13964,2.0390000000000024
13965,2.657000000000002
13966,2.364000000000001
13967,2.245000000000002
13968,2.352000000000002
13969,2.253000000000002
13970,2.360000000000002
13971,1.7380000000000022
13972,2.144000000000002
13973,1.5280000000000014
13974,2.1380000000000017
13975,2.1520000000000024
13976,2.146000000000002
13977,2.0610000000000017
13978,2.0430000000000024
13979,2.461000000000001
13980,2.0430000000000024
13981,2.041000000000002
13982,2.2410000000000023
13983,2.1580000000000017
13984,2.4390000000000023
13985,2.2510000000000012
13986,2.457000000000002
13987,2.0510000000000015
13988,2.051000000000002
13989,2.346000000000002
13990,2.251000000000002
13991,2.364000000000001
13992,1.9420000000000022
13993,2.1540000000000017
13994,2.241000000000002
13995,2.354000000000002
13996,2.2450000000000023
13997,2.130000000000002
13998,2.146000000000002
13999,2.1400000000000023
14000,2.0350000000000024
