Episode,AgentStandard-5
1,-0.09799999999999981
2,-0.09799999999999981
3,0.003000000000000117
4,0.11400000000000018
5,-0.09999999999999981
6,-0.09799999999999981
7,0.11000000000000015
8,0.0030000000000000903
9,0.001000000000000188
10,-0.09599999999999982
11,0.007000000000000045
12,-0.09799999999999981
13,0.0030000000000000994
14,0.21099999999999988
15,-0.09999999999999981
16,0.003000000000000064
17,0.005000000000000112
18,-0.09799999999999981
19,-0.09799999999999981
20,-0.09799999999999981
21,-0.09799999999999981
22,-0.09999999999999981
23,0.10600000000000015
24,0.0030000000000001883
25,-0.09799999999999981
26,0.0030000000000001883
27,0.3159999999999997
28,0.10200000000000008
29,-0.09799999999999981
30,0.001000000000000028
31,0.0030000000000001883
32,0.4069999999999993
33,-0.09999999999999981
34,0.007000000000000027
35,-0.09799999999999981
36,0.005000000000000028
37,0.0010000000000000636
38,0.10400000000000004
39,-0.09799999999999981
40,0.0030000000000001614
41,0.0010000000000001746
42,-0.09999999999999981
43,0.007000000000000081
44,0.0010000000000001813
45,-0.09999999999999981
46,0.0010000000000001702
47,-0.09999999999999981
48,-0.09799999999999981
49,0.005000000000000095
50,0.007000000000000027
51,0.00500000000000013
52,-0.09599999999999982
53,0.10800000000000005
54,0.11599999999999999
55,-0.09999999999999981
56,0.0010000000000001215
57,0.0010000000000001646
58,0.007000000000000027
59,0.013000000000000029
60,-0.09999999999999981
61,0.0030000000000001527
62,-0.09999999999999981
63,0.003000000000000135
64,0.0030000000000001527
65,0.0010000000000000902
66,0.10200000000000017
67,0.009000000000000062
68,0.2109999999999997
69,0.11400000000000016
70,-0.09799999999999981
71,0.005000000000000063
72,-0.09799999999999981
73,-0.09599999999999982
74,-0.09799999999999981
75,0.0030000000000000283
76,-0.09599999999999982
77,-0.09999999999999981
78,0.005000000000000112
79,0.0030000000000000283
80,-0.09999999999999981
81,-0.09999999999999981
82,0.0010000000000000458
83,0.10400000000000015
84,0.10400000000000015
85,0.10600000000000027
86,-0.09999999999999981
87,-0.09799999999999981
88,-0.09799999999999981
89,0.003000000000000046
90,0.005000000000000028
91,-0.09999999999999981
92,0.005000000000000072
93,0.41099999999999887
94,0.0010000000000001347
95,-0.09399999999999982
96,-0.09999999999999981
97,0.0030000000000001124
98,-0.09999999999999981
99,-0.09999999999999981
100,-0.09799999999999981
101,0.009000000000000116
102,0.001000000000000028
103,-0.09399999999999982
104,-0.09999999999999981
105,-0.09999999999999981
106,0.10200000000000023
107,-0.09399999999999982
108,-0.09799999999999981
109,0.0030000000000001883
110,0.11000000000000024
111,0.0010000000000001258
112,0.001000000000000028
113,0.001000000000000188
114,0.001000000000000108
115,0.11000000000000015
116,-0.09799999999999981
117,0.1060000000000002
118,0.1060000000000002
119,0.10200000000000015
120,0.11200000000000022
121,0.3079999999999995
122,0.007000000000000169
123,0.3099999999999993
124,0.1040000000000003
125,-0.09999999999999981
126,-0.09799999999999981
127,0.007000000000000169
128,0.10800000000000005
129,0.10400000000000016
130,0.005000000000000099
131,0.3059999999999991
132,0.0010000000000000991
133,0.10800000000000015
134,0.005000000000000028
135,0.1020000000000001
136,0.001000000000000028
137,0.005000000000000028
138,0.0030000000000000725
139,-0.09999999999999981
140,0.30999999999999905
141,0.10600000000000005
142,0.0050000000000001345
143,0.11400000000000016
144,0.10199999999999998
145,-0.09999999999999981
146,0.003000000000000037
147,0.11000000000000011
148,-0.09599999999999982
149,0.30399999999999894
150,0.11600000000000009
151,0.20499999999999985
152,0.011000000000000027
153,-0.09199999999999983
154,0.013000000000000029
155,0.4089999999999989
156,0.005000000000000028
157,0.10400000000000009
158,0.011000000000000116
159,-0.09799999999999981
160,0.10200000000000033
161,0.007000000000000072
162,-0.09999999999999981
163,0.11000000000000028
164,0.0030000000000000816
165,0.2049999999999998
166,0.10400000000000018
167,0.005000000000000045
168,-0.09599999999999982
169,-0.09799999999999981
170,-0.09799999999999981
171,0.11000000000000004
172,0.0030000000000000283
173,-0.09799999999999981
174,0.3179999999999998
175,0.11000000000000026
176,0.20899999999999988
177,0.11400000000000007
178,0.11200000000000021
179,0.00500000000000017
180,0.003000000000000185
181,-0.08999999999999984
182,0.21300000000000005
183,0.003000000000000117
184,0.007000000000000027
185,0.20699999999999996
186,0.21299999999999933
187,-0.09799999999999981
188,0.10800000000000021
189,0.21500000000000025
190,0.007000000000000152
191,0.005000000000000032
192,0.21099999999999944
193,0.0030000000000000283
194,0.10600000000000019
195,0.0010000000000001813
196,0.3059999999999987
197,0.003000000000000148
198,0.4069999999999996
199,0.21300000000000005
200,0.513999999999999
201,0.21499999999999994
202,0.2050000000000003
203,0.005000000000000099
204,0.22299999999999998
205,0.21499999999999922
206,0.4089999999999996
207,0.20699999999999996
208,0.10800000000000022
209,0.308
210,0.0030000000000000283
211,0.2129999999999999
212,0.4069999999999996
213,0.009000000000000027
214,0.00500000000000017
215,0.001000000000000028
216,0.10800000000000018
217,0.11000000000000015
218,-0.08999999999999984
219,0.20499999999999943
220,0.007000000000000063
221,0.11400000000000025
222,0.3059999999999997
223,0.10400000000000027
224,0.10800000000000015
225,0.1060000000000002
226,0.017000000000000084
227,0.31199999999999994
228,0.4149999999999991
229,0.10200000000000008
230,0.2029999999999998
231,0.10800000000000021
232,0.209
233,-0.09199999999999983
234,-0.09999999999999981
235,0.1020000000000002
236,0.6229999999999999
237,0.005000000000000055
238,0.3099999999999995
239,0.41499999999999987
240,0.10200000000000019
241,0.20299999999999926
242,0.20500000000000015
243,0.20900000000000013
244,0.009000000000000027
245,0.1060000000000003
246,0.5119999999999996
247,0.31199999999999906
248,0.3099999999999998
249,0.4249999999999996
250,0.416999999999999
251,0.20699999999999982
252,0.41299999999999953
253,0.21499999999999939
254,0.41299999999999926
255,0.10200000000000027
256,0.21899999999999997
257,0.10200000000000031
258,0.007000000000000081
259,0.31799999999999917
260,-0.09999999999999981
261,0.005000000000000028
262,0.11200000000000014
263,-0.09999999999999981
264,0.011000000000000152
265,-0.09999999999999981
266,0.20900000000000019
267,0.21099999999999974
268,0.001000000000000192
269,0.41899999999999926
270,0.6189999999999992
271,0.30799999999999955
272,0.5179999999999995
273,0.31799999999999967
274,0.3219999999999992
275,0.30999999999999944
276,0.20699999999999996
277,0.5059999999999988
278,0.011000000000000152
279,0.3079999999999988
280,0.10800000000000028
281,0.11200000000000018
282,0.005000000000000028
283,0.1040000000000001
284,0.007000000000000116
285,0.5259999999999995
286,0.3099999999999994
287,0.10200000000000031
288,0.01500000000000019
289,0.3099999999999988
290,0.10200000000000015
291,0.10400000000000026
292,0.21099999999999924
293,0.4149999999999996
294,0.10400000000000009
295,0.3119999999999998
296,0.11400000000000028
297,0.614999999999999
298,0.3099999999999992
299,0.10400000000000009
300,0.31799999999999956
301,0.4070000000000002
302,0.3159999999999999
303,0.30999999999999944
304,0.00300000000000013
305,-0.09999999999999981
306,0.0030000000000001705
307,0.2150000000000002
308,0.10199999999999987
309,0.21299999999999936
310,0.10800000000000033
311,0.213
312,0.5179999999999996
313,0.40899999999999886
314,0.10800000000000015
315,0.11600000000000017
316,0.10800000000000014
317,0.3059999999999997
318,0.31799999999999995
319,0.10800000000000022
320,0.30999999999999983
321,0.4229999999999993
322,0.011000000000000055
323,0.5159999999999995
324,0.21499999999999947
325,0.003000000000000117
326,0.215
327,0.22499999999999973
328,0.21499999999999977
329,0.20700000000000002
330,0.20299999999999996
331,0.5199999999999994
332,-0.09999999999999981
333,0.20499999999999993
334,0.10800000000000029
335,0.21100000000000002
336,0.5159999999999988
337,0.20300000000000004
338,0.20300000000000012
339,0.10400000000000013
340,0.3139999999999998
341,0.5119999999999998
342,0.3079999999999995
343,0.1020000000000002
344,0.2190000000000002
345,0.10800000000000011
346,0.009000000000000027
347,0.4149999999999992
348,0.21300000000000005
349,0.10400000000000018
350,0.3079999999999999
351,0.5119999999999991
352,0.41499999999999937
353,0.10199999999999994
354,0.10400000000000013
355,0.3079999999999996
356,0.10600000000000014
357,0.21499999999999997
358,0.41899999999999915
359,0.3039999999999992
360,0.3159999999999995
361,0.3079999999999998
362,0.21499999999999972
363,0.005000000000000081
364,0.005000000000000099
365,0.5159999999999993
366,0.20900000000000013
367,0.31599999999999984
368,0.31199999999999917
369,0.3079999999999994
370,0.4089999999999997
371,0.3139999999999995
372,0.20899999999999985
373,0.42299999999999904
374,0.10200000000000026
375,0.5099999999999995
376,0.12200000000000019
377,0.42299999999999904
378,0.40699999999999975
379,0.3119999999999999
380,0.207
381,0.5179999999999991
382,0.5099999999999993
383,0.11200000000000017
384,0.005000000000000099
385,0.3139999999999997
386,0.2149999999999993
387,0.3079999999999996
388,0.10400000000000034
389,0.3079999999999994
390,0.2089999999999997
391,0.20899999999999988
392,0.10800000000000033
393,0.6209999999999993
394,0.31399999999999895
395,0.20299999999999963
396,0.614999999999999
397,0.10800000000000022
398,0.41899999999999965
399,0.6290000000000007
400,0.40899999999999925
401,0.620999999999999
402,0.10600000000000012
403,0.4089999999999989
404,0.41899999999999904
405,0.21099999999999933
406,0.10600000000000014
407,0.4269999999999994
408,0.31199999999999956
409,0.3099999999999997
410,0.618999999999999
411,0.5179999999999997
412,0.3099999999999998
413,0.5139999999999991
414,0.4269999999999994
415,0.3159999999999999
416,0.11800000000000009
417,0.11000000000000014
418,0.20899999999999985
419,0.5159999999999993
420,0.205
421,0.40699999999999903
422,0.8270000000000003
423,0.5219999999999994
424,0.6209999999999993
425,0.41699999999999926
426,0.726
427,0.10800000000000021
428,0.41099999999999903
429,0.0010000000000000369
430,0.3099999999999998
431,0.20500000000000015
432,0.6089999999999991
433,0.1080000000000003
434,0.6249999999999991
435,0.41099999999999914
436,0.31400000000000006
437,0.21300000000000024
438,0.20500000000000015
439,0.3159999999999997
440,0.1040000000000001
441,0.3079999999999991
442,0.6189999999999993
443,0.20899999999999985
444,0.4109999999999994
445,0.41499999999999887
446,0.5159999999999989
447,0.511999999999999
448,0.4209999999999994
449,0.2089999999999994
450,0.4169999999999996
451,0.4149999999999992
452,0.20699999999999977
453,0.41099999999999903
454,0.20699999999999952
455,0.5179999999999993
456,0.20699999999999974
457,0.3059999999999999
458,0.4189999999999992
459,0.4129999999999998
460,0.7179999999999999
461,0.3079999999999994
462,0.10400000000000027
463,0.21499999999999908
464,0.003000000000000064
465,0.5259999999999991
466,0.1120000000000003
467,0.5179999999999991
468,0.3219999999999994
469,0.715999999999999
470,0.21099999999999997
471,0.20899999999999985
472,0.6149999999999995
473,0.4089999999999989
474,0.610999999999999
475,0.11200000000000006
476,0.3119999999999994
477,0.31199999999999967
478,0.6129999999999991
479,0.11000000000000014
480,0.6189999999999989
481,0.6209999999999991
482,0.6109999999999993
483,0.5159999999999991
484,0.31000000000000005
485,0.42099999999999915
486,0.4189999999999992
487,0.3179999999999993
488,0.1120000000000001
489,0.6209999999999992
490,0.5319999999999996
491,0.511999999999999
492,0.21300000000000005
493,0.5119999999999991
494,0.5199999999999995
495,0.5079999999999992
496,0.8229999999999998
497,0.6249999999999991
498,0.21099999999999997
499,0.6129999999999991
500,0.5219999999999991
501,0.2089999999999999
502,0.7199999999999998
503,0.7199999999999995
504,0.8209999999999996
505,0.3159999999999996
506,0.5259999999999989
507,0.20900000000000013
508,0.2129999999999996
509,0.5199999999999991
510,0.4189999999999998
511,0.4129999999999992
512,0.4149999999999996
513,0.31399999999999906
514,0.21099999999999886
515,0.3079999999999993
516,0.8129999999999993
517,0.6169999999999991
518,0.5219999999999996
519,0.3139999999999998
520,0.3100000000000001
521,0.3159999999999997
522,0.9280000000000009
523,0.1120000000000001
524,0.6109999999999992
525,0.20699999999999988
526,0.31199999999999906
527,0.7280000000000001
528,0.5179999999999995
529,0.717999999999999
530,0.3099999999999995
531,0.4129999999999989
532,0.5099999999999989
533,0.41099999999999925
534,0.4169999999999991
535,0.5179999999999992
536,0.5219999999999996
537,0.007000000000000045
538,0.6169999999999994
539,0.21099999999999938
540,0.5119999999999988
541,0.11200000000000011
542,0.5199999999999991
543,0.5119999999999992
544,0.507999999999999
545,0.612999999999999
546,0.4209999999999994
547,0.3199999999999998
548,0.8130000000000018
549,0.21100000000000022
550,0.30999999999999983
551,0.5119999999999996
552,0.513999999999999
553,0.3059999999999995
554,0.21100000000000002
555,0.4209999999999993
556,0.2089999999999999
557,0.3139999999999997
558,0.6109999999999993
559,0.3079999999999995
560,0.5059999999999989
561,0.20899999999999988
562,0.2129999999999996
563,0.41699999999999926
564,0.7260000000000005
565,0.7259999999999994
566,0.41699999999999904
567,0.726000000000002
568,0.5159999999999988
569,0.5199999999999992
570,0.41099999999999953
571,0.40899999999999886
572,0.6149999999999995
573,0.9320000000000005
574,0.31399999999999934
575,0.4129999999999992
576,0.8169999999999998
577,0.7179999999999999
578,0.4129999999999989
579,0.5179999999999995
580,0.6149999999999992
581,0.5339999999999994
582,0.41299999999999953
583,0.41899999999999915
584,0.4129999999999992
585,0.6129999999999991
586,0.11000000000000011
587,0.40899999999999914
588,0.415
589,0.7280000000000006
590,0.5139999999999991
591,0.5219999999999995
592,0.6169999999999992
593,0.3119999999999989
594,0.10600000000000007
595,0.5179999999999992
596,0.5179999999999997
597,0.513999999999999
598,0.20499999999999907
599,0.6270000000000001
600,0.6229999999999993
601,0.5179999999999989
602,0.5179999999999992
603,0.41499999999999915
604,0.519999999999999
605,0.5239999999999992
606,0.622999999999999
607,0.20299999999999974
608,0.7239999999999998
609,1.0310000000000015
610,0.31000000000000016
611,0.6190000000000002
612,0.515999999999999
613,0.5179999999999992
614,0.41299999999999976
615,0.31199999999999894
616,0.8250000000000003
617,0.7180000000000001
618,0.6249999999999992
619,0.41299999999999926
620,0.5179999999999997
621,0.936000000000002
622,0.21100000000000027
623,0.5199999999999991
624,0.6149999999999991
625,0.8250000000000003
626,0.6289999999999997
627,0.515999999999999
628,0.6149999999999993
629,0.4129999999999993
630,0.4129999999999992
631,0.614999999999999
632,0.5139999999999989
633,0.4069999999999992
634,0.30999999999999894
635,0.7160000000000006
636,0.5199999999999995
637,0.6189999999999992
638,0.4189999999999994
639,0.8170000000000017
640,0.5219999999999991
641,0.5119999999999997
642,0.713999999999999
643,0.2109999999999992
644,0.31199999999999933
645,0.0010000000000001702
646,0.7239999999999992
647,0.21099999999999952
648,0.31199999999999983
649,0.5179999999999991
650,0.515999999999999
651,0.3059999999999996
652,0.5159999999999998
653,0.7200000000000004
654,0.3059999999999997
655,0.4169999999999991
656,0.6109999999999995
657,0.013000000000000046
658,0.2170000000000001
659,1.0250000000000006
660,0.5099999999999995
661,0.6209999999999992
662,0.7199999999999993
663,0.5179999999999989
664,0.5099999999999998
665,0.4209999999999994
666,0.7239999999999995
667,0.7260000000000011
668,0.517999999999999
669,0.5219999999999991
670,0.31199999999999933
671,0.30599999999999966
672,0.41099999999999887
673,0.719999999999999
674,0.5219999999999995
675,0.7199999999999993
676,0.6169999999999995
677,0.6189999999999993
678,0.42899999999999927
679,0.6269999999999992
680,0.7279999999999993
681,0.5119999999999996
682,0.4149999999999996
683,0.5159999999999988
684,0.6109999999999992
685,0.7239999999999992
686,0.5219999999999994
687,0.41699999999999954
688,0.7239999999999992
689,0.7179999999999995
690,0.3259999999999997
691,0.622999999999999
692,0.7299999999999994
693,0.4129999999999993
694,0.9220000000000016
695,1.0390000000000021
696,0.6249999999999991
697,0.5139999999999991
698,0.41699999999999937
699,0.5199999999999989
700,0.8210000000000016
701,0.41299999999999903
702,0.5219999999999989
703,0.7219999999999993
704,0.6189999999999992
705,0.9319999999999999
706,0.42299999999999954
707,0.30799999999999966
708,0.5239999999999994
709,0.3139999999999991
710,0.523999999999999
711,0.5219999999999991
712,0.8169999999999997
713,0.3159999999999995
714,0.515999999999999
715,0.8230000000000015
716,0.6209999999999989
717,0.41499999999999987
718,0.9240000000000022
719,0.620999999999999
720,0.8250000000000003
721,0.922
722,0.5139999999999997
723,0.610999999999999
724,0.7139999999999992
725,0.7219999999999993
726,0.2130000000000002
727,1.1380000000000015
728,0.7200000000000008
729,0.7099999999999994
730,0.31199999999999994
731,0.5179999999999991
732,0.3159999999999997
733,0.6169999999999994
734,0.2189999999999992
735,0.6129999999999992
736,0.6189999999999994
737,0.6269999999999993
738,0.8290000000000005
739,0.6149999999999994
740,0.7179999999999996
741,0.5139999999999997
742,0.6189999999999993
743,0.3139999999999994
744,0.5159999999999992
745,0.8170000000000001
746,0.517999999999999
747,0.6109999999999991
748,0.6209999999999998
749,0.30399999999999994
750,0.7259999999999996
751,0.716
752,0.7259999999999994
753,0.30599999999999916
754,0.7279999999999993
755,0.4189999999999995
756,0.9260000000000014
757,0.5219999999999994
758,0.30999999999999905
759,0.6169999999999992
760,0.9300000000000003
761,0.7240000000000001
762,0.8230000000000001
763,0.408999999999999
764,1.0190000000000026
765,0.521999999999999
766,0.9119999999999999
767,0.5299999999999996
768,0.7240000000000006
769,0.9280000000000004
770,0.8310000000000002
771,0.610999999999999
772,0.521999999999999
773,0.6209999999999994
774,0.4109999999999993
775,1.1220000000000012
776,1.0210000000000015
777,0.41499999999999987
778,0.9280000000000008
779,0.7279999999999993
780,0.9180000000000004
781,0.11400000000000012
782,0.5159999999999992
783,0.7159999999999997
784,1.1300000000000006
785,0.41699999999999954
786,0.8330000000000001
787,1.1280000000000003
788,0.5139999999999995
789,0.6229999999999991
790,1.1280000000000003
791,0.6149999999999989
792,0.8129999999999997
793,0.8329999999999997
794,0.7279999999999999
795,0.5139999999999989
796,0.8189999999999997
797,0.8209999999999991
798,0.7199999999999992
799,0.7320000000000015
800,0.8109999999999999
801,0.314
802,0.5159999999999989
803,0.6229999999999992
804,0.41299999999999903
805,0.9220000000000019
806,0.8150000000000017
807,0.513999999999999
808,0.41699999999999915
809,0.7119999999999991
810,0.6229999999999992
811,0.513999999999999
812,0.7160000000000006
813,0.610999999999999
814,0.6169999999999991
815,0.8230000000000015
816,0.40699999999999975
817,0.6169999999999992
818,0.4169999999999996
819,0.7239999999999996
820,0.5139999999999991
821,0.5119999999999991
822,0.527999999999999
823,0.6189999999999991
824,0.511999999999999
825,0.6189999999999991
826,0.7260000000000005
827,0.7199999999999998
828,0.7219999999999996
829,1.4410000000000012
830,0.8190000000000004
831,0.8250000000000013
832,0.8150000000000008
833,0.7180000000000009
834,0.8249999999999997
835,0.7219999999999996
836,0.5119999999999993
837,0.622999999999999
838,0.9280000000000009
839,0.5219999999999991
840,0.8270000000000004
841,0.6309999999999991
842,0.5339999999999994
843,0.31599999999999917
844,0.6129999999999991
845,1.0330000000000006
846,0.30999999999999983
847,0.622999999999999
848,0.6149999999999993
849,0.619
850,0.7140000000000015
851,0.6269999999999993
852,0.8270000000000011
853,0.616999999999999
854,0.6149999999999989
855,0.9240000000000006
856,0.7179999999999996
857,0.9360000000000013
858,0.8169999999999998
859,0.5139999999999993
860,0.8250000000000003
861,0.7160000000000002
862,0.823
863,1.0330000000000013
864,0.825000000000001
865,0.8149999999999994
866,0.9179999999999996
867,0.8249999999999997
868,0.6109999999999992
869,1.023000000000001
870,0.4149999999999989
871,0.6229999999999993
872,0.4109999999999993
873,0.8229999999999997
874,0.620999999999999
875,0.8250000000000012
876,0.30799999999999966
877,1.2150000000000014
878,1.128000000000001
879,0.8250000000000007
880,0.7180000000000006
881,0.8330000000000004
882,0.9200000000000002
883,0.6249999999999991
884,0.6209999999999992
885,0.6169999999999994
886,0.7260000000000005
887,1.0230000000000012
888,0.9280000000000003
889,0.20899999999999985
890,0.5159999999999991
891,0.6089999999999991
892,0.5199999999999995
893,1.0250000000000017
894,0.7239999999999998
895,0.932000000000001
896,0.8290000000000003
897,0.922000000000002
898,0.7300000000000009
899,1.1220000000000019
900,0.8209999999999994
901,0.829
902,0.8150000000000003
903,0.6129999999999994
904,0.413
905,1.1200000000000003
906,0.6249999999999991
907,0.926000000000001
908,0.8149999999999998
909,0.6129999999999991
910,0.5139999999999991
911,1.0250000000000008
912,0.8210000000000006
913,0.9300000000000003
914,1.0310000000000015
915,0.815
916,0.833000000000001
917,0.7239999999999998
918,1.0250000000000004
919,0.8249999999999998
920,0.618999999999999
921,0.4089999999999999
922,0.9240000000000012
923,0.8230000000000001
924,0.9119999999999991
925,0.6209999999999991
926,0.8270000000000003
927,0.8190000000000025
928,0.5199999999999991
929,1.1420000000000008
930,0.8210000000000008
931,0.8189999999999995
932,0.622999999999999
933,0.8310000000000005
934,0.926000000000001
935,0.8190000000000005
936,0.8269999999999996
937,0.7280000000000001
938,1.2270000000000016
939,1.031000000000001
940,0.627
941,0.8190000000000004
942,0.7259999999999992
943,0.7179999999999999
944,0.6189999999999994
945,0.8209999999999991
946,0.4089999999999995
947,0.7220000000000019
948,0.8270000000000004
949,0.9260000000000016
950,1.0370000000000024
951,0.7200000000000009
952,0.8230000000000004
953,0.618999999999999
954,1.1200000000000023
955,0.9260000000000018
956,0.414999999999999
957,1.0230000000000004
958,0.6169999999999992
959,0.6209999999999991
960,0.7279999999999993
961,1.1260000000000017
962,0.6149999999999991
963,1.0310000000000015
964,0.6289999999999992
965,0.8230000000000011
966,0.8290000000000006
967,0.5159999999999993
968,0.73
969,0.7160000000000004
970,0.7239999999999992
971,0.9340000000000015
972,0.9220000000000009
973,1.025000000000002
974,0.8190000000000007
975,1.1260000000000019
976,1.0250000000000012
977,1.0370000000000013
978,0.6209999999999996
979,0.829000000000001
980,0.9200000000000017
981,0.7240000000000012
982,0.9280000000000015
983,0.916000000000001
984,0.823
985,1.2370000000000005
986,0.9320000000000013
987,1.0270000000000021
988,1.330000000000002
989,1.126000000000002
990,1.1340000000000015
991,1.2330000000000003
992,0.8330000000000004
993,0.632999999999999
994,0.6209999999999991
995,1.1300000000000028
996,0.9220000000000019
997,0.6229999999999992
998,0.7099999999999997
999,0.9240000000000009
1000,0.7180000000000014
1001,0.926
1002,0.513999999999999
1003,1.0210000000000021
1004,0.5119999999999992
1005,0.8230000000000004
1006,1.0190000000000023
1007,1.2330000000000012
1008,0.6249999999999993
1009,0.6209999999999991
1010,0.717999999999999
1011,0.9200000000000014
1012,0.9180000000000003
1013,0.8190000000000006
1014,1.4450000000000016
1015,0.9260000000000019
1016,0.31599999999999995
1017,0.7280000000000004
1018,0.722
1019,1.4310000000000027
1020,0.9280000000000004
1021,0.8310000000000008
1022,1.5400000000000025
1023,0.9179999999999993
1024,0.9380000000000017
1025,0.9300000000000003
1026,0.5079999999999989
1027,0.7179999999999993
1028,0.7139999999999995
1029,0.8150000000000026
1030,0.7180000000000001
1031,0.9280000000000019
1032,0.7240000000000003
1033,0.924
1034,0.9280000000000012
1035,0.8250000000000006
1036,0.4089999999999995
1037,0.821000000000001
1038,0.9280000000000004
1039,0.6169999999999995
1040,1.1240000000000008
1041,0.8290000000000007
1042,0.7239999999999998
1043,0.9200000000000003
1044,0.9320000000000016
1045,0.6129999999999992
1046,0.8350000000000005
1047,0.9219999999999999
1048,0.9260000000000014
1049,0.7240000000000002
1050,0.8210000000000005
1051,1.2350000000000025
1052,0.8189999999999996
1053,1.3440000000000012
1054,0.9300000000000006
1055,0.8270000000000008
1056,0.8269999999999996
1057,0.8230000000000005
1058,0.6129999999999989
1059,1.1360000000000008
1060,1.2250000000000019
1061,1.1280000000000023
1062,0.41499999999999965
1063,1.2450000000000012
1064,0.5119999999999993
1065,0.7159999999999989
1066,1.136000000000001
1067,1.128
1068,1.0290000000000026
1069,0.6249999999999993
1070,1.1240000000000014
1071,0.7279999999999999
1072,0.6249999999999994
1073,1.1320000000000021
1074,1.0150000000000015
1075,0.7199999999999998
1076,1.3320000000000018
1077,0.8190000000000004
1078,0.9200000000000018
1079,0.8210000000000002
1080,0.7219999999999996
1081,0.6249999999999991
1082,0.7220000000000009
1083,1.0210000000000001
1084,0.7139999999999996
1085,0.825
1086,1.223000000000002
1087,0.8209999999999996
1088,1.1440000000000006
1089,0.8249999999999997
1090,0.8229999999999997
1091,0.9440000000000025
1092,0.8249999999999998
1093,1.0430000000000013
1094,1.1500000000000012
1095,0.7179999999999993
1096,1.1320000000000008
1097,0.8290000000000012
1098,1.223000000000002
1099,0.819
1100,0.6189999999999991
1101,1.124000000000002
1102,1.0390000000000015
1103,1.124000000000002
1104,0.8250000000000006
1105,1.0210000000000004
1106,0.8290000000000012
1107,1.019000000000001
1108,1.1220000000000017
1109,0.9260000000000008
1110,1.027000000000001
1111,1.0270000000000012
1112,0.7219999999999994
1113,0.8270000000000004
1114,0.7240000000000001
1115,0.9320000000000018
1116,0.5159999999999996
1117,1.0350000000000026
1118,1.0430000000000015
1119,0.8290000000000011
1120,1.1380000000000012
1121,1.0330000000000006
1122,1.0290000000000008
1123,0.9220000000000007
1124,0.7260000000000008
1125,1.0330000000000001
1126,1.120000000000002
1127,0.7199999999999995
1128,0.9320000000000005
1129,1.229000000000001
1130,0.8249999999999994
1131,0.9239999999999995
1132,0.8190000000000025
1133,0.7300000000000004
1134,1.0250000000000015
1135,0.9140000000000016
1136,1.0270000000000004
1137,0.7180000000000006
1138,0.9280000000000018
1139,1.1420000000000003
1140,0.8270000000000012
1141,0.7140000000000005
1142,1.1200000000000028
1143,0.9299999999999996
1144,0.6169999999999992
1145,0.8169999999999998
1146,1.0310000000000015
1147,0.9260000000000008
1148,1.1320000000000008
1149,0.513999999999999
1150,1.1220000000000014
1151,0.7300000000000003
1152,1.0210000000000028
1153,1.1320000000000014
1154,0.5159999999999991
1155,0.825
1156,1.0170000000000003
1157,0.7139999999999993
1158,1.124000000000002
1159,0.9300000000000008
1160,0.7140000000000001
1161,0.7159999999999996
1162,1.1220000000000026
1163,0.726
1164,0.7219999999999999
1165,0.722000000000001
1166,0.8190000000000006
1167,0.6289999999999992
1168,0.9200000000000013
1169,0.9220000000000015
1170,1.3260000000000023
1171,0.5159999999999996
1172,1.013000000000002
1173,0.7200000000000003
1174,1.2230000000000012
1175,0.8289999999999996
1176,0.8229999999999993
1177,0.9240000000000012
1178,1.1300000000000017
1179,1.033000000000002
1180,1.4470000000000018
1181,1.025000000000001
1182,1.2330000000000012
1183,1.0350000000000015
1184,1.1300000000000008
1185,0.9180000000000013
1186,0.8250000000000023
1187,0.8189999999999997
1188,1.0330000000000006
1189,0.9340000000000004
1190,1.235000000000002
1191,0.5279999999999992
1192,0.936000000000001
1193,0.41299999999999953
1194,0.72
1195,1.0270000000000012
1196,1.0230000000000026
1197,0.8229999999999995
1198,0.825
1199,1.1320000000000012
1200,0.9220000000000013
1201,0.9300000000000008
1202,0.7260000000000015
1203,1.027000000000002
1204,1.2210000000000025
1205,1.429000000000002
1206,0.7220000000000002
1207,0.8270000000000013
1208,1.2250000000000025
1209,0.8329999999999993
1210,0.9160000000000008
1211,0.8249999999999997
1212,1.1280000000000017
1213,1.4390000000000007
1214,0.8230000000000018
1215,0.7119999999999993
1216,1.0350000000000008
1217,1.1200000000000019
1218,1.033000000000002
1219,0.9220000000000005
1220,1.13
1221,0.6169999999999989
1222,0.6269999999999996
1223,0.9279999999999999
1224,1.0350000000000024
1225,1.037000000000002
1226,1.1220000000000017
1227,0.9200000000000013
1228,1.1280000000000023
1229,1.0230000000000015
1230,0.8170000000000022
1231,1.0290000000000008
1232,1.2350000000000008
1233,1.1320000000000006
1234,1.0410000000000008
1235,0.7159999999999996
1236,0.8209999999999994
1237,0.815
1238,0.9260000000000015
1239,0.8169999999999998
1240,0.8189999999999995
1241,0.8410000000000007
1242,0.5199999999999995
1243,1.3280000000000023
1244,1.1260000000000014
1245,0.8170000000000002
1246,0.9200000000000006
1247,1.1260000000000014
1248,1.1400000000000012
1249,0.8230000000000014
1250,0.9320000000000017
1251,0.9219999999999996
1252,0.8249999999999997
1253,0.8210000000000005
1254,0.9240000000000016
1255,0.9320000000000018
1256,0.7299999999999998
1257,0.9320000000000002
1258,0.9240000000000017
1259,1.2330000000000023
1260,1.124000000000001
1261,1.328000000000001
1262,0.9320000000000007
1263,1.0250000000000012
1264,1.126000000000002
1265,0.9279999999999995
1266,0.7219999999999998
1267,1.116000000000001
1268,0.8210000000000031
1269,0.7179999999999999
1270,0.9220000000000022
1271,0.9260000000000015
1272,0.9280000000000015
1273,0.5139999999999995
1274,1.0330000000000024
1275,0.8290000000000003
1276,1.544000000000001
1277,1.1180000000000019
1278,0.9259999999999998
1279,0.9280000000000014
1280,0.9180000000000018
1281,1.1300000000000017
1282,0.9120000000000005
1283,1.0270000000000012
1284,0.8290000000000003
1285,1.1220000000000012
1286,0.7099999999999992
1287,1.033000000000001
1288,0.9200000000000014
1289,0.819
1290,1.1320000000000017
1291,0.6249999999999992
1292,0.620999999999999
1293,1.3340000000000025
1294,0.9300000000000008
1295,0.8270000000000008
1296,0.7279999999999993
1297,0.7279999999999993
1298,1.2250000000000016
1299,0.8329999999999997
1300,0.7179999999999991
1301,1.023000000000002
1302,1.128000000000002
1303,0.713999999999999
1304,1.0390000000000015
1305,0.6169999999999993
1306,1.6430000000000018
1307,0.9260000000000014
1308,1.1340000000000015
1309,0.9280000000000007
1310,1.1160000000000019
1311,0.831000000000002
1312,1.1400000000000012
1313,0.930000000000001
1314,1.122000000000002
1315,1.342000000000001
1316,1.2290000000000023
1317,1.0310000000000008
1318,0.9240000000000012
1319,1.142000000000002
1320,1.035000000000002
1321,1.1320000000000017
1322,0.7239999999999998
1323,1.124000000000001
1324,1.3460000000000023
1325,1.1380000000000012
1326,1.0330000000000015
1327,1.3480000000000012
1328,1.1360000000000015
1329,1.1320000000000006
1330,1.3400000000000014
1331,1.027000000000001
1332,1.1180000000000023
1333,1.235000000000001
1334,1.0250000000000006
1335,1.3260000000000016
1336,1.0170000000000001
1337,1.0270000000000024
1338,1.3340000000000014
1339,1.1340000000000012
1340,1.027000000000001
1341,0.8290000000000013
1342,0.8270000000000001
1343,0.922
1344,1.1340000000000017
1345,1.0170000000000001
1346,0.9260000000000008
1347,1.0250000000000015
1348,0.7179999999999993
1349,0.9220000000000002
1350,1.3360000000000014
1351,1.1400000000000017
1352,0.5139999999999992
1353,1.2310000000000023
1354,1.530000000000002
1355,0.9200000000000013
1356,1.031000000000001
1357,0.9260000000000004
1358,1.1280000000000023
1359,0.9140000000000001
1360,0.8170000000000006
1361,1.0250000000000015
1362,1.132000000000001
1363,1.0190000000000003
1364,0.7200000000000019
1365,1.2430000000000019
1366,0.8230000000000005
1367,0.8330000000000013
1368,1.0210000000000015
1369,0.6149999999999991
1370,1.1280000000000028
1371,1.2310000000000019
1372,0.8269999999999998
1373,0.6129999999999989
1374,1.2310000000000028
1375,0.72
1376,1.1320000000000012
1377,1.2330000000000014
1378,1.0270000000000017
1379,0.8190000000000001
1380,1.019000000000002
1381,1.0170000000000021
1382,0.7239999999999992
1383,0.9100000000000005
1384,0.7219999999999996
1385,0.9200000000000006
1386,1.2450000000000008
1387,0.8189999999999992
1388,1.0330000000000021
1389,1.439000000000002
1390,0.920000000000001
1391,1.134000000000001
1392,1.0390000000000008
1393,1.1320000000000012
1394,1.3280000000000027
1395,1.0250000000000008
1396,0.7239999999999995
1397,1.1220000000000012
1398,1.0310000000000008
1399,0.7180000000000001
1400,1.1360000000000008
1401,1.3460000000000005
1402,0.9340000000000009
1403,1.1340000000000021
1404,0.8290000000000012
1405,1.0290000000000004
1406,0.9160000000000023
1407,1.2330000000000014
1408,1.031000000000001
1409,0.9160000000000003
1410,1.0330000000000024
1411,1.1400000000000008
1412,1.1300000000000008
1413,0.9220000000000013
1414,1.229000000000002
1415,1.1280000000000021
1416,1.3360000000000019
1417,1.1400000000000015
1418,0.9200000000000017
1419,1.1340000000000012
1420,1.4310000000000014
1421,0.932000000000001
1422,0.8390000000000013
1423,1.023000000000002
1424,1.1380000000000017
1425,0.6089999999999989
1426,1.0350000000000017
1427,1.332000000000002
1428,1.2410000000000005
1429,1.1260000000000019
1430,0.9380000000000007
1431,1.1280000000000006
1432,0.9280000000000015
1433,0.9340000000000004
1434,1.4330000000000025
1435,1.3200000000000025
1436,0.7159999999999996
1437,1.134000000000002
1438,0.9140000000000009
1439,1.0230000000000001
1440,1.3280000000000016
1441,0.6149999999999995
1442,1.1320000000000023
1443,1.225000000000002
1444,1.126000000000003
1445,0.7180000000000004
1446,1.037
1447,1.132000000000002
1448,1.3320000000000014
1449,1.1340000000000006
1450,0.9340000000000015
1451,0.7220000000000006
1452,0.8369999999999994
1453,1.1220000000000014
1454,0.622999999999999
1455,1.5460000000000016
1456,1.4230000000000018
1457,0.930000000000001
1458,1.342000000000001
1459,1.0250000000000012
1460,0.5219999999999991
1461,1.0250000000000008
1462,0.9300000000000012
1463,1.1220000000000023
1464,1.1420000000000006
1465,1.1300000000000017
1466,1.4250000000000032
1467,0.7280000000000001
1468,1.0310000000000006
1469,0.9320000000000013
1470,0.6269999999999992
1471,1.0250000000000012
1472,1.1400000000000012
1473,1.2470000000000026
1474,0.9280000000000013
1475,1.1300000000000023
1476,1.0350000000000015
1477,1.3420000000000007
1478,1.1320000000000017
1479,1.1380000000000015
1480,1.0330000000000013
1481,1.1340000000000015
1482,1.0290000000000008
1483,1.1300000000000012
1484,1.544000000000002
1485,1.0230000000000017
1486,1.3480000000000019
1487,1.4390000000000012
1488,1.3360000000000023
1489,0.9240000000000027
1490,0.8230000000000007
1491,1.2250000000000025
1492,1.330000000000002
1493,1.037000000000002
1494,1.132000000000002
1495,1.225000000000002
1496,1.229000000000002
1497,0.7260000000000005
1498,1.1260000000000017
1499,1.229
1500,1.4410000000000014
1501,1.130000000000002
1502,1.3340000000000025
1503,0.9280000000000003
1504,0.8189999999999997
1505,1.332000000000002
1506,0.9180000000000007
1507,0.9220000000000015
1508,0.823000000000001
1509,1.229000000000001
1510,0.8230000000000013
1511,0.8230000000000001
1512,1.128000000000001
1513,1.0270000000000015
1514,1.538000000000002
1515,0.9280000000000018
1516,1.0210000000000024
1517,1.1340000000000008
1518,1.2390000000000012
1519,1.025000000000002
1520,1.2250000000000016
1521,1.1360000000000012
1522,0.9260000000000005
1523,1.1200000000000017
1524,1.132000000000001
1525,1.1280000000000021
1526,0.9320000000000008
1527,1.2310000000000023
1528,0.8210000000000016
1529,1.1340000000000017
1530,0.9260000000000005
1531,0.9200000000000016
1532,1.0270000000000017
1533,1.1240000000000006
1534,1.1300000000000017
1535,1.4270000000000027
1536,1.227000000000001
1537,1.237000000000002
1538,0.9260000000000008
1539,1.2270000000000012
1540,1.1240000000000017
1541,1.4350000000000014
1542,1.334000000000001
1543,1.2370000000000008
1544,0.7240000000000009
1545,1.3280000000000012
1546,1.037
1547,0.9240000000000012
1548,1.2250000000000025
1549,0.7219999999999996
1550,1.023000000000001
1551,1.233000000000001
1552,0.922000000000002
1553,1.3300000000000014
1554,1.3300000000000016
1555,1.3440000000000003
1556,1.1420000000000015
1557,0.9220000000000005
1558,1.0370000000000017
1559,0.8330000000000005
1560,0.9220000000000002
1561,0.9120000000000005
1562,0.8270000000000002
1563,0.8190000000000002
1564,0.8149999999999994
1565,1.0350000000000004
1566,1.1360000000000021
1567,0.7119999999999991
1568,1.1300000000000006
1569,1.2370000000000025
1570,0.9280000000000012
1571,1.233000000000001
1572,1.4330000000000018
1573,0.9220000000000002
1574,0.8250000000000023
1575,0.9180000000000007
1576,1.2450000000000014
1577,0.8229999999999998
1578,0.8270000000000006
1579,1.1300000000000012
1580,0.8230000000000007
1581,1.229000000000001
1582,0.8269999999999996
1583,1.126000000000001
1584,1.045000000000001
1585,1.3300000000000023
1586,1.2290000000000019
1587,0.9180000000000003
1588,1.1300000000000008
1589,1.124000000000002
1590,1.2470000000000017
1591,1.1240000000000026
1592,1.1360000000000026
1593,1.445000000000001
1594,1.1220000000000017
1595,1.0310000000000015
1596,1.4370000000000025
1597,0.8150000000000003
1598,1.0270000000000008
1599,1.0330000000000024
1600,1.2350000000000023
1601,0.9280000000000015
1602,1.124000000000001
1603,0.9300000000000003
1604,1.0270000000000017
1605,0.6329999999999992
1606,0.8189999999999997
1607,0.8270000000000012
1608,0.9220000000000016
1609,0.7120000000000011
1610,1.2270000000000016
1611,1.2330000000000017
1612,1.544000000000002
1613,1.5440000000000014
1614,1.2349999999999997
1615,0.6149999999999989
1616,1.128000000000001
1617,1.1340000000000012
1618,1.2330000000000014
1619,1.134000000000001
1620,1.1200000000000003
1621,1.0270000000000008
1622,1.3320000000000014
1623,1.227000000000002
1624,1.3280000000000023
1625,0.8230000000000008
1626,1.2230000000000016
1627,1.2490000000000014
1628,1.558000000000001
1629,1.126000000000001
1630,1.443000000000002
1631,0.9220000000000016
1632,1.4330000000000016
1633,0.8190000000000017
1634,0.8170000000000022
1635,1.2290000000000012
1636,1.1240000000000012
1637,1.3380000000000019
1638,0.8169999999999992
1639,1.4310000000000016
1640,1.0230000000000021
1641,1.0350000000000015
1642,0.8310000000000011
1643,1.2350000000000005
1644,1.2410000000000014
1645,0.7260000000000005
1646,1.0310000000000017
1647,0.9320000000000005
1648,0.5079999999999998
1649,0.938
1650,1.4350000000000016
1651,1.4350000000000012
1652,1.128000000000002
1653,0.9160000000000007
1654,1.3280000000000016
1655,1.0250000000000012
1656,0.5239999999999994
1657,1.1200000000000025
1658,1.2530000000000003
1659,1.0210000000000017
1660,0.9200000000000008
1661,1.3200000000000014
1662,1.3260000000000025
1663,1.2330000000000017
1664,1.2390000000000023
1665,1.2290000000000014
1666,0.8230000000000007
1667,1.1340000000000021
1668,1.3340000000000019
1669,0.9260000000000013
1670,1.2270000000000028
1671,1.6410000000000022
1672,1.237000000000001
1673,1.2390000000000017
1674,1.031000000000002
1675,1.0250000000000012
1676,1.0290000000000015
1677,1.2270000000000012
1678,1.1260000000000019
1679,1.4350000000000023
1680,1.227000000000001
1681,1.3340000000000019
1682,1.2310000000000016
1683,1.4310000000000027
1684,0.8250000000000025
1685,0.7200000000000002
1686,1.1200000000000023
1687,0.6129999999999989
1688,1.2230000000000016
1689,0.8250000000000008
1690,1.4410000000000016
1691,1.346000000000001
1692,0.7239999999999998
1693,1.5260000000000022
1694,1.4370000000000025
1695,0.8230000000000007
1696,1.1240000000000014
1697,1.5460000000000016
1698,1.4510000000000018
1699,1.1420000000000003
1700,1.225000000000002
1701,1.429000000000002
1702,1.2390000000000014
1703,1.1360000000000015
1704,1.2290000000000025
1705,1.332000000000002
1706,1.235000000000002
1707,1.2410000000000019
1708,1.1300000000000008
1709,0.9340000000000009
1710,0.829000000000001
1711,1.6430000000000018
1712,0.8310000000000002
1713,1.5440000000000018
1714,1.1220000000000019
1715,1.5480000000000016
1716,1.043000000000001
1717,1.3320000000000016
1718,1.4330000000000016
1719,1.3380000000000016
1720,1.7380000000000022
1721,1.124000000000003
1722,1.1260000000000014
1723,1.1300000000000014
1724,1.6410000000000016
1725,1.0350000000000004
1726,1.4330000000000018
1727,1.2470000000000008
1728,1.0330000000000015
1729,0.8290000000000001
1730,1.3380000000000019
1731,1.132000000000001
1732,1.1220000000000012
1733,1.1280000000000026
1734,1.2330000000000019
1735,0.7140000000000001
1736,1.0250000000000006
1737,0.9280000000000007
1738,0.924000000000001
1739,1.3300000000000016
1740,1.1280000000000014
1741,1.3360000000000016
1742,0.9340000000000012
1743,1.4250000000000012
1744,1.037
1745,1.1260000000000023
1746,1.3240000000000025
1747,0.8269999999999998
1748,1.0270000000000001
1749,1.1320000000000006
1750,1.1300000000000003
1751,1.3340000000000023
1752,1.0310000000000001
1753,1.2450000000000025
1754,1.0330000000000015
1755,1.2390000000000017
1756,1.629000000000002
1757,1.029000000000001
1758,1.0190000000000017
1759,0.9340000000000006
1760,1.1280000000000014
1761,1.1400000000000012
1762,1.0310000000000021
1763,1.328000000000003
1764,1.4230000000000016
1765,1.330000000000002
1766,1.0290000000000012
1767,1.2370000000000019
1768,0.8210000000000002
1769,1.243000000000002
1770,1.239
1771,1.2310000000000003
1772,0.8230000000000013
1773,1.1200000000000023
1774,1.1320000000000021
1775,1.128000000000002
1776,1.2430000000000008
1777,0.8310000000000005
1778,1.1340000000000017
1779,1.3360000000000016
1780,0.9219999999999996
1781,1.3360000000000023
1782,1.0310000000000012
1783,1.2290000000000019
1784,1.0230000000000024
1785,1.344000000000002
1786,1.1340000000000012
1787,1.6390000000000016
1788,1.2290000000000014
1789,0.7279999999999996
1790,1.2330000000000012
1791,1.2410000000000003
1792,1.4310000000000016
1793,1.1280000000000012
1794,1.0250000000000012
1795,1.1320000000000006
1796,1.548000000000001
1797,1.3500000000000012
1798,1.635000000000002
1799,1.437000000000001
1800,1.0330000000000017
1801,0.5099999999999997
1802,0.8190000000000017
1803,1.435000000000001
1804,1.3260000000000023
1805,1.3220000000000027
1806,1.1360000000000017
1807,1.4350000000000012
1808,1.2470000000000012
1809,1.439000000000002
1810,1.029000000000001
1811,1.120000000000002
1812,1.3380000000000019
1813,1.1400000000000008
1814,0.8230000000000013
1815,1.1360000000000017
1816,1.2310000000000014
1817,1.1380000000000008
1818,1.3340000000000014
1819,1.130000000000002
1820,1.1300000000000017
1821,0.8329999999999999
1822,0.9300000000000016
1823,1.124000000000003
1824,1.5520000000000023
1825,1.1340000000000015
1826,1.645000000000002
1827,1.2210000000000014
1828,1.4290000000000023
1829,1.3340000000000023
1830,0.9280000000000008
1831,1.2350000000000017
1832,1.227000000000001
1833,1.0190000000000015
1834,1.4270000000000016
1835,0.8190000000000004
1836,1.3260000000000018
1837,0.9320000000000007
1838,0.9380000000000008
1839,1.423000000000002
1840,1.2290000000000019
1841,1.239000000000001
1842,1.231000000000002
1843,1.3300000000000014
1844,1.6350000000000022
1845,1.0290000000000012
1846,1.433000000000002
1847,1.3400000000000025
1848,0.9220000000000006
1849,1.0270000000000012
1850,1.2350000000000012
1851,1.7480000000000016
1852,1.2250000000000016
1853,0.9280000000000009
1854,1.2370000000000012
1855,1.245000000000002
1856,1.2410000000000005
1857,1.4350000000000025
1858,1.3380000000000016
1859,0.9280000000000004
1860,1.5340000000000018
1861,1.6250000000000029
1862,1.130000000000001
1863,1.2450000000000014
1864,1.1380000000000015
1865,0.9180000000000001
1866,1.1460000000000006
1867,1.227000000000003
1868,1.633000000000002
1869,0.9220000000000017
1870,0.9260000000000016
1871,1.4290000000000018
1872,1.0410000000000008
1873,1.5280000000000025
1874,1.4390000000000014
1875,1.4350000000000012
1876,1.2310000000000014
1877,1.239000000000003
1878,1.235000000000002
1879,1.3280000000000023
1880,1.5420000000000016
1881,1.1360000000000017
1882,1.1200000000000025
1883,1.3400000000000016
1884,1.5360000000000023
1885,1.2290000000000019
1886,0.924000000000002
1887,0.825000000000001
1888,1.1440000000000003
1889,0.9220000000000013
1890,1.2310000000000019
1891,1.2410000000000014
1892,1.1380000000000003
1893,1.2370000000000019
1894,1.3320000000000027
1895,0.8229999999999995
1896,1.237000000000001
1897,1.3360000000000023
1898,1.2270000000000012
1899,1.1320000000000012
1900,1.4450000000000014
1901,1.1320000000000021
1902,1.328000000000002
1903,1.3280000000000018
1904,1.5400000000000023
1905,1.4430000000000018
1906,1.5400000000000011
1907,1.2310000000000023
1908,1.3320000000000018
1909,1.3340000000000025
1910,1.1160000000000003
1911,0.924
1912,1.4350000000000016
1913,1.0330000000000015
1914,1.5500000000000012
1915,1.328000000000002
1916,1.5420000000000014
1917,1.233000000000002
1918,1.3440000000000023
1919,1.2330000000000019
1920,1.2310000000000014
1921,1.126000000000002
1922,1.4450000000000016
1923,1.1280000000000014
1924,1.241000000000001
1925,0.9280000000000005
1926,1.5480000000000005
1927,1.0410000000000013
1928,1.1300000000000017
1929,1.3440000000000005
1930,1.5320000000000022
1931,1.530000000000002
1932,1.041000000000002
1933,1.439000000000002
1934,1.342000000000001
1935,1.548000000000001
1936,1.3420000000000016
1937,1.3420000000000014
1938,1.3460000000000016
1939,1.0350000000000017
1940,1.332000000000002
1941,1.437000000000003
1942,1.0290000000000015
1943,1.5420000000000014
1944,0.9239999999999998
1945,1.0210000000000015
1946,1.4390000000000012
1947,1.2390000000000017
1948,1.639000000000002
1949,1.239000000000002
1950,1.2390000000000017
1951,1.237000000000002
1952,1.1280000000000012
1953,1.536000000000002
1954,1.5320000000000018
1955,1.342000000000001
1956,1.023000000000002
1957,1.2370000000000012
1958,0.9180000000000014
1959,0.9240000000000006
1960,1.2310000000000014
1961,1.4350000000000014
1962,1.3300000000000016
1963,1.1280000000000014
1964,0.8250000000000006
1965,1.5220000000000036
1966,1.0290000000000008
1967,1.2170000000000016
1968,1.1280000000000014
1969,1.237000000000001
1970,1.0270000000000012
1971,1.3380000000000019
1972,1.1420000000000001
1973,1.124000000000001
1974,0.9239999999999998
1975,0.920000000000002
1976,1.1380000000000023
1977,1.2250000000000016
1978,1.227000000000001
1979,1.3400000000000016
1980,1.4350000000000025
1981,1.3340000000000014
1982,1.4270000000000016
1983,1.231000000000001
1984,1.0290000000000015
1985,1.130000000000002
1986,1.6330000000000024
1987,1.140000000000002
1988,0.9300000000000006
1989,1.6270000000000024
1990,1.235000000000002
1991,1.037000000000001
1992,1.4250000000000023
1993,1.4390000000000018
1994,1.1360000000000006
1995,1.128000000000002
1996,1.2390000000000019
1997,1.4390000000000018
1998,1.1260000000000019
1999,1.130000000000002
2000,0.9300000000000008
2001,1.1480000000000006
2002,1.4390000000000018
2003,1.4290000000000014
2004,1.0230000000000008
2005,1.4350000000000025
2006,1.7420000000000022
2007,1.3220000000000018
2008,1.2310000000000014
2009,1.4350000000000023
2010,1.330000000000002
2011,1.2290000000000012
2012,1.1400000000000006
2013,1.1360000000000015
2014,1.4310000000000014
2015,1.0350000000000017
2016,1.7320000000000026
2017,1.4390000000000023
2018,1.849000000000001
2019,1.2370000000000023
2020,0.8210000000000002
2021,1.5360000000000023
2022,1.5280000000000018
2023,1.0330000000000004
2024,1.3260000000000012
2025,1.5300000000000022
2026,1.0370000000000021
2027,0.9200000000000017
2028,1.3300000000000016
2029,0.7219999999999998
2030,1.4310000000000014
2031,1.3360000000000014
2032,1.136000000000001
2033,1.229000000000002
2034,1.3460000000000016
2035,1.1400000000000008
2036,1.237000000000001
2037,0.9280000000000007
2038,1.3320000000000014
2039,0.9260000000000014
2040,1.6410000000000027
2041,1.635000000000002
2042,1.3360000000000025
2043,1.239000000000001
2044,0.9259999999999997
2045,1.239000000000002
2046,1.3380000000000023
2047,1.4450000000000023
2048,1.0250000000000004
2049,1.3380000000000027
2050,1.4470000000000016
2051,1.5400000000000018
2052,1.0290000000000015
2053,1.0270000000000012
2054,1.0350000000000017
2055,0.922000000000001
2056,1.3260000000000014
2057,1.3440000000000019
2058,0.924000000000001
2059,1.1360000000000012
2060,1.3420000000000014
2061,1.031000000000001
2062,1.4290000000000023
2063,1.0250000000000024
2064,1.4310000000000018
2065,1.334000000000002
2066,1.0210000000000015
2067,1.1240000000000006
2068,1.0290000000000021
2069,1.2290000000000014
2070,1.6370000000000018
2071,1.5460000000000016
2072,1.3340000000000019
2073,1.433000000000001
2074,1.4290000000000012
2075,1.138000000000002
2076,1.1360000000000006
2077,1.239000000000001
2078,1.2350000000000008
2079,0.9240000000000004
2080,1.4250000000000025
2081,1.5460000000000016
2082,1.0230000000000015
2083,1.5280000000000018
2084,1.6450000000000018
2085,1.3320000000000014
2086,1.223000000000002
2087,1.2390000000000023
2088,1.4210000000000023
2089,1.443000000000003
2090,1.330000000000002
2091,1.5260000000000022
2092,1.1280000000000001
2093,1.6390000000000016
2094,1.130000000000002
2095,0.9240000000000012
2096,1.4330000000000016
2097,1.6330000000000013
2098,1.0210000000000017
2099,1.631000000000003
2100,1.1320000000000012
2101,1.1260000000000019
2102,1.4430000000000012
2103,1.1340000000000026
2104,1.4370000000000014
2105,1.1320000000000026
2106,1.3320000000000016
2107,1.453000000000002
2108,1.4390000000000018
2109,1.3400000000000014
2110,1.445000000000002
2111,1.1200000000000014
2112,1.2410000000000023
2113,1.3340000000000012
2114,1.4310000000000025
2115,1.2290000000000023
2116,1.6330000000000024
2117,1.7480000000000013
2118,1.136000000000002
2119,1.7280000000000024
2120,1.2310000000000014
2121,1.1220000000000012
2122,1.6430000000000013
2123,1.1180000000000008
2124,1.2430000000000014
2125,1.645000000000002
2126,1.2250000000000023
2127,1.1220000000000026
2128,1.134000000000001
2129,1.3280000000000018
2130,1.5500000000000014
2131,1.3240000000000014
2132,1.124000000000002
2133,1.128000000000001
2134,1.542000000000001
2135,1.1300000000000014
2136,1.3320000000000018
2137,1.5380000000000018
2138,1.6450000000000011
2139,1.2330000000000008
2140,1.239000000000001
2141,1.4430000000000012
2142,1.120000000000001
2143,1.1260000000000014
2144,1.5360000000000016
2145,1.3280000000000016
2146,0.9260000000000014
2147,1.7380000000000022
2148,1.7360000000000015
2149,1.2230000000000019
2150,1.548000000000001
2151,0.940000000000001
2152,1.4410000000000005
2153,1.239000000000002
2154,1.0370000000000017
2155,1.5320000000000022
2156,1.0230000000000012
2157,0.825
2158,1.4390000000000012
2159,1.4390000000000018
2160,1.429000000000002
2161,1.5340000000000027
2162,1.2430000000000019
2163,1.2310000000000023
2164,1.0250000000000004
2165,1.2410000000000012
2166,1.3540000000000014
2167,1.021000000000002
2168,1.4270000000000018
2169,1.231000000000001
2170,1.138000000000001
2171,1.128000000000001
2172,1.3320000000000014
2173,1.435000000000002
2174,1.6470000000000016
2175,1.2350000000000014
2176,1.3320000000000018
2177,1.4310000000000007
2178,1.2350000000000012
2179,1.443000000000002
2180,1.132000000000002
2181,1.5260000000000025
2182,1.3400000000000023
2183,1.1400000000000017
2184,0.9260000000000014
2185,1.0270000000000017
2186,1.6430000000000018
2187,1.352000000000001
2188,1.5380000000000025
2189,1.7280000000000024
2190,1.9440000000000017
2191,1.1340000000000012
2192,1.542000000000001
2193,1.3340000000000023
2194,1.4310000000000023
2195,1.334000000000001
2196,1.1400000000000015
2197,1.8410000000000017
2198,1.4410000000000014
2199,1.2390000000000017
2200,1.6450000000000022
2201,1.3400000000000014
2202,1.2290000000000019
2203,1.3340000000000014
2204,1.9460000000000024
2205,1.2330000000000023
2206,1.225000000000002
2207,1.124000000000001
2208,1.1400000000000003
2209,1.2390000000000012
2210,1.4350000000000023
2211,0.9280000000000015
2212,1.641000000000002
2213,1.2210000000000019
2214,1.641000000000002
2215,1.3460000000000016
2216,1.6370000000000022
2217,1.2270000000000016
2218,1.4330000000000016
2219,1.2410000000000005
2220,1.643000000000002
2221,1.5340000000000023
2222,1.3360000000000019
2223,1.544000000000002
2224,1.3320000000000014
2225,0.8230000000000001
2226,1.4390000000000018
2227,1.6390000000000027
2228,1.2250000000000016
2229,1.3440000000000012
2230,1.5440000000000011
2231,1.0270000000000008
2232,1.4430000000000018
2233,1.439000000000002
2234,1.8530000000000018
2235,1.1300000000000008
2236,1.2210000000000023
2237,1.1260000000000008
2238,1.734000000000002
2239,1.1300000000000014
2240,1.5340000000000031
2241,1.5380000000000016
2242,1.7280000000000022
2243,1.5420000000000016
2244,0.9279999999999998
2245,1.6270000000000016
2246,1.526000000000002
2247,1.1360000000000015
2248,1.5460000000000016
2249,1.2450000000000019
2250,1.1320000000000028
2251,1.443000000000001
2252,1.439000000000002
2253,1.1300000000000017
2254,1.5260000000000034
2255,1.4310000000000014
2256,1.128000000000002
2257,1.6410000000000027
2258,1.1340000000000021
2259,1.4330000000000027
2260,1.2290000000000014
2261,1.6390000000000016
2262,1.136000000000001
2263,1.3300000000000016
2264,1.3380000000000016
2265,1.3360000000000023
2266,1.3460000000000014
2267,1.0210000000000015
2268,1.2270000000000005
2269,1.5380000000000018
2270,1.6370000000000027
2271,1.2430000000000014
2272,1.5420000000000025
2273,1.229000000000001
2274,1.1260000000000008
2275,1.6390000000000022
2276,1.6470000000000014
2277,1.3300000000000023
2278,1.4330000000000025
2279,1.4310000000000016
2280,1.2230000000000012
2281,1.1280000000000023
2282,1.227000000000002
2283,1.2290000000000023
2284,1.4410000000000012
2285,1.5500000000000023
2286,1.1280000000000003
2287,1.1360000000000015
2288,1.1180000000000003
2289,1.4450000000000016
2290,1.1320000000000017
2291,0.9200000000000012
2292,1.3300000000000014
2293,1.2230000000000016
2294,1.5260000000000022
2295,1.124000000000001
2296,1.5480000000000016
2297,1.740000000000002
2298,1.338000000000002
2299,1.4430000000000027
2300,1.7400000000000022
2301,1.2370000000000017
2302,1.3340000000000019
2303,1.5460000000000016
2304,1.1460000000000021
2305,1.0290000000000001
2306,1.6430000000000016
2307,1.8490000000000015
2308,1.1420000000000012
2309,1.8430000000000017
2310,1.7340000000000027
2311,1.4490000000000014
2312,1.1320000000000028
2313,1.2310000000000016
2314,1.4470000000000007
2315,1.5360000000000007
2316,1.3260000000000027
2317,1.5260000000000025
2318,1.2370000000000019
2319,1.2330000000000012
2320,0.926000000000001
2321,1.3360000000000016
2322,1.435000000000002
2323,1.4330000000000012
2324,1.3400000000000003
2325,1.425000000000002
2326,1.025000000000002
2327,1.237000000000002
2328,1.1440000000000001
2329,1.5380000000000018
2330,1.2370000000000017
2331,1.4390000000000018
2332,1.031000000000001
2333,1.338000000000002
2334,1.4350000000000016
2335,1.3300000000000016
2336,1.3280000000000016
2337,1.126000000000001
2338,1.7420000000000018
2339,1.5380000000000025
2340,1.2290000000000019
2341,1.328000000000003
2342,1.542000000000001
2343,1.3360000000000012
2344,1.3460000000000023
2345,1.5500000000000014
2346,1.132000000000001
2347,1.433000000000002
2348,1.0290000000000006
2349,1.1360000000000017
2350,1.7400000000000027
2351,1.1300000000000017
2352,1.5400000000000014
2353,1.528000000000002
2354,1.7600000000000007
2355,1.1240000000000012
2356,0.9400000000000006
2357,1.8410000000000013
2358,1.2510000000000019
2359,1.5400000000000018
2360,1.1300000000000012
2361,1.435000000000001
2362,1.952000000000002
2363,1.5360000000000025
2364,1.8550000000000009
2365,1.8430000000000013
2366,1.4410000000000012
2367,1.2230000000000019
2368,1.4410000000000023
2369,1.4310000000000023
2370,1.4310000000000016
2371,1.639000000000003
2372,1.4250000000000023
2373,1.3380000000000019
2374,1.2310000000000023
2375,1.124
2376,1.7340000000000015
2377,1.239000000000001
2378,1.6430000000000018
2379,1.4330000000000012
2380,1.3480000000000016
2381,1.4390000000000014
2382,0.926
2383,1.2330000000000003
2384,1.1340000000000017
2385,1.6430000000000018
2386,1.8430000000000013
2387,1.7360000000000022
2388,1.332000000000002
2389,1.7440000000000018
2390,1.5320000000000022
2391,1.3260000000000023
2392,1.7440000000000027
2393,1.3320000000000016
2394,1.5500000000000014
2395,1.4350000000000023
2396,1.1240000000000012
2397,1.2390000000000005
2398,1.4410000000000014
2399,1.4330000000000016
2400,1.0330000000000006
2401,1.4510000000000018
2402,1.7460000000000016
2403,1.7520000000000024
2404,1.3440000000000012
2405,1.1260000000000017
2406,1.5440000000000018
2407,1.136000000000002
2408,1.6270000000000022
2409,1.5440000000000018
2410,1.4450000000000016
2411,1.2250000000000012
2412,1.4310000000000023
2413,1.8550000000000013
2414,1.5320000000000022
2415,1.1200000000000014
2416,1.1360000000000015
2417,1.3260000000000023
2418,1.9560000000000013
2419,1.5340000000000018
2420,1.1260000000000019
2421,1.5440000000000011
2422,1.3300000000000023
2423,1.3320000000000014
2424,1.1300000000000017
2425,1.340000000000002
2426,1.1280000000000021
2427,1.3300000000000016
2428,1.4490000000000007
2429,1.5280000000000018
2430,0.9219999999999999
2431,1.2370000000000012
2432,1.740000000000002
2433,1.4410000000000007
2434,1.5400000000000005
2435,1.3440000000000014
2436,1.4410000000000018
2437,1.1260000000000017
2438,1.2310000000000014
2439,1.138000000000001
2440,1.3420000000000007
2441,1.4390000000000018
2442,1.3300000000000016
2443,1.1320000000000008
2444,1.5360000000000025
2445,1.2290000000000014
2446,1.544000000000002
2447,1.7420000000000015
2448,1.2350000000000017
2449,1.0270000000000012
2450,1.8430000000000022
2451,1.2290000000000016
2452,1.443000000000002
2453,1.8450000000000015
2454,1.849000000000001
2455,1.3360000000000016
2456,1.3260000000000025
2457,1.037000000000001
2458,1.5380000000000018
2459,1.3280000000000018
2460,1.3260000000000016
2461,1.0170000000000012
2462,1.0290000000000017
2463,1.8490000000000015
2464,1.3340000000000014
2465,1.2290000000000025
2466,1.736000000000002
2467,1.0290000000000008
2468,1.4390000000000027
2469,1.544000000000003
2470,1.3300000000000016
2471,1.6390000000000011
2472,1.4310000000000014
2473,1.1340000000000012
2474,1.328000000000002
2475,1.1280000000000028
2476,1.338000000000001
2477,1.5320000000000014
2478,1.340000000000002
2479,1.5340000000000027
2480,0.92
2481,1.4430000000000018
2482,1.3360000000000016
2483,1.1280000000000021
2484,1.1420000000000023
2485,1.532000000000001
2486,1.4430000000000018
2487,1.3440000000000019
2488,0.9320000000000007
2489,1.4290000000000018
2490,1.528000000000002
2491,1.7460000000000013
2492,1.5460000000000014
2493,1.235000000000002
2494,1.5380000000000025
2495,1.2290000000000014
2496,1.5420000000000018
2497,1.4310000000000018
2498,1.3500000000000012
2499,1.1280000000000008
2500,1.5420000000000023
2501,1.3380000000000019
2502,1.4270000000000018
2503,1.5440000000000018
2504,1.2290000000000012
2505,1.3420000000000019
2506,1.4330000000000025
2507,1.1380000000000017
2508,1.6370000000000025
2509,1.9460000000000013
2510,1.3320000000000018
2511,1.3240000000000023
2512,1.4410000000000012
2513,1.2390000000000008
2514,1.439000000000001
2515,1.645000000000003
2516,1.6430000000000018
2517,1.633000000000002
2518,0.8270000000000018
2519,1.3360000000000025
2520,1.3200000000000023
2521,1.639000000000002
2522,1.7440000000000024
2523,1.5340000000000011
2524,1.5340000000000016
2525,1.3440000000000019
2526,0.9300000000000006
2527,1.5420000000000023
2528,1.2390000000000012
2529,1.4370000000000018
2530,1.4250000000000023
2531,1.1260000000000017
2532,1.2410000000000023
2533,1.4430000000000012
2534,1.330000000000002
2535,1.5320000000000025
2536,1.3400000000000014
2537,1.7520000000000018
2538,1.641000000000002
2539,1.027000000000002
2540,1.0270000000000004
2541,1.6310000000000022
2542,1.6470000000000011
2543,1.437000000000002
2544,1.5460000000000014
2545,1.3340000000000012
2546,1.4290000000000018
2547,1.528000000000002
2548,1.6390000000000016
2549,1.433000000000002
2550,1.2450000000000017
2551,1.2370000000000012
2552,1.6410000000000016
2553,1.3340000000000019
2554,1.1340000000000017
2555,1.330000000000002
2556,1.3240000000000018
2557,1.7380000000000024
2558,1.6430000000000016
2559,1.3420000000000019
2560,1.2290000000000023
2561,0.9320000000000007
2562,1.5360000000000023
2563,1.5440000000000018
2564,1.1360000000000015
2565,1.1260000000000014
2566,1.1320000000000021
2567,1.6450000000000014
2568,1.536000000000002
2569,1.249000000000001
2570,1.132000000000001
2571,1.3480000000000016
2572,1.328000000000002
2573,1.1240000000000012
2574,1.6470000000000011
2575,1.4430000000000016
2576,1.5460000000000014
2577,0.9240000000000002
2578,1.3460000000000023
2579,1.4370000000000018
2580,1.447
2581,1.534000000000002
2582,1.1380000000000015
2583,1.0230000000000004
2584,1.338000000000002
2585,1.0210000000000015
2586,1.7260000000000022
2587,1.7420000000000018
2588,1.2290000000000012
2589,1.4290000000000018
2590,1.6510000000000014
2591,1.4330000000000012
2592,1.132000000000001
2593,1.9400000000000015
2594,1.6490000000000016
2595,0.829000000000001
2596,1.2370000000000017
2597,1.631000000000003
2598,1.330000000000002
2599,1.0310000000000017
2600,1.6450000000000018
2601,1.334000000000002
2602,1.2310000000000023
2603,1.2390000000000023
2604,1.4470000000000025
2605,1.6430000000000018
2606,1.4510000000000012
2607,1.449000000000001
2608,1.538000000000001
2609,1.4330000000000025
2610,1.6290000000000027
2611,1.4310000000000023
2612,1.7360000000000024
2613,0.9260000000000003
2614,1.342000000000002
2615,1.740000000000001
2616,1.322000000000002
2617,1.2350000000000005
2618,0.9240000000000012
2619,1.4330000000000018
2620,1.2250000000000012
2621,1.4330000000000018
2622,1.8390000000000017
2623,1.1260000000000028
2624,1.4310000000000018
2625,1.3240000000000023
2626,1.0230000000000012
2627,1.4370000000000014
2628,0.8210000000000012
2629,1.7380000000000022
2630,1.5220000000000018
2631,1.5460000000000014
2632,1.6330000000000027
2633,1.3300000000000012
2634,1.4390000000000018
2635,1.1220000000000008
2636,1.5460000000000016
2637,1.1300000000000012
2638,1.643000000000003
2639,1.5480000000000016
2640,1.4410000000000023
2641,1.4250000000000012
2642,1.1420000000000017
2643,1.435000000000002
2644,1.528000000000002
2645,1.7620000000000016
2646,1.4350000000000014
2647,1.443000000000001
2648,1.4350000000000014
2649,1.4310000000000023
2650,1.6370000000000022
2651,1.029000000000001
2652,1.2350000000000008
2653,1.5200000000000022
2654,1.4430000000000016
2655,1.249000000000001
2656,1.2330000000000019
2657,1.550000000000002
2658,1.227000000000001
2659,1.0290000000000012
2660,1.4350000000000014
2661,1.7460000000000016
2662,1.4450000000000014
2663,1.4450000000000023
2664,1.2410000000000023
2665,1.5280000000000027
2666,1.229000000000001
2667,1.3340000000000014
2668,1.0370000000000017
2669,1.5380000000000018
2670,1.1400000000000012
2671,1.4390000000000012
2672,1.7440000000000018
2673,1.435000000000002
2674,1.1300000000000012
2675,1.5460000000000012
2676,1.2310000000000019
2677,1.538000000000002
2678,1.8390000000000015
2679,1.2330000000000012
2680,1.3360000000000014
2681,1.5260000000000025
2682,1.3400000000000023
2683,1.5440000000000018
2684,1.4310000000000012
2685,1.338000000000001
2686,1.5380000000000016
2687,1.2310000000000016
2688,1.3260000000000023
2689,1.4430000000000023
2690,1.2350000000000014
2691,1.6310000000000022
2692,1.235000000000001
2693,1.1280000000000001
2694,1.4270000000000018
2695,1.3280000000000012
2696,1.3440000000000014
2697,1.6370000000000018
2698,1.227000000000002
2699,1.6410000000000022
2700,1.5340000000000011
2701,1.435000000000002
2702,1.3380000000000016
2703,1.7420000000000018
2704,1.5420000000000016
2705,1.334000000000001
2706,1.3360000000000019
2707,1.2330000000000019
2708,1.845000000000002
2709,1.5420000000000016
2710,1.5380000000000016
2711,1.6450000000000018
2712,0.9219999999999997
2713,1.342000000000001
2714,1.328000000000001
2715,1.429000000000001
2716,1.328000000000002
2717,1.6450000000000011
2718,1.4450000000000025
2719,1.6510000000000014
2720,1.439000000000001
2721,1.5420000000000016
2722,1.3280000000000016
2723,1.5360000000000011
2724,1.3420000000000019
2725,1.2250000000000023
2726,1.544000000000002
2727,1.4310000000000016
2728,1.548000000000001
2729,1.7540000000000018
2730,1.649000000000002
2731,1.3300000000000023
2732,1.4350000000000014
2733,1.332000000000002
2734,1.2350000000000012
2735,1.6350000000000025
2736,1.841000000000002
2737,1.6430000000000025
2738,0.7160000000000002
2739,1.4350000000000025
2740,1.2370000000000019
2741,1.8430000000000017
2742,1.4310000000000018
2743,1.6310000000000016
2744,1.5320000000000022
2745,1.4370000000000018
2746,1.2330000000000023
2747,1.4310000000000023
2748,1.340000000000002
2749,1.2310000000000014
2750,1.3400000000000016
2751,0.8169999999999993
2752,1.2330000000000014
2753,1.542000000000001
2754,1.4450000000000016
2755,1.6290000000000027
2756,1.5380000000000018
2757,1.6390000000000022
2758,1.334000000000002
2759,1.3360000000000016
2760,1.4210000000000023
2761,1.5420000000000016
2762,1.635000000000002
2763,1.6370000000000022
2764,1.2250000000000012
2765,1.227000000000002
2766,1.8370000000000026
2767,1.3280000000000018
2768,1.437000000000001
2769,1.2450000000000008
2770,1.6290000000000022
2771,1.5320000000000018
2772,1.7400000000000022
2773,1.2310000000000019
2774,1.138000000000001
2775,1.2410000000000019
2776,1.332000000000002
2777,1.534000000000001
2778,1.6370000000000022
2779,1.6430000000000025
2780,1.6430000000000016
2781,1.5440000000000014
2782,1.7400000000000009
2783,1.5360000000000023
2784,1.5420000000000014
2785,1.3240000000000025
2786,1.6510000000000011
2787,1.332000000000003
2788,1.4330000000000027
2789,1.730000000000002
2790,1.1300000000000012
2791,1.7440000000000024
2792,1.4310000000000023
2793,1.4390000000000003
2794,1.4410000000000014
2795,1.3420000000000016
2796,1.1540000000000008
2797,1.740000000000002
2798,1.2230000000000014
2799,1.0370000000000017
2800,1.6450000000000022
2801,1.237000000000002
2802,1.5360000000000016
2803,1.645000000000002
2804,1.4410000000000016
2805,1.7360000000000024
2806,1.330000000000002
2807,1.1240000000000028
2808,1.439000000000002
2809,1.3300000000000012
2810,1.3320000000000018
2811,1.847000000000002
2812,1.2390000000000017
2813,2.0570000000000013
2814,1.6370000000000025
2815,1.2370000000000012
2816,1.5440000000000023
2817,1.3360000000000016
2818,1.6470000000000016
2819,1.443000000000002
2820,1.536000000000002
2821,1.7420000000000022
2822,1.750000000000002
2823,1.5440000000000011
2824,1.3440000000000014
2825,1.7420000000000024
2826,1.2270000000000012
2827,1.3440000000000012
2828,1.2310000000000016
2829,1.645000000000002
2830,1.6410000000000025
2831,2.0330000000000026
2832,1.437000000000002
2833,1.1340000000000012
2834,1.5280000000000027
2835,1.437000000000001
2836,1.4570000000000005
2837,1.540000000000002
2838,1.2270000000000016
2839,1.3280000000000023
2840,1.5380000000000027
2841,1.4350000000000012
2842,1.4370000000000014
2843,1.6470000000000011
2844,1.839000000000003
2845,1.4390000000000003
2846,1.4310000000000027
2847,1.8630000000000009
2848,1.8430000000000017
2849,1.4370000000000018
2850,1.746000000000002
2851,1.3400000000000016
2852,1.7440000000000029
2853,1.5320000000000022
2854,1.526000000000002
2855,1.7620000000000007
2856,1.641000000000002
2857,1.2330000000000003
2858,1.2170000000000032
2859,1.2310000000000019
2860,1.4350000000000016
2861,1.7500000000000018
2862,1.3420000000000014
2863,1.1380000000000008
2864,1.6290000000000016
2865,1.4430000000000023
2866,1.6390000000000027
2867,1.2270000000000019
2868,1.3360000000000025
2869,1.5480000000000012
2870,1.5380000000000016
2871,1.5500000000000003
2872,1.4370000000000016
2873,1.0350000000000017
2874,1.649000000000002
2875,1.6290000000000027
2876,1.116000000000002
2877,1.6370000000000013
2878,1.1420000000000012
2879,1.6410000000000011
2880,1.7380000000000015
2881,0.825000000000002
2882,1.4370000000000016
2883,1.6450000000000018
2884,1.1320000000000017
2885,1.6370000000000025
2886,1.5480000000000016
2887,1.865000000000002
2888,1.4330000000000016
2889,1.538000000000002
2890,1.453000000000001
2891,1.6430000000000016
2892,2.053000000000002
2893,1.3280000000000018
2894,1.2330000000000017
2895,1.631000000000002
2896,1.3320000000000016
2897,1.4370000000000014
2898,1.2230000000000019
2899,0.9220000000000022
2900,1.538000000000002
2901,1.5380000000000011
2902,1.3400000000000016
2903,1.3460000000000025
2904,1.035000000000001
2905,1.4490000000000014
2906,1.5320000000000018
2907,1.736000000000002
2908,1.639000000000002
2909,1.332000000000001
2910,1.7440000000000018
2911,1.6310000000000031
2912,1.439000000000002
2913,1.5320000000000022
2914,1.3360000000000014
2915,1.239000000000002
2916,1.5400000000000014
2917,1.1340000000000017
2918,1.746000000000001
2919,1.4390000000000014
2920,1.342000000000002
2921,1.4450000000000005
2922,1.338000000000001
2923,1.538000000000003
2924,1.6330000000000024
2925,1.8470000000000015
2926,1.1240000000000014
2927,1.433000000000002
2928,1.225000000000002
2929,1.5480000000000007
2930,1.4430000000000016
2931,1.7420000000000024
2932,1.2370000000000028
2933,1.4350000000000016
2934,1.2290000000000016
2935,1.4350000000000025
2936,1.4310000000000012
2937,1.5380000000000016
2938,1.4290000000000014
2939,0.9220000000000007
2940,1.5360000000000014
2941,1.7540000000000018
2942,1.128000000000002
2943,1.2350000000000012
2944,1.6490000000000022
2945,1.724000000000003
2946,1.8350000000000022
2947,1.5400000000000014
2948,2.0570000000000017
2949,1.5440000000000011
2950,1.8390000000000024
2951,1.3280000000000027
2952,0.9259999999999998
2953,1.6470000000000016
2954,1.6370000000000013
2955,1.6390000000000018
2956,1.7440000000000024
2957,1.859000000000001
2958,1.5340000000000023
2959,1.447000000000002
2960,1.4430000000000023
2961,1.8470000000000015
2962,1.1440000000000021
2963,1.5420000000000016
2964,1.2290000000000019
2965,0.9280000000000007
2966,1.3380000000000023
2967,1.332000000000002
2968,1.3360000000000014
2969,1.1380000000000008
2970,1.631000000000002
2971,1.6410000000000025
2972,1.6350000000000025
2973,1.2270000000000019
2974,1.6470000000000016
2975,1.2350000000000017
2976,1.7480000000000018
2977,1.2290000000000016
2978,1.7380000000000024
2979,1.0270000000000012
2980,1.7460000000000029
2981,1.3360000000000023
2982,1.835000000000002
2983,1.5460000000000007
2984,1.2370000000000005
2985,1.4470000000000014
2986,1.6610000000000016
2987,1.6490000000000011
2988,1.3460000000000023
2989,1.4370000000000018
2990,1.740000000000002
2991,1.3400000000000014
2992,1.3360000000000016
2993,1.7420000000000027
2994,1.7360000000000015
2995,1.425000000000003
2996,1.6410000000000016
2997,1.5420000000000016
2998,1.3400000000000016
2999,1.4370000000000014
3000,1.643000000000002
3001,1.9480000000000024
3002,1.3220000000000016
3003,1.5340000000000018
3004,1.4430000000000016
3005,1.3360000000000012
3006,1.3400000000000012
3007,1.6370000000000022
3008,1.7520000000000011
3009,1.744000000000001
3010,1.3340000000000023
3011,1.5440000000000014
3012,1.6470000000000016
3013,1.4290000000000014
3014,1.5440000000000014
3015,1.847000000000002
3016,1.439000000000001
3017,1.2310000000000028
3018,1.7380000000000018
3019,1.5500000000000014
3020,1.6470000000000025
3021,1.4370000000000016
3022,1.6330000000000027
3023,1.6430000000000027
3024,1.740000000000001
3025,1.344000000000001
3026,1.851000000000002
3027,1.6550000000000018
3028,0.9340000000000012
3029,1.4330000000000018
3030,1.6510000000000014
3031,1.5300000000000025
3032,1.748000000000002
3033,1.7560000000000022
3034,1.6370000000000018
3035,1.5300000000000018
3036,1.4390000000000023
3037,1.5460000000000014
3038,1.5420000000000018
3039,1.433000000000002
3040,1.6490000000000011
3041,1.5340000000000027
3042,1.5360000000000027
3043,1.7500000000000013
3044,1.534000000000002
3045,1.0210000000000021
3046,1.320000000000003
3047,1.4310000000000023
3048,1.5320000000000022
3049,1.7520000000000016
3050,1.7280000000000022
3051,1.1320000000000012
3052,1.3400000000000012
3053,1.3280000000000018
3054,1.5360000000000016
3055,1.7540000000000016
3056,1.6390000000000018
3057,1.6430000000000013
3058,1.7420000000000018
3059,1.9560000000000017
3060,1.4330000000000016
3061,1.5420000000000018
3062,1.6410000000000013
3063,1.9540000000000017
3064,1.5380000000000016
3065,1.2350000000000014
3066,1.5420000000000023
3067,1.1440000000000015
3068,1.6490000000000018
3069,1.528000000000002
3070,1.2350000000000017
3071,1.3300000000000027
3072,1.4330000000000016
3073,1.5420000000000016
3074,1.3340000000000014
3075,1.5520000000000007
3076,1.425000000000002
3077,1.9480000000000022
3078,1.536000000000002
3079,1.3360000000000014
3080,1.7500000000000018
3081,1.5380000000000011
3082,1.4470000000000007
3083,1.9560000000000008
3084,1.5440000000000014
3085,1.2370000000000014
3086,1.5380000000000018
3087,1.439000000000002
3088,1.5320000000000027
3089,1.4330000000000025
3090,1.7560000000000013
3091,1.7400000000000018
3092,1.5340000000000018
3093,1.1360000000000008
3094,1.4450000000000014
3095,1.4330000000000027
3096,1.4390000000000014
3097,1.2370000000000012
3098,1.5400000000000018
3099,1.6490000000000016
3100,1.5300000000000018
3101,1.649000000000002
3102,1.5440000000000014
3103,1.8450000000000017
3104,1.534000000000003
3105,1.7540000000000011
3106,1.4370000000000016
3107,1.3480000000000008
3108,1.540000000000002
3109,1.3480000000000012
3110,1.338000000000002
3111,1.5420000000000018
3112,1.6510000000000016
3113,1.2330000000000023
3114,1.4310000000000032
3115,1.538000000000002
3116,1.7300000000000018
3117,1.7460000000000016
3118,1.5300000000000018
3119,1.6390000000000016
3120,1.635000000000002
3121,1.4370000000000018
3122,1.7400000000000018
3123,1.633000000000002
3124,1.7360000000000013
3125,1.5620000000000007
3126,1.231000000000001
3127,1.635000000000001
3128,1.4390000000000018
3129,1.4290000000000018
3130,1.7440000000000018
3131,1.4370000000000027
3132,1.7440000000000029
3133,1.4410000000000018
3134,1.4330000000000016
3135,1.4390000000000023
3136,1.8430000000000024
3137,1.2190000000000005
3138,1.538000000000002
3139,1.5360000000000027
3140,1.6350000000000018
3141,1.849000000000002
3142,1.536000000000002
3143,1.7380000000000024
3144,1.4410000000000023
3145,1.3380000000000019
3146,1.5520000000000023
3147,1.746000000000002
3148,1.4310000000000018
3149,1.4390000000000014
3150,1.4390000000000023
3151,1.524000000000002
3152,1.6370000000000016
3153,1.435000000000002
3154,1.6330000000000024
3155,1.6290000000000016
3156,1.4430000000000018
3157,1.5400000000000011
3158,1.744000000000001
3159,1.330000000000002
3160,1.5420000000000027
3161,1.334000000000001
3162,1.4290000000000018
3163,1.3360000000000016
3164,1.5340000000000023
3165,1.6390000000000011
3166,1.324000000000002
3167,1.4330000000000027
3168,1.3240000000000012
3169,1.6330000000000024
3170,1.643000000000002
3171,1.552000000000001
3172,1.4330000000000012
3173,1.7280000000000026
3174,1.233000000000001
3175,1.6470000000000016
3176,1.342000000000002
3177,1.641000000000002
3178,1.5320000000000022
3179,1.538000000000002
3180,1.8550000000000018
3181,1.6410000000000011
3182,1.2330000000000008
3183,1.5360000000000023
3184,1.7380000000000027
3185,1.3420000000000016
3186,1.5460000000000023
3187,1.8410000000000017
3188,1.1280000000000014
3189,1.6370000000000033
3190,1.4250000000000023
3191,1.8350000000000022
3192,1.6370000000000016
3193,1.0230000000000015
3194,1.435000000000001
3195,1.5320000000000022
3196,1.2330000000000017
3197,2.059000000000002
3198,1.6430000000000016
3199,1.6390000000000018
3200,1.5440000000000011
3201,1.4510000000000012
3202,1.4390000000000018
3203,1.3420000000000016
3204,1.340000000000002
3205,1.5380000000000016
3206,1.758000000000002
3207,1.4370000000000025
3208,1.8590000000000009
3209,1.1240000000000017
3210,1.5400000000000025
3211,1.4270000000000034
3212,1.5400000000000023
3213,1.746000000000002
3214,1.6490000000000018
3215,1.5460000000000007
3216,1.633000000000001
3217,1.859000000000001
3218,1.4430000000000016
3219,1.8510000000000018
3220,1.756000000000002
3221,1.7280000000000022
3222,1.3420000000000016
3223,1.021000000000002
3224,1.5640000000000012
3225,1.7460000000000016
3226,1.6410000000000022
3227,1.7420000000000018
3228,1.538000000000002
3229,2.0530000000000013
3230,1.247000000000002
3231,1.037000000000001
3232,1.6430000000000016
3233,1.6370000000000025
3234,2.0490000000000026
3235,1.6410000000000027
3236,1.5360000000000014
3237,1.8410000000000024
3238,1.3400000000000016
3239,1.643000000000001
3240,1.4390000000000014
3241,1.5420000000000023
3242,1.5380000000000018
3243,1.3340000000000014
3244,1.631000000000002
3245,1.6410000000000016
3246,1.8450000000000022
3247,1.748000000000002
3248,1.5340000000000011
3249,1.7400000000000013
3250,1.5320000000000027
3251,1.229000000000001
3252,1.2310000000000025
3253,1.324000000000003
3254,1.734000000000001
3255,1.3340000000000012
3256,1.4470000000000018
3257,1.2290000000000019
3258,1.758000000000001
3259,1.0330000000000006
3260,1.8490000000000015
3261,1.6310000000000024
3262,1.2350000000000025
3263,1.829000000000002
3264,1.6430000000000013
3265,1.6370000000000013
3266,1.3460000000000003
3267,1.5480000000000018
3268,1.6370000000000025
3269,1.5400000000000018
3270,1.435000000000002
3271,1.1320000000000006
3272,1.8370000000000024
3273,1.641000000000002
3274,1.633000000000002
3275,1.4290000000000027
3276,1.4290000000000018
3277,1.6350000000000025
3278,1.6310000000000024
3279,1.2370000000000012
3280,1.3400000000000016
3281,1.528000000000003
3282,1.6370000000000016
3283,1.5440000000000018
3284,1.6450000000000022
3285,1.3360000000000019
3286,1.4270000000000016
3287,1.4510000000000016
3288,1.760000000000002
3289,1.8570000000000013
3290,1.536000000000002
3291,1.5200000000000025
3292,1.9540000000000015
3293,1.7719999999999998
3294,1.837000000000002
3295,1.635000000000002
3296,1.8450000000000017
3297,1.5280000000000027
3298,1.5320000000000018
3299,1.4510000000000016
3300,1.437000000000002
3301,1.6390000000000022
3302,1.4290000000000027
3303,1.8530000000000022
3304,1.5340000000000018
3305,1.4290000000000018
3306,1.233000000000001
3307,1.5360000000000023
3308,1.5380000000000025
3309,1.6370000000000016
3310,1.3220000000000016
3311,1.6390000000000022
3312,2.1440000000000015
3313,1.5440000000000003
3314,1.3320000000000018
3315,1.5440000000000018
3316,1.8470000000000024
3317,1.5320000000000025
3318,1.4250000000000023
3319,1.6410000000000022
3320,1.950000000000002
3321,1.5300000000000018
3322,1.6390000000000016
3323,1.5460000000000025
3324,1.126000000000002
3325,1.6430000000000013
3326,1.429000000000002
3327,1.4330000000000018
3328,1.5520000000000016
3329,1.7520000000000022
3330,1.633000000000002
3331,1.4410000000000018
3332,1.5360000000000007
3333,1.540000000000002
3334,1.7460000000000016
3335,1.8590000000000007
3336,1.6370000000000022
3337,2.0310000000000024
3338,1.3440000000000014
3339,0.926000000000001
3340,1.9500000000000022
3341,1.7400000000000013
3342,1.2350000000000019
3343,1.5320000000000018
3344,1.5400000000000018
3345,1.5420000000000016
3346,1.5420000000000018
3347,1.4310000000000018
3348,1.6510000000000014
3349,1.6470000000000018
3350,1.443000000000001
3351,1.7500000000000022
3352,2.1460000000000017
3353,1.538000000000002
3354,1.5480000000000018
3355,1.124000000000002
3356,1.6510000000000011
3357,1.3300000000000025
3358,1.5380000000000016
3359,1.7400000000000022
3360,1.6490000000000016
3361,1.3300000000000014
3362,1.950000000000002
3363,1.4390000000000018
3364,1.2310000000000016
3365,1.2330000000000032
3366,1.8410000000000029
3367,1.6450000000000014
3368,1.6370000000000018
3369,1.5440000000000018
3370,1.4310000000000025
3371,1.138000000000001
3372,1.9540000000000017
3373,1.2350000000000012
3374,1.5400000000000011
3375,1.546000000000002
3376,1.5440000000000023
3377,1.7420000000000027
3378,1.657000000000001
3379,1.7400000000000018
3380,1.4370000000000025
3381,1.229000000000002
3382,1.4350000000000016
3383,1.1300000000000017
3384,1.2310000000000016
3385,1.330000000000001
3386,1.4310000000000018
3387,1.5360000000000016
3388,1.6230000000000029
3389,1.433000000000002
3390,1.550000000000002
3391,1.437000000000002
3392,1.6430000000000018
3393,1.4330000000000018
3394,1.2430000000000005
3395,1.6330000000000013
3396,2.0470000000000024
3397,1.4430000000000018
3398,1.3340000000000014
3399,1.4390000000000012
3400,1.5400000000000011
3401,1.235000000000002
3402,1.8450000000000017
3403,1.5320000000000014
3404,1.3300000000000023
3405,1.8430000000000024
3406,1.4350000000000014
3407,1.5460000000000007
3408,1.433000000000002
3409,1.4490000000000014
3410,1.7340000000000024
3411,1.3360000000000012
3412,1.6310000000000022
3413,1.1320000000000012
3414,1.4390000000000027
3415,1.6530000000000018
3416,1.9540000000000017
3417,1.649000000000001
3418,1.7360000000000022
3419,1.4430000000000012
3420,1.6470000000000022
3421,1.6310000000000024
3422,1.4390000000000018
3423,1.3300000000000012
3424,1.3280000000000023
3425,1.7440000000000015
3426,1.5360000000000014
3427,1.6550000000000018
3428,1.7580000000000013
3429,1.3380000000000003
3430,1.3400000000000012
3431,1.3500000000000014
3432,1.5360000000000025
3433,1.746000000000002
3434,1.5340000000000018
3435,1.6550000000000011
3436,1.2310000000000028
3437,1.3340000000000019
3438,1.3440000000000012
3439,1.6570000000000007
3440,1.5380000000000025
3441,1.6370000000000022
3442,1.6390000000000018
3443,1.6470000000000022
3444,1.6370000000000027
3445,1.633000000000003
3446,1.5540000000000012
3447,1.6350000000000022
3448,1.5360000000000023
3449,1.5400000000000014
3450,1.1360000000000026
3451,1.7360000000000022
3452,1.8530000000000018
3453,1.3360000000000023
3454,1.7360000000000029
3455,1.330000000000001
3456,1.546000000000002
3457,1.5420000000000016
3458,1.841000000000002
3459,1.7380000000000022
3460,1.6410000000000013
3461,1.5340000000000023
3462,1.4390000000000014
3463,1.9560000000000017
3464,1.7480000000000013
3465,1.344000000000002
3466,1.8430000000000017
3467,1.338000000000001
3468,1.5360000000000016
3469,2.0470000000000024
3470,1.639000000000002
3471,1.7480000000000018
3472,1.2350000000000017
3473,1.7400000000000022
3474,1.5380000000000016
3475,1.5300000000000022
3476,1.847000000000001
3477,1.1180000000000014
3478,1.5300000000000022
3479,1.7380000000000018
3480,1.443000000000002
3481,1.3380000000000012
3482,1.5420000000000016
3483,1.2350000000000014
3484,1.7480000000000013
3485,1.7420000000000015
3486,1.1300000000000012
3487,1.8370000000000022
3488,1.5460000000000023
3489,1.7480000000000016
3490,1.8430000000000015
3491,1.956000000000002
3492,1.5360000000000023
3493,1.4550000000000005
3494,1.6410000000000013
3495,1.5300000000000018
3496,1.3280000000000018
3497,1.9480000000000015
3498,1.5360000000000016
3499,1.639000000000002
3500,1.538000000000002
3501,1.6410000000000022
3502,1.6410000000000011
3503,2.3580000000000014
3504,1.544000000000002
3505,1.4430000000000018
3506,1.7480000000000016
3507,1.8510000000000013
3508,1.6430000000000013
3509,1.6470000000000018
3510,1.5360000000000023
3511,1.5420000000000003
3512,1.7420000000000022
3513,1.2370000000000019
3514,1.4370000000000014
3515,1.4370000000000018
3516,1.6350000000000031
3517,1.7460000000000016
3518,1.3400000000000014
3519,1.9420000000000013
3520,1.9460000000000022
3521,1.6550000000000018
3522,1.6410000000000025
3523,1.2330000000000019
3524,2.5480000000000023
3525,1.4410000000000016
3526,1.6550000000000011
3527,1.4410000000000027
3528,1.4350000000000014
3529,1.3280000000000016
3530,1.5400000000000014
3531,1.6370000000000018
3532,1.2290000000000014
3533,1.6470000000000014
3534,1.6550000000000018
3535,1.5360000000000016
3536,1.8390000000000017
3537,1.7400000000000018
3538,1.342000000000001
3539,1.631000000000002
3540,1.2250000000000014
3541,1.5460000000000012
3542,1.841000000000002
3543,1.2230000000000032
3544,1.4410000000000005
3545,1.7380000000000027
3546,1.9500000000000022
3547,1.8590000000000015
3548,1.635000000000003
3549,1.7460000000000016
3550,1.6330000000000016
3551,1.6350000000000013
3552,1.0389999999999997
3553,1.526000000000002
3554,1.132000000000001
3555,1.5460000000000016
3556,1.8470000000000022
3557,1.1260000000000019
3558,1.1300000000000023
3559,1.5460000000000014
3560,1.5420000000000018
3561,1.435000000000002
3562,1.3420000000000014
3563,1.7520000000000013
3564,1.4370000000000018
3565,1.4410000000000018
3566,1.631000000000003
3567,1.2310000000000016
3568,1.5280000000000018
3569,1.9620000000000013
3570,1.950000000000001
3571,1.6330000000000018
3572,1.6530000000000016
3573,1.447000000000001
3574,1.7540000000000018
3575,1.9420000000000015
3576,1.3280000000000016
3577,1.639000000000002
3578,1.4310000000000018
3579,1.338000000000002
3580,1.758000000000002
3581,1.7480000000000027
3582,1.7420000000000007
3583,1.4470000000000014
3584,1.4430000000000018
3585,1.849000000000001
3586,1.021000000000002
3587,1.340000000000002
3588,1.645000000000002
3589,1.8450000000000006
3590,1.8470000000000015
3591,1.5280000000000014
3592,1.740000000000002
3593,1.6350000000000025
3594,1.631000000000002
3595,1.3340000000000023
3596,1.6410000000000027
3597,1.6550000000000018
3598,1.4390000000000014
3599,1.639000000000002
3600,1.8450000000000022
3601,1.5460000000000016
3602,1.7440000000000015
3603,1.8550000000000009
3604,1.6390000000000018
3605,1.534000000000002
3606,1.3400000000000023
3607,1.8410000000000022
3608,1.4330000000000018
3609,1.6330000000000016
3610,1.7420000000000015
3611,1.6430000000000018
3612,1.0430000000000015
3613,1.7340000000000024
3614,1.7460000000000016
3615,1.7440000000000018
3616,1.5400000000000011
3617,1.3360000000000023
3618,1.429000000000002
3619,1.9320000000000028
3620,1.3300000000000014
3621,1.423000000000002
3622,2.0550000000000015
3623,1.6410000000000027
3624,1.4310000000000018
3625,1.540000000000002
3626,1.7380000000000022
3627,1.437000000000002
3628,1.5440000000000011
3629,1.5400000000000025
3630,1.9560000000000013
3631,1.342000000000001
3632,1.9540000000000013
3633,2.0570000000000017
3634,1.5440000000000007
3635,1.645000000000002
3636,1.6410000000000022
3637,1.6270000000000027
3638,1.332000000000002
3639,1.6370000000000016
3640,1.5320000000000016
3641,1.746000000000002
3642,1.7420000000000018
3643,1.744000000000001
3644,1.540000000000002
3645,1.5340000000000023
3646,1.3340000000000014
3647,1.645000000000002
3648,1.338000000000001
3649,1.8450000000000022
3650,1.6430000000000016
3651,1.2350000000000012
3652,1.3340000000000003
3653,1.4350000000000025
3654,1.8330000000000026
3655,1.6470000000000014
3656,1.7500000000000013
3657,1.5500000000000012
3658,1.4470000000000014
3659,1.7360000000000022
3660,1.5380000000000018
3661,1.4410000000000025
3662,1.3420000000000025
3663,1.4390000000000014
3664,1.641000000000002
3665,1.5440000000000018
3666,1.1460000000000017
3667,1.2350000000000012
3668,1.435000000000002
3669,1.3320000000000018
3670,1.9420000000000015
3671,1.3380000000000012
3672,1.6330000000000024
3673,1.7480000000000016
3674,1.526000000000002
3675,1.4370000000000014
3676,1.643000000000002
3677,1.9440000000000026
3678,1.6410000000000016
3679,1.6370000000000022
3680,1.3260000000000018
3681,1.2370000000000017
3682,1.2330000000000023
3683,1.8590000000000015
3684,1.631000000000003
3685,1.4210000000000027
3686,1.6450000000000014
3687,1.754000000000002
3688,1.6330000000000018
3689,1.6330000000000024
3690,1.4330000000000016
3691,1.5360000000000016
3692,1.6530000000000016
3693,1.437000000000002
3694,1.956000000000001
3695,1.1220000000000017
3696,1.8430000000000017
3697,1.6410000000000016
3698,1.4290000000000014
3699,1.5360000000000016
3700,1.6450000000000022
3701,1.3360000000000012
3702,1.3420000000000007
3703,1.5320000000000018
3704,1.544000000000002
3705,1.7520000000000016
3706,1.641000000000002
3707,1.7500000000000018
3708,1.956000000000002
3709,1.3460000000000016
3710,1.6370000000000022
3711,1.4370000000000018
3712,1.6470000000000014
3713,1.1160000000000019
3714,1.0250000000000017
3715,1.946000000000002
3716,1.7420000000000022
3717,1.8390000000000013
3718,1.4570000000000014
3719,1.954000000000002
3720,1.4390000000000014
3721,1.8530000000000015
3722,1.956000000000002
3723,1.8370000000000024
3724,1.5400000000000023
3725,1.449000000000002
3726,1.645000000000001
3727,1.4410000000000018
3728,1.5380000000000018
3729,1.5300000000000011
3730,1.7540000000000018
3731,1.9400000000000022
3732,1.9480000000000024
3733,1.6430000000000018
3734,1.2230000000000012
3735,1.5360000000000014
3736,1.548000000000001
3737,1.7320000000000015
3738,1.861000000000001
3739,1.839000000000002
3740,1.4430000000000012
3741,1.8410000000000022
3742,1.5400000000000023
3743,1.7500000000000013
3744,1.550000000000002
3745,1.8410000000000013
3746,1.5500000000000014
3747,1.5380000000000025
3748,2.0710000000000006
3749,1.6450000000000022
3750,1.4470000000000014
3751,1.5280000000000025
3752,1.859000000000001
3753,1.7340000000000024
3754,1.534000000000002
3755,1.6510000000000025
3756,1.7500000000000013
3757,1.744000000000001
3758,1.9540000000000013
3759,1.7540000000000011
3760,1.6370000000000027
3761,1.7520000000000013
3762,1.734000000000002
3763,1.8510000000000018
3764,1.5340000000000018
3765,1.3440000000000012
3766,1.8430000000000022
3767,2.053000000000002
3768,2.0470000000000024
3769,1.2270000000000016
3770,1.5360000000000023
3771,1.746000000000002
3772,1.437000000000002
3773,1.4310000000000018
3774,1.6430000000000018
3775,1.542000000000001
3776,2.152000000000002
3777,1.649000000000002
3778,1.734000000000001
3779,1.4270000000000018
3780,2.039000000000003
3781,1.5280000000000027
3782,1.6410000000000016
3783,2.146000000000002
3784,1.7440000000000018
3785,1.643000000000001
3786,1.8470000000000015
3787,1.845000000000002
3788,2.0490000000000017
3789,1.2350000000000012
3790,1.4390000000000027
3791,1.7340000000000024
3792,1.5400000000000014
3793,1.4270000000000018
3794,1.534000000000002
3795,1.7560000000000011
3796,1.445000000000001
3797,1.6530000000000018
3798,1.5420000000000025
3799,1.736000000000002
3800,1.435000000000001
3801,1.635000000000003
3802,2.053000000000002
3803,1.5320000000000018
3804,1.847000000000002
3805,1.6330000000000027
3806,1.4470000000000014
3807,1.025000000000002
3808,1.750000000000001
3809,2.158000000000001
3810,1.744000000000001
3811,1.7380000000000027
3812,1.5420000000000014
3813,1.7380000000000022
3814,1.4270000000000018
3815,1.425000000000002
3816,1.7500000000000007
3817,1.649000000000001
3818,1.536000000000002
3819,1.3460000000000016
3820,1.5360000000000016
3821,1.8550000000000018
3822,1.9660000000000009
3823,1.8470000000000006
3824,1.443000000000002
3825,1.946000000000001
3826,1.6570000000000014
3827,1.5320000000000022
3828,1.5360000000000014
3829,1.5320000000000007
3830,1.6570000000000016
3831,1.5400000000000018
3832,1.966000000000001
3833,1.4270000000000023
3834,1.7480000000000016
3835,1.425000000000002
3836,1.7380000000000022
3837,1.7520000000000016
3838,1.8510000000000018
3839,1.744000000000002
3840,1.534000000000002
3841,1.645000000000002
3842,1.7580000000000016
3843,1.645000000000002
3844,1.433000000000001
3845,1.5340000000000023
3846,1.7440000000000018
3847,1.845000000000002
3848,1.0290000000000012
3849,1.8390000000000024
3850,1.8430000000000022
3851,1.225000000000002
3852,1.534000000000002
3853,1.534000000000002
3854,1.851000000000001
3855,1.6410000000000013
3856,1.6450000000000022
3857,1.6410000000000022
3858,1.8530000000000015
3859,1.6410000000000013
3860,1.6550000000000018
3861,1.346000000000001
3862,1.835000000000002
3863,1.8350000000000017
3864,1.8390000000000024
3865,1.8510000000000022
3866,1.740000000000002
3867,1.7440000000000018
3868,1.8470000000000015
3869,1.641000000000002
3870,1.8470000000000015
3871,1.8510000000000013
3872,1.6410000000000016
3873,1.643000000000001
3874,1.5380000000000025
3875,1.736000000000002
3876,1.3320000000000016
3877,2.0510000000000024
3878,1.6610000000000014
3879,1.5360000000000023
3880,1.7440000000000018
3881,1.5340000000000016
3882,1.7400000000000018
3883,2.138000000000002
3884,1.6370000000000022
3885,1.5500000000000014
3886,1.6410000000000013
3887,1.4410000000000016
3888,1.3280000000000023
3889,1.6410000000000022
3890,1.7520000000000007
3891,2.0510000000000024
3892,1.645000000000002
3893,1.334000000000002
3894,1.8470000000000013
3895,1.4490000000000012
3896,1.5220000000000025
3897,1.7540000000000011
3898,1.9440000000000017
3899,1.6390000000000018
3900,2.0510000000000015
3901,1.429000000000003
3902,1.645000000000002
3903,1.7460000000000013
3904,1.3380000000000012
3905,1.2270000000000019
3906,1.748000000000002
3907,1.8450000000000017
3908,1.7420000000000024
3909,1.7460000000000016
3910,1.6390000000000016
3911,1.6470000000000014
3912,1.4510000000000005
3913,1.5400000000000018
3914,1.530000000000002
3915,1.7480000000000018
3916,1.5340000000000018
3917,1.7300000000000022
3918,1.639000000000002
3919,1.7480000000000018
3920,1.5500000000000012
3921,1.9520000000000022
3922,1.7460000000000024
3923,1.750000000000001
3924,1.6410000000000016
3925,1.544000000000002
3926,1.443000000000001
3927,1.6470000000000018
3928,1.754000000000001
3929,1.845000000000002
3930,1.8470000000000015
3931,1.7500000000000013
3932,1.6390000000000022
3933,1.4330000000000025
3934,1.6430000000000025
3935,1.7520000000000022
3936,1.6470000000000014
3937,1.5380000000000027
3938,1.340000000000002
3939,1.344000000000001
3940,1.8490000000000024
3941,1.847000000000002
3942,1.9440000000000026
3943,1.2230000000000019
3944,1.9380000000000017
3945,1.5380000000000011
3946,1.4310000000000023
3947,1.6410000000000016
3948,1.8430000000000017
3949,1.7580000000000007
3950,1.1400000000000012
3951,1.7560000000000013
3952,1.334000000000001
3953,1.3400000000000007
3954,1.4350000000000016
3955,1.857000000000002
3956,1.5440000000000014
3957,1.7580000000000013
3958,1.7400000000000022
3959,1.5420000000000014
3960,1.9420000000000024
3961,1.8350000000000022
3962,1.645000000000002
3963,1.9440000000000017
3964,1.2270000000000012
3965,1.7360000000000015
3966,1.5520000000000016
3967,2.3660000000000014
3968,1.7500000000000018
3969,1.8590000000000015
3970,1.9460000000000028
3971,1.750000000000001
3972,1.5440000000000018
3973,1.3260000000000016
3974,1.8430000000000015
3975,1.639000000000002
3976,1.540000000000003
3977,1.558000000000001
3978,1.530000000000002
3979,1.8550000000000022
3980,1.8410000000000017
3981,1.6450000000000018
3982,1.2470000000000012
3983,1.447000000000002
3984,1.7440000000000015
3985,1.429000000000002
3986,1.5360000000000025
3987,1.4330000000000025
3988,2.051000000000002
3989,1.5400000000000023
3990,1.7420000000000018
3991,2.055000000000002
3992,1.9420000000000022
3993,1.8330000000000017
3994,1.633000000000001
3995,1.5540000000000018
3996,1.2330000000000012
3997,1.6450000000000014
3998,1.6430000000000025
3999,1.7560000000000013
4000,1.7420000000000024
4001,1.6470000000000018
4002,1.9540000000000015
4003,1.6470000000000018
4004,1.4370000000000025
4005,1.8530000000000022
4006,1.5300000000000025
4007,1.6370000000000025
4008,1.4470000000000016
4009,1.8550000000000018
4010,1.4350000000000016
4011,1.847000000000002
4012,1.5520000000000014
4013,1.740000000000002
4014,1.845000000000002
4015,1.8570000000000015
4016,1.2230000000000008
4017,1.6470000000000016
4018,1.437000000000002
4019,1.7380000000000015
4020,1.6410000000000022
4021,1.4310000000000012
4022,1.8510000000000013
4023,1.7540000000000018
4024,1.5400000000000023
4025,1.5440000000000011
4026,1.8430000000000026
4027,1.5480000000000027
4028,1.8410000000000022
4029,1.3320000000000016
4030,1.6430000000000013
4031,1.4410000000000014
4032,1.142000000000001
4033,1.4410000000000005
4034,1.7520000000000013
4035,1.6470000000000018
4036,1.7540000000000011
4037,1.4310000000000016
4038,1.5360000000000023
4039,1.7480000000000016
4040,1.7500000000000022
4041,1.7420000000000015
4042,1.7400000000000018
4043,1.6470000000000022
4044,1.4390000000000023
4045,1.643000000000002
4046,1.7440000000000029
4047,1.5380000000000018
4048,1.6410000000000016
4049,1.4390000000000018
4050,1.5380000000000016
4051,1.641000000000002
4052,1.2330000000000019
4053,1.9540000000000024
4054,1.342000000000001
4055,1.4410000000000014
4056,1.5440000000000014
4057,1.9380000000000026
4058,1.7480000000000018
4059,2.0470000000000015
4060,1.7480000000000024
4061,1.7540000000000011
4062,1.6430000000000013
4063,1.6370000000000018
4064,1.4390000000000012
4065,2.0530000000000013
4066,1.7440000000000018
4067,1.6330000000000024
4068,1.639000000000002
4069,1.7340000000000015
4070,1.4430000000000016
4071,1.5260000000000022
4072,1.2430000000000012
4073,1.6430000000000018
4074,1.5560000000000014
4075,1.443000000000001
4076,1.9460000000000022
4077,1.4410000000000005
4078,1.5440000000000018
4079,1.8470000000000015
4080,1.5400000000000014
4081,1.4310000000000032
4082,1.5460000000000016
4083,1.334000000000002
4084,1.433000000000002
4085,2.168000000000001
4086,1.7360000000000022
4087,1.8450000000000015
4088,1.6350000000000013
4089,1.8390000000000017
4090,1.4490000000000023
4091,1.4310000000000018
4092,1.538000000000002
4093,1.6350000000000022
4094,1.8470000000000024
4095,1.7400000000000027
4096,1.6430000000000013
4097,1.435000000000002
4098,1.4310000000000016
4099,1.546000000000002
4100,2.063000000000001
4101,1.5480000000000016
4102,2.152000000000002
4103,1.6350000000000011
4104,1.8370000000000026
4105,1.845000000000002
4106,1.7440000000000015
4107,1.6410000000000022
4108,1.544000000000002
4109,1.437000000000002
4110,1.7400000000000018
4111,2.2390000000000025
4112,1.744000000000001
4113,1.7420000000000018
4114,1.5260000000000022
4115,1.4430000000000016
4116,1.6430000000000016
4117,1.635000000000002
4118,1.845000000000002
4119,1.332000000000002
4120,1.7520000000000016
4121,1.536000000000002
4122,1.6430000000000016
4123,1.5340000000000023
4124,1.8390000000000017
4125,1.6370000000000022
4126,1.3240000000000025
4127,1.6410000000000016
4128,1.5320000000000022
4129,1.7300000000000022
4130,1.7340000000000024
4131,1.5340000000000018
4132,1.5380000000000018
4133,1.5380000000000018
4134,1.4510000000000007
4135,1.433000000000002
4136,1.7400000000000022
4137,1.2470000000000008
4138,1.8390000000000017
4139,1.9540000000000013
4140,1.7480000000000013
4141,1.540000000000002
4142,1.9560000000000017
4143,1.538000000000002
4144,1.4270000000000023
4145,1.7520000000000016
4146,1.7440000000000018
4147,1.633000000000002
4148,1.6370000000000018
4149,2.1440000000000023
4150,1.746000000000002
4151,1.7420000000000015
4152,1.5440000000000018
4153,1.6530000000000014
4154,1.5400000000000018
4155,1.1240000000000017
4156,2.0470000000000015
4157,1.7420000000000024
4158,1.6430000000000018
4159,1.3440000000000012
4160,2.0550000000000015
4161,1.7420000000000022
4162,1.5320000000000022
4163,1.4270000000000018
4164,1.5420000000000023
4165,1.6430000000000018
4166,1.6410000000000013
4167,1.736000000000002
4168,1.3440000000000012
4169,1.8470000000000022
4170,1.5320000000000016
4171,1.2370000000000017
4172,1.540000000000002
4173,1.7540000000000011
4174,1.7360000000000022
4175,1.8430000000000024
4176,1.534000000000002
4177,1.8430000000000022
4178,2.0530000000000013
4179,1.9480000000000017
4180,1.9540000000000017
4181,1.6370000000000022
4182,2.0490000000000017
4183,1.6390000000000016
4184,1.4430000000000018
4185,1.5480000000000018
4186,1.756000000000002
4187,1.7400000000000018
4188,1.633000000000001
4189,1.6410000000000016
4190,1.4430000000000007
4191,1.3440000000000014
4192,1.3260000000000012
4193,2.0530000000000017
4194,1.5320000000000018
4195,1.7460000000000022
4196,1.3380000000000016
4197,1.7600000000000013
4198,1.5420000000000018
4199,1.736000000000002
4200,1.8430000000000015
4201,1.5320000000000022
4202,1.6370000000000025
4203,1.8470000000000013
4204,1.5380000000000025
4205,1.849000000000002
4206,1.643000000000002
4207,1.750000000000002
4208,1.7520000000000016
4209,1.7360000000000024
4210,1.734000000000002
4211,1.946000000000002
4212,1.8430000000000022
4213,1.9380000000000017
4214,1.6330000000000013
4215,1.7460000000000016
4216,1.6410000000000013
4217,1.7380000000000018
4218,1.7360000000000015
4219,1.740000000000002
4220,1.7460000000000022
4221,1.4370000000000014
4222,1.7420000000000015
4223,1.7360000000000024
4224,1.4410000000000016
4225,1.5380000000000027
4226,1.4490000000000014
4227,1.641000000000002
4228,1.4350000000000014
4229,1.758000000000001
4230,1.5380000000000016
4231,1.645000000000002
4232,1.944000000000002
4233,1.6430000000000018
4234,1.5300000000000025
4235,1.6250000000000022
4236,1.7500000000000018
4237,1.5420000000000014
4238,1.7360000000000024
4239,1.8330000000000022
4240,1.839000000000002
4241,1.4450000000000012
4242,1.6490000000000011
4243,1.5380000000000025
4244,1.9380000000000022
4245,1.8410000000000029
4246,1.9480000000000022
4247,1.9440000000000015
4248,1.8390000000000029
4249,1.548000000000002
4250,1.6450000000000011
4251,2.0650000000000013
4252,1.7380000000000024
4253,1.435000000000002
4254,1.8430000000000017
4255,1.5480000000000012
4256,1.9480000000000022
4257,1.437000000000001
4258,2.140000000000002
4259,1.3360000000000014
4260,1.429000000000002
4261,1.944000000000002
4262,1.8430000000000024
4263,1.6470000000000018
4264,2.059000000000002
4265,1.9480000000000022
4266,1.6450000000000018
4267,1.538000000000001
4268,1.6470000000000022
4269,1.7460000000000022
4270,1.3200000000000025
4271,2.0330000000000026
4272,1.748000000000002
4273,1.740000000000002
4274,1.736000000000002
4275,1.9480000000000022
4276,1.655000000000002
4277,1.7380000000000022
4278,1.8530000000000022
4279,1.8570000000000015
4280,1.740000000000001
4281,1.7380000000000022
4282,1.4450000000000016
4283,1.7440000000000018
4284,1.635000000000002
4285,1.536000000000002
4286,1.128000000000002
4287,2.0610000000000017
4288,1.841000000000002
4289,1.7500000000000018
4290,1.4450000000000005
4291,1.635000000000002
4292,1.536000000000002
4293,1.7360000000000015
4294,1.9480000000000022
4295,1.6390000000000018
4296,1.334000000000002
4297,1.764000000000001
4298,1.6510000000000014
4299,1.8510000000000022
4300,1.740000000000002
4301,1.4330000000000012
4302,1.7380000000000015
4303,1.8530000000000015
4304,1.7440000000000015
4305,1.4370000000000018
4306,1.845000000000002
4307,2.049000000000002
4308,1.8330000000000022
4309,1.8490000000000009
4310,2.265000000000002
4311,1.7340000000000018
4312,1.7540000000000011
4313,1.7600000000000011
4314,1.851000000000002
4315,1.8370000000000022
4316,1.861000000000001
4317,1.6390000000000011
4318,1.641000000000002
4319,1.7460000000000024
4320,1.8510000000000022
4321,1.3240000000000023
4322,1.7460000000000013
4323,1.8590000000000018
4324,2.148000000000002
4325,1.443000000000003
4326,1.8410000000000024
4327,1.5300000000000022
4328,1.5500000000000005
4329,1.6430000000000018
4330,1.645000000000002
4331,2.0550000000000015
4332,1.7400000000000029
4333,1.7300000000000022
4334,1.5440000000000023
4335,1.4390000000000012
4336,1.4350000000000023
4337,1.429000000000002
4338,1.6470000000000018
4339,1.4430000000000027
4340,1.9400000000000026
4341,1.841000000000002
4342,1.6530000000000016
4343,1.645000000000002
4344,1.847000000000002
4345,1.538000000000002
4346,1.9420000000000015
4347,1.1320000000000012
4348,1.7500000000000018
4349,1.7540000000000018
4350,1.7420000000000022
4351,1.9460000000000013
4352,1.9440000000000015
4353,1.5480000000000012
4354,1.7360000000000015
4355,1.9460000000000017
4356,1.3440000000000012
4357,1.9440000000000017
4358,1.7460000000000016
4359,1.8590000000000015
4360,1.8410000000000013
4361,1.744000000000002
4362,1.540000000000001
4363,1.8430000000000024
4364,1.7420000000000018
4365,1.655000000000001
4366,1.9500000000000026
4367,1.6330000000000016
4368,1.9620000000000015
4369,1.9560000000000008
4370,1.7420000000000022
4371,1.7480000000000018
4372,1.8430000000000022
4373,1.5340000000000018
4374,1.8510000000000022
4375,1.5400000000000018
4376,1.740000000000001
4377,1.8450000000000022
4378,1.643000000000002
4379,1.7500000000000018
4380,1.645000000000002
4381,1.5440000000000023
4382,1.3320000000000016
4383,1.946000000000002
4384,1.7440000000000018
4385,1.7500000000000018
4386,1.740000000000002
4387,1.629000000000003
4388,1.845000000000002
4389,1.5340000000000023
4390,1.7420000000000015
4391,1.4330000000000016
4392,2.0570000000000017
4393,1.940000000000002
4394,1.9520000000000015
4395,1.841000000000002
4396,1.530000000000002
4397,1.7360000000000024
4398,1.7320000000000026
4399,1.756000000000002
4400,1.6410000000000011
4401,1.5440000000000023
4402,1.4310000000000025
4403,2.041000000000002
4404,1.4430000000000018
4405,1.4270000000000014
4406,1.847000000000002
4407,1.4250000000000016
4408,1.6350000000000013
4409,1.754000000000001
4410,1.7460000000000013
4411,1.9560000000000017
4412,1.4430000000000018
4413,1.6470000000000014
4414,1.6410000000000013
4415,1.7420000000000018
4416,1.3400000000000012
4417,1.5500000000000012
4418,1.835000000000002
4419,1.5440000000000014
4420,1.4450000000000016
4421,1.6370000000000018
4422,1.7420000000000018
4423,1.5420000000000025
4424,1.5340000000000023
4425,1.6350000000000022
4426,1.5360000000000014
4427,1.9440000000000017
4428,1.8410000000000022
4429,1.4290000000000018
4430,1.7380000000000013
4431,1.7380000000000024
4432,1.5280000000000027
4433,1.5260000000000027
4434,1.6230000000000024
4435,1.7520000000000013
4436,1.5420000000000016
4437,1.9380000000000022
4438,1.8430000000000017
4439,1.744000000000002
4440,1.6450000000000011
4441,2.2470000000000017
4442,1.7400000000000022
4443,1.8390000000000017
4444,2.0410000000000026
4445,1.954000000000002
4446,1.7420000000000022
4447,1.5440000000000018
4448,1.7360000000000022
4449,1.8570000000000013
4450,1.2190000000000014
4451,1.538000000000002
4452,1.760000000000002
4453,1.6430000000000018
4454,1.3380000000000023
4455,1.7480000000000018
4456,1.3420000000000019
4457,2.0410000000000026
4458,1.9580000000000013
4459,1.6450000000000018
4460,1.4490000000000014
4461,1.6370000000000022
4462,1.6370000000000016
4463,1.6630000000000011
4464,2.3620000000000014
4465,1.3440000000000012
4466,1.9480000000000017
4467,1.6410000000000016
4468,1.855000000000001
4469,1.8350000000000026
4470,1.6430000000000016
4471,1.641000000000002
4472,1.744000000000001
4473,1.344000000000001
4474,1.4350000000000023
4475,1.5440000000000014
4476,1.6470000000000016
4477,1.9380000000000013
4478,1.429000000000002
4479,1.540000000000002
4480,1.5320000000000018
4481,1.7380000000000015
4482,1.845000000000002
4483,1.845000000000001
4484,1.6430000000000013
4485,1.6290000000000022
4486,1.4510000000000016
4487,2.039000000000002
4488,1.538000000000001
4489,1.3520000000000016
4490,1.4370000000000016
4491,1.6470000000000022
4492,2.1600000000000015
4493,1.7380000000000022
4494,1.8430000000000017
4495,1.837000000000002
4496,1.4450000000000016
4497,1.8410000000000024
4498,1.9660000000000013
4499,1.3400000000000016
4500,1.7460000000000016
4501,1.837000000000002
4502,1.2310000000000014
4503,1.6570000000000014
4504,1.740000000000002
4505,2.148000000000003
4506,1.4370000000000014
4507,1.851000000000002
4508,1.8370000000000024
4509,1.5320000000000016
4510,1.4410000000000014
4511,1.730000000000002
4512,1.8390000000000017
4513,1.7560000000000013
4514,1.9380000000000026
4515,1.443000000000002
4516,1.940000000000002
4517,1.433000000000002
4518,1.950000000000002
4519,1.4350000000000016
4520,1.328000000000001
4521,1.7600000000000007
4522,1.8450000000000015
4523,1.9540000000000017
4524,1.4410000000000018
4525,1.9500000000000017
4526,1.4310000000000016
4527,1.7400000000000022
4528,1.7460000000000016
4529,1.6510000000000005
4530,1.4310000000000016
4531,1.7380000000000022
4532,1.5320000000000018
4533,1.542000000000001
4534,1.4310000000000012
4535,1.5400000000000011
4536,1.740000000000002
4537,1.6430000000000016
4538,1.7340000000000024
4539,1.7480000000000018
4540,1.6430000000000027
4541,1.6330000000000018
4542,1.736000000000002
4543,1.6410000000000022
4544,1.3380000000000012
4545,1.944000000000002
4546,1.7380000000000022
4547,1.5420000000000007
4548,1.5420000000000018
4549,1.5340000000000011
4550,1.9480000000000015
4551,2.0510000000000015
4552,1.5380000000000016
4553,1.9480000000000015
4554,1.8450000000000015
4555,1.536000000000002
4556,1.8390000000000017
4557,1.6490000000000011
4558,1.4310000000000016
4559,1.744000000000002
4560,1.9500000000000015
4561,1.433000000000002
4562,1.9440000000000024
4563,1.7520000000000013
4564,1.8470000000000015
4565,2.1520000000000024
4566,1.2330000000000019
4567,1.7340000000000027
4568,1.4430000000000023
4569,2.0570000000000013
4570,1.633000000000003
4571,2.1540000000000017
4572,1.6390000000000018
4573,1.2290000000000019
4574,1.9580000000000017
4575,1.544000000000002
4576,1.936000000000002
4577,1.6450000000000014
4578,1.639000000000002
4579,1.6490000000000016
4580,1.5360000000000014
4581,1.748000000000002
4582,1.5420000000000016
4583,1.8470000000000013
4584,1.639000000000002
4585,1.530000000000002
4586,1.7420000000000027
4587,1.8470000000000015
4588,2.150000000000002
4589,1.237000000000001
4590,1.4390000000000012
4591,1.7400000000000022
4592,1.7280000000000024
4593,1.645000000000002
4594,1.7540000000000007
4595,1.8490000000000018
4596,1.8350000000000017
4597,1.5420000000000014
4598,1.6450000000000022
4599,1.8370000000000024
4600,1.8490000000000018
4601,1.6430000000000013
4602,1.5360000000000025
4603,1.5420000000000018
4604,1.5260000000000027
4605,1.6430000000000027
4606,1.534000000000002
4607,1.8350000000000017
4608,1.5320000000000018
4609,1.3360000000000019
4610,1.9460000000000022
4611,1.5460000000000007
4612,1.847000000000002
4613,1.631000000000002
4614,1.8390000000000024
4615,1.9580000000000022
4616,1.4330000000000025
4617,1.847000000000002
4618,1.528000000000002
4619,1.6450000000000014
4620,1.7500000000000018
4621,1.7540000000000018
4622,2.043000000000003
4623,1.6330000000000024
4624,1.9440000000000017
4625,1.534000000000003
4626,1.746000000000002
4627,1.6510000000000016
4628,1.734000000000002
4629,1.3260000000000016
4630,1.9460000000000017
4631,1.9500000000000015
4632,1.8430000000000013
4633,1.447000000000001
4634,1.4490000000000014
4635,1.7520000000000013
4636,1.9520000000000015
4637,1.5420000000000016
4638,1.447000000000002
4639,1.4450000000000012
4640,1.756000000000002
4641,1.7520000000000016
4642,1.8530000000000015
4643,1.950000000000002
4644,1.9560000000000013
4645,1.5340000000000027
4646,1.8550000000000009
4647,1.7300000000000013
4648,1.3360000000000016
4649,1.8530000000000018
4650,1.9440000000000024
4651,2.0490000000000013
4652,2.049000000000002
4653,1.6370000000000011
4654,2.2550000000000017
4655,1.851000000000002
4656,1.7360000000000015
4657,1.7380000000000027
4658,1.7320000000000022
4659,1.9520000000000022
4660,1.6490000000000016
4661,1.9520000000000024
4662,1.4470000000000016
4663,1.744000000000002
4664,1.5380000000000018
4665,1.338000000000002
4666,1.5480000000000018
4667,1.7560000000000016
4668,2.0530000000000017
4669,1.5460000000000023
4670,1.8450000000000017
4671,1.8470000000000022
4672,1.6410000000000016
4673,1.2410000000000008
4674,2.148000000000002
4675,1.6450000000000018
4676,1.5340000000000023
4677,1.5460000000000016
4678,1.942000000000002
4679,1.7480000000000009
4680,1.4430000000000016
4681,1.5400000000000023
4682,1.4370000000000014
4683,1.4430000000000016
4684,1.9420000000000024
4685,2.047000000000002
4686,1.8470000000000022
4687,1.8490000000000024
4688,2.051000000000002
4689,1.7600000000000022
4690,1.6550000000000014
4691,1.9540000000000013
4692,1.9580000000000015
4693,1.7460000000000016
4694,1.744000000000002
4695,1.744000000000001
4696,1.635000000000002
4697,1.4430000000000016
4698,2.041000000000003
4699,1.8410000000000017
4700,1.6390000000000022
4701,1.4350000000000014
4702,1.643000000000002
4703,1.6370000000000022
4704,1.5440000000000023
4705,2.1500000000000017
4706,1.8530000000000009
4707,1.3360000000000019
4708,2.2570000000000014
4709,1.7420000000000013
4710,1.7400000000000018
4711,1.540000000000001
4712,2.241000000000002
4713,1.9520000000000013
4714,1.9520000000000015
4715,1.7460000000000013
4716,1.8450000000000022
4717,1.3360000000000014
4718,1.6330000000000027
4719,1.841000000000002
4720,1.5380000000000018
4721,1.7520000000000011
4722,1.5480000000000012
4723,1.8330000000000022
4724,1.639000000000001
4725,1.7460000000000016
4726,1.5440000000000011
4727,1.4410000000000023
4728,1.960000000000002
4729,2.1500000000000012
4730,1.6290000000000018
4731,2.2410000000000014
4732,1.7420000000000015
4733,1.7420000000000022
4734,1.552000000000001
4735,1.7560000000000013
4736,1.956000000000001
4737,1.4530000000000012
4738,1.8430000000000015
4739,1.7320000000000026
4740,1.746000000000002
4741,1.437000000000001
4742,1.1380000000000015
4743,1.4410000000000014
4744,1.5360000000000025
4745,1.849000000000001
4746,1.8510000000000013
4747,1.5460000000000014
4748,2.2570000000000014
4749,1.536000000000002
4750,1.5420000000000014
4751,1.3420000000000014
4752,1.8570000000000013
4753,1.847000000000002
4754,1.7520000000000024
4755,1.7380000000000018
4756,1.8610000000000024
4757,1.4190000000000023
4758,1.544000000000001
4759,1.6470000000000016
4760,1.7420000000000022
4761,1.8510000000000013
4762,1.7520000000000016
4763,1.7420000000000015
4764,1.7400000000000018
4765,1.6370000000000016
4766,1.5360000000000025
4767,1.849000000000002
4768,1.849000000000001
4769,1.7500000000000013
4770,1.841000000000001
4771,1.3360000000000016
4772,1.7580000000000016
4773,1.952000000000002
4774,1.8410000000000017
4775,1.538000000000002
4776,1.946000000000002
4777,1.5360000000000016
4778,1.744000000000002
4779,2.047000000000002
4780,1.7460000000000016
4781,1.4310000000000023
4782,1.649000000000002
4783,1.6510000000000016
4784,1.4430000000000018
4785,1.8470000000000024
4786,1.6450000000000018
4787,1.3380000000000023
4788,1.6390000000000022
4789,2.0610000000000017
4790,1.6470000000000014
4791,1.8530000000000009
4792,1.4350000000000016
4793,1.8410000000000017
4794,1.9560000000000017
4795,1.9540000000000015
4796,2.148000000000002
4797,1.750000000000002
4798,1.835000000000002
4799,1.8310000000000022
4800,1.6290000000000022
4801,1.4310000000000014
4802,1.7420000000000018
4803,1.5460000000000012
4804,1.6410000000000016
4805,1.5420000000000014
4806,1.4330000000000018
4807,2.0570000000000017
4808,1.6450000000000018
4809,2.1620000000000017
4810,1.740000000000002
4811,1.4510000000000012
4812,1.7360000000000022
4813,2.2550000000000017
4814,1.6430000000000016
4815,1.849000000000001
4816,1.845000000000002
4817,1.3360000000000014
4818,1.9440000000000024
4819,1.338000000000001
4820,1.544000000000001
4821,1.8390000000000029
4822,1.6290000000000022
4823,1.9340000000000026
4824,1.5300000000000014
4825,1.9520000000000015
4826,2.158000000000002
4827,2.0650000000000013
4828,1.3500000000000014
4829,2.0470000000000024
4830,1.9540000000000017
4831,1.750000000000001
4832,1.5340000000000011
4833,1.7320000000000026
4834,1.8410000000000024
4835,1.6390000000000022
4836,1.952000000000001
4837,1.944000000000002
4838,1.5460000000000016
4839,2.039000000000003
4840,1.5480000000000007
4841,1.9460000000000017
4842,2.1500000000000012
4843,1.5580000000000018
4844,1.7320000000000024
4845,1.4370000000000018
4846,2.055000000000002
4847,2.257000000000002
4848,1.5420000000000018
4849,1.5380000000000016
4850,1.841000000000001
4851,1.449000000000002
4852,1.9520000000000013
4853,1.419000000000002
4854,1.7420000000000018
4855,1.534000000000002
4856,2.0350000000000024
4857,1.8530000000000013
4858,2.152000000000002
4859,1.8430000000000017
4860,1.635000000000002
4861,1.6470000000000011
4862,1.7420000000000018
4863,1.5400000000000025
4864,1.8350000000000022
4865,2.1480000000000024
4866,1.7420000000000015
4867,1.5400000000000025
4868,1.9460000000000022
4869,1.6390000000000016
4870,1.6370000000000016
4871,1.8410000000000013
4872,1.5600000000000012
4873,1.6530000000000014
4874,1.7600000000000018
4875,1.742000000000001
4876,1.8470000000000024
4877,1.3380000000000023
4878,1.5360000000000025
4879,1.4430000000000016
4880,1.8590000000000007
4881,1.6390000000000027
4882,1.8470000000000015
4883,1.6390000000000022
4884,1.8410000000000024
4885,1.550000000000002
4886,2.047000000000002
4887,1.542000000000001
4888,1.746000000000001
4889,1.742000000000001
4890,1.631000000000002
4891,1.750000000000001
4892,1.6410000000000016
4893,1.952000000000001
4894,1.3460000000000014
4895,1.6390000000000018
4896,1.8570000000000015
4897,1.8490000000000018
4898,1.8430000000000015
4899,1.746000000000002
4900,1.746000000000002
4901,1.649000000000001
4902,1.7420000000000018
4903,1.7540000000000011
4904,1.7440000000000015
4905,1.9440000000000017
4906,1.8410000000000017
4907,1.4330000000000018
4908,1.7460000000000016
4909,1.8530000000000022
4910,1.5640000000000003
4911,2.2490000000000014
4912,1.8450000000000015
4913,1.2370000000000012
4914,1.6530000000000016
4915,1.536000000000002
4916,1.7320000000000022
4917,1.9560000000000017
4918,1.645000000000002
4919,1.9400000000000022
4920,1.3360000000000016
4921,1.6450000000000011
4922,1.530000000000002
4923,2.043000000000002
4924,1.839000000000002
4925,1.7420000000000015
4926,1.8430000000000017
4927,2.1560000000000015
4928,1.6290000000000022
4929,1.6350000000000022
4930,1.4470000000000016
4931,1.9440000000000024
4932,1.750000000000002
4933,1.6430000000000018
4934,2.0550000000000015
4935,1.5360000000000025
4936,1.8530000000000022
4937,1.6470000000000018
4938,1.8490000000000018
4939,1.8390000000000015
4940,2.039000000000002
4941,2.0510000000000024
4942,1.7560000000000011
4943,1.641000000000002
4944,1.4310000000000025
4945,2.0570000000000013
4946,1.9480000000000024
4947,1.534000000000002
4948,1.7480000000000018
4949,1.7380000000000018
4950,1.6510000000000016
4951,1.8430000000000029
4952,1.5540000000000018
4953,1.746000000000001
4954,1.8410000000000024
4955,1.6410000000000016
4956,1.746000000000002
4957,1.633000000000002
4958,1.9500000000000022
4959,1.437000000000001
4960,1.530000000000002
4961,1.6430000000000013
4962,1.2370000000000025
4963,1.5380000000000025
4964,1.7380000000000024
4965,1.8410000000000024
4966,1.5380000000000025
4967,2.1540000000000017
4968,1.6490000000000018
4969,1.944000000000002
4970,1.651000000000002
4971,2.1480000000000024
4972,1.4370000000000014
4973,1.847000000000002
4974,1.7320000000000024
4975,1.954000000000002
4976,1.8630000000000009
4977,1.756000000000002
4978,1.7460000000000016
4979,1.8270000000000022
4980,1.4390000000000014
4981,1.839000000000002
4982,1.9320000000000024
4983,1.2250000000000012
4984,1.546000000000002
4985,1.7400000000000027
4986,1.5440000000000018
4987,1.635000000000002
4988,1.5380000000000025
4989,1.5380000000000027
4990,1.8570000000000015
4991,1.6270000000000022
4992,1.651000000000002
4993,1.5360000000000025
4994,1.8530000000000024
4995,1.8470000000000015
4996,1.550000000000002
4997,1.439000000000002
4998,1.6290000000000022
4999,1.8530000000000013
5000,1.5380000000000018
5001,1.6410000000000013
5002,1.5580000000000018
5003,1.9560000000000004
5004,1.4330000000000025
5005,2.0490000000000017
5006,1.5420000000000016
5007,1.8470000000000015
5008,2.0490000000000013
5009,1.8430000000000013
5010,1.4410000000000012
5011,2.0530000000000017
5012,1.8450000000000009
5013,1.748000000000002
5014,1.7460000000000016
5015,1.8550000000000018
5016,2.160000000000002
5017,1.2330000000000014
5018,1.7380000000000022
5019,1.837000000000002
5020,1.7580000000000016
5021,1.8430000000000022
5022,1.8510000000000018
5023,1.8550000000000022
5024,1.736000000000002
5025,1.7420000000000015
5026,1.8450000000000015
5027,1.8530000000000018
5028,1.639000000000002
5029,1.5380000000000025
5030,1.9560000000000017
5031,1.6410000000000022
5032,1.841000000000002
5033,1.960000000000001
5034,1.6450000000000014
5035,2.059000000000001
5036,1.534000000000002
5037,1.7380000000000024
5038,1.8450000000000022
5039,1.8390000000000017
5040,1.6390000000000016
5041,1.9620000000000004
5042,1.4310000000000025
5043,1.9480000000000013
5044,1.8410000000000017
5045,1.8510000000000018
5046,1.6390000000000022
5047,1.5460000000000007
5048,1.7420000000000024
5049,1.6350000000000022
5050,1.841000000000002
5051,2.0430000000000024
5052,1.851000000000001
5053,1.7440000000000018
5054,2.0490000000000013
5055,1.5380000000000027
5056,1.645000000000001
5057,1.534000000000002
5058,1.8390000000000026
5059,2.1500000000000012
5060,1.7340000000000024
5061,1.6390000000000011
5062,1.3420000000000014
5063,1.6250000000000022
5064,1.7460000000000013
5065,2.0410000000000026
5066,1.5260000000000027
5067,1.9520000000000013
5068,1.6410000000000025
5069,1.946000000000002
5070,1.9480000000000017
5071,1.5380000000000025
5072,1.4370000000000025
5073,1.750000000000002
5074,1.8470000000000022
5075,1.8470000000000024
5076,1.5340000000000027
5077,1.7340000000000024
5078,1.9540000000000006
5079,1.5300000000000025
5080,1.6390000000000022
5081,2.063000000000001
5082,1.8450000000000015
5083,1.8410000000000013
5084,1.6450000000000018
5085,1.641000000000002
5086,1.8490000000000018
5087,1.9380000000000022
5088,1.5280000000000018
5089,1.550000000000003
5090,1.7480000000000018
5091,1.8410000000000024
5092,1.7420000000000024
5093,1.9440000000000026
5094,1.8350000000000026
5095,1.5360000000000016
5096,1.946000000000002
5097,1.548000000000001
5098,1.6490000000000018
5099,1.7420000000000013
5100,1.635000000000002
5101,1.8350000000000022
5102,2.045000000000003
5103,1.7400000000000022
5104,2.3600000000000017
5105,2.0470000000000024
5106,1.952000000000002
5107,1.8570000000000013
5108,1.730000000000002
5109,1.8450000000000022
5110,2.2510000000000012
5111,1.8450000000000015
5112,1.641000000000002
5113,1.9380000000000022
5114,1.7420000000000022
5115,1.942000000000002
5116,2.041000000000002
5117,1.5400000000000025
5118,1.740000000000002
5119,1.639000000000002
5120,1.3300000000000016
5121,1.839000000000002
5122,1.7380000000000022
5123,2.043000000000002
5124,1.6550000000000005
5125,2.160000000000002
5126,1.643000000000002
5127,1.7500000000000018
5128,1.7460000000000016
5129,1.7380000000000018
5130,2.2670000000000017
5131,1.7520000000000011
5132,2.1460000000000026
5133,1.5360000000000016
5134,1.734000000000002
5135,1.6510000000000016
5136,2.045000000000002
5137,1.6350000000000018
5138,1.5420000000000016
5139,1.8330000000000026
5140,1.9380000000000024
5141,1.8370000000000015
5142,2.148000000000002
5143,1.7400000000000027
5144,1.7500000000000018
5145,1.7400000000000013
5146,1.6470000000000022
5147,1.4350000000000016
5148,1.740000000000002
5149,1.7400000000000018
5150,1.9380000000000024
5151,1.734000000000002
5152,1.6430000000000018
5153,1.4410000000000016
5154,1.8370000000000024
5155,1.4470000000000018
5156,1.7440000000000018
5157,1.7480000000000016
5158,1.9620000000000015
5159,1.9460000000000017
5160,1.9440000000000017
5161,1.7480000000000018
5162,1.4370000000000014
5163,1.534000000000002
5164,2.2470000000000017
5165,1.6570000000000014
5166,1.8470000000000013
5167,1.7500000000000018
5168,1.8370000000000022
5169,1.8310000000000024
5170,1.8590000000000018
5171,1.7360000000000022
5172,1.7460000000000016
5173,1.5340000000000016
5174,1.8450000000000017
5175,1.633000000000002
5176,1.6450000000000018
5177,1.7440000000000024
5178,1.9320000000000024
5179,2.0630000000000015
5180,1.7540000000000018
5181,1.954000000000002
5182,1.9400000000000026
5183,1.7380000000000027
5184,1.8430000000000024
5185,1.5440000000000018
5186,2.0570000000000017
5187,1.845000000000002
5188,1.7520000000000011
5189,1.9640000000000006
5190,1.6570000000000014
5191,1.8530000000000015
5192,1.9480000000000017
5193,1.6530000000000014
5194,1.7400000000000022
5195,1.8630000000000015
5196,1.546000000000002
5197,1.744000000000002
5198,1.7420000000000022
5199,1.944000000000002
5200,1.639000000000002
5201,1.6450000000000022
5202,1.445000000000002
5203,1.5420000000000023
5204,1.7360000000000022
5205,1.9480000000000017
5206,1.756000000000001
5207,1.7420000000000013
5208,1.439000000000001
5209,1.8410000000000022
5210,2.033000000000003
5211,1.5340000000000018
5212,1.3380000000000016
5213,1.9580000000000017
5214,1.7480000000000018
5215,1.5420000000000014
5216,1.9420000000000022
5217,1.538000000000002
5218,1.746000000000001
5219,1.8410000000000022
5220,1.7480000000000009
5221,1.5320000000000018
5222,1.5380000000000027
5223,1.7400000000000013
5224,1.6410000000000016
5225,1.7440000000000018
5226,1.5540000000000012
5227,1.736000000000002
5228,1.7460000000000024
5229,1.742000000000001
5230,2.1460000000000017
5231,1.7480000000000018
5232,1.7340000000000018
5233,1.7380000000000018
5234,1.5480000000000027
5235,1.3420000000000014
5236,1.6350000000000022
5237,1.8390000000000024
5238,1.7480000000000013
5239,1.8470000000000022
5240,1.5380000000000018
5241,1.8470000000000015
5242,1.7420000000000015
5243,2.0410000000000026
5244,1.4410000000000018
5245,1.5440000000000014
5246,1.346000000000001
5247,2.0510000000000024
5248,1.9420000000000022
5249,1.641000000000002
5250,1.4330000000000016
5251,1.6370000000000022
5252,2.0430000000000015
5253,1.534000000000002
5254,1.950000000000002
5255,1.3380000000000016
5256,1.7340000000000018
5257,1.6270000000000022
5258,1.7560000000000011
5259,1.7460000000000016
5260,1.5360000000000025
5261,1.7440000000000015
5262,1.839000000000002
5263,1.631000000000002
5264,1.8570000000000015
5265,1.5380000000000016
5266,1.9520000000000015
5267,1.6370000000000018
5268,1.6470000000000005
5269,1.950000000000002
5270,1.6350000000000013
5271,1.6350000000000018
5272,1.6430000000000018
5273,1.7460000000000013
5274,1.3300000000000016
5275,1.6390000000000018
5276,1.7520000000000016
5277,2.1520000000000015
5278,1.8430000000000022
5279,1.548000000000001
5280,1.944000000000002
5281,1.7420000000000022
5282,1.7420000000000013
5283,1.7440000000000024
5284,1.7440000000000018
5285,1.5240000000000018
5286,1.744000000000002
5287,1.328000000000002
5288,1.7460000000000024
5289,1.6370000000000025
5290,2.1500000000000012
5291,1.5520000000000016
5292,1.7520000000000016
5293,1.849000000000002
5294,1.5300000000000022
5295,1.7360000000000022
5296,1.7340000000000018
5297,1.7480000000000016
5298,1.233000000000002
5299,1.8430000000000022
5300,1.6350000000000022
5301,1.4390000000000023
5302,2.0530000000000017
5303,1.8490000000000018
5304,1.6390000000000018
5305,1.8410000000000024
5306,2.0470000000000024
5307,1.734000000000002
5308,1.639000000000002
5309,1.5300000000000018
5310,2.0630000000000015
5311,2.0450000000000017
5312,1.8370000000000024
5313,1.5460000000000014
5314,1.7460000000000016
5315,2.047000000000002
5316,1.7280000000000009
5317,1.7420000000000015
5318,1.526000000000002
5319,2.4550000000000014
5320,1.3300000000000023
5321,1.9320000000000022
5322,1.7400000000000013
5323,1.7420000000000015
5324,1.7360000000000024
5325,1.7440000000000018
5326,1.9360000000000022
5327,1.334000000000002
5328,1.4470000000000016
5329,1.8390000000000015
5330,1.9400000000000022
5331,1.5320000000000025
5332,1.429000000000002
5333,1.5420000000000018
5334,1.6370000000000025
5335,1.7360000000000024
5336,1.631000000000002
5337,1.746000000000002
5338,1.8450000000000022
5339,1.4470000000000018
5340,1.6370000000000022
5341,1.4330000000000018
5342,1.746000000000002
5343,1.8550000000000013
5344,1.6370000000000013
5345,2.150000000000002
5346,1.7340000000000024
5347,2.1580000000000017
5348,2.0490000000000013
5349,1.7420000000000015
5350,1.5420000000000005
5351,1.6490000000000016
5352,1.9460000000000013
5353,1.740000000000002
5354,1.944000000000002
5355,2.053000000000002
5356,2.2510000000000017
5357,1.7460000000000016
5358,1.6350000000000018
5359,1.950000000000002
5360,1.7400000000000018
5361,1.8510000000000013
5362,1.944000000000002
5363,1.7420000000000015
5364,1.7500000000000013
5365,1.9580000000000015
5366,1.5400000000000011
5367,1.6590000000000016
5368,1.6430000000000016
5369,1.756000000000002
5370,1.8510000000000018
5371,1.5260000000000027
5372,1.746000000000002
5373,1.5380000000000018
5374,1.1360000000000017
5375,1.8490000000000018
5376,1.7440000000000018
5377,1.6410000000000022
5378,1.5320000000000022
5379,1.9520000000000024
5380,1.641000000000002
5381,1.7440000000000009
5382,1.7480000000000018
5383,1.7480000000000016
5384,1.744000000000002
5385,1.5420000000000023
5386,1.7460000000000013
5387,1.6330000000000024
5388,1.7520000000000007
5389,1.837000000000002
5390,1.5440000000000011
5391,1.7580000000000016
5392,1.7440000000000024
5393,2.045000000000002
5394,1.4390000000000012
5395,1.3440000000000023
5396,1.7540000000000018
5397,1.6270000000000022
5398,1.7380000000000024
5399,1.7500000000000013
5400,1.855000000000001
5401,1.6430000000000025
5402,1.7480000000000018
5403,1.7540000000000022
5404,1.5320000000000022
5405,1.5420000000000023
5406,1.7400000000000022
5407,1.7420000000000022
5408,1.6450000000000014
5409,1.639000000000002
5410,1.9640000000000004
5411,1.6410000000000013
5412,2.253000000000002
5413,2.0590000000000015
5414,1.5400000000000018
5415,1.6470000000000016
5416,2.253000000000002
5417,1.6470000000000022
5418,1.6410000000000011
5419,1.9480000000000024
5420,1.6450000000000014
5421,1.3240000000000018
5422,1.8470000000000015
5423,1.7480000000000016
5424,1.7400000000000027
5425,1.851000000000002
5426,1.746000000000002
5427,1.5400000000000023
5428,2.2570000000000014
5429,1.6370000000000018
5430,2.045000000000002
5431,1.641000000000002
5432,1.4430000000000023
5433,2.0570000000000026
5434,1.5340000000000018
5435,1.8570000000000007
5436,1.7360000000000015
5437,1.8390000000000026
5438,1.8550000000000018
5439,1.8470000000000013
5440,1.849000000000002
5441,1.734000000000002
5442,1.4290000000000018
5443,1.6470000000000014
5444,1.7400000000000022
5445,1.9440000000000015
5446,1.9640000000000015
5447,1.6470000000000011
5448,2.0430000000000015
5449,2.0490000000000017
5450,1.643000000000002
5451,2.148000000000002
5452,1.9600000000000022
5453,1.9540000000000017
5454,1.6530000000000016
5455,1.8450000000000026
5456,1.552000000000001
5457,1.645000000000002
5458,1.5560000000000007
5459,1.7380000000000015
5460,1.837000000000002
5461,1.851000000000002
5462,1.7520000000000016
5463,1.8510000000000013
5464,1.4430000000000012
5465,1.5460000000000014
5466,1.5320000000000007
5467,1.8590000000000015
5468,1.7420000000000013
5469,1.847000000000002
5470,1.7400000000000027
5471,1.7520000000000022
5472,1.6390000000000011
5473,1.3300000000000014
5474,1.338000000000002
5475,1.845000000000002
5476,1.2410000000000014
5477,1.758000000000001
5478,1.8330000000000015
5479,1.6450000000000022
5480,2.1560000000000015
5481,1.9420000000000015
5482,2.041000000000002
5483,1.5480000000000018
5484,1.946000000000002
5485,1.4350000000000023
5486,1.6390000000000011
5487,1.6370000000000022
5488,1.9380000000000026
5489,2.043000000000002
5490,1.5360000000000014
5491,1.944000000000002
5492,1.7380000000000024
5493,1.6530000000000016
5494,1.857000000000001
5495,1.534000000000002
5496,1.7380000000000027
5497,1.6430000000000018
5498,1.6450000000000014
5499,1.732000000000002
5500,1.9400000000000022
5501,1.8410000000000024
5502,1.5420000000000023
5503,1.3440000000000019
5504,2.041000000000002
5505,1.7520000000000018
5506,1.6470000000000014
5507,1.5300000000000014
5508,1.433000000000002
5509,1.9420000000000022
5510,1.5500000000000023
5511,1.936000000000003
5512,1.942000000000002
5513,1.942000000000002
5514,1.7360000000000024
5515,1.6330000000000024
5516,1.7480000000000018
5517,2.0450000000000013
5518,1.445000000000002
5519,1.8630000000000015
5520,1.9380000000000015
5521,1.740000000000002
5522,1.5360000000000023
5523,1.8350000000000026
5524,2.2590000000000017
5525,1.8390000000000015
5526,1.867000000000001
5527,1.4350000000000014
5528,1.8410000000000017
5529,1.548000000000002
5530,1.8490000000000018
5531,1.8430000000000015
5532,1.847000000000002
5533,1.6410000000000022
5534,1.746000000000002
5535,1.4330000000000018
5536,2.1500000000000017
5537,2.0570000000000013
5538,1.6490000000000018
5539,1.7320000000000024
5540,1.5380000000000016
5541,1.447000000000001
5542,1.6350000000000018
5543,1.6290000000000022
5544,2.1500000000000017
5545,1.4430000000000018
5546,1.2470000000000019
5547,1.6270000000000024
5548,1.7420000000000018
5549,1.6390000000000022
5550,1.736000000000002
5551,1.2250000000000014
5552,1.5560000000000014
5553,2.144000000000002
5554,1.7420000000000015
5555,1.641000000000002
5556,1.9460000000000024
5557,1.855000000000001
5558,1.7420000000000024
5559,1.5380000000000016
5560,1.8530000000000018
5561,1.746000000000002
5562,2.039000000000002
5563,1.845000000000002
5564,1.956000000000002
5565,1.4510000000000016
5566,1.9520000000000015
5567,1.9320000000000022
5568,1.9400000000000017
5569,1.7400000000000027
5570,1.5420000000000007
5571,1.6450000000000011
5572,1.7480000000000016
5573,1.9480000000000015
5574,1.7380000000000018
5575,1.7380000000000022
5576,1.6430000000000016
5577,2.045000000000002
5578,2.0610000000000017
5579,1.8470000000000013
5580,1.7480000000000016
5581,1.849000000000001
5582,1.9440000000000024
5583,1.7480000000000018
5584,1.6350000000000013
5585,1.8370000000000022
5586,1.8630000000000007
5587,1.734000000000002
5588,1.7380000000000009
5589,1.6550000000000018
5590,2.1660000000000013
5591,1.528000000000002
5592,1.7360000000000022
5593,1.8590000000000015
5594,1.433000000000002
5595,1.946000000000002
5596,1.5460000000000025
5597,1.9500000000000017
5598,1.5460000000000014
5599,1.5380000000000025
5600,2.1680000000000006
5601,1.7420000000000018
5602,1.425000000000003
5603,1.645000000000002
5604,1.6510000000000011
5605,1.3300000000000016
5606,1.338000000000001
5607,1.855000000000002
5608,1.7420000000000015
5609,1.5400000000000011
5610,1.8410000000000022
5611,1.9540000000000015
5612,1.6390000000000018
5613,1.4330000000000025
5614,1.750000000000001
5615,2.3460000000000023
5616,1.5380000000000011
5617,1.7360000000000024
5618,1.8530000000000015
5619,1.9480000000000017
5620,1.9620000000000015
5621,1.8470000000000022
5622,1.8470000000000013
5623,1.8430000000000017
5624,1.6350000000000025
5625,1.5440000000000018
5626,1.534000000000002
5627,1.8550000000000013
5628,1.7500000000000022
5629,1.847000000000002
5630,1.6370000000000022
5631,1.5400000000000023
5632,1.6270000000000024
5633,1.8390000000000015
5634,1.6470000000000018
5635,1.942000000000002
5636,1.6430000000000027
5637,1.429000000000002
5638,1.3360000000000019
5639,2.0530000000000013
5640,2.156000000000002
5641,1.4350000000000012
5642,2.144000000000002
5643,1.6470000000000014
5644,2.1560000000000015
5645,1.841000000000002
5646,1.740000000000002
5647,2.0530000000000013
5648,1.5360000000000016
5649,1.734000000000003
5650,2.247000000000002
5651,1.429000000000002
5652,1.740000000000002
5653,1.639000000000002
5654,1.9420000000000022
5655,1.942000000000002
5656,1.7520000000000013
5657,1.6430000000000013
5658,2.1520000000000015
5659,1.6330000000000016
5660,1.6370000000000018
5661,1.3320000000000014
5662,1.8350000000000022
5663,1.641000000000002
5664,1.7400000000000018
5665,1.7400000000000022
5666,1.754000000000002
5667,1.7620000000000011
5668,2.0470000000000024
5669,1.7440000000000018
5670,1.8450000000000022
5671,1.4410000000000014
5672,2.0330000000000026
5673,1.9620000000000015
5674,1.5360000000000023
5675,1.946000000000002
5676,1.3340000000000023
5677,2.156000000000002
5678,1.4250000000000023
5679,1.6490000000000018
5680,1.746000000000002
5681,1.8430000000000017
5682,1.8530000000000015
5683,1.744000000000002
5684,1.8390000000000015
5685,1.8590000000000009
5686,1.320000000000002
5687,1.7340000000000027
5688,1.7460000000000016
5689,1.8470000000000022
5690,2.051000000000002
5691,1.9600000000000022
5692,1.9500000000000015
5693,1.6390000000000016
5694,1.5380000000000018
5695,1.857000000000002
5696,2.0530000000000013
5697,1.9460000000000017
5698,1.9540000000000015
5699,1.7540000000000018
5700,2.146000000000002
5701,1.6450000000000018
5702,1.5280000000000025
5703,1.8430000000000024
5704,1.8430000000000017
5705,1.746000000000002
5706,2.2590000000000017
5707,1.7380000000000022
5708,2.0470000000000024
5709,1.8510000000000018
5710,2.150000000000002
5711,1.6450000000000011
5712,2.0570000000000013
5713,1.5520000000000016
5714,1.639000000000002
5715,1.7480000000000018
5716,1.6510000000000022
5717,2.067000000000001
5718,1.8590000000000018
5719,1.4290000000000023
5720,1.839000000000002
5721,1.5460000000000016
5722,1.7440000000000018
5723,1.4370000000000025
5724,1.950000000000002
5725,1.744000000000002
5726,1.7400000000000018
5727,1.7340000000000015
5728,1.744000000000001
5729,1.7420000000000024
5730,1.540000000000002
5731,1.6370000000000025
5732,1.7500000000000013
5733,1.7420000000000024
5734,2.041000000000002
5735,2.1540000000000017
5736,1.5420000000000023
5737,1.960000000000002
5738,1.7440000000000018
5739,1.744000000000002
5740,1.8530000000000015
5741,1.5300000000000018
5742,1.942000000000002
5743,1.7380000000000022
5744,1.9420000000000022
5745,1.538000000000001
5746,1.9560000000000008
5747,1.6410000000000011
5748,1.6330000000000027
5749,1.7480000000000024
5750,1.8430000000000017
5751,1.6370000000000013
5752,1.641000000000002
5753,1.8370000000000022
5754,1.3320000000000014
5755,1.845000000000002
5756,1.9660000000000013
5757,1.7360000000000024
5758,1.7420000000000024
5759,1.5460000000000016
5760,1.6350000000000013
5761,1.8470000000000022
5762,2.3380000000000023
5763,1.9400000000000017
5764,1.5360000000000016
5765,2.045000000000002
5766,1.9500000000000008
5767,1.841000000000002
5768,1.8350000000000022
5769,1.744000000000002
5770,1.435000000000002
5771,1.857000000000002
5772,1.6570000000000022
5773,1.740000000000002
5774,1.6390000000000022
5775,2.160000000000002
5776,1.9360000000000022
5777,1.6530000000000014
5778,1.9420000000000024
5779,1.9480000000000015
5780,1.847000000000001
5781,1.6390000000000016
5782,1.6370000000000022
5783,1.6610000000000011
5784,1.865000000000001
5785,1.5460000000000014
5786,1.9480000000000017
5787,1.8490000000000024
5788,1.8370000000000026
5789,1.7460000000000016
5790,2.0510000000000015
5791,1.4370000000000016
5792,1.635000000000002
5793,1.3440000000000014
5794,1.6410000000000016
5795,1.6390000000000018
5796,1.6550000000000011
5797,2.2610000000000023
5798,1.9460000000000024
5799,1.435000000000002
5800,1.954000000000002
5801,1.7380000000000024
5802,1.536000000000002
5803,2.0410000000000026
5804,1.7460000000000009
5805,2.2490000000000023
5806,1.8370000000000015
5807,1.5320000000000022
5808,2.041000000000002
5809,1.5340000000000018
5810,1.6330000000000016
5811,1.940000000000002
5812,1.6470000000000014
5813,1.847000000000002
5814,1.6390000000000018
5815,1.9500000000000017
5816,1.9440000000000015
5817,1.4410000000000016
5818,1.7460000000000013
5819,2.2530000000000014
5820,1.9500000000000015
5821,1.8470000000000015
5822,2.150000000000002
5823,1.6370000000000018
5824,1.7500000000000009
5825,1.736000000000002
5826,1.5560000000000012
5827,2.0610000000000017
5828,1.746000000000002
5829,2.059000000000001
5830,1.7500000000000018
5831,2.0470000000000024
5832,1.744000000000002
5833,1.8410000000000024
5834,1.9420000000000024
5835,1.6350000000000018
5836,1.7380000000000018
5837,1.6410000000000016
5838,1.9460000000000017
5839,1.6470000000000018
5840,1.7460000000000029
5841,1.6350000000000022
5842,1.639000000000002
5843,1.643000000000002
5844,1.6430000000000013
5845,2.0510000000000024
5846,1.645000000000003
5847,1.4450000000000023
5848,1.8410000000000022
5849,2.0510000000000015
5850,1.7460000000000013
5851,1.8530000000000018
5852,1.6510000000000011
5853,1.8550000000000013
5854,2.140000000000002
5855,1.5400000000000014
5856,1.6390000000000018
5857,1.7300000000000029
5858,1.8370000000000022
5859,1.940000000000002
5860,1.4410000000000016
5861,1.849000000000002
5862,1.645000000000002
5863,1.6390000000000022
5864,1.8390000000000017
5865,1.5380000000000018
5866,1.5440000000000018
5867,1.8610000000000015
5868,1.746000000000002
5869,1.732000000000003
5870,2.0490000000000017
5871,1.544000000000002
5872,1.851000000000002
5873,1.9420000000000022
5874,1.8490000000000024
5875,1.4390000000000018
5876,1.8470000000000013
5877,1.8430000000000015
5878,1.7420000000000007
5879,2.0330000000000026
5880,1.8390000000000017
5881,1.5380000000000011
5882,1.5500000000000023
5883,1.8430000000000026
5884,1.5320000000000022
5885,1.6350000000000025
5886,1.7440000000000024
5887,1.534000000000002
5888,1.7500000000000013
5889,1.338000000000001
5890,2.0570000000000017
5891,1.944000000000002
5892,2.051000000000002
5893,1.8530000000000015
5894,2.051000000000001
5895,2.150000000000002
5896,2.2610000000000015
5897,1.530000000000002
5898,1.8510000000000022
5899,1.7420000000000022
5900,1.9480000000000017
5901,1.8490000000000018
5902,1.433000000000002
5903,1.5440000000000014
5904,1.3220000000000025
5905,2.1560000000000015
5906,1.740000000000002
5907,1.6390000000000022
5908,1.9340000000000026
5909,1.748000000000002
5910,1.7360000000000022
5911,1.7380000000000024
5912,1.538000000000002
5913,1.8530000000000018
5914,1.851000000000002
5915,1.7500000000000018
5916,1.6350000000000018
5917,2.156000000000001
5918,2.136000000000002
5919,1.8450000000000026
5920,1.6310000000000033
5921,1.8530000000000015
5922,2.0490000000000017
5923,1.946000000000002
5924,1.6490000000000011
5925,1.5340000000000016
5926,1.8630000000000007
5927,1.8490000000000015
5928,2.150000000000002
5929,2.027000000000003
5930,1.7500000000000018
5931,1.7560000000000016
5932,1.750000000000002
5933,1.8490000000000018
5934,1.635000000000002
5935,1.7300000000000022
5936,1.538000000000002
5937,1.9440000000000017
5938,1.8330000000000022
5939,1.4290000000000018
5940,1.4450000000000023
5941,1.7560000000000013
5942,1.8510000000000018
5943,1.9520000000000015
5944,2.0530000000000026
5945,1.5380000000000027
5946,1.5400000000000018
5947,2.047000000000003
5948,1.7420000000000015
5949,1.966000000000001
5950,1.6390000000000022
5951,1.7380000000000015
5952,1.538000000000002
5953,1.6410000000000022
5954,1.8490000000000018
5955,2.051000000000002
5956,1.9440000000000013
5957,1.9540000000000017
5958,1.324000000000002
5959,1.9420000000000024
5960,2.0510000000000015
5961,1.7320000000000024
5962,2.0510000000000015
5963,1.7520000000000016
5964,1.944000000000002
5965,2.0530000000000017
5966,1.8450000000000022
5967,1.9380000000000017
5968,1.839000000000002
5969,2.168000000000002
5970,1.6470000000000018
5971,1.649000000000002
5972,1.6370000000000022
5973,1.5400000000000023
5974,1.447000000000001
5975,1.9480000000000015
5976,1.6550000000000014
5977,1.9420000000000015
5978,1.5400000000000018
5979,1.6470000000000025
5980,1.9680000000000013
5981,1.6330000000000027
5982,1.6530000000000016
5983,2.168000000000001
5984,1.8490000000000015
5985,2.150000000000002
5986,1.639000000000002
5987,1.851000000000002
5988,1.8430000000000017
5989,1.859000000000001
5990,1.433000000000002
5991,1.8490000000000018
5992,1.3240000000000014
5993,1.4370000000000018
5994,1.744000000000002
5995,1.6350000000000011
5996,1.851000000000001
5997,1.7440000000000024
5998,1.4450000000000023
5999,1.7360000000000022
6000,1.6370000000000022
6001,1.645000000000003
6002,1.6370000000000022
6003,2.1440000000000023
6004,1.944000000000002
6005,1.8450000000000017
6006,1.746000000000002
6007,1.651000000000002
6008,1.740000000000002
6009,1.839000000000002
6010,1.6310000000000022
6011,1.7460000000000013
6012,1.7480000000000013
6013,2.154000000000002
6014,1.534000000000003
6015,1.7520000000000016
6016,1.847000000000002
6017,1.9520000000000024
6018,1.6370000000000016
6019,1.4410000000000018
6020,2.253000000000002
6021,2.0490000000000013
6022,1.7460000000000016
6023,1.6490000000000018
6024,1.8410000000000024
6025,1.7320000000000024
6026,1.744000000000002
6027,1.7460000000000009
6028,1.6470000000000022
6029,1.7400000000000013
6030,1.8530000000000013
6031,1.5320000000000018
6032,1.9500000000000015
6033,1.7540000000000011
6034,1.9520000000000015
6035,1.944000000000002
6036,1.7440000000000018
6037,1.6290000000000027
6038,1.6490000000000016
6039,1.5460000000000016
6040,1.8550000000000018
6041,2.0450000000000017
6042,2.0550000000000015
6043,1.457000000000001
6044,1.6370000000000016
6045,1.8350000000000022
6046,1.744000000000002
6047,1.8570000000000013
6048,2.0410000000000026
6049,1.7460000000000016
6050,1.5320000000000018
6051,1.6390000000000018
6052,1.8470000000000013
6053,1.7380000000000018
6054,1.645000000000002
6055,1.524000000000002
6056,1.730000000000002
6057,2.0630000000000006
6058,1.7400000000000018
6059,1.8390000000000015
6060,2.057000000000002
6061,1.9340000000000026
6062,1.8570000000000015
6063,1.7520000000000013
6064,1.849000000000002
6065,2.142000000000002
6066,1.875000000000001
6067,1.8450000000000017
6068,1.5640000000000014
6069,1.645000000000002
6070,1.649000000000002
6071,1.5400000000000023
6072,1.9320000000000022
6073,1.6410000000000016
6074,1.744000000000002
6075,1.8430000000000022
6076,2.0510000000000024
6077,1.6490000000000018
6078,1.5340000000000018
6079,2.1460000000000026
6080,1.8450000000000022
6081,1.7440000000000018
6082,1.950000000000002
6083,1.429000000000002
6084,2.043000000000002
6085,2.075000000000001
6086,1.9740000000000004
6087,2.445000000000002
6088,1.6390000000000016
6089,1.6250000000000027
6090,1.8350000000000022
6091,1.9440000000000024
6092,1.641000000000002
6093,1.7500000000000013
6094,1.8470000000000026
6095,1.847000000000002
6096,1.8490000000000015
6097,1.8530000000000013
6098,2.047000000000002
6099,1.8430000000000022
6100,1.7460000000000016
6101,1.6490000000000016
6102,1.9480000000000017
6103,1.645000000000002
6104,1.9320000000000028
6105,2.0530000000000017
6106,1.6490000000000016
6107,1.7420000000000015
6108,1.7400000000000018
6109,1.9420000000000028
6110,1.7480000000000013
6111,1.4290000000000014
6112,1.8430000000000017
6113,1.9420000000000028
6114,1.7420000000000018
6115,1.7460000000000022
6116,1.7580000000000018
6117,1.534000000000002
6118,1.7560000000000013
6119,1.6350000000000022
6120,1.7260000000000022
6121,1.8350000000000026
6122,1.9400000000000017
6123,1.5360000000000016
6124,1.9480000000000022
6125,1.8470000000000015
6126,2.0510000000000024
6127,1.7460000000000013
6128,2.2570000000000014
6129,1.8490000000000018
6130,1.736000000000002
6131,2.2550000000000012
6132,1.6430000000000018
6133,1.9480000000000013
6134,1.8350000000000026
6135,1.950000000000002
6136,1.5380000000000018
6137,1.530000000000002
6138,1.6470000000000014
6139,2.041000000000002
6140,1.8510000000000009
6141,2.2590000000000017
6142,1.7400000000000029
6143,1.7460000000000013
6144,1.8550000000000013
6145,2.0630000000000015
6146,2.1580000000000013
6147,1.849000000000002
6148,1.952000000000002
6149,2.1440000000000023
6150,1.5300000000000022
6151,2.0630000000000015
6152,1.9480000000000015
6153,1.7300000000000029
6154,1.8470000000000015
6155,1.8390000000000017
6156,2.0430000000000015
6157,2.0470000000000024
6158,1.9480000000000017
6159,1.8530000000000013
6160,1.633000000000002
6161,1.8470000000000015
6162,1.7520000000000013
6163,1.746000000000001
6164,2.0570000000000013
6165,1.8470000000000022
6166,1.4450000000000016
6167,1.7340000000000018
6168,1.9580000000000006
6169,1.8450000000000017
6170,1.851000000000002
6171,1.633000000000002
6172,2.3420000000000027
6173,1.6390000000000018
6174,2.047000000000002
6175,1.9500000000000017
6176,1.5420000000000014
6177,1.8350000000000022
6178,1.439000000000001
6179,1.9520000000000013
6180,1.633000000000002
6181,1.748000000000002
6182,1.7340000000000024
6183,1.8310000000000022
6184,1.7420000000000022
6185,2.0510000000000015
6186,2.059000000000001
6187,2.1460000000000017
6188,1.7420000000000022
6189,1.734000000000002
6190,1.9480000000000024
6191,1.746000000000001
6192,1.7560000000000016
6193,1.6410000000000022
6194,1.6370000000000022
6195,1.8390000000000015
6196,1.9440000000000013
6197,1.7380000000000015
6198,2.0410000000000017
6199,1.7540000000000011
6200,1.7520000000000016
6201,1.9520000000000015
6202,2.1500000000000017
6203,1.540000000000002
6204,1.5340000000000027
6205,1.7440000000000024
6206,1.950000000000002
6207,1.944000000000002
6208,1.7500000000000022
6209,2.1620000000000017
6210,1.6570000000000014
6211,1.9520000000000015
6212,1.6450000000000018
6213,1.748000000000002
6214,2.0410000000000026
6215,1.7420000000000015
6216,1.8450000000000015
6217,1.7600000000000007
6218,1.645000000000002
6219,1.9380000000000024
6220,2.2630000000000017
6221,2.045000000000002
6222,1.6470000000000014
6223,1.5460000000000016
6224,1.8370000000000015
6225,1.8390000000000026
6226,1.847000000000002
6227,1.7480000000000016
6228,1.7440000000000018
6229,1.8410000000000017
6230,1.6410000000000016
6231,2.0550000000000015
6232,2.0470000000000015
6233,1.6430000000000018
6234,1.5480000000000012
6235,1.9620000000000013
6236,1.9520000000000015
6237,1.7460000000000013
6238,2.0490000000000013
6239,1.841000000000002
6240,2.0510000000000024
6241,1.7480000000000013
6242,1.6510000000000014
6243,1.5500000000000014
6244,2.1360000000000023
6245,2.1420000000000017
6246,1.9620000000000006
6247,1.837000000000002
6248,1.7420000000000015
6249,1.7440000000000018
6250,2.051000000000002
6251,1.855000000000001
6252,1.946000000000002
6253,1.9540000000000015
6254,1.6450000000000014
6255,1.8370000000000026
6256,2.1380000000000026
6257,1.5400000000000023
6258,1.3460000000000016
6259,1.5400000000000018
6260,1.746000000000001
6261,1.8550000000000013
6262,1.7520000000000016
6263,2.0490000000000013
6264,1.972000000000001
6265,1.6490000000000018
6266,1.6370000000000022
6267,2.0570000000000017
6268,1.7380000000000022
6269,1.5360000000000023
6270,1.7440000000000027
6271,1.6370000000000025
6272,1.746000000000002
6273,1.8410000000000022
6274,1.6330000000000024
6275,1.5480000000000016
6276,1.9440000000000017
6277,2.0770000000000013
6278,1.536000000000002
6279,1.8430000000000022
6280,1.7440000000000015
6281,1.5300000000000018
6282,2.0590000000000015
6283,1.6450000000000014
6284,1.9420000000000015
6285,1.8450000000000017
6286,1.8330000000000024
6287,1.6370000000000013
6288,1.9420000000000015
6289,1.6430000000000016
6290,1.6390000000000022
6291,1.847000000000002
6292,1.950000000000001
6293,1.8470000000000015
6294,1.851000000000002
6295,1.8430000000000024
6296,1.932000000000002
6297,2.0550000000000015
6298,1.5420000000000014
6299,1.9420000000000015
6300,1.9420000000000024
6301,1.7420000000000024
6302,1.7360000000000013
6303,1.546000000000002
6304,1.964000000000002
6305,1.8610000000000013
6306,1.9520000000000015
6307,2.152000000000002
6308,1.8470000000000022
6309,1.8430000000000022
6310,1.9480000000000022
6311,1.855000000000001
6312,2.2470000000000026
6313,1.9440000000000015
6314,1.8570000000000013
6315,1.633000000000002
6316,1.5420000000000018
6317,1.8490000000000018
6318,2.0670000000000015
6319,2.0490000000000013
6320,1.5400000000000023
6321,1.9340000000000026
6322,1.4410000000000016
6323,1.9520000000000022
6324,1.8530000000000015
6325,1.9500000000000017
6326,1.8610000000000015
6327,2.045000000000002
6328,1.9480000000000022
6329,1.7420000000000018
6330,1.8570000000000007
6331,1.5380000000000025
6332,1.9580000000000015
6333,1.639000000000002
6334,1.6310000000000022
6335,1.9520000000000015
6336,1.8390000000000024
6337,2.045000000000002
6338,2.049000000000002
6339,1.8550000000000018
6340,1.954000000000002
6341,2.150000000000002
6342,1.851000000000002
6343,2.0510000000000024
6344,2.043000000000003
6345,1.9520000000000015
6346,1.9560000000000013
6347,1.746000000000002
6348,1.9580000000000013
6349,2.150000000000002
6350,1.5320000000000025
6351,1.754000000000001
6352,1.6270000000000022
6353,1.9380000000000017
6354,1.857000000000002
6355,2.047000000000003
6356,1.740000000000002
6357,1.8510000000000013
6358,2.0530000000000017
6359,2.1560000000000015
6360,1.5420000000000025
6361,1.9460000000000017
6362,1.9520000000000022
6363,2.1520000000000024
6364,1.8490000000000024
6365,2.043000000000002
6366,2.144000000000003
6367,1.4310000000000023
6368,1.7460000000000013
6369,1.9480000000000017
6370,1.8390000000000017
6371,2.1500000000000017
6372,1.7240000000000029
6373,1.7480000000000016
6374,1.9480000000000024
6375,1.865000000000001
6376,2.027000000000003
6377,1.6430000000000016
6378,1.9540000000000017
6379,1.5360000000000023
6380,1.5420000000000018
6381,1.851000000000001
6382,1.9500000000000017
6383,1.847000000000002
6384,1.6470000000000022
6385,2.154000000000002
6386,1.6410000000000022
6387,1.7380000000000015
6388,1.9420000000000022
6389,2.1580000000000017
6390,1.538000000000001
6391,1.7380000000000015
6392,1.7440000000000018
6393,1.8470000000000013
6394,1.8490000000000015
6395,2.065000000000001
6396,1.6370000000000027
6397,1.643000000000002
6398,1.6450000000000022
6399,1.837000000000002
6400,1.5340000000000016
6401,2.0530000000000017
6402,1.9560000000000017
6403,2.164000000000002
6404,1.6350000000000018
6405,1.950000000000001
6406,1.8390000000000013
6407,1.6410000000000013
6408,1.950000000000002
6409,1.9480000000000013
6410,1.6410000000000016
6411,1.942000000000002
6412,1.841000000000002
6413,1.6410000000000013
6414,1.6370000000000016
6415,1.9540000000000024
6416,1.9600000000000015
6417,1.5560000000000007
6418,1.9480000000000017
6419,1.9480000000000022
6420,1.6470000000000016
6421,1.7520000000000016
6422,1.9460000000000022
6423,1.9520000000000015
6424,1.9500000000000015
6425,2.0610000000000013
6426,1.8450000000000017
6427,1.5360000000000027
6428,1.7340000000000018
6429,1.7420000000000022
6430,1.6510000000000011
6431,1.7360000000000022
6432,1.6490000000000007
6433,2.0630000000000015
6434,2.1520000000000015
6435,1.631000000000002
6436,2.037000000000002
6437,1.530000000000003
6438,1.7580000000000007
6439,1.9480000000000015
6440,1.936000000000002
6441,1.855000000000001
6442,1.9460000000000022
6443,1.835000000000002
6444,1.8450000000000022
6445,1.8490000000000015
6446,1.7420000000000022
6447,1.643000000000001
6448,1.6370000000000018
6449,1.8470000000000022
6450,1.6490000000000018
6451,2.148000000000002
6452,2.0490000000000017
6453,1.6530000000000025
6454,1.7440000000000024
6455,1.7420000000000018
6456,2.2470000000000017
6457,1.837000000000002
6458,1.7380000000000018
6459,1.6430000000000016
6460,2.148000000000002
6461,1.6390000000000016
6462,1.7520000000000016
6463,1.7480000000000016
6464,1.433000000000002
6465,1.9500000000000017
6466,1.3380000000000012
6467,2.055000000000002
6468,1.9480000000000017
6469,1.540000000000003
6470,1.6370000000000025
6471,1.8410000000000013
6472,1.9480000000000013
6473,1.740000000000002
6474,2.055000000000002
6475,2.0650000000000004
6476,2.0550000000000015
6477,1.8450000000000017
6478,1.8370000000000026
6479,1.7520000000000016
6480,2.374000000000001
6481,1.643000000000002
6482,1.8430000000000024
6483,2.0470000000000024
6484,1.5440000000000023
6485,2.2550000000000017
6486,1.3340000000000019
6487,1.8510000000000009
6488,1.7480000000000016
6489,1.8470000000000015
6490,1.8370000000000022
6491,2.249000000000002
6492,1.6430000000000016
6493,1.7420000000000024
6494,1.7440000000000024
6495,1.641000000000002
6496,1.9520000000000015
6497,1.732000000000003
6498,2.1480000000000024
6499,1.9480000000000017
6500,1.8350000000000029
6501,1.5440000000000018
6502,1.8490000000000024
6503,1.740000000000002
6504,1.7400000000000018
6505,1.6430000000000025
6506,1.8550000000000013
6507,1.839000000000002
6508,1.8430000000000017
6509,1.7420000000000022
6510,1.857000000000001
6511,2.350000000000002
6512,1.8550000000000013
6513,1.7380000000000024
6514,1.532000000000003
6515,1.8510000000000022
6516,1.6430000000000016
6517,1.8410000000000022
6518,1.954000000000002
6519,2.053000000000002
6520,2.0470000000000015
6521,1.9480000000000017
6522,1.847000000000002
6523,1.7320000000000024
6524,1.9480000000000022
6525,1.6410000000000013
6526,2.0370000000000026
6527,1.6330000000000018
6528,1.8430000000000022
6529,1.845000000000002
6530,1.9380000000000022
6531,2.168000000000001
6532,1.9620000000000013
6533,1.9320000000000028
6534,1.7460000000000022
6535,1.8470000000000022
6536,2.0670000000000015
6537,2.0510000000000024
6538,1.4230000000000025
6539,2.2610000000000015
6540,1.9440000000000017
6541,1.7400000000000022
6542,1.9480000000000024
6543,1.7420000000000015
6544,1.7360000000000024
6545,1.8570000000000013
6546,2.0550000000000024
6547,2.160000000000002
6548,1.7400000000000022
6549,1.5460000000000016
6550,1.6370000000000022
6551,1.5480000000000012
6552,1.6490000000000018
6553,1.950000000000001
6554,1.956000000000002
6555,1.7280000000000018
6556,1.433000000000002
6557,1.7540000000000007
6558,1.8510000000000013
6559,1.950000000000002
6560,1.6470000000000016
6561,1.8390000000000017
6562,1.6310000000000024
6563,1.8410000000000022
6564,2.0370000000000026
6565,2.0530000000000017
6566,1.7520000000000016
6567,1.6370000000000025
6568,2.0530000000000026
6569,1.9540000000000015
6570,1.6370000000000022
6571,2.263000000000001
6572,1.7480000000000013
6573,2.255000000000002
6574,1.8470000000000015
6575,1.8490000000000026
6576,1.8490000000000018
6577,1.5400000000000014
6578,1.8390000000000017
6579,1.534000000000002
6580,2.039000000000002
6581,1.7520000000000022
6582,1.9420000000000022
6583,1.7440000000000015
6584,2.037000000000002
6585,1.8410000000000013
6586,1.6530000000000014
6587,1.9540000000000015
6588,1.7400000000000018
6589,1.8650000000000013
6590,1.6370000000000011
6591,1.6430000000000016
6592,1.746000000000002
6593,2.045000000000002
6594,1.8550000000000013
6595,1.8430000000000017
6596,1.940000000000002
6597,2.1520000000000024
6598,1.6510000000000007
6599,2.2490000000000023
6600,1.641000000000002
6601,1.5420000000000023
6602,1.6330000000000027
6603,1.8370000000000026
6604,2.1400000000000023
6605,1.5400000000000018
6606,1.7340000000000024
6607,2.063000000000001
6608,1.734000000000002
6609,1.6430000000000016
6610,2.049000000000002
6611,1.635000000000002
6612,2.0550000000000015
6613,1.8530000000000015
6614,1.950000000000002
6615,2.1540000000000017
6616,1.845000000000002
6617,2.0470000000000024
6618,1.8410000000000022
6619,1.9580000000000015
6620,2.049000000000002
6621,1.538000000000002
6622,1.7460000000000022
6623,1.8430000000000015
6624,1.851000000000001
6625,1.952000000000002
6626,1.439000000000002
6627,1.8410000000000022
6628,1.8390000000000017
6629,1.845000000000001
6630,2.140000000000002
6631,1.9540000000000015
6632,1.855000000000002
6633,1.435000000000002
6634,2.049000000000002
6635,1.940000000000002
6636,1.8450000000000022
6637,1.952000000000001
6638,1.8450000000000015
6639,2.5540000000000025
6640,1.6430000000000016
6641,1.639000000000002
6642,1.7480000000000016
6643,1.946000000000001
6644,1.8490000000000024
6645,1.6390000000000027
6646,1.5460000000000014
6647,1.6310000000000022
6648,1.940000000000002
6649,1.9560000000000017
6650,1.8330000000000022
6651,1.750000000000001
6652,1.8330000000000017
6653,1.7500000000000018
6654,1.8430000000000024
6655,1.960000000000002
6656,1.9400000000000022
6657,1.538000000000002
6658,1.748000000000002
6659,1.7540000000000016
6660,1.3360000000000014
6661,2.142000000000002
6662,2.053000000000002
6663,1.7400000000000013
6664,1.9360000000000026
6665,1.7440000000000015
6666,1.5420000000000018
6667,1.9640000000000017
6668,1.956000000000002
6669,1.6450000000000005
6670,1.9480000000000015
6671,1.740000000000002
6672,1.4350000000000025
6673,1.8470000000000022
6674,1.746000000000002
6675,1.6330000000000024
6676,2.2330000000000028
6677,1.9540000000000017
6678,1.9580000000000017
6679,1.7520000000000018
6680,1.9540000000000017
6681,1.7460000000000022
6682,1.845000000000002
6683,1.7440000000000018
6684,1.950000000000002
6685,1.736000000000003
6686,1.8530000000000009
6687,2.0530000000000017
6688,1.8410000000000024
6689,1.5440000000000007
6690,2.0530000000000017
6691,1.9500000000000028
6692,1.6450000000000025
6693,1.6370000000000022
6694,1.8490000000000024
6695,1.8410000000000017
6696,2.156000000000002
6697,1.8410000000000017
6698,2.150000000000002
6699,1.4430000000000016
6700,1.6410000000000022
6701,2.2430000000000017
6702,1.6510000000000022
6703,1.5520000000000016
6704,1.7420000000000018
6705,1.861000000000001
6706,1.849000000000002
6707,1.6450000000000018
6708,1.6370000000000022
6709,2.0650000000000013
6710,1.655000000000001
6711,1.5360000000000016
6712,1.5300000000000014
6713,1.7460000000000016
6714,1.6390000000000016
6715,1.8570000000000022
6716,1.7380000000000027
6717,1.6410000000000025
6718,1.8430000000000015
6719,2.160000000000002
6720,1.8410000000000022
6721,1.9500000000000015
6722,1.950000000000002
6723,1.4370000000000014
6724,1.7480000000000016
6725,1.6390000000000011
6726,1.7280000000000026
6727,1.7280000000000018
6728,1.8450000000000026
6729,1.5420000000000023
6730,1.5360000000000016
6731,2.251000000000002
6732,2.0530000000000017
6733,1.8370000000000024
6734,1.734000000000002
6735,1.8330000000000017
6736,1.3440000000000023
6737,1.9420000000000022
6738,1.8470000000000026
6739,1.8430000000000017
6740,2.0550000000000015
6741,1.9460000000000013
6742,2.2670000000000012
6743,1.8490000000000018
6744,1.7380000000000018
6745,1.7360000000000022
6746,1.954000000000002
6747,1.9560000000000013
6748,1.8490000000000015
6749,1.7500000000000013
6750,1.8430000000000015
6751,1.8430000000000015
6752,1.8470000000000022
6753,1.7360000000000022
6754,1.960000000000001
6755,2.2490000000000023
6756,1.6370000000000022
6757,1.4350000000000025
6758,1.9540000000000015
6759,1.744000000000001
6760,1.9560000000000008
6761,1.4310000000000023
6762,1.742000000000001
6763,1.6570000000000014
6764,1.9520000000000022
6765,1.7380000000000015
6766,2.0550000000000015
6767,1.5380000000000016
6768,1.538000000000002
6769,1.6430000000000016
6770,1.6410000000000013
6771,1.639000000000002
6772,1.9440000000000024
6773,1.6410000000000022
6774,1.5420000000000016
6775,2.1520000000000015
6776,1.8450000000000017
6777,1.643000000000002
6778,1.7340000000000024
6779,1.6350000000000022
6780,2.162000000000002
6781,1.952000000000002
6782,1.9440000000000024
6783,1.7380000000000018
6784,2.045000000000002
6785,1.9480000000000015
6786,1.847000000000002
6787,1.7440000000000018
6788,1.5420000000000016
6789,1.6490000000000022
6790,1.5520000000000016
6791,1.6370000000000016
6792,1.4310000000000018
6793,1.734000000000002
6794,1.9400000000000022
6795,1.9500000000000017
6796,1.766000000000002
6797,1.744000000000002
6798,1.6330000000000016
6799,1.9480000000000015
6800,1.8570000000000015
6801,1.954000000000002
6802,1.8510000000000022
6803,2.2370000000000023
6804,1.6370000000000022
6805,1.3300000000000025
6806,1.9520000000000013
6807,2.0490000000000013
6808,1.849000000000001
6809,1.6390000000000022
6810,2.049000000000002
6811,1.9600000000000015
6812,1.5380000000000011
6813,1.7540000000000011
6814,1.837000000000002
6815,2.043000000000002
6816,2.263000000000001
6817,1.9520000000000015
6818,1.639000000000002
6819,1.8410000000000022
6820,2.0510000000000015
6821,1.4250000000000023
6822,1.5500000000000016
6823,1.7420000000000015
6824,1.6490000000000016
6825,1.6390000000000016
6826,1.6410000000000016
6827,1.7520000000000016
6828,1.9540000000000015
6829,2.0490000000000017
6830,1.6550000000000018
6831,2.0510000000000024
6832,1.956000000000001
6833,1.8470000000000024
6834,2.0630000000000015
6835,1.7540000000000011
6836,2.045000000000002
6837,1.744000000000002
6838,1.9480000000000013
6839,1.9540000000000017
6840,1.841000000000002
6841,1.962000000000001
6842,1.6530000000000014
6843,1.6410000000000016
6844,1.9360000000000022
6845,2.0430000000000024
6846,1.5320000000000018
6847,1.9380000000000024
6848,1.8410000000000017
6849,1.5400000000000025
6850,1.6390000000000018
6851,1.837000000000001
6852,1.8450000000000017
6853,1.8410000000000029
6854,1.6390000000000018
6855,1.6370000000000025
6856,1.9360000000000022
6857,1.435000000000002
6858,1.7380000000000029
6859,1.7440000000000015
6860,1.7380000000000018
6861,1.7380000000000024
6862,1.528000000000002
6863,1.534000000000002
6864,2.152000000000002
6865,1.8430000000000024
6866,2.2570000000000014
6867,1.8590000000000015
6868,2.2430000000000025
6869,1.8450000000000022
6870,1.457000000000001
6871,1.6370000000000022
6872,1.8490000000000018
6873,1.6330000000000013
6874,1.9420000000000013
6875,1.8350000000000022
6876,1.8410000000000022
6877,1.9560000000000013
6878,1.8490000000000015
6879,1.8410000000000024
6880,1.9480000000000017
6881,1.8430000000000022
6882,1.5480000000000012
6883,2.3520000000000025
6884,1.8510000000000013
6885,1.639000000000002
6886,1.855000000000001
6887,1.956000000000002
6888,1.7320000000000022
6889,1.538000000000002
6890,2.0490000000000017
6891,1.851000000000001
6892,2.1660000000000013
6893,1.8410000000000017
6894,1.8430000000000024
6895,1.7520000000000022
6896,1.8430000000000017
6897,1.5380000000000018
6898,1.851000000000002
6899,1.7440000000000015
6900,1.6490000000000016
6901,1.9560000000000017
6902,1.5500000000000014
6903,1.8570000000000022
6904,1.8430000000000022
6905,1.7420000000000027
6906,2.0530000000000017
6907,1.7400000000000022
6908,1.8430000000000017
6909,1.7620000000000018
6910,1.9380000000000022
6911,2.257000000000002
6912,2.047000000000002
6913,1.8490000000000018
6914,1.8450000000000017
6915,1.6350000000000025
6916,2.2390000000000025
6917,2.049000000000002
6918,1.736000000000002
6919,2.0450000000000017
6920,2.0630000000000015
6921,1.944000000000002
6922,1.851000000000001
6923,1.8390000000000024
6924,1.9540000000000013
6925,1.8470000000000015
6926,2.0470000000000015
6927,1.7440000000000015
6928,1.956000000000002
6929,1.643000000000002
6930,1.7420000000000018
6931,1.9420000000000022
6932,2.1460000000000026
6933,1.845000000000002
6934,1.7420000000000022
6935,1.845000000000002
6936,1.744000000000002
6937,1.9300000000000024
6938,1.8510000000000018
6939,2.047000000000002
6940,1.8490000000000024
6941,1.7340000000000027
6942,1.7380000000000022
6943,2.150000000000002
6944,2.164000000000002
6945,1.758000000000002
6946,1.6530000000000007
6947,1.5300000000000014
6948,1.839000000000002
6949,2.0610000000000013
6950,1.635000000000002
6951,1.9380000000000026
6952,1.641000000000002
6953,1.746000000000002
6954,1.6510000000000022
6955,2.0550000000000015
6956,1.635000000000002
6957,1.6370000000000018
6958,1.5340000000000016
6959,1.6390000000000018
6960,1.7380000000000024
6961,2.0530000000000017
6962,1.9520000000000024
6963,2.2430000000000025
6964,1.6450000000000025
6965,2.0550000000000015
6966,1.936000000000002
6967,1.9500000000000017
6968,2.146000000000002
6969,1.7380000000000022
6970,2.0510000000000015
6971,1.962000000000001
6972,1.6470000000000016
6973,1.9420000000000024
6974,1.635000000000002
6975,1.8430000000000026
6976,1.9400000000000028
6977,1.8510000000000013
6978,1.8470000000000015
6979,2.0650000000000013
6980,1.8430000000000022
6981,2.1460000000000017
6982,2.055000000000002
6983,1.942000000000002
6984,2.146000000000002
6985,1.7600000000000013
6986,1.7560000000000016
6987,1.8430000000000015
6988,1.938000000000001
6989,1.633000000000002
6990,1.8430000000000024
6991,1.7460000000000022
6992,1.7360000000000024
6993,1.8350000000000022
6994,1.950000000000002
6995,2.0530000000000017
6996,1.653000000000001
6997,1.744000000000002
6998,2.140000000000002
6999,1.954000000000002
7000,2.0610000000000013
7001,1.635000000000002
7002,1.9540000000000015
7003,1.7400000000000022
7004,1.8450000000000026
7005,1.9420000000000022
7006,2.1520000000000015
7007,1.6450000000000025
7008,1.9420000000000013
7009,1.845000000000001
7010,2.0510000000000015
7011,1.851000000000002
7012,2.3580000000000014
7013,1.5360000000000014
7014,1.7580000000000016
7015,2.0530000000000026
7016,1.8390000000000017
7017,1.8570000000000015
7018,1.9400000000000015
7019,1.540000000000002
7020,1.942000000000002
7021,1.5260000000000022
7022,1.8550000000000013
7023,1.6410000000000016
7024,2.0570000000000017
7025,1.6310000000000013
7026,1.7380000000000018
7027,1.8450000000000017
7028,1.5480000000000012
7029,1.6390000000000011
7030,1.9420000000000022
7031,1.8430000000000022
7032,1.851000000000001
7033,1.7400000000000027
7034,1.950000000000002
7035,1.4290000000000014
7036,2.2550000000000017
7037,1.9360000000000022
7038,2.1560000000000015
7039,1.9560000000000008
7040,1.958000000000001
7041,1.8430000000000024
7042,1.6530000000000018
7043,1.7560000000000013
7044,1.9580000000000015
7045,1.538000000000002
7046,1.5260000000000031
7047,2.0570000000000017
7048,1.7360000000000022
7049,2.253000000000002
7050,1.7480000000000016
7051,1.7360000000000022
7052,1.9440000000000026
7053,1.936000000000002
7054,1.8570000000000013
7055,1.6390000000000018
7056,1.7380000000000018
7057,1.6430000000000013
7058,1.7420000000000018
7059,2.059000000000002
7060,2.045000000000002
7061,1.5320000000000025
7062,1.5380000000000027
7063,2.2570000000000023
7064,1.6370000000000011
7065,1.5520000000000023
7066,1.9440000000000015
7067,2.1460000000000017
7068,1.9480000000000013
7069,1.5460000000000012
7070,1.740000000000002
7071,1.7420000000000022
7072,1.7580000000000016
7073,1.6330000000000024
7074,1.8430000000000022
7075,1.5320000000000016
7076,2.059000000000002
7077,1.5420000000000023
7078,1.4310000000000014
7079,1.5380000000000016
7080,2.1580000000000017
7081,2.0330000000000026
7082,1.8390000000000017
7083,1.956000000000002
7084,1.8630000000000009
7085,1.7360000000000013
7086,1.9540000000000015
7087,2.144000000000002
7088,2.0550000000000015
7089,1.9560000000000017
7090,1.5400000000000023
7091,2.0530000000000017
7092,2.039000000000002
7093,1.6370000000000018
7094,1.5360000000000027
7095,1.439000000000002
7096,1.9480000000000017
7097,1.9380000000000024
7098,1.8430000000000017
7099,1.8430000000000022
7100,2.0530000000000017
7101,1.740000000000002
7102,1.8470000000000013
7103,1.7400000000000027
7104,1.855000000000001
7105,1.8410000000000013
7106,1.9400000000000015
7107,1.7400000000000027
7108,2.0710000000000006
7109,1.8470000000000013
7110,2.059000000000001
7111,1.6570000000000018
7112,1.7400000000000018
7113,1.8570000000000013
7114,2.156000000000002
7115,1.9540000000000008
7116,2.045000000000002
7117,1.9500000000000017
7118,2.152000000000002
7119,1.9440000000000015
7120,1.9620000000000006
7121,2.255000000000002
7122,1.7440000000000018
7123,2.1420000000000026
7124,1.7540000000000016
7125,2.0490000000000013
7126,1.7540000000000018
7127,1.8510000000000018
7128,2.0470000000000015
7129,2.039000000000003
7130,2.1620000000000013
7131,1.7360000000000024
7132,1.7360000000000022
7133,1.7560000000000016
7134,2.0430000000000024
7135,1.7440000000000015
7136,1.746000000000002
7137,2.053000000000002
7138,1.9540000000000015
7139,1.534000000000002
7140,1.7340000000000024
7141,1.530000000000002
7142,2.051000000000002
7143,1.746000000000002
7144,2.0490000000000017
7145,2.037000000000003
7146,1.8410000000000022
7147,1.9620000000000022
7148,1.635000000000002
7149,1.746000000000002
7150,2.253000000000002
7151,2.2710000000000012
7152,1.746000000000002
7153,1.5440000000000011
7154,1.9480000000000017
7155,2.245000000000002
7156,1.950000000000002
7157,2.0510000000000015
7158,1.7520000000000016
7159,1.9440000000000024
7160,1.9540000000000017
7161,1.760000000000001
7162,1.8430000000000026
7163,1.9480000000000013
7164,1.6490000000000018
7165,2.0590000000000015
7166,1.6410000000000016
7167,1.7460000000000016
7168,2.0470000000000024
7169,1.530000000000003
7170,1.6570000000000016
7171,1.7460000000000022
7172,2.0470000000000024
7173,2.0470000000000015
7174,1.8470000000000013
7175,1.9480000000000015
7176,1.7380000000000018
7177,2.057000000000001
7178,2.259000000000002
7179,1.7380000000000015
7180,1.8430000000000017
7181,2.0650000000000013
7182,1.7400000000000018
7183,1.6370000000000016
7184,1.9540000000000015
7185,1.5400000000000011
7186,1.9440000000000017
7187,1.6310000000000024
7188,2.045000000000002
7189,1.940000000000002
7190,1.754000000000001
7191,2.160000000000002
7192,1.7480000000000013
7193,1.8530000000000022
7194,1.8330000000000022
7195,2.247000000000002
7196,1.9480000000000022
7197,2.1500000000000017
7198,1.643000000000002
7199,1.6430000000000016
7200,1.7360000000000022
7201,2.0430000000000024
7202,1.8290000000000028
7203,2.0530000000000013
7204,1.9500000000000015
7205,1.7460000000000024
7206,1.9480000000000015
7207,1.7380000000000027
7208,1.633000000000002
7209,1.7580000000000016
7210,1.8350000000000026
7211,1.9500000000000017
7212,1.9500000000000022
7213,2.047000000000002
7214,1.9480000000000022
7215,1.6370000000000013
7216,1.7380000000000022
7217,1.7480000000000016
7218,2.1480000000000024
7219,1.7420000000000024
7220,1.952000000000002
7221,1.9560000000000013
7222,1.8490000000000015
7223,1.9520000000000015
7224,1.8530000000000018
7225,2.162000000000001
7226,1.6530000000000014
7227,1.9600000000000009
7228,1.8550000000000013
7229,2.0590000000000015
7230,1.7620000000000013
7231,2.053000000000002
7232,1.9480000000000015
7233,1.9480000000000022
7234,1.6450000000000018
7235,1.6530000000000007
7236,1.6450000000000022
7237,1.7620000000000013
7238,1.8490000000000015
7239,1.641000000000002
7240,2.251000000000002
7241,2.0510000000000024
7242,2.0590000000000015
7243,1.5420000000000025
7244,1.9420000000000022
7245,1.9440000000000026
7246,1.7500000000000013
7247,2.148000000000002
7248,1.8510000000000009
7249,1.7380000000000024
7250,1.9520000000000013
7251,1.8530000000000013
7252,1.8430000000000022
7253,1.643000000000002
7254,1.7440000000000018
7255,1.946000000000001
7256,1.9480000000000013
7257,1.7620000000000018
7258,1.7340000000000024
7259,1.7380000000000022
7260,1.9440000000000017
7261,1.756000000000002
7262,1.5360000000000016
7263,1.849000000000002
7264,1.7400000000000018
7265,1.8430000000000022
7266,1.8390000000000017
7267,1.954000000000002
7268,1.4390000000000018
7269,1.7520000000000013
7270,2.2510000000000017
7271,1.8470000000000015
7272,1.8430000000000022
7273,1.7520000000000016
7274,1.8450000000000006
7275,1.8530000000000022
7276,2.0730000000000017
7277,1.7440000000000015
7278,1.7400000000000022
7279,1.9380000000000022
7280,1.7260000000000022
7281,1.7340000000000024
7282,1.8490000000000018
7283,1.7460000000000013
7284,1.5300000000000022
7285,2.0530000000000013
7286,1.7400000000000018
7287,1.851000000000001
7288,1.7440000000000024
7289,1.8550000000000009
7290,2.0610000000000013
7291,1.7540000000000016
7292,1.7300000000000029
7293,1.7460000000000013
7294,2.053000000000002
7295,1.7420000000000015
7296,1.7480000000000009
7297,1.857000000000002
7298,2.041000000000002
7299,1.8490000000000018
7300,1.9560000000000017
7301,1.7420000000000024
7302,1.746000000000002
7303,2.0650000000000013
7304,1.9520000000000013
7305,1.7520000000000022
7306,1.9460000000000017
7307,1.538000000000001
7308,1.7500000000000013
7309,2.053000000000002
7310,1.9480000000000013
7311,1.9560000000000017
7312,1.9520000000000013
7313,2.1580000000000017
7314,1.7520000000000018
7315,1.851000000000002
7316,2.0450000000000017
7317,1.8410000000000029
7318,2.0550000000000015
7319,2.154000000000002
7320,1.8490000000000024
7321,1.946000000000002
7322,1.4390000000000014
7323,2.1400000000000023
7324,1.8430000000000024
7325,1.6470000000000018
7326,1.7480000000000018
7327,2.3520000000000025
7328,1.835000000000002
7329,2.1520000000000015
7330,1.7620000000000013
7331,1.8550000000000018
7332,1.8590000000000009
7333,2.144000000000003
7334,2.063000000000002
7335,1.7280000000000024
7336,1.9520000000000015
7337,2.1520000000000015
7338,1.550000000000002
7339,1.950000000000002
7340,1.8490000000000024
7341,1.6390000000000016
7342,1.847000000000002
7343,1.6430000000000016
7344,1.9500000000000015
7345,1.8530000000000009
7346,2.0510000000000015
7347,2.043000000000002
7348,1.7440000000000018
7349,2.045000000000002
7350,1.8410000000000022
7351,1.8410000000000022
7352,2.0510000000000024
7353,1.940000000000002
7354,1.7420000000000024
7355,2.255000000000002
7356,1.8570000000000013
7357,2.1440000000000023
7358,1.8410000000000017
7359,1.8450000000000017
7360,2.047000000000002
7361,1.651000000000002
7362,1.946000000000002
7363,1.847000000000002
7364,1.3320000000000016
7365,1.6390000000000022
7366,2.0450000000000017
7367,1.9460000000000013
7368,2.0590000000000015
7369,1.8430000000000017
7370,1.9640000000000015
7371,1.841000000000002
7372,2.053000000000002
7373,1.6350000000000025
7374,1.730000000000003
7375,2.3440000000000025
7376,1.9520000000000022
7377,1.5380000000000018
7378,1.7380000000000029
7379,2.1560000000000024
7380,2.049000000000002
7381,2.0510000000000015
7382,1.6370000000000022
7383,2.1460000000000026
7384,1.639000000000002
7385,2.055000000000001
7386,1.734000000000002
7387,1.538000000000002
7388,1.7520000000000016
7389,2.049000000000002
7390,1.9520000000000013
7391,1.7440000000000015
7392,1.944000000000002
7393,1.8410000000000017
7394,1.9640000000000013
7395,1.9500000000000022
7396,2.1540000000000017
7397,2.144000000000002
7398,2.0590000000000015
7399,1.7360000000000022
7400,2.039000000000003
7401,1.8450000000000017
7402,1.7320000000000024
7403,2.049000000000002
7404,1.7500000000000022
7405,2.0570000000000013
7406,2.273000000000001
7407,1.7380000000000022
7408,1.6430000000000018
7409,1.9380000000000022
7410,1.540000000000002
7411,1.9380000000000024
7412,1.9480000000000015
7413,1.6570000000000016
7414,1.8470000000000022
7415,1.6510000000000016
7416,1.746000000000001
7417,2.0650000000000013
7418,1.950000000000002
7419,1.7360000000000015
7420,2.148000000000002
7421,1.5440000000000023
7422,2.0370000000000017
7423,1.8550000000000009
7424,1.7400000000000027
7425,1.8290000000000024
7426,1.7520000000000016
7427,1.7420000000000015
7428,2.0530000000000017
7429,1.5420000000000023
7430,2.1560000000000015
7431,1.7400000000000022
7432,1.8570000000000015
7433,1.9420000000000015
7434,1.8530000000000018
7435,1.7280000000000024
7436,1.9540000000000017
7437,1.9540000000000017
7438,1.942000000000002
7439,1.849000000000002
7440,1.7460000000000016
7441,1.934000000000002
7442,1.7380000000000027
7443,1.8470000000000022
7444,1.7520000000000022
7445,2.2550000000000012
7446,2.059000000000002
7447,2.1460000000000026
7448,1.8650000000000013
7449,1.934000000000002
7450,1.950000000000002
7451,2.144000000000002
7452,1.7480000000000018
7453,1.851000000000002
7454,1.9460000000000017
7455,1.6590000000000016
7456,1.8490000000000015
7457,1.655000000000001
7458,1.6470000000000016
7459,2.156000000000002
7460,1.5400000000000014
7461,1.9560000000000017
7462,2.0470000000000024
7463,1.7560000000000013
7464,1.6390000000000022
7465,1.8550000000000013
7466,2.150000000000002
7467,2.0510000000000015
7468,1.7400000000000018
7469,2.1540000000000017
7470,1.7440000000000024
7471,2.0550000000000024
7472,2.1380000000000026
7473,2.063000000000002
7474,1.8310000000000022
7475,1.7480000000000018
7476,2.1420000000000026
7477,1.7460000000000009
7478,1.7560000000000011
7479,2.1500000000000017
7480,1.849000000000002
7481,1.9520000000000022
7482,1.8530000000000013
7483,1.9340000000000017
7484,1.9460000000000022
7485,1.9680000000000004
7486,1.9520000000000015
7487,1.9560000000000022
7488,2.2550000000000017
7489,2.1560000000000015
7490,2.045000000000002
7491,2.4490000000000016
7492,2.0590000000000015
7493,1.849000000000002
7494,2.0510000000000015
7495,1.5440000000000018
7496,1.7340000000000027
7497,1.9620000000000013
7498,2.1520000000000015
7499,2.045000000000002
7500,2.0570000000000017
7501,1.8490000000000018
7502,1.7400000000000022
7503,1.538000000000001
7504,2.0470000000000024
7505,1.9480000000000026
7506,1.736000000000002
7507,2.0590000000000015
7508,1.960000000000001
7509,1.754000000000001
7510,1.7540000000000004
7511,1.8390000000000013
7512,1.6270000000000018
7513,1.7420000000000022
7514,1.6450000000000018
7515,2.0430000000000024
7516,1.7500000000000018
7517,1.9460000000000017
7518,1.8390000000000015
7519,1.643000000000002
7520,1.9440000000000026
7521,1.740000000000002
7522,1.6370000000000018
7523,1.643000000000002
7524,1.6350000000000025
7525,1.8330000000000024
7526,2.0370000000000026
7527,1.8530000000000013
7528,2.150000000000002
7529,1.9440000000000024
7530,1.837000000000002
7531,1.7520000000000018
7532,1.4230000000000018
7533,1.7340000000000027
7534,1.544000000000002
7535,2.035000000000002
7536,1.6390000000000022
7537,2.144000000000002
7538,2.0510000000000024
7539,2.144000000000003
7540,1.7380000000000027
7541,1.6430000000000025
7542,1.952000000000001
7543,2.0530000000000017
7544,1.9440000000000017
7545,1.7540000000000016
7546,1.9600000000000017
7547,1.9500000000000022
7548,2.0510000000000015
7549,1.847000000000002
7550,1.9380000000000017
7551,2.045000000000002
7552,1.9400000000000017
7553,1.641000000000002
7554,1.7440000000000018
7555,1.7520000000000013
7556,1.5340000000000027
7557,1.9480000000000024
7558,1.7420000000000015
7559,2.0490000000000013
7560,1.734000000000003
7561,1.7380000000000024
7562,1.9560000000000017
7563,2.047000000000002
7564,1.7620000000000007
7565,1.9600000000000017
7566,1.954000000000002
7567,2.065000000000001
7568,1.9480000000000026
7569,1.9560000000000017
7570,1.9500000000000015
7571,1.6530000000000014
7572,1.8470000000000015
7573,1.7460000000000022
7574,1.7480000000000018
7575,1.6410000000000025
7576,1.9320000000000024
7577,1.9440000000000024
7578,1.631000000000002
7579,1.9680000000000006
7580,2.063000000000001
7581,1.950000000000002
7582,2.1480000000000015
7583,1.6390000000000018
7584,1.7620000000000013
7585,1.6370000000000025
7586,1.8510000000000018
7587,1.855000000000002
7588,1.7520000000000016
7589,1.8450000000000017
7590,2.0490000000000026
7591,2.0510000000000006
7592,2.1500000000000026
7593,1.9560000000000017
7594,1.9420000000000024
7595,1.6330000000000024
7596,1.6410000000000022
7597,1.9420000000000022
7598,1.950000000000001
7599,1.7360000000000013
7600,1.8530000000000018
7601,1.8470000000000022
7602,1.7420000000000007
7603,1.8490000000000024
7604,1.649000000000002
7605,1.8330000000000024
7606,1.740000000000002
7607,1.9640000000000017
7608,2.0450000000000017
7609,1.8530000000000013
7610,1.6390000000000016
7611,1.839000000000002
7612,1.8590000000000015
7613,2.041000000000002
7614,1.5480000000000018
7615,2.2590000000000012
7616,2.2590000000000012
7617,1.861000000000001
7618,2.0490000000000017
7619,1.847000000000002
7620,1.6430000000000018
7621,1.9720000000000004
7622,2.1620000000000017
7623,1.740000000000002
7624,1.855000000000002
7625,1.8410000000000017
7626,1.845000000000002
7627,1.960000000000001
7628,1.847000000000002
7629,1.9520000000000015
7630,1.4370000000000016
7631,2.160000000000002
7632,1.4350000000000016
7633,1.849000000000002
7634,2.2470000000000017
7635,1.7500000000000022
7636,1.950000000000002
7637,1.9580000000000013
7638,1.645000000000002
7639,1.9500000000000022
7640,1.7460000000000022
7641,2.1520000000000024
7642,1.952000000000002
7643,1.847000000000001
7644,2.144000000000002
7645,1.736000000000002
7646,2.0570000000000017
7647,2.0410000000000026
7648,1.4410000000000018
7649,1.9480000000000017
7650,1.6350000000000018
7651,1.954000000000002
7652,2.2490000000000023
7653,1.9420000000000022
7654,1.736000000000002
7655,1.8350000000000017
7656,1.946000000000002
7657,1.8350000000000022
7658,1.7420000000000022
7659,1.9540000000000013
7660,1.9520000000000026
7661,2.065000000000002
7662,1.7360000000000015
7663,2.0470000000000024
7664,1.5360000000000014
7665,2.0450000000000026
7666,1.8430000000000022
7667,1.8290000000000017
7668,1.7500000000000013
7669,2.2470000000000026
7670,2.152000000000002
7671,1.9500000000000017
7672,1.7440000000000018
7673,1.8550000000000013
7674,1.7420000000000027
7675,2.063000000000001
7676,2.259000000000002
7677,1.4450000000000016
7678,1.6590000000000016
7679,1.940000000000002
7680,1.940000000000002
7681,1.8510000000000018
7682,1.9480000000000022
7683,1.9640000000000013
7684,2.051000000000002
7685,1.839000000000002
7686,1.956000000000002
7687,2.1540000000000012
7688,1.8590000000000018
7689,1.956000000000002
7690,1.7420000000000027
7691,1.7500000000000013
7692,1.9460000000000022
7693,1.8510000000000013
7694,1.9380000000000022
7695,1.845000000000002
7696,1.8590000000000015
7697,1.8610000000000013
7698,1.6410000000000016
7699,2.043000000000002
7700,1.6570000000000016
7701,1.4350000000000016
7702,1.950000000000002
7703,2.245000000000002
7704,1.8330000000000024
7705,1.540000000000002
7706,1.7500000000000018
7707,2.1560000000000024
7708,1.9440000000000026
7709,2.1540000000000017
7710,1.6390000000000018
7711,1.9640000000000017
7712,2.3520000000000016
7713,1.6470000000000014
7714,2.2690000000000006
7715,1.7400000000000027
7716,1.5380000000000018
7717,1.8410000000000022
7718,2.1580000000000017
7719,2.255000000000002
7720,1.544000000000002
7721,1.944000000000002
7722,1.9460000000000017
7723,1.5420000000000023
7724,1.9580000000000015
7725,1.847000000000002
7726,1.6510000000000007
7727,2.360000000000001
7728,1.8550000000000013
7729,2.043000000000002
7730,2.140000000000002
7731,1.7400000000000018
7732,2.0510000000000015
7733,1.6510000000000007
7734,1.8490000000000015
7735,2.2570000000000014
7736,1.8410000000000017
7737,2.039000000000003
7738,1.552000000000001
7739,1.7380000000000018
7740,1.6370000000000016
7741,2.2570000000000023
7742,1.7380000000000018
7743,1.8350000000000022
7744,2.1520000000000024
7745,1.946000000000002
7746,1.9520000000000015
7747,2.0550000000000015
7748,1.8430000000000017
7749,1.5320000000000022
7750,2.253000000000002
7751,1.746000000000002
7752,1.7540000000000011
7753,2.0370000000000026
7754,1.8370000000000026
7755,1.7360000000000024
7756,1.7420000000000018
7757,2.0610000000000013
7758,1.6370000000000016
7759,1.6410000000000016
7760,1.4390000000000018
7761,1.8370000000000026
7762,1.8490000000000015
7763,1.6370000000000022
7764,1.9460000000000022
7765,1.9600000000000017
7766,1.7560000000000022
7767,2.152000000000002
7768,1.8350000000000022
7769,2.356000000000002
7770,1.8710000000000004
7771,1.8370000000000024
7772,2.059000000000002
7773,1.7420000000000022
7774,1.9460000000000022
7775,1.8590000000000018
7776,1.942000000000002
7777,1.851000000000002
7778,1.5500000000000016
7779,1.7440000000000015
7780,1.5360000000000023
7781,1.6470000000000016
7782,1.9620000000000015
7783,1.7520000000000018
7784,1.851000000000002
7785,1.6370000000000018
7786,1.9420000000000015
7787,1.8410000000000013
7788,2.0510000000000015
7789,2.265000000000001
7790,1.8430000000000022
7791,1.526000000000002
7792,1.6390000000000022
7793,1.7400000000000018
7794,2.1400000000000023
7795,1.8350000000000022
7796,2.3540000000000014
7797,1.9320000000000028
7798,1.6370000000000018
7799,1.7500000000000013
7800,1.4410000000000014
7801,1.7500000000000009
7802,1.859000000000001
7803,1.9340000000000026
7804,2.2410000000000023
7805,1.8490000000000018
7806,1.649000000000001
7807,1.9480000000000022
7808,1.9440000000000015
7809,1.8470000000000024
7810,1.9400000000000022
7811,1.8490000000000015
7812,1.6370000000000018
7813,2.245000000000002
7814,2.360000000000002
7815,1.7520000000000016
7816,2.1520000000000024
7817,1.7520000000000013
7818,1.7240000000000029
7819,1.7360000000000013
7820,1.9440000000000024
7821,2.3740000000000006
7822,1.7360000000000022
7823,1.766000000000001
7824,2.059000000000002
7825,1.6430000000000013
7826,1.8410000000000013
7827,1.9360000000000017
7828,1.7540000000000011
7829,1.6490000000000011
7830,1.934000000000002
7831,1.9460000000000017
7832,1.635000000000002
7833,2.0410000000000026
7834,1.8430000000000017
7835,1.9540000000000013
7836,2.0530000000000013
7837,1.849000000000002
7838,2.354000000000002
7839,2.067000000000002
7840,1.8390000000000024
7841,1.746000000000002
7842,1.754000000000002
7843,2.2450000000000023
7844,1.8450000000000017
7845,1.8530000000000009
7846,1.7540000000000011
7847,1.9640000000000009
7848,1.8490000000000009
7849,1.8550000000000013
7850,1.6330000000000018
7851,1.954000000000002
7852,1.7520000000000018
7853,1.936000000000002
7854,1.5400000000000025
7855,1.8410000000000017
7856,1.5380000000000018
7857,1.7560000000000013
7858,1.946000000000002
7859,1.7420000000000022
7860,1.8430000000000022
7861,1.8550000000000009
7862,1.6490000000000016
7863,2.0370000000000026
7864,1.849000000000002
7865,1.8490000000000024
7866,1.9480000000000024
7867,1.8590000000000009
7868,2.1400000000000023
7869,1.839000000000002
7870,1.9440000000000017
7871,1.633000000000002
7872,1.8470000000000015
7873,1.960000000000001
7874,1.9500000000000015
7875,1.865000000000001
7876,2.158000000000002
7877,2.0470000000000024
7878,1.6450000000000018
7879,1.8450000000000017
7880,1.9460000000000028
7881,1.8630000000000022
7882,2.035000000000002
7883,1.6450000000000011
7884,1.9400000000000022
7885,1.8530000000000009
7886,1.9500000000000017
7887,1.7520000000000013
7888,2.039000000000003
7889,2.0550000000000015
7890,1.946000000000002
7891,1.7580000000000016
7892,1.6510000000000007
7893,1.8510000000000018
7894,1.6350000000000025
7895,1.6550000000000011
7896,1.8430000000000015
7897,1.6510000000000007
7898,2.0570000000000017
7899,1.6370000000000025
7900,1.8530000000000013
7901,1.9480000000000015
7902,1.633000000000003
7903,2.3660000000000014
7904,2.049000000000002
7905,1.8410000000000017
7906,2.1500000000000017
7907,1.7480000000000018
7908,1.952000000000002
7909,1.7260000000000029
7910,1.6390000000000016
7911,1.5500000000000016
7912,2.0370000000000026
7913,1.7480000000000016
7914,1.8370000000000024
7915,2.2530000000000014
7916,1.7500000000000018
7917,1.9440000000000017
7918,1.7520000000000016
7919,1.8370000000000024
7920,2.045000000000002
7921,2.0630000000000015
7922,1.946000000000002
7923,1.7220000000000024
7924,1.857000000000002
7925,1.9400000000000026
7926,1.8330000000000017
7927,1.9500000000000015
7928,2.0510000000000024
7929,1.8590000000000018
7930,2.0510000000000015
7931,1.9380000000000013
7932,1.8590000000000015
7933,2.2570000000000014
7934,2.051000000000002
7935,1.837000000000002
7936,1.940000000000002
7937,1.8410000000000022
7938,2.2590000000000017
7939,1.9440000000000024
7940,1.8610000000000013
7941,2.144000000000002
7942,1.8450000000000017
7943,2.0530000000000017
7944,1.536000000000002
7945,1.9400000000000028
7946,1.9640000000000004
7947,2.2470000000000017
7948,1.837000000000002
7949,1.8430000000000017
7950,2.0450000000000017
7951,1.847000000000002
7952,1.7400000000000018
7953,2.162000000000001
7954,1.946000000000002
7955,1.643000000000002
7956,1.8330000000000022
7957,2.148000000000002
7958,1.7440000000000024
7959,1.837000000000002
7960,1.8590000000000018
7961,1.6370000000000016
7962,2.0410000000000026
7963,2.247000000000003
7964,1.8450000000000026
7965,2.0530000000000017
7966,1.7480000000000016
7967,1.6310000000000024
7968,1.7460000000000022
7969,2.0530000000000017
7970,1.7380000000000024
7971,2.053000000000002
7972,2.253000000000002
7973,1.851000000000002
7974,2.0590000000000015
7975,2.154000000000002
7976,1.8430000000000022
7977,1.8530000000000009
7978,1.8530000000000022
7979,1.8490000000000015
7980,2.0550000000000015
7981,1.5300000000000018
7982,1.8530000000000013
7983,1.6430000000000025
7984,1.9400000000000026
7985,1.641000000000002
7986,1.944000000000002
7987,1.9460000000000022
7988,1.6370000000000018
7989,1.5320000000000022
7990,1.9460000000000013
7991,2.053000000000001
7992,1.857000000000001
7993,1.6470000000000022
7994,1.744000000000001
7995,1.8510000000000018
7996,1.8450000000000015
7997,2.249000000000002
7998,1.7500000000000022
7999,1.8510000000000013
8000,1.946000000000002
8001,1.4270000000000018
8002,2.1520000000000015
8003,2.146000000000002
8004,1.946000000000002
8005,1.946000000000002
8006,1.8450000000000017
8007,2.0530000000000017
8008,1.940000000000001
8009,1.643000000000001
8010,1.855000000000002
8011,1.7520000000000013
8012,2.0610000000000013
8013,1.7440000000000015
8014,1.7420000000000018
8015,2.0470000000000015
8016,2.055000000000001
8017,1.7460000000000016
8018,1.8510000000000018
8019,1.835000000000002
8020,1.845000000000002
8021,1.942000000000002
8022,1.8370000000000022
8023,2.047000000000002
8024,2.0510000000000015
8025,2.0550000000000024
8026,2.1420000000000026
8027,1.7380000000000024
8028,1.7520000000000013
8029,1.740000000000002
8030,2.148000000000002
8031,1.9480000000000015
8032,1.7440000000000018
8033,1.8350000000000017
8034,1.9480000000000015
8035,1.8390000000000029
8036,1.4350000000000016
8037,1.9620000000000006
8038,1.6370000000000025
8039,1.8610000000000015
8040,1.5460000000000016
8041,1.9460000000000022
8042,2.0610000000000013
8043,2.0530000000000013
8044,1.6530000000000018
8045,2.1400000000000023
8046,1.942000000000002
8047,1.750000000000002
8048,1.6430000000000016
8049,1.8450000000000015
8050,1.7400000000000022
8051,1.954000000000002
8052,1.9420000000000022
8053,1.9580000000000013
8054,1.829000000000002
8055,1.9460000000000022
8056,1.9580000000000015
8057,1.7380000000000022
8058,1.9460000000000013
8059,1.9580000000000015
8060,1.9380000000000024
8061,2.0570000000000017
8062,1.7420000000000022
8063,1.7500000000000018
8064,1.8390000000000015
8065,1.7300000000000022
8066,1.944000000000002
8067,1.9380000000000024
8068,1.7400000000000027
8069,2.0350000000000033
8070,2.1540000000000017
8071,1.849000000000002
8072,1.8410000000000022
8073,1.7500000000000022
8074,1.8410000000000022
8075,2.344000000000002
8076,1.7500000000000009
8077,1.952000000000002
8078,1.7460000000000022
8079,2.154000000000002
8080,1.9400000000000022
8081,1.946000000000002
8082,1.851000000000001
8083,1.7520000000000016
8084,1.6430000000000013
8085,1.8450000000000017
8086,1.7520000000000022
8087,2.0470000000000024
8088,1.7600000000000011
8089,2.150000000000002
8090,1.7640000000000018
8091,2.3580000000000023
8092,2.0530000000000017
8093,1.9540000000000015
8094,1.9440000000000017
8095,2.0570000000000017
8096,1.849000000000001
8097,1.8450000000000017
8098,1.6530000000000018
8099,1.9540000000000017
8100,1.7380000000000018
8101,1.940000000000002
8102,2.0530000000000017
8103,2.4630000000000014
8104,1.740000000000001
8105,2.4610000000000016
8106,1.7480000000000018
8107,1.5400000000000014
8108,2.0570000000000017
8109,1.8490000000000015
8110,2.140000000000002
8111,2.045000000000002
8112,1.839000000000002
8113,1.8470000000000015
8114,2.0570000000000017
8115,2.0470000000000015
8116,1.9380000000000022
8117,2.0470000000000024
8118,2.0430000000000033
8119,1.857000000000002
8120,1.6450000000000014
8121,1.940000000000002
8122,1.7520000000000016
8123,1.7520000000000022
8124,1.7400000000000018
8125,1.7440000000000015
8126,1.841000000000002
8127,1.7480000000000024
8128,1.835000000000003
8129,1.9540000000000017
8130,2.152000000000002
8131,2.041000000000002
8132,1.9460000000000013
8133,1.849000000000002
8134,1.8330000000000022
8135,1.7320000000000026
8136,2.049000000000002
8137,1.744000000000002
8138,1.6290000000000022
8139,1.641000000000002
8140,2.2470000000000026
8141,1.851000000000002
8142,1.9560000000000013
8143,1.9520000000000013
8144,2.059000000000002
8145,1.9400000000000026
8146,1.8410000000000022
8147,1.7360000000000015
8148,2.1520000000000015
8149,1.7480000000000018
8150,1.6510000000000011
8151,2.0450000000000017
8152,1.7460000000000016
8153,1.8430000000000017
8154,2.047000000000002
8155,2.3660000000000014
8156,1.962000000000002
8157,1.6270000000000024
8158,2.0470000000000024
8159,1.8510000000000018
8160,1.944000000000002
8161,1.9500000000000017
8162,1.9540000000000017
8163,1.944000000000002
8164,1.851000000000002
8165,2.2630000000000012
8166,1.6270000000000024
8167,1.9660000000000013
8168,1.9480000000000015
8169,1.9480000000000013
8170,1.8530000000000018
8171,1.9360000000000028
8172,2.158000000000001
8173,1.6350000000000018
8174,1.839000000000002
8175,2.148000000000002
8176,1.8490000000000018
8177,1.9420000000000022
8178,1.9500000000000026
8179,2.0570000000000013
8180,1.7400000000000018
8181,1.9520000000000013
8182,1.9400000000000017
8183,2.1520000000000024
8184,2.148000000000002
8185,2.0550000000000024
8186,1.7300000000000026
8187,2.045000000000002
8188,1.6450000000000014
8189,1.942000000000002
8190,1.740000000000002
8191,1.936000000000003
8192,1.7520000000000022
8193,1.9520000000000015
8194,2.063000000000001
8195,2.1360000000000023
8196,2.0470000000000024
8197,1.9600000000000015
8198,1.7540000000000018
8199,1.8570000000000007
8200,1.944000000000002
8201,1.7460000000000024
8202,2.154000000000002
8203,2.0610000000000017
8204,1.5320000000000022
8205,1.7320000000000015
8206,1.7380000000000018
8207,1.7520000000000018
8208,2.1520000000000015
8209,1.6310000000000016
8210,1.8370000000000022
8211,2.160000000000002
8212,1.946000000000002
8213,2.043000000000001
8214,1.9480000000000022
8215,1.9480000000000015
8216,1.9400000000000026
8217,1.8410000000000029
8218,2.049000000000002
8219,1.4410000000000018
8220,1.8490000000000018
8221,1.8470000000000015
8222,1.8410000000000013
8223,1.8470000000000015
8224,1.732000000000003
8225,1.7440000000000018
8226,1.9400000000000015
8227,1.8490000000000018
8228,1.9420000000000022
8229,1.5440000000000007
8230,1.9420000000000022
8231,1.7580000000000013
8232,1.536000000000002
8233,2.043000000000003
8234,1.6490000000000018
8235,1.8530000000000015
8236,2.1420000000000017
8237,1.4330000000000018
8238,2.0450000000000017
8239,1.526000000000002
8240,1.7520000000000016
8241,1.9580000000000022
8242,2.1520000000000015
8243,1.8430000000000022
8244,2.0450000000000017
8245,2.146000000000002
8246,1.855000000000001
8247,1.9480000000000024
8248,2.4570000000000016
8249,1.7280000000000026
8250,2.358000000000002
8251,1.7500000000000018
8252,2.0470000000000015
8253,1.855000000000001
8254,2.2670000000000017
8255,1.7520000000000013
8256,2.3580000000000014
8257,1.7480000000000016
8258,2.0570000000000017
8259,1.7520000000000018
8260,1.8510000000000018
8261,1.9460000000000024
8262,2.0350000000000024
8263,1.946000000000002
8264,1.7460000000000013
8265,1.8450000000000017
8266,1.641000000000002
8267,1.7520000000000016
8268,1.8330000000000017
8269,1.5580000000000007
8270,1.849000000000002
8271,1.5480000000000007
8272,2.2510000000000017
8273,1.7460000000000024
8274,1.9500000000000026
8275,1.4390000000000018
8276,1.851000000000001
8277,1.7420000000000015
8278,1.740000000000002
8279,1.9520000000000015
8280,1.946000000000002
8281,2.0490000000000013
8282,1.9440000000000015
8283,1.8530000000000013
8284,1.9300000000000026
8285,2.2450000000000023
8286,2.0530000000000017
8287,2.0710000000000015
8288,2.043000000000003
8289,1.9500000000000026
8290,2.055000000000001
8291,2.0550000000000015
8292,1.8390000000000024
8293,2.1540000000000017
8294,2.1640000000000015
8295,2.459000000000002
8296,1.8350000000000022
8297,2.269000000000001
8298,1.9500000000000017
8299,1.8450000000000015
8300,1.8550000000000018
8301,1.8330000000000015
8302,2.0450000000000017
8303,2.1360000000000023
8304,2.0530000000000013
8305,1.847000000000002
8306,2.0470000000000024
8307,1.7420000000000024
8308,1.7500000000000018
8309,2.2570000000000014
8310,1.7460000000000013
8311,2.049000000000002
8312,1.940000000000002
8313,1.9480000000000024
8314,1.7400000000000018
8315,1.6370000000000013
8316,1.526000000000002
8317,2.0550000000000015
8318,1.841000000000002
8319,2.043000000000002
8320,1.740000000000002
8321,1.5320000000000018
8322,2.162000000000001
8323,1.4310000000000016
8324,1.8350000000000015
8325,1.845000000000002
8326,1.9480000000000013
8327,1.8450000000000015
8328,1.8490000000000006
8329,1.6490000000000016
8330,2.144000000000002
8331,1.946000000000002
8332,1.9460000000000022
8333,2.043000000000002
8334,1.748000000000002
8335,1.6350000000000018
8336,1.8410000000000017
8337,1.9500000000000017
8338,2.055000000000002
8339,1.8370000000000022
8340,2.1420000000000026
8341,1.8590000000000018
8342,2.146000000000002
8343,1.954000000000002
8344,1.950000000000002
8345,1.851000000000002
8346,1.8470000000000013
8347,2.041000000000002
8348,1.6350000000000018
8349,2.055000000000001
8350,1.8450000000000009
8351,2.2450000000000023
8352,1.7380000000000018
8353,1.946000000000002
8354,2.156000000000002
8355,1.8430000000000024
8356,1.7460000000000016
8357,1.8430000000000017
8358,1.536000000000002
8359,2.362000000000001
8360,1.746000000000002
8361,1.8590000000000015
8362,2.043000000000002
8363,1.9400000000000022
8364,1.9480000000000022
8365,1.7480000000000027
8366,1.7460000000000013
8367,2.142000000000002
8368,1.7380000000000024
8369,2.0570000000000017
8370,1.8410000000000022
8371,2.043000000000002
8372,1.9500000000000022
8373,1.7420000000000018
8374,1.7420000000000015
8375,2.1360000000000032
8376,1.2350000000000012
8377,1.750000000000001
8378,1.5500000000000016
8379,2.2650000000000015
8380,1.6370000000000022
8381,2.265000000000001
8382,2.043000000000002
8383,2.2450000000000023
8384,1.950000000000002
8385,1.9560000000000008
8386,1.8630000000000007
8387,1.946000000000002
8388,1.9400000000000022
8389,1.9380000000000017
8390,1.7300000000000022
8391,1.443000000000002
8392,2.043000000000003
8393,2.1520000000000015
8394,2.0530000000000017
8395,1.9400000000000022
8396,1.8430000000000013
8397,2.1740000000000013
8398,1.851000000000001
8399,1.9460000000000013
8400,1.9540000000000013
8401,2.0330000000000026
8402,2.160000000000001
8403,1.5380000000000031
8404,1.641000000000002
8405,1.7480000000000018
8406,1.6410000000000025
8407,1.956000000000001
8408,1.6370000000000013
8409,1.9480000000000022
8410,1.8430000000000013
8411,2.368000000000001
8412,2.0510000000000015
8413,1.956000000000001
8414,1.736000000000002
8415,1.8410000000000024
8416,2.142000000000002
8417,1.7440000000000027
8418,1.952000000000002
8419,2.0450000000000017
8420,2.245000000000002
8421,1.7460000000000016
8422,2.1480000000000015
8423,1.750000000000001
8424,2.045000000000002
8425,1.9440000000000013
8426,1.839000000000002
8427,1.839000000000002
8428,1.6410000000000016
8429,1.6410000000000027
8430,1.7280000000000015
8431,2.059000000000001
8432,1.8530000000000013
8433,2.043000000000001
8434,1.5420000000000018
8435,2.1540000000000012
8436,2.1380000000000026
8437,2.134000000000002
8438,1.7380000000000018
8439,1.946000000000002
8440,1.9480000000000013
8441,1.9560000000000017
8442,1.9400000000000022
8443,2.168000000000001
8444,2.1480000000000015
8445,2.0370000000000017
8446,1.9400000000000017
8447,1.8530000000000009
8448,1.835000000000002
8449,2.354000000000002
8450,2.2630000000000012
8451,1.849000000000001
8452,1.861000000000001
8453,1.950000000000002
8454,1.7540000000000011
8455,2.0510000000000015
8456,1.6350000000000022
8457,1.7620000000000011
8458,1.9580000000000015
8459,1.8430000000000024
8460,2.0470000000000015
8461,1.8490000000000015
8462,1.9320000000000015
8463,2.053000000000002
8464,2.144000000000003
8465,2.0510000000000015
8466,2.265000000000001
8467,1.7320000000000024
8468,1.9460000000000022
8469,1.639000000000002
8470,1.8550000000000013
8471,1.7320000000000015
8472,1.7460000000000016
8473,1.9500000000000015
8474,1.9440000000000015
8475,1.7420000000000015
8476,1.758000000000001
8477,1.7600000000000018
8478,2.0470000000000024
8479,1.7460000000000022
8480,2.251000000000002
8481,1.9480000000000026
8482,2.049000000000002
8483,1.6290000000000027
8484,1.861000000000002
8485,2.1480000000000024
8486,1.7360000000000022
8487,1.8430000000000022
8488,1.550000000000002
8489,2.0430000000000024
8490,1.9540000000000013
8491,2.0470000000000015
8492,1.8490000000000015
8493,1.942000000000002
8494,1.861000000000002
8495,1.841000000000002
8496,1.6450000000000014
8497,1.8470000000000024
8498,1.9480000000000015
8499,2.0510000000000015
8500,2.1500000000000012
8501,1.950000000000002
8502,1.7440000000000009
8503,1.6370000000000025
8504,2.043000000000002
8505,1.9460000000000022
8506,1.8410000000000017
8507,1.9600000000000015
8508,1.847000000000002
8509,2.1520000000000024
8510,1.8390000000000024
8511,1.8410000000000017
8512,1.744000000000002
8513,2.2510000000000017
8514,1.6390000000000018
8515,2.1520000000000015
8516,1.8350000000000022
8517,2.148000000000003
8518,1.950000000000002
8519,2.3620000000000014
8520,1.9400000000000026
8521,2.243000000000002
8522,1.9480000000000022
8523,1.540000000000002
8524,1.8430000000000015
8525,2.055000000000002
8526,1.950000000000002
8527,1.7320000000000022
8528,2.0490000000000017
8529,2.1560000000000015
8530,1.845000000000002
8531,2.063000000000002
8532,1.8390000000000017
8533,2.051000000000002
8534,2.0470000000000024
8535,1.9480000000000024
8536,1.9440000000000017
8537,2.043000000000002
8538,2.1560000000000024
8539,1.9460000000000017
8540,2.269000000000002
8541,2.1440000000000023
8542,1.9400000000000022
8543,2.1500000000000012
8544,2.1540000000000017
8545,1.847000000000002
8546,2.055000000000001
8547,1.851000000000002
8548,2.148000000000002
8549,1.8530000000000022
8550,2.1520000000000024
8551,1.5260000000000031
8552,2.457000000000002
8553,1.8310000000000017
8554,1.8430000000000026
8555,2.039000000000002
8556,1.7280000000000029
8557,1.8490000000000018
8558,1.8390000000000017
8559,1.837000000000002
8560,1.8470000000000013
8561,2.069000000000001
8562,1.7480000000000018
8563,1.6310000000000022
8564,1.7480000000000027
8565,2.059000000000002
8566,2.3440000000000025
8567,2.0470000000000024
8568,1.6390000000000018
8569,1.841000000000002
8570,1.9500000000000017
8571,1.6410000000000013
8572,1.9460000000000022
8573,1.756000000000001
8574,2.150000000000002
8575,1.7360000000000024
8576,1.8430000000000009
8577,1.5300000000000014
8578,1.7420000000000018
8579,2.0370000000000017
8580,2.045000000000002
8581,1.9380000000000022
8582,1.8490000000000004
8583,1.9540000000000015
8584,1.7380000000000022
8585,1.9480000000000024
8586,1.536000000000002
8587,2.0550000000000024
8588,1.629000000000002
8589,2.261000000000001
8590,2.045000000000002
8591,1.950000000000001
8592,1.7360000000000015
8593,1.734000000000002
8594,1.9480000000000017
8595,1.940000000000002
8596,1.8430000000000015
8597,1.8430000000000022
8598,1.9580000000000013
8599,2.0490000000000017
8600,2.150000000000002
8601,1.8550000000000013
8602,1.9480000000000017
8603,2.148000000000002
8604,2.2530000000000014
8605,1.8490000000000015
8606,2.043000000000001
8607,1.6450000000000018
8608,1.746000000000002
8609,1.6310000000000024
8610,1.344000000000001
8611,2.150000000000002
8612,2.039000000000002
8613,2.150000000000002
8614,1.942000000000002
8615,1.8530000000000015
8616,1.8430000000000026
8617,1.9440000000000024
8618,1.9440000000000017
8619,1.9480000000000015
8620,1.9620000000000013
8621,1.837000000000002
8622,2.049000000000002
8623,2.356000000000002
8624,1.835000000000002
8625,1.6470000000000016
8626,2.146000000000002
8627,1.9540000000000024
8628,2.144000000000002
8629,1.9460000000000022
8630,2.156000000000001
8631,2.053000000000001
8632,2.1660000000000017
8633,1.7500000000000018
8634,1.9520000000000013
8635,1.9620000000000013
8636,1.9540000000000015
8637,1.6430000000000016
8638,2.3500000000000028
8639,1.7460000000000016
8640,1.5440000000000014
8641,1.8450000000000026
8642,1.9380000000000017
8643,1.8530000000000024
8644,2.0470000000000024
8645,1.950000000000001
8646,2.059000000000002
8647,1.9440000000000015
8648,1.8450000000000017
8649,1.8390000000000024
8650,1.7380000000000027
8651,2.154000000000002
8652,1.952000000000002
8653,2.1580000000000013
8654,1.8510000000000018
8655,1.946000000000002
8656,2.164000000000001
8657,2.2450000000000023
8658,1.7440000000000015
8659,1.6450000000000014
8660,1.7520000000000018
8661,1.7380000000000013
8662,1.9420000000000013
8663,1.736000000000002
8664,1.9620000000000013
8665,2.160000000000001
8666,2.148000000000002
8667,1.9420000000000024
8668,2.150000000000002
8669,1.7360000000000022
8670,1.9540000000000015
8671,1.8430000000000017
8672,1.9400000000000022
8673,1.7420000000000015
8674,2.0470000000000015
8675,1.8470000000000015
8676,1.8630000000000013
8677,1.6430000000000025
8678,2.4590000000000014
8679,2.0490000000000017
8680,1.9540000000000015
8681,1.9480000000000017
8682,1.6470000000000016
8683,1.756000000000002
8684,1.9620000000000013
8685,2.132000000000003
8686,1.849000000000002
8687,2.051000000000002
8688,1.952000000000002
8689,1.8430000000000022
8690,1.7440000000000015
8691,2.154000000000002
8692,1.9580000000000015
8693,1.942000000000002
8694,1.7420000000000024
8695,2.2610000000000015
8696,1.6450000000000014
8697,2.148000000000002
8698,2.0530000000000017
8699,1.7520000000000016
8700,2.045000000000002
8701,2.146000000000002
8702,2.0610000000000017
8703,2.3640000000000017
8704,1.4330000000000016
8705,2.1520000000000015
8706,1.7360000000000015
8707,1.8430000000000013
8708,2.247000000000002
8709,1.9480000000000013
8710,1.9320000000000028
8711,2.148000000000002
8712,2.0530000000000017
8713,1.8530000000000018
8714,1.5360000000000016
8715,1.744000000000002
8716,1.9620000000000013
8717,2.0430000000000015
8718,2.156000000000002
8719,1.8410000000000022
8720,2.2470000000000017
8721,2.166000000000001
8722,1.9400000000000017
8723,2.0350000000000024
8724,1.8510000000000013
8725,1.7360000000000022
8726,1.746000000000002
8727,2.1460000000000026
8728,2.045000000000002
8729,1.8390000000000017
8730,1.946000000000002
8731,1.950000000000002
8732,1.936000000000002
8733,2.0530000000000017
8734,2.152000000000002
8735,1.6350000000000018
8736,1.8610000000000013
8737,1.9620000000000013
8738,1.7300000000000022
8739,1.9520000000000022
8740,2.170000000000001
8741,2.1700000000000013
8742,1.8410000000000022
8743,1.847000000000002
8744,1.5360000000000014
8745,1.8610000000000013
8746,2.047000000000002
8747,1.7440000000000024
8748,1.6350000000000025
8749,1.8450000000000022
8750,1.9540000000000015
8751,2.148000000000002
8752,1.635000000000003
8753,1.8470000000000015
8754,2.047000000000002
8755,1.7420000000000018
8756,2.0530000000000017
8757,1.4550000000000014
8758,2.0470000000000015
8759,1.746000000000002
8760,1.9680000000000013
8761,2.3440000000000025
8762,2.0390000000000024
8763,1.8550000000000013
8764,1.9440000000000024
8765,1.8490000000000018
8766,2.1420000000000017
8767,1.847000000000002
8768,1.9580000000000015
8769,2.1400000000000023
8770,2.0530000000000013
8771,1.8450000000000026
8772,1.6470000000000022
8773,1.8430000000000022
8774,1.7480000000000018
8775,2.1360000000000032
8776,1.7400000000000029
8777,1.6430000000000016
8778,2.0550000000000024
8779,2.0450000000000026
8780,1.9360000000000022
8781,1.6370000000000013
8782,1.7380000000000024
8783,1.944000000000002
8784,1.8530000000000015
8785,1.6370000000000016
8786,1.5320000000000027
8787,2.1580000000000017
8788,1.7400000000000022
8789,1.7580000000000013
8790,1.9480000000000013
8791,2.2450000000000023
8792,2.059000000000001
8793,1.5360000000000016
8794,1.8430000000000026
8795,1.8390000000000026
8796,1.9440000000000015
8797,1.946000000000002
8798,1.7440000000000018
8799,1.6490000000000018
8800,1.8370000000000022
8801,1.6410000000000016
8802,2.0550000000000024
8803,2.2530000000000014
8804,1.7360000000000022
8805,1.9480000000000022
8806,1.6390000000000018
8807,2.0570000000000017
8808,1.8550000000000018
8809,2.269000000000002
8810,1.7480000000000016
8811,1.655000000000002
8812,1.9640000000000013
8813,1.734000000000002
8814,1.7320000000000022
8815,1.7480000000000013
8816,1.950000000000002
8817,1.8350000000000022
8818,1.946000000000002
8819,1.6390000000000016
8820,2.1520000000000015
8821,2.0570000000000013
8822,1.7440000000000015
8823,2.156000000000002
8824,1.9500000000000015
8825,1.7400000000000018
8826,2.0370000000000017
8827,2.0650000000000013
8828,1.9620000000000013
8829,1.841000000000002
8830,1.9460000000000017
8831,1.9560000000000017
8832,2.039000000000002
8833,1.849000000000002
8834,2.055000000000002
8835,1.956000000000001
8836,2.2610000000000015
8837,2.047000000000002
8838,1.7600000000000018
8839,2.146000000000002
8840,1.8430000000000013
8841,1.8390000000000026
8842,1.5320000000000014
8843,2.348000000000002
8844,1.7440000000000024
8845,1.8450000000000017
8846,2.0510000000000015
8847,2.2590000000000012
8848,2.055000000000001
8849,1.956000000000001
8850,1.9420000000000022
8851,1.954000000000002
8852,1.6450000000000014
8853,2.0590000000000024
8854,2.0530000000000017
8855,1.9620000000000006
8856,1.936000000000002
8857,1.8550000000000013
8858,1.9500000000000017
8859,1.9400000000000022
8860,2.0570000000000017
8861,1.7480000000000007
8862,1.9520000000000015
8863,1.6450000000000014
8864,1.6350000000000022
8865,1.7420000000000024
8866,1.8410000000000022
8867,1.8450000000000015
8868,1.8390000000000017
8869,1.9520000000000013
8870,1.7420000000000024
8871,1.8470000000000022
8872,1.6290000000000027
8873,2.0570000000000013
8874,2.0570000000000017
8875,1.9500000000000017
8876,1.8410000000000024
8877,2.0490000000000017
8878,1.861000000000001
8879,2.2510000000000017
8880,2.148000000000002
8881,2.033000000000002
8882,1.736000000000001
8883,1.538000000000002
8884,2.140000000000002
8885,1.7360000000000022
8886,2.253000000000002
8887,1.849000000000002
8888,2.053000000000002
8889,1.9460000000000022
8890,1.9500000000000017
8891,1.9460000000000024
8892,2.1500000000000012
8893,2.0490000000000026
8894,2.1400000000000023
8895,1.5420000000000014
8896,1.954000000000002
8897,2.1460000000000012
8898,1.8510000000000018
8899,1.8490000000000018
8900,1.9440000000000015
8901,2.160000000000002
8902,2.148000000000002
8903,2.1460000000000017
8904,2.1520000000000024
8905,1.8510000000000022
8906,2.039000000000002
8907,1.8470000000000024
8908,1.7540000000000007
8909,1.9380000000000017
8910,1.8430000000000013
8911,1.9380000000000026
8912,2.0570000000000017
8913,1.6450000000000022
8914,1.7400000000000018
8915,1.845000000000001
8916,1.8590000000000018
8917,1.9460000000000017
8918,2.0410000000000017
8919,2.0590000000000015
8920,1.861000000000001
8921,1.9460000000000017
8922,1.9520000000000013
8923,1.9400000000000017
8924,1.641000000000002
8925,1.7500000000000018
8926,1.8370000000000013
8927,2.0570000000000017
8928,2.0490000000000013
8929,1.8310000000000022
8930,1.746000000000002
8931,1.8510000000000018
8932,1.9500000000000015
8933,1.9540000000000017
8934,2.253000000000002
8935,1.4390000000000012
8936,1.9340000000000024
8937,2.0470000000000024
8938,2.152000000000002
8939,1.8430000000000022
8940,1.6370000000000018
8941,2.2710000000000012
8942,1.9560000000000013
8943,1.8510000000000018
8944,2.0410000000000026
8945,2.0570000000000013
8946,2.261000000000001
8947,1.9520000000000022
8948,1.942000000000002
8949,1.861000000000001
8950,1.7380000000000018
8951,1.8490000000000015
8952,1.9500000000000017
8953,1.845000000000001
8954,2.039000000000003
8955,1.6490000000000027
8956,1.9420000000000022
8957,1.847000000000002
8958,1.851000000000002
8959,1.944000000000002
8960,1.7400000000000029
8961,1.8430000000000022
8962,1.9320000000000024
8963,1.849000000000002
8964,2.1420000000000026
8965,2.156000000000002
8966,1.657000000000001
8967,2.1600000000000015
8968,1.7420000000000018
8969,1.534000000000002
8970,2.148000000000003
8971,2.4550000000000023
8972,1.639000000000002
8973,1.9520000000000015
8974,1.8510000000000013
8975,2.160000000000002
8976,2.0490000000000017
8977,1.6470000000000022
8978,1.7440000000000015
8979,2.0410000000000017
8980,1.944000000000002
8981,1.851000000000002
8982,1.950000000000002
8983,1.7460000000000013
8984,2.1540000000000017
8985,2.3640000000000008
8986,2.059000000000001
8987,1.641000000000002
8988,1.736000000000002
8989,2.1560000000000015
8990,1.950000000000002
8991,1.7380000000000022
8992,2.249000000000002
8993,1.8390000000000017
8994,1.7360000000000024
8995,1.9520000000000013
8996,1.6430000000000018
8997,2.352000000000001
8998,1.7380000000000018
8999,2.2570000000000014
9000,2.043000000000002
9001,1.9540000000000015
9002,2.253000000000002
9003,2.049000000000002
9004,2.1560000000000015
9005,1.8410000000000022
9006,1.9540000000000017
9007,1.9520000000000026
9008,1.8430000000000017
9009,1.7420000000000018
9010,2.039000000000002
9011,1.5380000000000018
9012,1.4330000000000018
9013,1.7520000000000016
9014,1.8490000000000018
9015,1.9440000000000017
9016,2.0590000000000015
9017,1.8590000000000015
9018,2.160000000000002
9019,2.041000000000002
9020,1.7300000000000022
9021,2.1560000000000024
9022,1.4370000000000016
9023,1.9440000000000026
9024,2.049000000000002
9025,1.6370000000000013
9026,1.839000000000002
9027,1.7480000000000016
9028,2.0470000000000024
9029,2.0570000000000017
9030,1.8470000000000022
9031,1.744000000000002
9032,2.0510000000000015
9033,2.1580000000000017
9034,1.8410000000000024
9035,2.455000000000001
9036,1.849000000000001
9037,1.8630000000000013
9038,2.063000000000001
9039,1.845000000000002
9040,1.7460000000000024
9041,1.9420000000000015
9042,1.6370000000000011
9043,2.049000000000002
9044,2.1460000000000017
9045,2.0510000000000015
9046,1.8330000000000026
9047,1.7380000000000018
9048,2.1520000000000024
9049,2.239000000000002
9050,1.744000000000002
9051,2.045000000000003
9052,1.9480000000000017
9053,1.9460000000000022
9054,1.837000000000002
9055,1.9480000000000022
9056,1.7400000000000022
9057,2.0550000000000024
9058,1.7520000000000013
9059,2.1540000000000017
9060,2.1600000000000024
9061,2.3580000000000014
9062,1.6430000000000013
9063,1.9420000000000022
9064,1.940000000000002
9065,2.3600000000000017
9066,1.9500000000000017
9067,1.849000000000002
9068,2.041000000000002
9069,1.5460000000000007
9070,1.7480000000000018
9071,1.8510000000000018
9072,1.7340000000000029
9073,1.9420000000000022
9074,2.2590000000000017
9075,2.0450000000000017
9076,1.746000000000002
9077,1.6330000000000024
9078,1.7420000000000015
9079,2.1560000000000015
9080,1.8550000000000018
9081,2.0510000000000024
9082,1.7420000000000022
9083,1.9500000000000017
9084,1.6370000000000013
9085,1.7360000000000015
9086,1.859000000000001
9087,1.859000000000002
9088,1.8450000000000017
9089,1.7400000000000018
9090,1.952000000000001
9091,1.841000000000002
9092,2.047000000000002
9093,1.9440000000000024
9094,2.1580000000000017
9095,1.8410000000000024
9096,1.8430000000000017
9097,1.5460000000000014
9098,1.9400000000000017
9099,2.352000000000002
9100,1.9540000000000017
9101,1.950000000000002
9102,1.950000000000001
9103,1.8390000000000024
9104,1.8410000000000017
9105,2.0610000000000017
9106,2.049000000000002
9107,2.0450000000000017
9108,1.9400000000000022
9109,1.9580000000000013
9110,2.045000000000002
9111,2.0450000000000026
9112,1.736000000000002
9113,1.9520000000000022
9114,2.059000000000001
9115,1.9440000000000017
9116,2.1580000000000017
9117,1.9460000000000017
9118,1.7380000000000022
9119,2.2570000000000014
9120,1.9400000000000015
9121,2.354000000000001
9122,1.7480000000000018
9123,1.8530000000000015
9124,1.8430000000000022
9125,1.8490000000000015
9126,2.152000000000002
9127,1.9440000000000017
9128,1.952000000000002
9129,1.9380000000000024
9130,2.1400000000000023
9131,2.0430000000000024
9132,2.0570000000000017
9133,2.245000000000002
9134,1.538000000000002
9135,1.7540000000000018
9136,2.4730000000000016
9137,2.0470000000000024
9138,1.8350000000000017
9139,1.9480000000000017
9140,2.2630000000000012
9141,2.055000000000002
9142,1.8550000000000013
9143,2.144000000000003
9144,1.5420000000000014
9145,1.6330000000000018
9146,1.6510000000000016
9147,2.059000000000001
9148,2.0590000000000015
9149,2.1480000000000024
9150,1.7320000000000026
9151,2.3560000000000016
9152,1.7420000000000024
9153,2.269000000000001
9154,1.9520000000000024
9155,1.5460000000000014
9156,1.6390000000000016
9157,1.845000000000002
9158,2.3540000000000014
9159,2.0430000000000024
9160,1.7420000000000027
9161,1.645000000000002
9162,1.9380000000000024
9163,2.0470000000000024
9164,1.6490000000000018
9165,1.7580000000000016
9166,1.639000000000002
9167,1.950000000000002
9168,2.2450000000000028
9169,1.9440000000000017
9170,1.740000000000002
9171,1.7460000000000022
9172,2.0510000000000024
9173,1.7380000000000015
9174,1.9500000000000017
9175,2.0530000000000013
9176,1.6490000000000016
9177,2.1580000000000017
9178,2.257000000000002
9179,1.7300000000000026
9180,1.655000000000001
9181,2.0530000000000017
9182,1.851000000000002
9183,1.8370000000000022
9184,2.0570000000000013
9185,1.8430000000000022
9186,1.8410000000000022
9187,1.9380000000000024
9188,1.849000000000002
9189,1.740000000000002
9190,1.570000000000001
9191,2.160000000000001
9192,2.1720000000000006
9193,1.839000000000002
9194,1.936000000000002
9195,2.0570000000000017
9196,1.9560000000000022
9197,2.041000000000002
9198,1.8470000000000013
9199,1.653000000000001
9200,2.2390000000000025
9201,1.9520000000000013
9202,2.043000000000002
9203,1.946000000000002
9204,1.7460000000000016
9205,2.1600000000000015
9206,2.1520000000000024
9207,2.261000000000001
9208,1.8430000000000024
9209,1.8390000000000017
9210,2.661000000000001
9211,1.940000000000002
9212,2.3480000000000025
9213,2.039000000000002
9214,2.164000000000001
9215,1.8530000000000013
9216,2.0590000000000015
9217,1.536000000000002
9218,2.0530000000000017
9219,1.8430000000000017
9220,1.839000000000002
9221,1.847000000000002
9222,1.4310000000000014
9223,2.0610000000000013
9224,1.8350000000000022
9225,2.0430000000000024
9226,1.8490000000000024
9227,1.8490000000000029
9228,1.750000000000001
9229,2.251000000000002
9230,1.9600000000000009
9231,1.641000000000002
9232,1.9540000000000017
9233,2.1520000000000015
9234,2.142000000000002
9235,1.7340000000000018
9236,2.0610000000000017
9237,1.8430000000000015
9238,1.9500000000000017
9239,1.851000000000002
9240,2.0670000000000006
9241,1.7340000000000024
9242,2.0550000000000015
9243,1.8370000000000022
9244,2.263000000000001
9245,2.0470000000000024
9246,1.5340000000000023
9247,1.9540000000000017
9248,1.9420000000000022
9249,1.835000000000002
9250,2.259000000000001
9251,1.8430000000000015
9252,1.9480000000000017
9253,2.251000000000002
9254,2.1400000000000023
9255,1.740000000000002
9256,1.8450000000000017
9257,2.049000000000002
9258,1.8390000000000026
9259,2.160000000000001
9260,1.7360000000000022
9261,1.7380000000000018
9262,1.9640000000000015
9263,1.8530000000000015
9264,1.9440000000000024
9265,1.8450000000000022
9266,2.144000000000002
9267,1.6490000000000022
9268,1.9500000000000017
9269,2.265000000000001
9270,1.8470000000000015
9271,2.146000000000002
9272,1.6370000000000025
9273,2.1520000000000015
9274,1.9500000000000015
9275,1.9460000000000022
9276,1.8370000000000022
9277,1.9540000000000015
9278,2.164000000000001
9279,1.7480000000000016
9280,1.750000000000001
9281,1.851000000000002
9282,2.0470000000000015
9283,1.9500000000000026
9284,1.9520000000000022
9285,1.8550000000000013
9286,2.0370000000000026
9287,2.251000000000002
9288,2.049000000000002
9289,1.6310000000000024
9290,2.0570000000000017
9291,1.8470000000000022
9292,1.942000000000002
9293,1.8470000000000022
9294,2.0550000000000015
9295,1.9360000000000022
9296,1.8390000000000026
9297,1.950000000000002
9298,2.263000000000001
9299,2.1580000000000017
9300,2.164000000000001
9301,1.750000000000001
9302,2.2550000000000017
9303,1.8430000000000015
9304,1.8490000000000024
9305,1.9340000000000017
9306,1.7420000000000015
9307,2.1600000000000015
9308,2.1540000000000017
9309,2.0550000000000015
9310,1.952000000000001
9311,2.057000000000001
9312,1.7360000000000022
9313,1.443000000000001
9314,1.8530000000000018
9315,1.7300000000000022
9316,1.8530000000000018
9317,1.7520000000000016
9318,2.0470000000000024
9319,2.1540000000000017
9320,1.950000000000001
9321,2.144000000000002
9322,1.7380000000000018
9323,1.855000000000002
9324,2.0610000000000013
9325,1.8490000000000018
9326,1.851000000000002
9327,2.0490000000000017
9328,1.8470000000000015
9329,1.946000000000002
9330,2.1420000000000017
9331,1.9560000000000013
9332,1.9480000000000022
9333,2.1500000000000017
9334,1.8530000000000015
9335,1.8470000000000015
9336,1.849000000000002
9337,1.8490000000000024
9338,1.8490000000000009
9339,1.8390000000000024
9340,1.9520000000000013
9341,1.9540000000000017
9342,2.0610000000000017
9343,2.043000000000002
9344,1.6430000000000025
9345,2.1560000000000015
9346,2.0550000000000024
9347,1.8550000000000018
9348,1.9440000000000026
9349,1.7260000000000022
9350,2.041000000000002
9351,2.0670000000000006
9352,1.8410000000000029
9353,2.1520000000000024
9354,1.9520000000000013
9355,1.9480000000000013
9356,1.835000000000002
9357,1.944000000000002
9358,1.9520000000000013
9359,1.9460000000000024
9360,1.9560000000000013
9361,2.0530000000000013
9362,2.043000000000002
9363,2.0450000000000013
9364,2.2670000000000017
9365,1.9400000000000022
9366,1.9340000000000024
9367,1.8510000000000018
9368,1.9560000000000017
9369,2.0450000000000013
9370,1.9400000000000026
9371,2.043000000000002
9372,2.053000000000002
9373,1.8390000000000015
9374,1.8510000000000018
9375,1.7360000000000029
9376,2.1620000000000017
9377,2.2470000000000017
9378,2.3540000000000023
9379,1.8590000000000018
9380,2.059000000000001
9381,1.839000000000002
9382,1.9540000000000017
9383,1.7420000000000015
9384,1.835000000000002
9385,2.0610000000000017
9386,1.9520000000000022
9387,1.8470000000000013
9388,1.837000000000002
9389,1.8430000000000024
9390,2.047000000000002
9391,1.7460000000000016
9392,1.7280000000000022
9393,2.059000000000001
9394,1.6430000000000025
9395,1.8490000000000018
9396,1.7480000000000018
9397,1.9440000000000017
9398,2.1400000000000015
9399,2.063000000000001
9400,2.0450000000000017
9401,1.5380000000000025
9402,1.8450000000000022
9403,2.1580000000000017
9404,1.7460000000000016
9405,1.9500000000000017
9406,1.7460000000000013
9407,2.0510000000000015
9408,1.9420000000000022
9409,2.2410000000000023
9410,1.7360000000000029
9411,2.156000000000002
9412,1.954000000000002
9413,1.7540000000000022
9414,2.041000000000002
9415,1.8450000000000017
9416,1.9560000000000022
9417,2.3520000000000016
9418,1.9360000000000026
9419,1.6310000000000024
9420,1.944000000000002
9421,1.439000000000002
9422,1.9460000000000013
9423,1.7380000000000009
9424,1.7460000000000022
9425,1.740000000000002
9426,1.946000000000002
9427,1.7480000000000016
9428,1.6390000000000027
9429,1.845000000000002
9430,1.9460000000000017
9431,1.7420000000000027
9432,1.7540000000000018
9433,1.9520000000000013
9434,1.8490000000000026
9435,1.7560000000000016
9436,1.8510000000000009
9437,2.3480000000000016
9438,1.6430000000000016
9439,1.9380000000000022
9440,2.055000000000001
9441,2.037000000000002
9442,2.0570000000000017
9443,1.9540000000000015
9444,1.859000000000002
9445,2.0430000000000015
9446,1.950000000000002
9447,1.746000000000002
9448,1.9480000000000013
9449,2.174000000000001
9450,2.033000000000002
9451,2.0450000000000017
9452,1.8450000000000022
9453,1.6470000000000018
9454,2.2590000000000017
9455,1.7500000000000018
9456,2.0630000000000015
9457,1.9380000000000024
9458,1.8370000000000022
9459,1.8330000000000024
9460,1.7280000000000022
9461,1.7460000000000013
9462,1.6370000000000018
9463,2.049000000000002
9464,1.956000000000001
9465,1.859000000000002
9466,2.142000000000002
9467,2.1480000000000015
9468,1.9720000000000006
9469,1.8450000000000015
9470,2.154000000000002
9471,1.9400000000000022
9472,1.9480000000000022
9473,1.9380000000000024
9474,2.358000000000002
9475,1.841000000000002
9476,1.9440000000000024
9477,1.7440000000000024
9478,1.744000000000002
9479,1.857000000000002
9480,1.736000000000002
9481,1.7440000000000009
9482,1.7440000000000024
9483,1.6470000000000014
9484,2.0370000000000026
9485,2.0670000000000015
9486,1.720000000000003
9487,2.0510000000000015
9488,2.059000000000002
9489,1.9500000000000015
9490,1.9460000000000024
9491,1.839000000000002
9492,2.0350000000000024
9493,1.9440000000000015
9494,1.8690000000000004
9495,2.041000000000002
9496,2.279000000000001
9497,1.847000000000002
9498,1.6490000000000022
9499,1.6370000000000027
9500,2.1520000000000015
9501,2.0430000000000015
9502,1.7340000000000027
9503,1.944000000000002
9504,2.043000000000002
9505,1.8430000000000024
9506,1.845000000000002
9507,1.849000000000002
9508,2.2470000000000017
9509,2.156000000000002
9510,1.7560000000000016
9511,2.2570000000000014
9512,2.055000000000001
9513,1.837000000000002
9514,1.635000000000002
9515,1.8450000000000017
9516,1.7420000000000022
9517,1.6370000000000025
9518,2.150000000000002
9519,1.7360000000000024
9520,1.849000000000001
9521,1.4330000000000012
9522,1.6250000000000029
9523,2.043000000000002
9524,1.7360000000000015
9525,2.0510000000000015
9526,1.839000000000002
9527,1.5320000000000025
9528,2.0490000000000017
9529,2.1560000000000015
9530,1.9440000000000017
9531,1.639000000000002
9532,1.6470000000000022
9533,2.1360000000000023
9534,2.039000000000002
9535,2.0630000000000015
9536,1.7420000000000024
9537,1.6350000000000013
9538,2.0430000000000015
9539,1.9520000000000015
9540,1.8530000000000018
9541,1.746000000000002
9542,1.643000000000002
9543,2.265000000000001
9544,2.144000000000002
9545,2.1640000000000006
9546,2.1600000000000015
9547,1.7420000000000022
9548,2.0550000000000015
9549,1.8430000000000017
9550,2.455000000000002
9551,1.8530000000000022
9552,1.6470000000000018
9553,2.4510000000000023
9554,1.6330000000000024
9555,1.5440000000000018
9556,1.8470000000000013
9557,1.851000000000001
9558,2.0590000000000015
9559,1.8490000000000009
9560,1.6370000000000025
9561,1.8510000000000018
9562,2.0470000000000024
9563,1.9520000000000015
9564,2.1400000000000015
9565,1.6370000000000027
9566,2.1540000000000017
9567,1.6530000000000016
9568,1.956000000000001
9569,1.9400000000000022
9570,2.156000000000002
9571,1.950000000000002
9572,2.144000000000002
9573,1.4390000000000003
9574,2.1540000000000012
9575,2.0430000000000024
9576,1.7420000000000018
9577,1.746000000000001
9578,1.7320000000000024
9579,1.8590000000000018
9580,1.7380000000000022
9581,1.9500000000000022
9582,1.8450000000000022
9583,2.0690000000000013
9584,1.7380000000000015
9585,2.0490000000000017
9586,2.344000000000002
9587,2.2530000000000014
9588,1.8410000000000022
9589,1.8530000000000015
9590,1.8350000000000022
9591,1.8470000000000013
9592,1.837000000000002
9593,2.2550000000000017
9594,1.6450000000000018
9595,1.6450000000000014
9596,1.9460000000000022
9597,2.0550000000000015
9598,2.1540000000000017
9599,1.8430000000000017
9600,1.645000000000002
9601,1.6390000000000016
9602,1.9480000000000017
9603,1.740000000000002
9604,1.7400000000000022
9605,1.6370000000000018
9606,2.1580000000000013
9607,1.9440000000000017
9608,1.8450000000000022
9609,1.4370000000000025
9610,1.966000000000002
9611,2.0490000000000026
9612,2.0390000000000024
9613,1.8450000000000022
9614,2.0490000000000017
9615,2.0510000000000015
9616,1.956000000000002
9617,2.261000000000001
9618,2.2570000000000014
9619,2.1700000000000013
9620,2.362000000000002
9621,1.649000000000002
9622,1.952000000000002
9623,1.5420000000000016
9624,1.6550000000000022
9625,1.7480000000000027
9626,1.8470000000000024
9627,2.047000000000002
9628,1.9500000000000017
9629,2.0450000000000017
9630,2.255000000000002
9631,1.9380000000000015
9632,2.0470000000000015
9633,1.9380000000000026
9634,1.7420000000000013
9635,2.1580000000000017
9636,1.7560000000000016
9637,1.7420000000000024
9638,1.645000000000003
9639,2.2470000000000017
9640,1.7460000000000013
9641,2.1380000000000026
9642,1.8390000000000024
9643,2.0490000000000013
9644,1.645000000000002
9645,1.8450000000000017
9646,2.0570000000000017
9647,1.8430000000000017
9648,1.845000000000002
9649,2.043000000000002
9650,1.9540000000000015
9651,2.0370000000000026
9652,1.8430000000000024
9653,1.754000000000002
9654,1.6350000000000025
9655,1.9460000000000013
9656,1.952000000000002
9657,1.641000000000002
9658,1.9500000000000015
9659,2.0490000000000017
9660,1.8510000000000024
9661,2.249000000000002
9662,1.5400000000000014
9663,2.059000000000001
9664,1.9620000000000015
9665,2.1360000000000023
9666,2.1500000000000026
9667,1.7400000000000013
9668,2.055000000000002
9669,1.740000000000001
9670,1.3340000000000019
9671,2.0430000000000015
9672,2.2490000000000014
9673,1.6430000000000025
9674,1.8530000000000013
9675,1.847000000000002
9676,2.041000000000002
9677,1.9420000000000024
9678,1.7440000000000018
9679,2.2410000000000028
9680,2.041000000000002
9681,1.7500000000000018
9682,1.9560000000000017
9683,1.6450000000000014
9684,1.9480000000000017
9685,2.3480000000000025
9686,1.7420000000000027
9687,1.944000000000002
9688,2.2610000000000015
9689,2.356000000000002
9690,2.2510000000000012
9691,2.041000000000002
9692,1.9380000000000022
9693,2.0510000000000015
9694,1.8430000000000022
9695,1.6410000000000013
9696,1.6330000000000018
9697,1.5400000000000014
9698,1.6410000000000022
9699,1.9400000000000026
9700,1.744000000000002
9701,1.6470000000000016
9702,1.8450000000000022
9703,1.7280000000000024
9704,1.740000000000002
9705,1.6330000000000024
9706,1.9540000000000017
9707,2.2490000000000023
9708,2.0470000000000015
9709,2.257000000000002
9710,2.051000000000001
9711,2.354000000000002
9712,1.847000000000002
9713,2.1380000000000026
9714,1.9460000000000024
9715,2.1540000000000017
9716,1.9620000000000013
9717,1.643000000000001
9718,2.0530000000000017
9719,2.2430000000000025
9720,2.148000000000002
9721,2.0490000000000013
9722,1.9580000000000015
9723,1.7420000000000018
9724,1.9520000000000015
9725,2.146000000000002
9726,1.6430000000000016
9727,2.148000000000002
9728,1.9480000000000017
9729,1.930000000000003
9730,1.9640000000000017
9731,2.0350000000000024
9732,1.7320000000000024
9733,2.0470000000000015
9734,2.144000000000002
9735,2.150000000000002
9736,1.8370000000000013
9737,1.7440000000000015
9738,1.6470000000000018
9739,1.6330000000000018
9740,1.7560000000000016
9741,2.269000000000001
9742,2.0570000000000013
9743,2.059000000000002
9744,1.8550000000000013
9745,1.9520000000000015
9746,1.9480000000000013
9747,1.835000000000002
9748,2.1560000000000015
9749,1.9380000000000015
9750,1.9440000000000024
9751,1.9380000000000024
9752,1.9600000000000017
9753,1.7300000000000022
9754,2.035000000000002
9755,1.950000000000001
9756,1.7520000000000018
9757,2.051000000000002
9758,1.7380000000000024
9759,2.0530000000000013
9760,2.0490000000000017
9761,1.6390000000000011
9762,2.1460000000000026
9763,1.6450000000000025
9764,1.8470000000000015
9765,1.952000000000001
9766,2.146000000000002
9767,1.8510000000000029
9768,1.6390000000000027
9769,2.0470000000000015
9770,1.8390000000000017
9771,1.9480000000000015
9772,1.6390000000000018
9773,2.1580000000000017
9774,1.7420000000000024
9775,1.6370000000000025
9776,1.9420000000000022
9777,1.956000000000001
9778,2.1560000000000015
9779,1.746000000000002
9780,1.859000000000001
9781,1.9420000000000022
9782,1.643000000000001
9783,1.8490000000000024
9784,1.9520000000000022
9785,1.7320000000000022
9786,1.837000000000002
9787,2.1660000000000013
9788,1.6470000000000018
9789,2.057000000000002
9790,1.6370000000000025
9791,1.8450000000000022
9792,1.6450000000000022
9793,1.950000000000002
9794,2.566000000000001
9795,1.5300000000000025
9796,2.245000000000002
9797,2.059000000000001
9798,1.6490000000000011
9799,1.7520000000000018
9800,2.2470000000000017
9801,2.0570000000000017
9802,1.8590000000000007
9803,1.9500000000000022
9804,2.1560000000000015
9805,1.7400000000000027
9806,2.041000000000002
9807,1.847000000000001
9808,2.0510000000000024
9809,1.944000000000002
9810,1.8470000000000015
9811,1.9520000000000015
9812,2.0410000000000026
9813,2.0450000000000026
9814,1.6390000000000018
9815,1.9480000000000017
9816,1.942000000000002
9817,1.5360000000000023
9818,1.754000000000001
9819,2.1560000000000015
9820,2.0430000000000024
9821,2.1560000000000015
9822,2.174000000000001
9823,1.8510000000000013
9824,1.7460000000000024
9825,2.146000000000002
9826,1.8610000000000013
9827,2.261000000000001
9828,1.936000000000002
9829,1.9400000000000026
9830,1.8490000000000026
9831,1.940000000000002
9832,1.7600000000000013
9833,2.1620000000000017
9834,1.8550000000000018
9835,2.2550000000000017
9836,2.150000000000002
9837,1.5380000000000016
9838,1.9480000000000017
9839,2.164000000000002
9840,2.146000000000002
9841,1.847000000000002
9842,1.7500000000000018
9843,1.9380000000000026
9844,2.1580000000000017
9845,1.8430000000000022
9846,2.0490000000000017
9847,2.1440000000000023
9848,1.9520000000000022
9849,1.8590000000000015
9850,1.8390000000000024
9851,1.8430000000000013
9852,1.9480000000000017
9853,2.251000000000002
9854,2.1580000000000013
9855,1.8470000000000013
9856,2.0430000000000024
9857,1.8530000000000013
9858,2.350000000000002
9859,1.235000000000002
9860,1.944000000000002
9861,2.059000000000001
9862,1.845000000000002
9863,1.8550000000000013
9864,2.2690000000000015
9865,1.5360000000000014
9866,1.845000000000002
9867,2.2530000000000014
9868,2.0470000000000015
9869,1.7420000000000022
9870,2.1600000000000015
9871,2.1600000000000015
9872,1.9580000000000022
9873,1.7320000000000022
9874,1.9460000000000028
9875,2.1620000000000013
9876,1.9500000000000017
9877,1.7340000000000024
9878,1.8510000000000018
9879,1.7420000000000024
9880,1.8450000000000017
9881,1.9380000000000017
9882,1.7480000000000016
9883,2.150000000000002
9884,2.047000000000003
9885,1.8530000000000024
9886,1.639000000000002
9887,1.841000000000002
9888,2.2530000000000014
9889,1.6350000000000018
9890,1.9500000000000017
9891,1.7580000000000013
9892,1.8350000000000022
9893,1.9460000000000024
9894,1.8470000000000015
9895,2.0510000000000015
9896,2.041000000000002
9897,2.2450000000000023
9898,1.9480000000000022
9899,1.952000000000002
9900,1.8470000000000013
9901,1.9580000000000013
9902,1.8550000000000013
9903,1.942000000000002
9904,2.051000000000001
9905,1.8490000000000018
9906,1.946000000000002
9907,1.8430000000000022
9908,1.6450000000000014
9909,2.2450000000000023
9910,1.746000000000002
9911,1.7440000000000027
9912,1.9340000000000017
9913,1.970000000000001
9914,2.039000000000003
9915,1.635000000000003
9916,1.962000000000002
9917,2.045000000000002
9918,1.744000000000002
9919,1.7400000000000022
9920,1.849000000000001
9921,1.8390000000000024
9922,2.2530000000000014
9923,2.132000000000002
9924,2.043000000000001
9925,1.7380000000000022
9926,1.7400000000000022
9927,2.065000000000001
9928,2.2410000000000023
9929,1.8450000000000017
9930,2.049000000000002
9931,1.7420000000000022
9932,2.1540000000000017
9933,2.160000000000002
9934,2.1420000000000026
9935,1.9380000000000022
9936,1.9580000000000015
9937,2.253000000000002
9938,2.0550000000000015
9939,2.055000000000001
9940,1.6470000000000022
9941,2.0490000000000017
9942,2.047000000000002
9943,1.9480000000000015
9944,1.8470000000000022
9945,1.8530000000000022
9946,2.039000000000003
9947,1.7520000000000007
9948,2.4450000000000025
9949,1.8450000000000017
9950,2.1520000000000015
9951,1.6290000000000022
9952,2.3640000000000017
9953,2.255000000000002
9954,2.0650000000000013
9955,2.1460000000000012
9956,1.8450000000000022
9957,2.043000000000002
9958,1.9420000000000022
9959,2.3560000000000016
9960,2.0590000000000015
9961,2.1500000000000017
9962,1.944000000000002
9963,2.047000000000002
9964,1.9540000000000017
9965,2.146000000000002
9966,2.0570000000000017
9967,2.259000000000002
9968,1.831000000000002
9969,2.0470000000000015
9970,1.7440000000000015
9971,1.6350000000000022
9972,2.0470000000000015
9973,1.845000000000002
9974,1.6550000000000014
9975,1.750000000000002
9976,1.8370000000000022
9977,1.8450000000000017
9978,1.544000000000002
9979,1.7420000000000018
9980,2.146000000000002
9981,1.746000000000002
9982,2.0490000000000017
9983,1.8350000000000029
9984,1.9420000000000022
9985,1.748000000000002
9986,1.9640000000000009
9987,1.7460000000000022
9988,1.9480000000000013
9989,1.857000000000002
9990,1.6290000000000016
9991,2.255000000000002
9992,1.952000000000002
9993,2.0490000000000013
9994,1.9480000000000022
9995,1.7300000000000029
9996,1.9440000000000017
9997,1.6490000000000018
9998,1.754000000000002
9999,1.9440000000000017
10000,1.8430000000000022
10001,2.1540000000000017
10002,2.039000000000003
10003,2.2470000000000017
10004,2.0410000000000026
10005,2.0610000000000004
10006,1.8490000000000018
10007,1.944000000000002
10008,1.9580000000000013
10009,2.053000000000002
10010,1.9520000000000015
10011,2.164000000000001
10012,1.950000000000001
10013,1.946000000000002
10014,2.0490000000000013
10015,1.655000000000002
10016,2.1480000000000015
10017,2.0470000000000015
10018,2.4590000000000014
10019,2.348000000000002
10020,1.8450000000000015
10021,1.7400000000000018
10022,1.9540000000000017
10023,1.9500000000000015
10024,2.152000000000002
10025,2.043000000000003
10026,1.8450000000000017
10027,2.160000000000002
10028,1.8530000000000015
10029,2.2550000000000012
10030,1.9580000000000006
10031,1.9560000000000017
10032,1.8610000000000015
10033,1.6410000000000022
10034,1.8490000000000015
10035,1.944000000000002
10036,1.6370000000000018
10037,1.7420000000000022
10038,1.960000000000001
10039,2.0530000000000017
10040,1.849000000000002
10041,1.7440000000000018
10042,1.950000000000002
10043,1.6510000000000016
10044,2.4650000000000016
10045,2.2390000000000025
10046,2.142000000000002
10047,1.841000000000002
10048,1.5460000000000016
10049,2.1420000000000026
10050,1.9480000000000017
10051,1.9400000000000017
10052,1.9480000000000015
10053,1.8630000000000015
10054,1.635000000000002
10055,1.8430000000000015
10056,2.0490000000000017
10057,1.7520000000000011
10058,2.1720000000000006
10059,1.8550000000000018
10060,2.0510000000000015
10061,1.8430000000000022
10062,1.9600000000000015
10063,1.8310000000000017
10064,1.861000000000001
10065,1.9500000000000022
10066,1.740000000000001
10067,1.534000000000002
10068,1.9400000000000022
10069,1.8510000000000018
10070,1.8470000000000013
10071,1.8530000000000022
10072,1.8630000000000018
10073,1.7500000000000013
10074,1.6410000000000016
10075,1.7320000000000015
10076,2.1400000000000023
10077,2.0470000000000024
10078,2.2670000000000012
10079,1.8530000000000018
10080,1.8450000000000017
10081,1.9560000000000017
10082,1.8430000000000015
10083,2.1580000000000017
10084,1.6410000000000022
10085,2.0590000000000015
10086,1.8330000000000022
10087,1.841000000000002
10088,1.9560000000000017
10089,2.2510000000000017
10090,1.7380000000000027
10091,2.1520000000000024
10092,1.6330000000000024
10093,2.039000000000003
10094,1.952000000000001
10095,1.9480000000000022
10096,2.039000000000003
10097,2.1420000000000017
10098,1.948000000000001
10099,1.7420000000000018
10100,2.465000000000001
10101,1.9560000000000013
10102,2.1620000000000017
10103,1.952000000000001
10104,1.6330000000000024
10105,2.0610000000000013
10106,1.7440000000000015
10107,1.9360000000000022
10108,2.2470000000000017
10109,2.0450000000000017
10110,1.9480000000000022
10111,1.7360000000000015
10112,1.9640000000000015
10113,2.2530000000000023
10114,1.9460000000000024
10115,1.7320000000000022
10116,1.7320000000000024
10117,2.2470000000000017
10118,1.9460000000000024
10119,2.249000000000002
10120,1.9480000000000022
10121,1.8530000000000015
10122,2.053000000000001
10123,1.8430000000000022
10124,1.8410000000000024
10125,2.168000000000002
10126,2.1580000000000017
10127,1.6330000000000018
10128,1.9560000000000017
10129,2.154000000000002
10130,1.7420000000000018
10131,1.538000000000002
10132,2.1540000000000017
10133,1.9520000000000015
10134,1.6470000000000014
10135,2.039000000000003
10136,1.839000000000002
10137,1.8470000000000026
10138,1.8590000000000018
10139,2.0450000000000017
10140,1.9380000000000022
10141,2.251000000000002
10142,1.6370000000000018
10143,2.065000000000002
10144,1.6470000000000018
10145,1.9480000000000022
10146,1.9540000000000015
10147,2.045000000000002
10148,1.9540000000000015
10149,1.7400000000000029
10150,1.9460000000000024
10151,1.938000000000003
10152,1.9480000000000013
10153,1.8550000000000018
10154,1.851000000000002
10155,2.1480000000000015
10156,2.0430000000000015
10157,1.857000000000002
10158,2.154000000000002
10159,1.7480000000000013
10160,1.9480000000000022
10161,1.8410000000000017
10162,1.8430000000000017
10163,2.053000000000002
10164,2.2390000000000025
10165,2.0530000000000026
10166,1.8370000000000022
10167,2.0530000000000017
10168,2.4450000000000016
10169,1.7420000000000022
10170,1.8550000000000013
10171,1.6390000000000022
10172,1.9420000000000015
10173,1.845000000000002
10174,1.8470000000000015
10175,1.9480000000000024
10176,1.7520000000000013
10177,2.245000000000002
10178,1.9400000000000028
10179,1.9500000000000017
10180,1.9360000000000026
10181,1.8470000000000015
10182,1.8450000000000017
10183,2.4670000000000014
10184,2.144000000000002
10185,1.7520000000000011
10186,1.9480000000000022
10187,2.0430000000000015
10188,2.0370000000000026
10189,2.142000000000002
10190,2.162000000000001
10191,1.9660000000000013
10192,2.1580000000000017
10193,1.9420000000000015
10194,1.8490000000000024
10195,2.0450000000000013
10196,1.9420000000000022
10197,2.144000000000001
10198,2.164000000000001
10199,1.851000000000002
10200,2.251000000000002
10201,2.047000000000002
10202,2.0550000000000024
10203,2.059000000000001
10204,1.8530000000000013
10205,1.5320000000000018
10206,1.837000000000002
10207,2.3640000000000017
10208,2.0510000000000015
10209,1.8430000000000015
10210,1.7540000000000011
10211,2.0490000000000017
10212,2.039000000000003
10213,1.8430000000000024
10214,2.172000000000001
10215,1.9360000000000026
10216,1.8430000000000022
10217,1.9300000000000026
10218,2.041000000000002
10219,1.8450000000000017
10220,1.746000000000002
10221,2.059000000000002
10222,2.0530000000000017
10223,2.039000000000002
10224,1.6390000000000011
10225,1.5380000000000025
10226,2.0530000000000017
10227,1.8570000000000015
10228,2.1580000000000013
10229,2.0530000000000013
10230,1.7380000000000018
10231,1.9660000000000009
10232,1.7400000000000018
10233,2.0530000000000017
10234,2.4530000000000016
10235,2.0610000000000017
10236,1.8370000000000013
10237,2.142000000000003
10238,2.2530000000000014
10239,1.837000000000002
10240,1.9640000000000015
10241,1.744000000000002
10242,2.253000000000002
10243,1.9460000000000017
10244,1.6470000000000018
10245,2.043000000000002
10246,2.0450000000000017
10247,1.9540000000000013
10248,1.7380000000000027
10249,1.6390000000000018
10250,1.8590000000000009
10251,1.9580000000000015
10252,2.055000000000001
10253,2.0550000000000015
10254,2.2590000000000017
10255,1.8590000000000015
10256,2.1620000000000017
10257,2.0610000000000017
10258,2.2610000000000015
10259,2.1520000000000015
10260,2.1580000000000017
10261,1.9500000000000017
10262,1.7440000000000009
10263,1.8630000000000007
10264,1.7420000000000022
10265,2.2470000000000017
10266,1.9520000000000013
10267,1.7360000000000022
10268,2.350000000000002
10269,2.2710000000000012
10270,1.639000000000002
10271,1.8450000000000029
10272,1.8450000000000017
10273,1.7580000000000013
10274,1.9520000000000022
10275,2.041000000000002
10276,2.156000000000002
10277,1.954000000000002
10278,1.645000000000002
10279,1.8530000000000026
10280,1.6410000000000013
10281,1.8510000000000018
10282,1.8450000000000009
10283,1.942000000000002
10284,2.0530000000000017
10285,2.0510000000000024
10286,1.8450000000000015
10287,2.0530000000000017
10288,1.9420000000000015
10289,2.047000000000002
10290,1.847000000000002
10291,2.0450000000000017
10292,1.8350000000000015
10293,2.1600000000000015
10294,1.750000000000002
10295,2.2610000000000015
10296,1.847000000000001
10297,1.8350000000000022
10298,1.9600000000000017
10299,2.0570000000000017
10300,1.952000000000002
10301,2.059000000000001
10302,1.7380000000000027
10303,2.350000000000002
10304,1.8570000000000015
10305,1.847000000000002
10306,1.5420000000000016
10307,1.9440000000000017
10308,1.7560000000000011
10309,1.940000000000002
10310,1.839000000000002
10311,1.6330000000000024
10312,2.047000000000001
10313,2.067000000000001
10314,1.7500000000000013
10315,2.049000000000002
10316,2.1540000000000017
10317,1.9480000000000017
10318,1.9300000000000024
10319,1.4330000000000018
10320,2.0510000000000024
10321,1.7520000000000024
10322,1.9480000000000017
10323,1.9440000000000015
10324,2.1440000000000023
10325,1.9420000000000022
10326,1.845000000000002
10327,1.7380000000000013
10328,2.0310000000000024
10329,2.0410000000000026
10330,2.0570000000000017
10331,1.6270000000000027
10332,1.8470000000000015
10333,1.7520000000000007
10334,1.5380000000000016
10335,2.0550000000000015
10336,2.1540000000000012
10337,1.748000000000002
10338,1.952000000000002
10339,1.841000000000002
10340,2.148000000000002
10341,2.366000000000001
10342,1.8410000000000022
10343,1.8450000000000009
10344,2.1680000000000015
10345,2.3520000000000025
10346,1.8510000000000018
10347,2.1460000000000026
10348,1.6370000000000022
10349,1.9520000000000015
10350,1.9520000000000015
10351,2.049000000000001
10352,2.0510000000000024
10353,1.9380000000000017
10354,1.5420000000000018
10355,1.9480000000000022
10356,2.0470000000000024
10357,2.073000000000001
10358,1.9400000000000022
10359,1.538000000000002
10360,2.043000000000002
10361,2.2490000000000023
10362,1.7420000000000024
10363,1.8430000000000015
10364,1.4430000000000023
10365,2.0570000000000017
10366,1.8490000000000018
10367,1.855000000000002
10368,1.5340000000000018
10369,1.748000000000002
10370,1.9560000000000017
10371,1.9480000000000017
10372,2.160000000000002
10373,2.0550000000000015
10374,2.0530000000000017
10375,2.3460000000000023
10376,1.9540000000000015
10377,2.362000000000001
10378,1.8390000000000017
10379,1.746000000000002
10380,1.9480000000000024
10381,1.7340000000000015
10382,1.7420000000000015
10383,1.7520000000000016
10384,1.8430000000000022
10385,2.0410000000000026
10386,2.049000000000002
10387,1.8550000000000018
10388,1.7540000000000011
10389,1.7420000000000018
10390,2.043000000000002
10391,1.8430000000000024
10392,1.6450000000000022
10393,1.8370000000000022
10394,2.0390000000000015
10395,1.9460000000000024
10396,2.150000000000002
10397,2.148000000000002
10398,2.1540000000000017
10399,2.1400000000000023
10400,2.045000000000002
10401,1.8550000000000013
10402,2.265000000000001
10403,2.249000000000002
10404,1.641000000000002
10405,2.156000000000002
10406,1.9380000000000022
10407,1.8470000000000013
10408,1.8370000000000024
10409,1.7440000000000015
10410,1.7480000000000018
10411,1.7460000000000013
10412,2.049000000000002
10413,1.8690000000000009
10414,2.045000000000002
10415,1.7380000000000022
10416,2.1560000000000015
10417,2.057000000000002
10418,1.7520000000000016
10419,1.744000000000001
10420,2.5560000000000023
10421,1.9420000000000024
10422,1.9500000000000008
10423,1.6450000000000014
10424,1.8530000000000013
10425,2.1580000000000013
10426,1.9480000000000013
10427,2.261000000000001
10428,1.7320000000000024
10429,1.9480000000000024
10430,1.950000000000001
10431,2.247000000000002
10432,2.156000000000002
10433,1.9440000000000017
10434,1.734000000000002
10435,2.2590000000000017
10436,1.849000000000002
10437,2.0490000000000017
10438,1.9440000000000024
10439,1.966000000000001
10440,1.9520000000000015
10441,1.8330000000000017
10442,1.6510000000000014
10443,2.1540000000000017
10444,1.9480000000000015
10445,2.055000000000002
10446,2.148000000000002
10447,1.8350000000000022
10448,2.043000000000003
10449,1.9440000000000026
10450,2.144000000000001
10451,1.9580000000000013
10452,1.9380000000000017
10453,1.8410000000000017
10454,2.0530000000000017
10455,2.160000000000001
10456,2.047000000000002
10457,2.1500000000000012
10458,2.1520000000000015
10459,1.9440000000000017
10460,2.063000000000001
10461,2.152000000000002
10462,1.5320000000000016
10463,2.2450000000000023
10464,1.9520000000000013
10465,1.6530000000000016
10466,2.148000000000002
10467,1.9560000000000017
10468,1.6530000000000016
10469,1.758000000000001
10470,1.6430000000000016
10471,2.253000000000002
10472,2.059000000000002
10473,2.1440000000000023
10474,2.150000000000002
10475,2.136000000000003
10476,1.8410000000000024
10477,1.9440000000000013
10478,1.7320000000000026
10479,2.039000000000002
10480,1.7500000000000013
10481,2.047000000000002
10482,2.1580000000000013
10483,1.9520000000000022
10484,1.855000000000002
10485,2.136000000000002
10486,1.849000000000002
10487,1.754000000000001
10488,1.6350000000000025
10489,1.9380000000000024
10490,2.263000000000001
10491,1.9500000000000017
10492,2.0550000000000015
10493,2.0610000000000017
10494,1.9500000000000017
10495,1.8590000000000015
10496,2.154000000000002
10497,1.8430000000000013
10498,1.7420000000000018
10499,1.8490000000000018
10500,2.168000000000001
10501,1.6510000000000014
10502,1.8370000000000024
10503,2.043000000000002
10504,1.7400000000000022
10505,2.0530000000000013
10506,2.1460000000000017
10507,1.6410000000000022
10508,2.2510000000000017
10509,2.1480000000000024
10510,2.0530000000000017
10511,1.835000000000002
10512,1.7500000000000013
10513,1.8350000000000026
10514,1.841000000000002
10515,1.9540000000000017
10516,1.855000000000002
10517,2.039000000000002
10518,1.9460000000000022
10519,1.9400000000000026
10520,1.9460000000000013
10521,2.0330000000000026
10522,2.1460000000000017
10523,1.7440000000000018
10524,1.8470000000000013
10525,2.0490000000000017
10526,1.934000000000002
10527,1.9500000000000015
10528,1.8470000000000015
10529,1.839000000000002
10530,1.9520000000000013
10531,1.7540000000000016
10532,1.9600000000000017
10533,1.8470000000000022
10534,1.639000000000002
10535,2.0450000000000017
10536,2.142000000000002
10537,1.5400000000000018
10538,2.1620000000000017
10539,1.7600000000000018
10540,2.358000000000002
10541,1.9580000000000013
10542,2.3400000000000025
10543,1.8350000000000022
10544,1.9480000000000022
10545,2.1500000000000017
10546,1.8390000000000024
10547,1.7480000000000016
10548,1.8410000000000022
10549,2.150000000000002
10550,1.954000000000002
10551,1.7500000000000013
10552,2.1560000000000024
10553,2.140000000000002
10554,1.8490000000000018
10555,1.847000000000002
10556,1.7460000000000016
10557,1.7460000000000016
10558,2.0470000000000024
10559,1.8410000000000017
10560,1.7420000000000022
10561,1.946000000000001
10562,2.0610000000000013
10563,2.0370000000000017
10564,1.9420000000000022
10565,1.9440000000000017
10566,1.9440000000000013
10567,2.0450000000000017
10568,2.148000000000002
10569,1.9460000000000013
10570,1.9460000000000017
10571,2.2590000000000017
10572,1.6530000000000016
10573,2.154000000000001
10574,1.8510000000000018
10575,2.1560000000000015
10576,1.5460000000000016
10577,1.9460000000000013
10578,1.9540000000000006
10579,2.253000000000002
10580,1.9500000000000022
10581,2.1580000000000013
10582,1.9460000000000017
10583,1.645000000000002
10584,1.435000000000002
10585,1.9560000000000013
10586,2.0350000000000024
10587,2.1560000000000006
10588,1.9400000000000022
10589,2.1500000000000012
10590,1.946000000000002
10591,1.9560000000000017
10592,2.0610000000000017
10593,1.960000000000002
10594,1.9640000000000009
10595,2.055000000000002
10596,1.8430000000000022
10597,2.2410000000000028
10598,2.156000000000002
10599,2.057000000000001
10600,1.629000000000002
10601,1.6430000000000016
10602,2.0570000000000017
10603,1.7340000000000027
10604,1.7420000000000022
10605,2.3580000000000014
10606,1.9520000000000013
10607,1.7340000000000024
10608,2.0330000000000026
10609,2.2550000000000017
10610,2.158000000000002
10611,1.8490000000000024
10612,1.950000000000002
10613,2.2590000000000017
10614,2.150000000000002
10615,1.8470000000000015
10616,1.9580000000000013
10617,1.851000000000002
10618,1.8430000000000009
10619,1.8590000000000018
10620,2.0450000000000017
10621,1.9480000000000017
10622,1.849000000000001
10623,1.9320000000000028
10624,1.7520000000000016
10625,1.7340000000000024
10626,1.958000000000001
10627,1.831000000000002
10628,1.7500000000000027
10629,2.352000000000002
10630,1.9540000000000017
10631,1.756000000000002
10632,1.9440000000000026
10633,1.6370000000000011
10634,1.5400000000000018
10635,1.530000000000002
10636,2.144000000000002
10637,2.1500000000000017
10638,2.0430000000000015
10639,1.5460000000000014
10640,2.2590000000000017
10641,1.944000000000002
10642,2.0530000000000017
10643,1.6470000000000014
10644,2.043000000000003
10645,1.653000000000001
10646,1.8510000000000013
10647,1.8510000000000013
10648,2.0470000000000015
10649,1.5380000000000018
10650,2.2510000000000026
10651,2.2590000000000017
10652,1.9580000000000015
10653,1.8450000000000017
10654,1.9540000000000024
10655,1.9420000000000015
10656,1.8670000000000013
10657,2.0570000000000017
10658,2.0510000000000015
10659,2.253000000000002
10660,1.9560000000000017
10661,1.9440000000000024
10662,2.158000000000001
10663,1.8570000000000024
10664,1.8450000000000015
10665,1.7520000000000007
10666,2.041000000000002
10667,1.5460000000000025
10668,2.047000000000002
10669,2.055000000000002
10670,1.7360000000000022
10671,1.950000000000002
10672,2.0530000000000017
10673,2.049000000000002
10674,1.8450000000000009
10675,1.7480000000000018
10676,2.253000000000002
10677,2.1460000000000017
10678,2.1420000000000026
10679,2.1520000000000015
10680,2.0550000000000015
10681,1.8550000000000013
10682,2.053000000000002
10683,1.8490000000000015
10684,1.950000000000002
10685,2.144000000000003
10686,2.039000000000003
10687,2.049000000000002
10688,2.0570000000000017
10689,1.940000000000002
10690,2.039000000000002
10691,1.6490000000000018
10692,1.7460000000000013
10693,1.6370000000000022
10694,2.1520000000000024
10695,2.146000000000002
10696,1.942000000000002
10697,1.9500000000000017
10698,2.150000000000002
10699,2.0530000000000017
10700,1.9500000000000022
10701,2.0390000000000024
10702,2.0510000000000024
10703,2.0550000000000015
10704,2.2670000000000017
10705,2.0350000000000024
10706,1.7560000000000013
10707,2.1600000000000015
10708,1.8410000000000022
10709,1.9460000000000022
10710,2.362000000000002
10711,2.1580000000000017
10712,2.251000000000002
10713,2.0530000000000013
10714,2.049000000000002
10715,2.053000000000002
10716,1.8510000000000018
10717,2.0470000000000024
10718,1.7420000000000018
10719,1.962000000000001
10720,2.2670000000000012
10721,2.150000000000002
10722,1.845000000000002
10723,2.0490000000000013
10724,1.851000000000001
10725,1.7380000000000018
10726,2.3560000000000025
10727,1.7380000000000024
10728,1.9380000000000026
10729,1.841000000000002
10730,1.736000000000002
10731,1.9400000000000015
10732,1.5420000000000016
10733,1.7300000000000026
10734,2.1500000000000012
10735,1.9480000000000015
10736,2.144000000000002
10737,1.9540000000000013
10738,1.8630000000000009
10739,1.8510000000000013
10740,2.152000000000002
10741,1.8450000000000017
10742,1.847000000000002
10743,2.1520000000000015
10744,1.9480000000000017
10745,1.6470000000000022
10746,1.7460000000000022
10747,2.1500000000000017
10748,1.7420000000000013
10749,1.6390000000000022
10750,1.736000000000002
10751,1.7380000000000022
10752,1.8470000000000015
10753,1.9460000000000022
10754,2.057000000000001
10755,1.855000000000002
10756,1.9480000000000017
10757,1.9660000000000013
10758,1.8470000000000022
10759,1.9520000000000024
10760,2.253000000000002
10761,1.9540000000000024
10762,2.1460000000000012
10763,2.261000000000001
10764,2.1400000000000023
10765,2.142000000000002
10766,1.8550000000000022
10767,1.6410000000000013
10768,2.063000000000001
10769,1.8390000000000026
10770,2.146000000000002
10771,2.0550000000000015
10772,1.9600000000000015
10773,2.037000000000002
10774,2.0450000000000017
10775,1.9380000000000024
10776,2.3440000000000016
10777,1.845000000000002
10778,1.7380000000000022
10779,2.1580000000000017
10780,1.7280000000000018
10781,2.360000000000001
10782,1.6550000000000018
10783,1.9560000000000013
10784,1.7520000000000016
10785,1.6550000000000011
10786,2.144000000000002
10787,2.340000000000002
10788,2.0530000000000017
10789,1.6330000000000016
10790,2.364000000000001
10791,2.0490000000000017
10792,1.940000000000002
10793,1.8450000000000015
10794,1.7460000000000022
10795,1.8530000000000015
10796,1.9600000000000017
10797,1.6350000000000022
10798,2.047000000000002
10799,1.956000000000002
10800,1.6390000000000018
10801,2.0610000000000017
10802,1.8590000000000015
10803,1.944000000000002
10804,1.8550000000000022
10805,1.8550000000000018
10806,1.837000000000002
10807,2.1600000000000015
10808,1.942000000000002
10809,1.639000000000002
10810,1.9500000000000017
10811,1.8690000000000009
10812,1.6350000000000025
10813,1.7500000000000013
10814,1.8510000000000013
10815,1.8310000000000024
10816,1.8490000000000018
10817,2.039000000000002
10818,1.841000000000003
10819,1.9380000000000024
10820,1.4330000000000027
10821,2.3560000000000016
10822,1.9640000000000006
10823,2.2810000000000006
10824,2.243000000000002
10825,2.146000000000002
10826,1.956000000000001
10827,2.148000000000002
10828,1.7560000000000016
10829,1.6390000000000016
10830,1.9580000000000013
10831,1.6410000000000013
10832,2.0510000000000015
10833,1.6330000000000024
10834,1.9420000000000024
10835,1.9480000000000024
10836,2.2530000000000014
10837,2.0610000000000004
10838,2.051000000000001
10839,1.9460000000000028
10840,2.1420000000000017
10841,1.956000000000002
10842,2.2610000000000015
10843,1.7380000000000015
10844,2.356000000000002
10845,2.049000000000001
10846,2.1520000000000024
10847,2.0530000000000017
10848,1.7540000000000018
10849,1.9500000000000017
10850,1.8390000000000017
10851,1.8530000000000022
10852,2.1540000000000017
10853,1.8550000000000006
10854,1.7500000000000018
10855,2.148000000000002
10856,2.0530000000000017
10857,1.8510000000000018
10858,2.3420000000000023
10859,2.253000000000002
10860,1.8630000000000007
10861,2.0570000000000013
10862,1.7400000000000022
10863,2.253000000000002
10864,2.1420000000000017
10865,1.9560000000000017
10866,1.5540000000000014
10867,1.857000000000002
10868,1.946000000000002
10869,2.049000000000002
10870,1.942000000000002
10871,1.958000000000001
10872,2.1540000000000017
10873,1.9340000000000024
10874,1.6410000000000016
10875,1.7420000000000015
10876,1.734000000000002
10877,1.8590000000000024
10878,2.455000000000002
10879,1.8530000000000018
10880,2.146000000000002
10881,2.059000000000002
10882,2.1540000000000017
10883,1.8390000000000029
10884,1.8510000000000018
10885,1.841000000000002
10886,2.160000000000001
10887,1.8370000000000026
10888,2.0550000000000024
10889,1.9480000000000017
10890,1.9460000000000013
10891,1.849000000000001
10892,1.847000000000002
10893,1.8530000000000018
10894,1.8570000000000013
10895,1.841000000000002
10896,1.966000000000001
10897,1.8530000000000015
10898,1.7500000000000018
10899,1.8530000000000013
10900,2.0490000000000017
10901,1.9520000000000015
10902,1.7500000000000022
10903,1.7380000000000024
10904,1.643000000000002
10905,2.2550000000000017
10906,2.4710000000000014
10907,2.148000000000002
10908,2.037000000000002
10909,1.7380000000000018
10910,1.7500000000000018
10911,1.633000000000002
10912,2.049000000000002
10913,1.8390000000000017
10914,2.2730000000000015
10915,1.9500000000000017
10916,1.9520000000000022
10917,1.956000000000001
10918,2.4650000000000016
10919,1.8470000000000013
10920,2.1500000000000012
10921,1.841000000000002
10922,2.2470000000000026
10923,1.9480000000000015
10924,2.1600000000000015
10925,1.8570000000000024
10926,2.0610000000000017
10927,1.7460000000000016
10928,2.0610000000000013
10929,2.146000000000002
10930,2.2590000000000017
10931,2.1580000000000017
10932,2.043000000000003
10933,1.7360000000000024
10934,2.148000000000002
10935,1.7500000000000018
10936,2.0510000000000015
10937,1.9440000000000017
10938,2.063000000000002
10939,1.8490000000000024
10940,1.8430000000000024
10941,2.0530000000000017
10942,2.1420000000000017
10943,2.1700000000000013
10944,1.7460000000000013
10945,1.8450000000000026
10946,1.8430000000000017
10947,2.0530000000000017
10948,1.8570000000000013
10949,2.2470000000000026
10950,2.0570000000000013
10951,1.7420000000000022
10952,1.8390000000000024
10953,1.9480000000000013
10954,2.0550000000000015
10955,2.2390000000000025
10956,1.952000000000002
10957,1.946000000000002
10958,2.164000000000001
10959,1.538000000000002
10960,1.8350000000000022
10961,1.859000000000001
10962,1.8450000000000022
10963,1.754000000000002
10964,2.0410000000000026
10965,2.4510000000000023
10966,1.942000000000002
10967,1.845000000000002
10968,1.942000000000002
10969,1.946000000000002
10970,1.9580000000000013
10971,2.1540000000000017
10972,2.0610000000000013
10973,1.9600000000000017
10974,1.645000000000002
10975,1.9680000000000015
10976,1.6470000000000018
10977,2.051000000000002
10978,1.9640000000000017
10979,1.849000000000002
10980,2.0370000000000026
10981,1.8470000000000015
10982,1.9500000000000015
10983,1.7440000000000015
10984,1.8370000000000022
10985,1.9380000000000024
10986,2.049000000000002
10987,1.9520000000000022
10988,1.8450000000000017
10989,1.940000000000002
10990,2.0530000000000017
10991,1.9660000000000009
10992,1.8410000000000013
10993,2.1340000000000017
10994,2.2530000000000014
10995,1.8530000000000022
10996,2.1520000000000015
10997,1.9540000000000008
10998,2.140000000000002
10999,2.1440000000000023
11000,1.8390000000000017
11001,1.6450000000000022
11002,1.9340000000000028
11003,1.9480000000000015
11004,1.9440000000000024
11005,1.9480000000000017
11006,2.275000000000001
11007,2.039000000000002
11008,1.960000000000001
11009,2.0450000000000026
11010,1.6470000000000016
11011,2.059000000000002
11012,2.1460000000000026
11013,1.7440000000000024
11014,2.069000000000001
11015,2.1560000000000015
11016,1.944000000000002
11017,2.158000000000002
11018,1.9440000000000015
11019,2.146000000000002
11020,1.748000000000002
11021,2.0450000000000017
11022,2.142000000000002
11023,1.940000000000002
11024,1.5320000000000022
11025,1.954000000000002
11026,1.7400000000000018
11027,2.2510000000000026
11028,1.760000000000002
11029,1.940000000000002
11030,1.8470000000000015
11031,2.049000000000001
11032,2.1660000000000013
11033,2.1540000000000017
11034,1.950000000000002
11035,2.0530000000000017
11036,1.6290000000000027
11037,1.7580000000000013
11038,2.043000000000002
11039,2.1580000000000017
11040,1.9540000000000015
11041,1.8530000000000015
11042,1.9580000000000015
11043,1.7480000000000016
11044,1.7300000000000022
11045,2.0470000000000024
11046,1.8450000000000022
11047,2.2430000000000017
11048,1.8390000000000024
11049,2.1520000000000015
11050,2.348000000000002
11051,1.9560000000000017
11052,1.9480000000000022
11053,2.2590000000000012
11054,2.2590000000000017
11055,2.1420000000000017
11056,1.9440000000000017
11057,2.0590000000000015
11058,2.2570000000000014
11059,1.6270000000000024
11060,1.9640000000000015
11061,1.8410000000000022
11062,1.8430000000000024
11063,2.245000000000002
11064,1.9500000000000017
11065,2.051000000000002
11066,2.2590000000000017
11067,2.043000000000002
11068,1.7400000000000018
11069,2.257000000000001
11070,2.253000000000002
11071,2.364000000000001
11072,1.7320000000000024
11073,2.0490000000000017
11074,2.1520000000000015
11075,1.9480000000000013
11076,2.043000000000002
11077,1.8510000000000018
11078,1.9540000000000015
11079,2.1620000000000017
11080,2.043000000000002
11081,2.4530000000000016
11082,2.156000000000002
11083,1.8350000000000022
11084,1.744000000000002
11085,2.053000000000001
11086,2.168000000000001
11087,1.8310000000000028
11088,2.0490000000000017
11089,2.0470000000000024
11090,2.0430000000000024
11091,1.9480000000000015
11092,1.8470000000000024
11093,2.1540000000000017
11094,2.2470000000000017
11095,2.055000000000001
11096,2.257000000000002
11097,1.936000000000002
11098,1.9620000000000015
11099,1.736000000000002
11100,1.9400000000000022
11101,1.7600000000000018
11102,2.0610000000000013
11103,1.950000000000001
11104,1.8650000000000018
11105,2.045000000000002
11106,2.3580000000000014
11107,1.8450000000000022
11108,1.8510000000000013
11109,1.9560000000000013
11110,1.9460000000000024
11111,1.9520000000000013
11112,1.946000000000002
11113,1.3440000000000019
11114,2.0530000000000026
11115,2.0550000000000015
11116,2.245000000000002
11117,2.0470000000000015
11118,1.8490000000000018
11119,1.9540000000000015
11120,1.9560000000000017
11121,1.9580000000000015
11122,2.061000000000001
11123,1.6470000000000018
11124,2.1460000000000012
11125,1.851000000000002
11126,1.8550000000000013
11127,1.9500000000000015
11128,1.6370000000000011
11129,1.639000000000002
11130,1.8490000000000018
11131,1.956000000000001
11132,1.954000000000002
11133,1.8430000000000013
11134,1.6370000000000016
11135,2.2430000000000025
11136,2.0470000000000024
11137,2.1520000000000024
11138,1.9380000000000017
11139,1.972000000000001
11140,2.0450000000000026
11141,1.847000000000002
11142,1.5380000000000025
11143,1.9400000000000026
11144,1.6390000000000011
11145,1.831000000000002
11146,1.948000000000003
11147,1.736000000000001
11148,1.845000000000002
11149,2.3520000000000016
11150,2.041000000000002
11151,1.6510000000000011
11152,1.8370000000000024
11153,2.245000000000002
11154,2.249000000000002
11155,2.0450000000000013
11156,2.148000000000002
11157,1.8370000000000022
11158,1.6410000000000013
11159,2.0490000000000017
11160,1.9480000000000015
11161,2.049000000000001
11162,1.746000000000002
11163,1.744000000000002
11164,2.1580000000000013
11165,1.9280000000000024
11166,1.8430000000000015
11167,2.045000000000002
11168,1.7620000000000002
11169,1.8530000000000022
11170,1.9580000000000013
11171,2.255000000000002
11172,2.255000000000002
11173,2.0450000000000013
11174,2.164000000000001
11175,2.348000000000002
11176,1.7520000000000024
11177,1.7360000000000022
11178,1.9540000000000024
11179,2.142000000000002
11180,2.346000000000002
11181,1.8530000000000018
11182,2.053000000000001
11183,2.1480000000000015
11184,1.9560000000000004
11185,2.0550000000000015
11186,1.9500000000000017
11187,1.9500000000000015
11188,1.8510000000000022
11189,2.2570000000000014
11190,1.9460000000000022
11191,2.1560000000000015
11192,2.0550000000000015
11193,2.039000000000002
11194,1.6350000000000025
11195,1.9620000000000013
11196,2.249000000000002
11197,1.847000000000002
11198,1.8530000000000015
11199,2.1580000000000017
11200,1.9380000000000017
11201,1.948000000000001
11202,2.2490000000000023
11203,2.067000000000001
11204,1.9420000000000015
11205,2.1500000000000017
11206,1.9360000000000022
11207,1.7440000000000015
11208,2.1580000000000013
11209,2.2550000000000012
11210,2.1560000000000015
11211,1.9540000000000015
11212,1.9540000000000017
11213,2.045000000000002
11214,2.152000000000001
11215,1.629000000000002
11216,2.160000000000001
11217,1.6270000000000018
11218,2.3480000000000016
11219,2.1540000000000017
11220,2.049000000000002
11221,2.1580000000000017
11222,2.037000000000002
11223,1.9460000000000017
11224,2.039000000000001
11225,2.156000000000002
11226,2.0690000000000004
11227,2.0470000000000015
11228,1.736000000000002
11229,2.0590000000000015
11230,2.2510000000000017
11231,2.1500000000000017
11232,1.8350000000000022
11233,2.1420000000000017
11234,1.950000000000002
11235,2.0550000000000015
11236,1.7480000000000018
11237,2.164000000000001
11238,2.3620000000000014
11239,1.2350000000000005
11240,1.851000000000002
11241,1.6450000000000014
11242,1.7500000000000018
11243,1.841000000000002
11244,2.0510000000000015
11245,2.0530000000000026
11246,1.8350000000000026
11247,1.8430000000000017
11248,2.1620000000000013
11249,2.144000000000002
11250,2.0430000000000024
11251,1.9580000000000017
11252,2.344000000000002
11253,1.859000000000001
11254,1.849000000000001
11255,2.152000000000002
11256,1.8470000000000022
11257,1.857000000000002
11258,2.1560000000000024
11259,1.9420000000000015
11260,1.8350000000000026
11261,1.9380000000000024
11262,2.253000000000002
11263,1.9580000000000013
11264,1.9420000000000022
11265,1.851000000000001
11266,1.734000000000002
11267,2.2670000000000017
11268,1.9420000000000022
11269,1.8530000000000013
11270,1.847000000000002
11271,2.0490000000000017
11272,2.1580000000000017
11273,2.063000000000001
11274,1.7340000000000029
11275,1.9460000000000017
11276,2.1520000000000015
11277,1.8390000000000026
11278,1.849000000000002
11279,1.8470000000000015
11280,2.043000000000002
11281,1.861000000000002
11282,1.942000000000002
11283,1.952000000000002
11284,2.041000000000003
11285,1.950000000000002
11286,1.950000000000002
11287,1.859
11288,1.9500000000000026
11289,1.8490000000000024
11290,1.8550000000000013
11291,2.455000000000002
11292,1.8370000000000024
11293,2.156000000000002
11294,2.3480000000000025
11295,1.643000000000002
11296,1.946000000000002
11297,2.0570000000000013
11298,1.9420000000000022
11299,1.851000000000002
11300,1.946000000000002
11301,1.849000000000002
11302,2.0650000000000013
11303,2.035000000000003
11304,1.9480000000000017
11305,1.9480000000000026
11306,1.8330000000000028
11307,2.255000000000002
11308,2.0510000000000015
11309,2.039000000000002
11310,1.8470000000000015
11311,1.8410000000000017
11312,2.136000000000003
11313,1.845000000000002
11314,2.136000000000003
11315,2.146000000000002
11316,1.950000000000001
11317,1.9480000000000024
11318,2.0410000000000026
11319,2.063000000000001
11320,2.245000000000002
11321,2.0610000000000013
11322,1.6490000000000022
11323,1.8630000000000018
11324,1.8430000000000022
11325,2.0390000000000024
11326,2.3460000000000023
11327,1.950000000000002
11328,1.944000000000002
11329,1.9560000000000013
11330,2.047000000000002
11331,1.7300000000000029
11332,1.8430000000000024
11333,1.631000000000002
11334,1.8410000000000017
11335,1.8510000000000022
11336,1.952000000000002
11337,1.944000000000002
11338,1.548000000000001
11339,2.366000000000001
11340,1.9440000000000024
11341,1.9620000000000013
11342,1.7340000000000027
11343,2.160000000000002
11344,2.0590000000000015
11345,2.2630000000000017
11346,1.8430000000000015
11347,2.1540000000000017
11348,1.8470000000000015
11349,1.8530000000000013
11350,1.9520000000000015
11351,2.0350000000000024
11352,1.8430000000000022
11353,1.9380000000000017
11354,2.249000000000002
11355,1.8470000000000024
11356,2.1580000000000013
11357,2.150000000000002
11358,1.7500000000000013
11359,2.253000000000002
11360,2.156000000000002
11361,1.9480000000000013
11362,1.639000000000002
11363,2.041000000000002
11364,1.8430000000000024
11365,2.039000000000003
11366,2.049000000000002
11367,1.8370000000000026
11368,1.9400000000000026
11369,1.9460000000000017
11370,2.255000000000002
11371,1.7560000000000011
11372,1.7420000000000022
11373,2.142000000000002
11374,1.6510000000000016
11375,2.0510000000000024
11376,1.8410000000000029
11377,1.847000000000002
11378,2.0510000000000015
11379,1.7520000000000016
11380,1.6390000000000022
11381,2.443000000000002
11382,2.1660000000000017
11383,2.0510000000000024
11384,2.281
11385,1.7520000000000013
11386,1.8490000000000015
11387,1.9440000000000024
11388,2.0510000000000024
11389,1.867000000000001
11390,2.051000000000002
11391,1.8450000000000015
11392,1.8430000000000017
11393,1.7520000000000018
11394,2.039000000000002
11395,1.841000000000002
11396,1.8490000000000015
11397,2.243000000000002
11398,1.7400000000000018
11399,2.3620000000000014
11400,1.6450000000000025
11401,2.1580000000000017
11402,2.047000000000003
11403,1.7440000000000027
11404,1.7360000000000013
11405,1.9380000000000022
11406,2.566000000000001
11407,1.8450000000000022
11408,1.8350000000000022
11409,1.7520000000000022
11410,1.8370000000000024
11411,2.0510000000000015
11412,2.156000000000002
11413,1.8430000000000022
11414,1.8470000000000022
11415,1.9520000000000013
11416,2.2450000000000023
11417,2.0530000000000017
11418,2.059000000000002
11419,2.249000000000002
11420,1.835000000000002
11421,2.2550000000000012
11422,1.9380000000000024
11423,2.0530000000000017
11424,2.156000000000001
11425,1.8350000000000022
11426,1.7600000000000011
11427,2.047000000000002
11428,2.249000000000002
11429,1.8450000000000022
11430,2.140000000000002
11431,2.049000000000002
11432,1.8430000000000022
11433,1.9420000000000022
11434,2.164000000000001
11435,1.8430000000000017
11436,1.9360000000000022
11437,2.045000000000002
11438,2.1580000000000017
11439,2.156000000000001
11440,1.9600000000000017
11441,1.746000000000002
11442,2.247000000000002
11443,2.2570000000000023
11444,2.1440000000000023
11445,1.9560000000000013
11446,1.8530000000000015
11447,1.9480000000000017
11448,1.952000000000002
11449,1.9480000000000017
11450,1.9520000000000013
11451,1.8530000000000015
11452,1.8410000000000017
11453,1.8390000000000013
11454,1.5360000000000023
11455,1.960000000000002
11456,1.9600000000000017
11457,2.162000000000001
11458,1.643000000000002
11459,2.1560000000000015
11460,1.9440000000000017
11461,1.9460000000000022
11462,1.8530000000000024
11463,1.6470000000000018
11464,2.0550000000000015
11465,1.946000000000002
11466,1.8530000000000013
11467,1.6430000000000016
11468,2.1560000000000015
11469,1.7440000000000018
11470,1.8330000000000017
11471,1.946000000000001
11472,1.8450000000000026
11473,2.251000000000002
11474,1.7500000000000022
11475,2.0530000000000017
11476,2.144000000000003
11477,1.944000000000002
11478,1.8430000000000022
11479,1.8470000000000015
11480,2.152000000000002
11481,1.7460000000000022
11482,2.059000000000002
11483,2.045000000000002
11484,1.8630000000000007
11485,2.3580000000000023
11486,1.861000000000001
11487,1.944000000000002
11488,2.0470000000000024
11489,2.047000000000002
11490,1.9460000000000017
11491,2.168000000000001
11492,2.0530000000000013
11493,1.6370000000000018
11494,1.9520000000000022
11495,2.0550000000000024
11496,2.150000000000002
11497,1.960000000000002
11498,1.6430000000000018
11499,2.051000000000002
11500,1.944000000000002
11501,1.8430000000000015
11502,1.9460000000000013
11503,1.5380000000000018
11504,2.2570000000000006
11505,1.8410000000000017
11506,2.0510000000000024
11507,1.7420000000000013
11508,1.9540000000000017
11509,2.2510000000000017
11510,2.0570000000000017
11511,2.1400000000000023
11512,1.940000000000002
11513,2.1480000000000015
11514,2.154000000000002
11515,2.2470000000000017
11516,1.9380000000000017
11517,1.952000000000002
11518,2.467000000000001
11519,1.5460000000000016
11520,2.073000000000001
11521,2.0570000000000013
11522,1.8410000000000022
11523,2.1540000000000017
11524,2.2670000000000012
11525,2.049000000000002
11526,2.0450000000000017
11527,1.7500000000000022
11528,1.8470000000000013
11529,2.3720000000000008
11530,1.9440000000000017
11531,1.952000000000002
11532,1.9440000000000024
11533,1.9380000000000022
11534,2.0550000000000024
11535,1.9360000000000026
11536,1.944000000000002
11537,1.6270000000000016
11538,1.8470000000000015
11539,2.265000000000001
11540,1.9500000000000017
11541,2.160000000000001
11542,2.154000000000002
11543,2.0510000000000024
11544,2.047000000000002
11545,1.9520000000000015
11546,2.0430000000000015
11547,1.7380000000000024
11548,1.8410000000000024
11549,2.043000000000002
11550,1.952000000000002
11551,1.9540000000000013
11552,2.041000000000002
11553,1.944000000000002
11554,2.0490000000000017
11555,1.7420000000000015
11556,1.7440000000000018
11557,2.0570000000000017
11558,2.1360000000000023
11559,1.8510000000000013
11560,2.0430000000000024
11561,2.063000000000002
11562,2.051000000000002
11563,2.3460000000000023
11564,1.839000000000002
11565,1.8410000000000029
11566,1.9400000000000026
11567,1.845000000000002
11568,2.063000000000001
11569,1.849000000000002
11570,1.7460000000000016
11571,1.940000000000002
11572,2.0530000000000013
11573,2.0510000000000015
11574,1.944000000000002
11575,2.2570000000000014
11576,1.8430000000000026
11577,1.847000000000002
11578,1.946000000000002
11579,1.9540000000000015
11580,2.239000000000003
11581,1.8430000000000015
11582,2.0470000000000015
11583,2.152000000000002
11584,2.146000000000002
11585,1.8570000000000015
11586,2.0470000000000024
11587,1.8570000000000015
11588,1.849000000000001
11589,1.8590000000000018
11590,1.8410000000000017
11591,2.0530000000000017
11592,1.8430000000000024
11593,2.1480000000000015
11594,2.051000000000001
11595,2.043000000000002
11596,2.045000000000002
11597,1.9560000000000013
11598,2.1480000000000024
11599,1.9540000000000015
11600,1.6470000000000014
11601,1.5300000000000022
11602,1.9560000000000017
11603,1.7460000000000013
11604,2.2470000000000017
11605,1.8450000000000029
11606,1.9520000000000013
11607,1.7360000000000022
11608,2.047000000000002
11609,1.7460000000000013
11610,1.950000000000002
11611,1.8430000000000017
11612,2.047000000000002
11613,1.855000000000001
11614,1.7540000000000018
11615,1.7400000000000013
11616,2.059000000000001
11617,1.9520000000000015
11618,2.049000000000002
11619,1.9480000000000017
11620,2.045000000000002
11621,1.736000000000003
11622,2.0510000000000015
11623,2.1580000000000013
11624,1.736000000000002
11625,2.0530000000000026
11626,1.7620000000000007
11627,2.3400000000000025
11628,1.746000000000002
11629,1.946000000000002
11630,1.9440000000000017
11631,2.0330000000000026
11632,1.8410000000000024
11633,1.8410000000000017
11634,1.8310000000000024
11635,1.8410000000000013
11636,1.8470000000000022
11637,2.059000000000001
11638,1.7460000000000016
11639,2.1660000000000017
11640,2.045000000000002
11641,1.950000000000002
11642,2.1400000000000023
11643,2.160000000000002
11644,2.2510000000000026
11645,2.1500000000000017
11646,1.9340000000000024
11647,1.8370000000000022
11648,1.732000000000002
11649,2.1560000000000015
11650,2.0510000000000006
11651,2.0490000000000017
11652,1.5360000000000016
11653,1.7420000000000013
11654,1.9460000000000013
11655,1.8370000000000024
11656,2.245000000000002
11657,1.9440000000000017
11658,1.9440000000000017
11659,1.8390000000000013
11660,2.158000000000002
11661,1.950000000000002
11662,1.9500000000000015
11663,2.0510000000000015
11664,1.6350000000000022
11665,1.9440000000000024
11666,2.049000000000002
11667,1.9440000000000017
11668,1.740000000000002
11669,2.562000000000001
11670,2.0490000000000017
11671,2.0590000000000024
11672,2.350000000000002
11673,2.043000000000002
11674,2.0550000000000015
11675,1.629000000000002
11676,2.152000000000002
11677,2.2590000000000012
11678,2.142000000000002
11679,2.1520000000000024
11680,2.041000000000002
11681,2.0450000000000013
11682,2.0470000000000024
11683,2.154000000000001
11684,2.2450000000000023
11685,2.1520000000000024
11686,1.9580000000000013
11687,2.2590000000000017
11688,1.8550000000000022
11689,1.7520000000000016
11690,1.8410000000000017
11691,2.1600000000000015
11692,2.1620000000000013
11693,1.7420000000000018
11694,1.6390000000000011
11695,1.7360000000000015
11696,2.049000000000002
11697,1.950000000000002
11698,1.9500000000000017
11699,2.1540000000000012
11700,2.1540000000000012
11701,1.9580000000000013
11702,1.9400000000000022
11703,1.7300000000000022
11704,2.160000000000001
11705,1.976000000000001
11706,1.9480000000000024
11707,1.9520000000000015
11708,1.7420000000000022
11709,2.2570000000000014
11710,1.9440000000000015
11711,1.942000000000003
11712,2.235000000000002
11713,2.364000000000001
11714,1.9520000000000022
11715,2.0670000000000015
11716,1.952000000000002
11717,1.7500000000000018
11718,2.0490000000000017
11719,2.2490000000000014
11720,1.8550000000000018
11721,2.045000000000002
11722,2.245000000000002
11723,1.8470000000000024
11724,2.1440000000000023
11725,1.7460000000000013
11726,2.1560000000000015
11727,2.0610000000000013
11728,2.1560000000000015
11729,1.9560000000000013
11730,1.6350000000000025
11731,1.966000000000001
11732,2.0610000000000013
11733,1.9480000000000017
11734,2.1620000000000013
11735,2.1620000000000017
11736,1.9480000000000026
11737,1.7440000000000024
11738,2.045000000000002
11739,1.944000000000002
11740,1.7540000000000018
11741,1.8530000000000009
11742,2.055000000000001
11743,2.0570000000000017
11744,2.358000000000002
11745,2.053000000000002
11746,1.950000000000002
11747,2.047000000000002
11748,2.2510000000000026
11749,1.841000000000002
11750,1.639000000000002
11751,1.8470000000000022
11752,2.1700000000000013
11753,2.0670000000000015
11754,1.9460000000000022
11755,1.9500000000000017
11756,1.8510000000000013
11757,2.0650000000000013
11758,2.148000000000002
11759,2.1460000000000017
11760,1.9500000000000017
11761,1.7300000000000018
11762,2.0610000000000013
11763,1.6410000000000022
11764,2.2590000000000017
11765,1.9480000000000022
11766,1.9500000000000008
11767,2.053000000000002
11768,2.0490000000000013
11769,1.9580000000000015
11770,1.932000000000002
11771,2.1580000000000017
11772,1.9440000000000017
11773,1.7560000000000016
11774,2.144000000000002
11775,2.069000000000001
11776,2.2510000000000017
11777,1.7420000000000027
11778,1.639000000000002
11779,1.8370000000000022
11780,2.0630000000000015
11781,1.9660000000000013
11782,2.0470000000000015
11783,2.051000000000002
11784,2.2590000000000017
11785,1.5320000000000016
11786,1.950000000000001
11787,1.6310000000000024
11788,1.651000000000002
11789,1.7360000000000024
11790,1.8490000000000015
11791,2.0430000000000024
11792,2.4610000000000016
11793,1.837000000000002
11794,1.9480000000000022
11795,2.3700000000000014
11796,1.940000000000002
11797,1.944000000000002
11798,2.0510000000000015
11799,2.049000000000002
11800,2.2510000000000017
11801,1.8490000000000015
11802,1.9580000000000013
11803,1.7460000000000022
11804,1.9400000000000022
11805,2.2650000000000015
11806,2.1580000000000017
11807,2.0490000000000017
11808,1.9360000000000013
11809,1.9600000000000015
11810,1.940000000000002
11811,2.1540000000000012
11812,2.055000000000002
11813,1.5520000000000014
11814,2.150000000000002
11815,1.8390000000000024
11816,2.164000000000001
11817,2.1620000000000013
11818,2.0470000000000015
11819,1.8530000000000024
11820,2.4570000000000016
11821,1.845000000000002
11822,1.7360000000000024
11823,2.039000000000002
11824,1.9340000000000024
11825,2.253000000000002
11826,1.9480000000000013
11827,2.0470000000000015
11828,1.9620000000000006
11829,2.0370000000000026
11830,2.045000000000002
11831,2.0570000000000017
11832,1.6470000000000014
11833,1.851000000000002
11834,2.150000000000002
11835,1.9500000000000022
11836,1.7420000000000015
11837,2.0530000000000026
11838,2.150000000000002
11839,2.1520000000000024
11840,1.8510000000000013
11841,2.0490000000000013
11842,2.166000000000001
11843,1.740000000000002
11844,1.942000000000002
11845,1.8430000000000026
11846,1.845000000000002
11847,1.9500000000000017
11848,2.0510000000000015
11849,1.8430000000000017
11850,2.146000000000002
11851,1.5420000000000014
11852,1.956000000000001
11853,1.7380000000000018
11854,1.9580000000000022
11855,1.837000000000002
11856,2.4530000000000016
11857,2.0570000000000017
11858,2.263000000000001
11859,1.7420000000000022
11860,1.934000000000002
11861,2.352000000000001
11862,1.6590000000000007
11863,2.1440000000000023
11864,1.9560000000000022
11865,1.9420000000000022
11866,1.8550000000000013
11867,2.0550000000000015
11868,2.0450000000000017
11869,1.9520000000000013
11870,2.4630000000000014
11871,2.1520000000000015
11872,1.849000000000001
11873,1.9380000000000022
11874,2.160000000000002
11875,1.9520000000000024
11876,1.7380000000000022
11877,2.0550000000000015
11878,1.956000000000001
11879,1.932000000000002
11880,2.047000000000002
11881,1.9460000000000024
11882,2.063000000000002
11883,2.2630000000000017
11884,1.8590000000000018
11885,1.956000000000002
11886,1.956000000000002
11887,2.045000000000002
11888,1.940000000000002
11889,2.261000000000001
11890,1.6370000000000016
11891,1.649000000000002
11892,2.051000000000002
11893,1.742000000000003
11894,1.9480000000000017
11895,1.9420000000000024
11896,1.8550000000000018
11897,2.4670000000000005
11898,1.7480000000000013
11899,2.1560000000000015
11900,2.1660000000000017
11901,2.156000000000002
11902,2.1660000000000013
11903,2.146000000000002
11904,2.140000000000002
11905,1.6430000000000013
11906,2.245000000000002
11907,2.1540000000000017
11908,2.0450000000000017
11909,2.162000000000001
11910,2.255000000000002
11911,2.1480000000000006
11912,2.0570000000000017
11913,1.8490000000000018
11914,1.839000000000002
11915,2.352000000000002
11916,1.7500000000000018
11917,2.0430000000000024
11918,1.946000000000002
11919,2.0450000000000017
11920,1.9380000000000026
11921,2.1580000000000017
11922,1.9420000000000028
11923,1.9420000000000022
11924,2.1580000000000017
11925,2.1400000000000023
11926,2.247000000000002
11927,2.063000000000002
11928,1.8470000000000026
11929,1.7440000000000018
11930,1.8350000000000022
11931,2.160000000000002
11932,1.9500000000000017
11933,1.9380000000000022
11934,1.9460000000000024
11935,1.8390000000000017
11936,1.8430000000000026
11937,2.142000000000002
11938,2.1580000000000017
11939,2.3540000000000023
11940,2.0470000000000024
11941,2.0490000000000017
11942,2.1560000000000015
11943,1.8430000000000024
11944,2.2670000000000012
11945,1.9520000000000013
11946,2.2550000000000012
11947,2.1420000000000026
11948,1.8530000000000015
11949,1.9620000000000013
11950,1.950000000000002
11951,2.0550000000000015
11952,1.9620000000000013
11953,2.3420000000000023
11954,1.9460000000000022
11955,2.045000000000002
11956,2.5520000000000014
11957,1.9460000000000017
11958,1.8390000000000017
11959,1.9460000000000024
11960,1.6470000000000022
11961,2.043000000000002
11962,1.8590000000000018
11963,2.142000000000002
11964,1.9420000000000015
11965,2.0570000000000017
11966,1.9540000000000015
11967,2.045000000000002
11968,1.9540000000000015
11969,1.9380000000000022
11970,2.047000000000002
11971,1.7440000000000015
11972,2.249000000000002
11973,1.845000000000002
11974,1.8530000000000015
11975,2.049000000000002
11976,1.8430000000000024
11977,2.1540000000000017
11978,1.9460000000000024
11979,1.8430000000000024
11980,1.9460000000000022
11981,1.940000000000002
11982,2.043000000000002
11983,1.8390000000000026
11984,1.9300000000000028
11985,1.9360000000000022
11986,2.029000000000003
11987,1.944000000000002
11988,2.0470000000000024
11989,1.643000000000002
11990,1.9400000000000022
11991,1.9480000000000015
11992,2.0490000000000017
11993,1.5320000000000018
11994,2.0470000000000024
11995,2.0650000000000013
11996,2.0470000000000024
11997,1.9460000000000024
11998,1.8510000000000018
11999,1.946000000000002
12000,1.837000000000002
12001,1.7580000000000013
12002,1.9500000000000022
12003,2.0510000000000015
12004,1.7500000000000018
12005,1.845000000000002
12006,2.0470000000000015
12007,2.4390000000000023
12008,1.9400000000000022
12009,2.055000000000001
12010,2.1600000000000024
12011,2.354000000000002
12012,2.249000000000002
12013,2.1360000000000023
12014,1.7340000000000029
12015,1.9360000000000022
12016,1.7480000000000024
12017,1.8610000000000013
12018,2.164000000000002
12019,2.0590000000000015
12020,2.0590000000000015
12021,2.047000000000002
12022,2.269000000000002
12023,1.7520000000000016
12024,2.0670000000000015
12025,1.9440000000000026
12026,2.144000000000002
12027,2.1660000000000013
12028,2.0530000000000017
12029,2.0550000000000015
12030,2.0490000000000017
12031,2.156000000000001
12032,1.9660000000000009
12033,1.740000000000002
12034,1.8510000000000013
12035,2.1500000000000012
12036,1.946000000000002
12037,1.9400000000000022
12038,1.8490000000000018
12039,2.1420000000000017
12040,1.8490000000000018
12041,2.253000000000002
12042,2.0550000000000015
12043,1.8490000000000015
12044,2.041000000000002
12045,2.0410000000000026
12046,2.043000000000003
12047,2.1640000000000015
12048,1.8550000000000018
12049,2.3580000000000014
12050,1.8490000000000015
12051,2.1540000000000017
12052,1.8430000000000022
12053,2.354000000000002
12054,2.1660000000000017
12055,1.8510000000000013
12056,1.8490000000000018
12057,2.0470000000000024
12058,1.8530000000000022
12059,2.0590000000000015
12060,1.9380000000000022
12061,2.1480000000000015
12062,2.057000000000001
12063,1.8450000000000017
12064,1.7420000000000018
12065,1.7300000000000018
12066,2.0530000000000017
12067,2.045000000000002
12068,2.0510000000000015
12069,1.9440000000000015
12070,1.8530000000000018
12071,1.9620000000000015
12072,1.946000000000002
12073,1.956000000000001
12074,1.8490000000000024
12075,2.3480000000000025
12076,1.9460000000000022
12077,1.746000000000002
12078,1.7420000000000015
12079,1.9520000000000026
12080,2.3460000000000023
12081,1.7500000000000013
12082,1.758000000000001
12083,1.9440000000000017
12084,2.0330000000000026
12085,2.0450000000000026
12086,1.946000000000002
12087,1.8450000000000017
12088,2.154000000000002
12089,2.1620000000000017
12090,1.8450000000000017
12091,1.9480000000000017
12092,1.6370000000000018
12093,1.849000000000001
12094,1.736000000000002
12095,2.6490000000000022
12096,2.1460000000000017
12097,1.6390000000000022
12098,2.049000000000002
12099,2.2490000000000023
12100,1.9540000000000013
12101,1.5320000000000018
12102,2.049000000000002
12103,1.9420000000000015
12104,1.8530000000000015
12105,1.8410000000000024
12106,1.861000000000002
12107,2.0450000000000013
12108,1.9620000000000006
12109,2.2550000000000012
12110,1.960000000000002
12111,2.144000000000002
12112,1.742000000000001
12113,2.0510000000000015
12114,2.1700000000000017
12115,2.4630000000000014
12116,1.734000000000002
12117,2.0550000000000015
12118,1.946000000000002
12119,1.9440000000000015
12120,2.059000000000002
12121,2.346000000000002
12122,1.8390000000000024
12123,2.457000000000002
12124,1.6510000000000014
12125,1.7440000000000015
12126,2.1420000000000026
12127,1.7360000000000015
12128,1.8330000000000022
12129,1.9560000000000017
12130,1.7400000000000022
12131,2.0610000000000013
12132,2.049000000000002
12133,1.7360000000000015
12134,2.457000000000002
12135,1.954000000000002
12136,1.9480000000000015
12137,2.039000000000002
12138,2.0610000000000013
12139,2.0550000000000015
12140,1.837000000000002
12141,2.0470000000000015
12142,2.0310000000000032
12143,1.954000000000002
12144,2.061000000000001
12145,1.6570000000000018
12146,1.9440000000000024
12147,2.152000000000002
12148,2.257000000000001
12149,2.0490000000000013
12150,2.144000000000002
12151,1.8570000000000013
12152,2.134000000000002
12153,1.9460000000000022
12154,1.9460000000000017
12155,1.9540000000000017
12156,2.037000000000002
12157,1.839000000000002
12158,1.956000000000001
12159,1.9480000000000017
12160,1.8450000000000022
12161,1.9520000000000015
12162,1.6370000000000027
12163,1.950000000000002
12164,2.152000000000002
12165,1.740000000000002
12166,1.7360000000000022
12167,2.457000000000002
12168,1.958000000000001
12169,2.1500000000000017
12170,2.459000000000002
12171,2.0510000000000015
12172,1.8590000000000018
12173,1.7380000000000022
12174,2.144000000000002
12175,2.039000000000002
12176,1.8350000000000022
12177,1.954000000000002
12178,2.150000000000002
12179,1.7440000000000027
12180,1.944000000000002
12181,1.9480000000000022
12182,2.4390000000000027
12183,2.1400000000000023
12184,2.1440000000000015
12185,1.9540000000000024
12186,2.150000000000002
12187,1.8610000000000015
12188,1.8550000000000013
12189,1.8490000000000024
12190,1.946000000000002
12191,2.257000000000002
12192,1.7480000000000009
12193,2.247000000000002
12194,2.253000000000002
12195,2.0570000000000017
12196,1.8490000000000015
12197,2.0570000000000013
12198,2.045000000000002
12199,2.0550000000000015
12200,1.944000000000002
12201,1.7340000000000027
12202,2.142000000000002
12203,2.055000000000002
12204,2.461000000000001
12205,2.059000000000002
12206,1.8350000000000017
12207,1.5380000000000025
12208,1.944000000000002
12209,1.9440000000000024
12210,1.9480000000000022
12211,1.841000000000002
12212,2.0570000000000017
12213,2.0470000000000024
12214,1.9460000000000017
12215,1.8390000000000017
12216,1.851000000000002
12217,2.148000000000002
12218,1.7560000000000013
12219,1.6470000000000016
12220,2.043000000000002
12221,1.9440000000000024
12222,1.952000000000002
12223,1.952000000000002
12224,1.6470000000000011
12225,1.9440000000000017
12226,2.138000000000003
12227,1.9380000000000024
12228,2.3460000000000023
12229,2.249000000000002
12230,2.1520000000000015
12231,1.7380000000000022
12232,2.1560000000000015
12233,2.3540000000000023
12234,1.8570000000000015
12235,2.1520000000000024
12236,1.857000000000001
12237,1.9520000000000022
12238,2.0510000000000015
12239,2.059000000000002
12240,1.7480000000000013
12241,1.9540000000000017
12242,2.051000000000002
12243,2.0570000000000013
12244,1.8570000000000015
12245,2.255000000000002
12246,2.0470000000000024
12247,1.7440000000000018
12248,1.7380000000000024
12249,1.8350000000000026
12250,1.9380000000000013
12251,2.152000000000002
12252,1.946000000000002
12253,1.6450000000000018
12254,2.140000000000002
12255,2.263000000000001
12256,1.6370000000000022
12257,1.9480000000000022
12258,1.8370000000000015
12259,1.940000000000002
12260,2.073000000000001
12261,1.649000000000001
12262,1.8450000000000017
12263,1.8430000000000015
12264,1.861000000000001
12265,1.7400000000000018
12266,2.0550000000000015
12267,1.6310000000000022
12268,1.7380000000000022
12269,1.9380000000000026
12270,2.2610000000000015
12271,2.1500000000000012
12272,2.045000000000002
12273,1.952000000000002
12274,2.0530000000000017
12275,2.0610000000000013
12276,2.146000000000002
12277,1.8310000000000024
12278,2.1540000000000017
12279,2.1520000000000015
12280,1.9380000000000022
12281,2.1420000000000026
12282,1.8430000000000009
12283,1.9480000000000017
12284,2.150000000000002
12285,1.9420000000000022
12286,1.835000000000002
12287,1.8430000000000022
12288,1.6370000000000022
12289,2.0590000000000015
12290,2.1520000000000015
12291,2.158000000000002
12292,1.8370000000000022
12293,2.144000000000002
12294,1.946000000000002
12295,1.940000000000002
12296,1.9480000000000015
12297,1.9320000000000028
12298,2.1520000000000015
12299,1.8470000000000013
12300,2.1640000000000015
12301,2.0410000000000026
12302,2.1540000000000017
12303,2.154000000000002
12304,1.7580000000000018
12305,1.8470000000000015
12306,1.7480000000000016
12307,2.160000000000002
12308,1.861000000000002
12309,1.9600000000000015
12310,1.6410000000000025
12311,1.841000000000002
12312,1.8450000000000015
12313,1.8430000000000024
12314,1.9620000000000013
12315,1.5540000000000023
12316,1.5380000000000018
12317,1.740000000000002
12318,2.247000000000002
12319,2.0450000000000017
12320,2.154000000000002
12321,1.730000000000002
12322,2.1580000000000013
12323,1.9540000000000015
12324,2.0470000000000024
12325,1.8450000000000017
12326,1.9500000000000022
12327,2.142000000000002
12328,1.9420000000000024
12329,2.356000000000001
12330,2.0510000000000024
12331,1.9480000000000015
12332,1.847000000000002
12333,1.7420000000000015
12334,1.9480000000000024
12335,1.746000000000002
12336,2.047000000000002
12337,1.8530000000000024
12338,2.053000000000001
12339,2.051000000000002
12340,2.0470000000000024
12341,2.059000000000001
12342,1.748000000000002
12343,1.645000000000002
12344,2.152000000000002
12345,1.9460000000000022
12346,2.0490000000000013
12347,1.8490000000000018
12348,1.946000000000002
12349,1.946000000000002
12350,1.5340000000000018
12351,1.9500000000000015
12352,1.9380000000000022
12353,1.946000000000002
12354,2.0410000000000026
12355,2.033000000000002
12356,1.9420000000000028
12357,2.0430000000000024
12358,2.255000000000002
12359,2.2510000000000017
12360,2.059000000000001
12361,2.253000000000002
12362,1.8450000000000017
12363,2.356000000000002
12364,2.0510000000000024
12365,2.043000000000003
12366,1.9540000000000015
12367,2.148000000000002
12368,1.9500000000000022
12369,2.1480000000000015
12370,2.051000000000002
12371,1.4310000000000012
12372,2.1600000000000015
12373,1.8310000000000022
12374,1.7400000000000018
12375,1.6430000000000018
12376,1.7380000000000029
12377,1.9480000000000017
12378,1.6470000000000025
12379,1.8490000000000015
12380,2.0530000000000013
12381,2.1620000000000017
12382,2.0510000000000015
12383,2.0610000000000013
12384,1.736000000000002
12385,2.370000000000002
12386,2.0510000000000015
12387,2.057000000000002
12388,1.9540000000000017
12389,1.7440000000000018
12390,2.039000000000002
12391,1.9440000000000024
12392,2.166000000000002
12393,1.6490000000000018
12394,1.934000000000002
12395,2.255000000000002
12396,1.9420000000000013
12397,2.069000000000001
12398,2.1520000000000015
12399,2.067000000000001
12400,2.247000000000002
12401,2.1260000000000026
12402,1.9400000000000022
12403,2.0510000000000015
12404,1.8410000000000013
12405,2.3620000000000014
12406,1.6450000000000011
12407,2.3780000000000014
12408,2.362000000000002
12409,1.946000000000002
12410,1.956000000000001
12411,2.1540000000000012
12412,1.7340000000000018
12413,1.7460000000000013
12414,2.2570000000000014
12415,1.7320000000000024
12416,1.7380000000000018
12417,1.9440000000000024
12418,1.639000000000002
12419,2.0650000000000017
12420,1.9640000000000017
12421,2.251000000000002
12422,2.1520000000000015
12423,2.051000000000002
12424,2.053000000000002
12425,2.043000000000003
12426,1.8470000000000022
12427,1.8550000000000013
12428,1.6450000000000014
12429,2.152000000000002
12430,1.8470000000000022
12431,2.0410000000000026
12432,2.0470000000000015
12433,2.156000000000002
12434,2.045000000000003
12435,1.934000000000002
12436,1.8470000000000022
12437,2.2470000000000017
12438,1.9500000000000017
12439,2.043000000000003
12440,1.9700000000000006
12441,1.9440000000000017
12442,1.9560000000000008
12443,1.9340000000000028
12444,2.0570000000000013
12445,1.9400000000000015
12446,1.6490000000000018
12447,2.160000000000002
12448,2.055000000000002
12449,1.9560000000000013
12450,2.1520000000000015
12451,1.8370000000000015
12452,2.1700000000000013
12453,1.952000000000002
12454,1.9540000000000015
12455,2.0610000000000013
12456,1.9320000000000015
12457,1.7580000000000013
12458,1.740000000000002
12459,2.144000000000002
12460,2.253000000000002
12461,1.9500000000000017
12462,1.839000000000002
12463,1.8410000000000022
12464,2.0490000000000017
12465,1.740000000000002
12466,2.144000000000002
12467,1.849000000000001
12468,2.053000000000002
12469,1.8430000000000017
12470,2.156000000000002
12471,1.944000000000002
12472,2.055000000000002
12473,1.9480000000000017
12474,1.7520000000000016
12475,2.1580000000000017
12476,1.9500000000000017
12477,1.9440000000000024
12478,1.839000000000002
12479,1.952000000000002
12480,1.9460000000000013
12481,2.1560000000000015
12482,2.1520000000000015
12483,1.754000000000002
12484,2.1460000000000017
12485,1.6450000000000022
12486,2.251000000000002
12487,1.8490000000000009
12488,2.2450000000000028
12489,2.154000000000002
12490,2.156000000000002
12491,1.8510000000000022
12492,1.9520000000000015
12493,2.148000000000002
12494,1.7360000000000015
12495,2.043000000000002
12496,1.849000000000002
12497,2.1540000000000017
12498,1.748000000000002
12499,2.1560000000000015
12500,1.8410000000000017
12501,2.2670000000000012
12502,2.148000000000002
12503,1.9420000000000024
12504,1.849000000000002
12505,1.7320000000000024
12506,1.8450000000000015
12507,1.9380000000000015
12508,2.0510000000000015
12509,2.045000000000002
12510,1.7500000000000018
12511,1.936000000000002
12512,2.257000000000002
12513,1.7480000000000016
12514,1.7480000000000018
12515,1.9400000000000017
12516,1.8490000000000024
12517,1.940000000000002
12518,2.162000000000001
12519,1.9420000000000015
12520,1.970000000000001
12521,1.9460000000000017
12522,1.7340000000000024
12523,2.0510000000000015
12524,1.643000000000002
12525,2.164000000000002
12526,2.059000000000001
12527,1.9560000000000017
12528,1.9480000000000013
12529,2.2510000000000017
12530,2.2570000000000014
12531,1.9560000000000017
12532,1.8590000000000018
12533,1.944000000000002
12534,1.7480000000000016
12535,1.5540000000000014
12536,1.5340000000000016
12537,1.952000000000002
12538,2.041000000000002
12539,1.8470000000000015
12540,1.952000000000002
12541,1.9660000000000022
12542,2.047000000000002
12543,1.861000000000001
12544,2.041000000000002
12545,2.0490000000000013
12546,1.8450000000000026
12547,1.9440000000000024
12548,2.063000000000001
12549,2.1480000000000015
12550,2.461000000000001
12551,1.952000000000002
12552,2.1680000000000015
12553,1.944000000000002
12554,1.8370000000000013
12555,1.8450000000000015
12556,1.845000000000002
12557,1.7380000000000015
12558,2.2570000000000014
12559,1.946000000000002
12560,2.1580000000000017
12561,2.350000000000002
12562,2.0530000000000017
12563,1.946000000000002
12564,1.845000000000002
12565,2.059000000000002
12566,1.8530000000000015
12567,1.847000000000002
12568,2.170000000000001
12569,2.043000000000002
12570,2.1620000000000013
12571,1.7540000000000011
12572,1.9400000000000026
12573,1.8470000000000013
12574,1.9340000000000028
12575,1.9560000000000013
12576,2.457000000000002
12577,2.354000000000002
12578,1.9560000000000013
12579,2.253000000000002
12580,1.8430000000000015
12581,2.045000000000002
12582,2.2550000000000017
12583,1.5240000000000027
12584,1.954000000000002
12585,1.8430000000000017
12586,2.2410000000000023
12587,2.1580000000000017
12588,1.960000000000001
12589,1.9420000000000022
12590,2.025000000000002
12591,2.1580000000000017
12592,1.6430000000000018
12593,1.8490000000000018
12594,1.8470000000000022
12595,2.360000000000002
12596,1.9580000000000017
12597,1.9580000000000024
12598,2.164000000000001
12599,2.1660000000000013
12600,2.1460000000000017
12601,1.8390000000000017
12602,1.8490000000000024
12603,1.7500000000000018
12604,1.7520000000000016
12605,1.7360000000000022
12606,2.0710000000000006
12607,2.1420000000000017
12608,2.1460000000000012
12609,2.1520000000000024
12610,1.940000000000002
12611,2.1500000000000026
12612,2.0490000000000013
12613,1.9480000000000024
12614,1.9500000000000017
12615,2.360000000000002
12616,2.053000000000001
12617,1.940000000000002
12618,2.0510000000000024
12619,2.144000000000002
12620,1.8430000000000022
12621,2.2410000000000023
12622,2.0630000000000006
12623,2.1540000000000017
12624,2.0430000000000015
12625,1.6270000000000024
12626,1.9460000000000022
12627,2.057000000000001
12628,2.0490000000000017
12629,2.043000000000002
12630,2.156000000000001
12631,1.8430000000000024
12632,1.8610000000000013
12633,2.259000000000002
12634,2.063000000000001
12635,1.851000000000002
12636,1.9480000000000015
12637,2.265000000000001
12638,1.8470000000000013
12639,1.9420000000000022
12640,1.9600000000000006
12641,1.9400000000000017
12642,1.946000000000002
12643,1.8490000000000015
12644,1.8450000000000015
12645,1.849000000000001
12646,2.045000000000002
12647,1.740000000000002
12648,2.0610000000000017
12649,2.1500000000000017
12650,1.841000000000002
12651,2.2570000000000014
12652,1.9420000000000022
12653,2.0490000000000013
12654,2.0470000000000015
12655,2.0550000000000015
12656,1.9360000000000026
12657,2.1460000000000026
12658,1.944000000000002
12659,1.954000000000002
12660,1.8690000000000018
12661,2.150000000000002
12662,1.9700000000000015
12663,1.8490000000000018
12664,2.041000000000002
12665,1.9540000000000013
12666,1.8430000000000024
12667,2.043000000000002
12668,2.1520000000000015
12669,1.9580000000000015
12670,2.0350000000000024
12671,2.1580000000000017
12672,2.0450000000000017
12673,2.0570000000000017
12674,1.6470000000000022
12675,1.7380000000000022
12676,1.5380000000000018
12677,1.954000000000002
12678,2.1540000000000017
12679,1.954000000000002
12680,2.055000000000001
12681,1.9640000000000017
12682,1.744000000000002
12683,2.0650000000000017
12684,2.5560000000000014
12685,2.2710000000000012
12686,2.0670000000000015
12687,2.0550000000000015
12688,2.1600000000000015
12689,1.9460000000000022
12690,1.6310000000000013
12691,1.8430000000000017
12692,1.8450000000000017
12693,1.8410000000000024
12694,2.0550000000000015
12695,1.6430000000000018
12696,2.1400000000000023
12697,1.8430000000000015
12698,2.148000000000002
12699,2.0530000000000017
12700,1.8630000000000013
12701,1.9420000000000024
12702,2.0470000000000015
12703,2.059000000000001
12704,2.142000000000002
12705,2.0650000000000013
12706,1.859000000000001
12707,1.8450000000000017
12708,1.7440000000000027
12709,2.0570000000000017
12710,2.1560000000000015
12711,1.9480000000000017
12712,1.6370000000000013
12713,1.8350000000000022
12714,1.841000000000002
12715,1.8430000000000015
12716,2.1520000000000024
12717,1.744000000000001
12718,1.9420000000000015
12719,1.841000000000003
12720,2.0450000000000013
12721,1.8370000000000024
12722,1.7520000000000016
12723,2.0410000000000026
12724,1.8550000000000018
12725,1.9360000000000026
12726,1.6530000000000014
12727,1.6410000000000013
12728,2.156000000000001
12729,2.0530000000000013
12730,1.7420000000000022
12731,1.837000000000003
12732,2.251000000000002
12733,2.142000000000002
12734,1.8470000000000013
12735,2.162000000000001
12736,2.0510000000000015
12737,2.0510000000000015
12738,2.348000000000002
12739,2.144000000000002
12740,2.0570000000000017
12741,2.0550000000000015
12742,1.9400000000000026
12743,2.152000000000001
12744,2.144000000000002
12745,1.641000000000002
12746,1.9480000000000017
12747,2.1540000000000017
12748,2.0350000000000024
12749,1.9520000000000022
12750,1.944000000000002
12751,1.9400000000000022
12752,1.837000000000002
12753,2.148000000000001
12754,2.0470000000000015
12755,1.6390000000000018
12756,2.360000000000001
12757,1.966000000000001
12758,1.8310000000000022
12759,1.841000000000002
12760,1.9500000000000022
12761,2.0490000000000017
12762,2.2510000000000012
12763,1.7580000000000016
12764,1.7440000000000024
12765,2.455000000000002
12766,1.9560000000000017
12767,1.9380000000000022
12768,1.9460000000000022
12769,2.2710000000000012
12770,1.956000000000002
12771,1.9600000000000015
12772,2.2510000000000017
12773,1.9480000000000017
12774,1.9460000000000022
12775,1.960000000000001
12776,2.370000000000002
12777,1.7380000000000024
12778,2.0490000000000013
12779,1.4310000000000027
12780,2.037000000000002
12781,1.7380000000000018
12782,1.7560000000000013
12783,1.8590000000000015
12784,2.1440000000000023
12785,1.960000000000002
12786,2.3480000000000016
12787,2.0490000000000013
12788,1.8510000000000013
12789,1.8350000000000017
12790,2.1520000000000015
12791,2.164000000000001
12792,2.051000000000002
12793,1.7480000000000018
12794,1.7420000000000022
12795,1.7340000000000027
12796,1.950000000000001
12797,1.8430000000000015
12798,2.0510000000000024
12799,2.0470000000000024
12800,2.041000000000002
12801,2.2470000000000017
12802,1.7440000000000018
12803,1.8550000000000013
12804,2.043000000000002
12805,2.2670000000000017
12806,1.845000000000002
12807,1.6470000000000018
12808,1.5280000000000025
12809,1.9460000000000022
12810,2.354000000000001
12811,2.253000000000002
12812,2.2570000000000014
12813,2.055000000000001
12814,1.7560000000000013
12815,2.160000000000002
12816,2.144000000000002
12817,1.9600000000000009
12818,2.059000000000002
12819,2.356000000000002
12820,2.043000000000002
12821,2.1620000000000017
12822,2.0510000000000015
12823,2.0450000000000017
12824,1.9540000000000013
12825,1.8570000000000024
12826,2.0590000000000015
12827,2.0430000000000024
12828,1.8530000000000015
12829,1.8410000000000017
12830,1.8410000000000029
12831,1.845000000000002
12832,2.3540000000000014
12833,2.0510000000000015
12834,2.148000000000002
12835,2.176000000000001
12836,2.1360000000000015
12837,1.7240000000000024
12838,2.0450000000000017
12839,2.055000000000002
12840,2.164000000000001
12841,1.746000000000002
12842,2.1540000000000026
12843,2.1520000000000015
12844,1.8450000000000026
12845,2.0610000000000017
12846,1.9520000000000013
12847,1.944000000000002
12848,1.7540000000000016
12849,1.8410000000000017
12850,1.7460000000000016
12851,1.9440000000000024
12852,2.047000000000002
12853,2.0490000000000017
12854,1.8530000000000015
12855,2.039000000000003
12856,2.0650000000000013
12857,1.7320000000000022
12858,2.059000000000002
12859,1.8510000000000013
12860,2.043000000000002
12861,1.7400000000000013
12862,2.1600000000000015
12863,1.7580000000000013
12864,1.6350000000000025
12865,2.0470000000000024
12866,2.0350000000000024
12867,2.0470000000000024
12868,1.8490000000000024
12869,2.0530000000000017
12870,2.1500000000000017
12871,1.9640000000000017
12872,2.055000000000001
12873,2.3640000000000017
12874,1.9560000000000022
12875,1.8470000000000026
12876,1.9440000000000015
12877,1.9480000000000022
12878,2.148000000000003
12879,2.356000000000002
12880,1.845000000000002
12881,2.0630000000000015
12882,1.8510000000000018
12883,1.9480000000000013
12884,2.255000000000002
12885,1.5380000000000016
12886,2.0430000000000024
12887,2.1460000000000026
12888,2.0510000000000015
12889,1.7420000000000018
12890,1.950000000000002
12891,2.0490000000000026
12892,2.061000000000002
12893,2.152000000000002
12894,2.3440000000000025
12895,1.7400000000000018
12896,2.0450000000000017
12897,1.7400000000000018
12898,1.847000000000002
12899,2.3540000000000014
12900,1.861000000000002
12901,2.245000000000002
12902,1.956000000000002
12903,2.1520000000000015
12904,2.3640000000000017
12905,2.3560000000000016
12906,2.0590000000000015
12907,2.039000000000002
12908,1.8330000000000022
12909,2.154000000000002
12910,1.845000000000001
12911,2.0510000000000015
12912,1.9460000000000013
12913,2.3660000000000014
12914,1.744000000000002
12915,2.2690000000000006
12916,1.7460000000000022
12917,1.7500000000000018
12918,1.9580000000000013
12919,2.1540000000000017
12920,2.352000000000002
12921,1.653000000000002
12922,2.0470000000000024
12923,2.146000000000002
12924,1.9340000000000024
12925,2.0430000000000024
12926,2.1520000000000015
12927,2.0550000000000015
12928,1.9400000000000022
12929,1.841000000000002
12930,2.1540000000000017
12931,2.2410000000000023
12932,1.9560000000000017
12933,1.8470000000000015
12934,1.9460000000000022
12935,2.0410000000000026
12936,1.6450000000000018
12937,1.835000000000002
12938,1.7520000000000011
12939,1.9500000000000017
12940,2.1640000000000015
12941,1.8450000000000015
12942,2.170000000000001
12943,1.9480000000000017
12944,2.1660000000000013
12945,1.9480000000000022
12946,2.1580000000000017
12947,2.7679999999999993
12948,2.039000000000003
12949,1.8630000000000007
12950,1.7340000000000029
12951,2.0410000000000013
12952,1.9520000000000015
12953,2.1540000000000017
12954,2.251000000000002
12955,1.643000000000002
12956,1.8390000000000024
12957,1.9440000000000017
12958,2.156000000000001
12959,1.8530000000000015
12960,2.1520000000000015
12961,2.1580000000000017
12962,2.1620000000000017
12963,2.055000000000002
12964,1.8410000000000024
12965,2.1400000000000023
12966,2.0490000000000017
12967,1.950000000000001
12968,2.160000000000001
12969,1.6350000000000022
12970,1.9580000000000015
12971,1.6390000000000027
12972,1.940000000000002
12973,2.0490000000000013
12974,2.2610000000000015
12975,2.2430000000000025
12976,2.271000000000002
12977,1.7520000000000022
12978,2.156000000000002
12979,1.5500000000000016
12980,2.045000000000002
12981,1.9320000000000022
12982,2.0470000000000024
12983,2.362000000000002
12984,1.9640000000000015
12985,1.8330000000000022
12986,2.3400000000000025
12987,1.8510000000000013
12988,2.251000000000002
12989,1.9540000000000013
12990,1.8490000000000015
12991,2.0590000000000015
12992,2.049000000000002
12993,2.0490000000000017
12994,1.8550000000000013
12995,1.8410000000000017
12996,1.7580000000000018
12997,1.9380000000000017
12998,2.051000000000002
12999,2.2590000000000017
13000,2.160000000000002
13001,1.748000000000002
13002,2.2590000000000012
13003,2.0630000000000006
13004,1.8350000000000022
13005,1.736000000000002
13006,1.9380000000000017
13007,1.849000000000001
13008,2.160000000000001
13009,2.2630000000000017
13010,2.037000000000002
13011,2.055000000000002
13012,2.043000000000002
13013,1.9400000000000017
13014,1.8370000000000026
13015,2.0470000000000024
13016,2.053000000000002
13017,1.940000000000002
13018,2.1620000000000013
13019,1.9500000000000015
13020,1.6470000000000016
13021,2.1520000000000024
13022,1.8490000000000018
13023,1.641000000000002
13024,1.9540000000000013
13025,1.6410000000000025
13026,2.0510000000000024
13027,1.7480000000000018
13028,1.9420000000000024
13029,2.0470000000000024
13030,1.8430000000000022
13031,1.835000000000002
13032,2.251000000000002
13033,1.9440000000000017
13034,1.7420000000000018
13035,1.8530000000000018
13036,1.942000000000001
13037,2.0490000000000013
13038,2.0370000000000017
13039,2.1540000000000026
13040,1.5380000000000027
13041,1.9720000000000004
13042,2.251000000000002
13043,2.051000000000001
13044,2.043000000000002
13045,1.9480000000000017
13046,2.049000000000002
13047,2.029000000000002
13048,1.7400000000000027
13049,1.6470000000000018
13050,1.9700000000000015
13051,2.1560000000000015
13052,1.8430000000000017
13053,2.168000000000001
13054,1.8450000000000022
13055,1.9400000000000026
13056,2.1560000000000015
13057,2.1560000000000015
13058,1.851000000000002
13059,2.1680000000000015
13060,1.8430000000000017
13061,2.0590000000000015
13062,2.0430000000000015
13063,2.0490000000000017
13064,2.1520000000000024
13065,1.9440000000000017
13066,2.160000000000002
13067,2.0470000000000015
13068,2.0490000000000017
13069,1.859000000000002
13070,1.9400000000000026
13071,2.350000000000002
13072,1.7500000000000018
13073,2.1480000000000015
13074,2.146000000000002
13075,1.8430000000000013
13076,2.160000000000002
13077,1.9540000000000015
13078,2.0590000000000015
13079,1.936000000000002
13080,1.845000000000001
13081,2.0490000000000013
13082,2.2470000000000017
13083,2.3520000000000025
13084,1.7360000000000022
13085,1.8410000000000022
13086,2.150000000000002
13087,1.9400000000000026
13088,2.049000000000002
13089,2.247000000000002
13090,2.037000000000002
13091,2.148000000000002
13092,1.851000000000002
13093,1.8510000000000013
13094,1.9580000000000006
13095,2.253000000000002
13096,2.164000000000001
13097,1.845000000000002
13098,2.261000000000002
13099,2.047000000000002
13100,2.360000000000001
13101,1.8530000000000006
13102,2.0570000000000013
13103,1.8450000000000029
13104,1.6470000000000018
13105,2.144000000000002
13106,1.6370000000000022
13107,1.9320000000000024
13108,1.7440000000000018
13109,2.154000000000002
13110,2.0470000000000015
13111,2.269
13112,2.0510000000000015
13113,2.0650000000000013
13114,2.0570000000000017
13115,1.9520000000000013
13116,1.8470000000000015
13117,1.746000000000002
13118,1.8530000000000013
13119,2.0490000000000013
13120,2.2610000000000015
13121,1.744000000000002
13122,2.0530000000000017
13123,1.9460000000000022
13124,2.251000000000002
13125,1.9380000000000022
13126,2.251000000000002
13127,2.0470000000000024
13128,2.0470000000000024
13129,2.0550000000000015
13130,1.9480000000000022
13131,2.2610000000000015
13132,2.2630000000000012
13133,2.1480000000000024
13134,1.960000000000001
13135,1.8510000000000013
13136,1.8370000000000024
13137,2.0530000000000017
13138,2.146000000000002
13139,1.837000000000002
13140,1.7500000000000022
13141,2.1640000000000015
13142,1.9440000000000024
13143,2.1540000000000012
13144,2.045000000000002
13145,2.037000000000002
13146,2.253000000000002
13147,2.2570000000000023
13148,2.1580000000000017
13149,1.7500000000000013
13150,1.7500000000000018
13151,2.0470000000000015
13152,2.045000000000002
13153,1.7420000000000024
13154,2.2530000000000014
13155,1.950000000000001
13156,1.9480000000000017
13157,2.0550000000000015
13158,2.0470000000000024
13159,1.653000000000001
13160,1.9500000000000022
13161,1.9420000000000015
13162,2.0570000000000013
13163,2.257000000000002
13164,1.9520000000000015
13165,2.0530000000000017
13166,2.156000000000002
13167,2.249000000000002
13168,1.9420000000000024
13169,1.8390000000000026
13170,1.9520000000000024
13171,1.9420000000000028
13172,1.9480000000000013
13173,2.257000000000002
13174,1.9460000000000017
13175,1.849000000000001
13176,2.1520000000000024
13177,2.0530000000000017
13178,1.9460000000000017
13179,1.847000000000002
13180,2.049000000000002
13181,2.150000000000002
13182,1.6470000000000014
13183,1.8530000000000022
13184,2.475000000000001
13185,1.849000000000002
13186,2.164000000000001
13187,2.1600000000000015
13188,2.049000000000002
13189,2.1520000000000015
13190,1.6570000000000014
13191,2.0610000000000013
13192,2.2570000000000014
13193,2.059000000000002
13194,2.1580000000000017
13195,2.1360000000000023
13196,2.043000000000002
13197,2.2670000000000012
13198,1.5260000000000016
13199,1.940000000000002
13200,2.0530000000000017
13201,2.148000000000002
13202,1.9400000000000022
13203,1.7400000000000022
13204,1.7440000000000018
13205,2.049000000000002
13206,1.952000000000002
13207,2.2570000000000023
13208,2.0470000000000024
13209,1.8530000000000013
13210,1.9460000000000017
13211,2.0550000000000015
13212,2.352000000000002
13213,1.9380000000000024
13214,2.354000000000002
13215,1.8430000000000015
13216,2.457000000000001
13217,2.4550000000000014
13218,2.253000000000002
13219,1.6430000000000016
13220,2.1600000000000015
13221,1.7440000000000015
13222,2.049000000000002
13223,2.0450000000000017
13224,1.8390000000000015
13225,2.045000000000002
13226,1.950000000000002
13227,1.9520000000000013
13228,1.944000000000002
13229,1.8410000000000022
13230,1.8390000000000017
13231,2.0490000000000017
13232,2.2670000000000012
13233,2.1520000000000024
13234,2.3580000000000023
13235,2.2450000000000023
13236,1.841000000000002
13237,2.1420000000000017
13238,2.1500000000000012
13239,2.253000000000002
13240,2.249000000000002
13241,1.7280000000000026
13242,2.1580000000000017
13243,1.9500000000000015
13244,2.356000000000002
13245,2.2430000000000017
13246,1.954000000000002
13247,2.041000000000002
13248,1.6350000000000022
13249,2.0530000000000017
13250,2.253000000000002
13251,2.059000000000002
13252,1.635000000000002
13253,1.954000000000002
13254,1.9420000000000028
13255,2.055000000000002
13256,1.7420000000000022
13257,2.251000000000002
13258,1.9440000000000015
13259,2.041000000000002
13260,2.160000000000002
13261,2.1520000000000024
13262,2.049000000000002
13263,1.7360000000000022
13264,1.9500000000000017
13265,2.039000000000002
13266,1.9460000000000022
13267,2.1480000000000015
13268,2.0550000000000015
13269,2.0510000000000015
13270,2.0470000000000024
13271,1.9400000000000017
13272,2.152000000000002
13273,1.7400000000000022
13274,2.0510000000000015
13275,1.7380000000000029
13276,2.0570000000000013
13277,2.0530000000000026
13278,1.946000000000002
13279,2.358000000000002
13280,2.047000000000002
13281,2.251000000000002
13282,1.9560000000000013
13283,1.7380000000000024
13284,2.4630000000000014
13285,2.249000000000002
13286,1.746000000000002
13287,2.253000000000002
13288,2.1540000000000012
13289,1.7460000000000024
13290,2.0570000000000017
13291,1.8450000000000017
13292,1.9420000000000024
13293,2.0670000000000015
13294,2.346000000000002
13295,1.8310000000000022
13296,2.251000000000002
13297,2.2590000000000017
13298,1.9500000000000026
13299,2.0470000000000015
13300,2.154000000000002
13301,2.1700000000000013
13302,1.9620000000000013
13303,1.6430000000000016
13304,1.9480000000000015
13305,1.851000000000002
13306,1.6370000000000018
13307,2.2670000000000017
13308,2.0530000000000017
13309,1.7420000000000013
13310,1.946000000000001
13311,2.037000000000003
13312,1.849000000000001
13313,2.0490000000000017
13314,2.1340000000000017
13315,2.1660000000000017
13316,2.0370000000000017
13317,1.9400000000000026
13318,1.831000000000002
13319,1.8510000000000018
13320,1.9540000000000024
13321,1.9500000000000022
13322,2.0570000000000017
13323,2.0490000000000013
13324,1.9560000000000017
13325,2.0450000000000017
13326,1.9500000000000022
13327,2.164000000000002
13328,1.9640000000000013
13329,2.0570000000000017
13330,1.950000000000002
13331,1.8550000000000009
13332,1.6330000000000027
13333,2.2570000000000014
13334,1.8550000000000013
13335,2.0410000000000013
13336,1.9540000000000015
13337,2.047000000000002
13338,2.073000000000001
13339,1.9540000000000015
13340,2.063000000000001
13341,1.9420000000000024
13342,1.8470000000000026
13343,1.758000000000001
13344,2.045000000000002
13345,1.9380000000000022
13346,2.449000000000002
13347,1.8530000000000013
13348,2.0510000000000015
13349,1.8470000000000024
13350,2.2550000000000012
13351,1.7420000000000018
13352,2.5520000000000014
13353,2.253000000000002
13354,1.942000000000002
13355,1.9480000000000022
13356,2.1480000000000015
13357,1.9460000000000022
13358,1.9300000000000024
13359,1.9380000000000017
13360,2.043000000000001
13361,1.950000000000002
13362,2.0530000000000017
13363,1.746000000000002
13364,2.1520000000000024
13365,2.0530000000000017
13366,1.837000000000002
13367,2.0490000000000017
13368,2.0490000000000013
13369,2.164000000000002
13370,2.035000000000002
13371,2.2530000000000014
13372,2.2450000000000028
13373,1.750000000000002
13374,2.063000000000001
13375,2.259000000000002
13376,2.0470000000000024
13377,2.164000000000001
13378,1.9520000000000015
13379,1.9580000000000017
13380,2.150000000000002
13381,2.2630000000000017
13382,1.8490000000000018
13383,2.1600000000000015
13384,2.1620000000000017
13385,1.8530000000000018
13386,2.1480000000000015
13387,1.8430000000000024
13388,1.9460000000000022
13389,2.0530000000000017
13390,1.950000000000001
13391,1.9400000000000022
13392,1.9400000000000026
13393,2.0550000000000015
13394,1.8430000000000017
13395,2.0390000000000033
13396,2.2570000000000014
13397,1.645000000000002
13398,2.1580000000000017
13399,1.9480000000000015
13400,2.247000000000002
13401,2.0470000000000015
13402,1.9440000000000024
13403,1.8370000000000024
13404,2.1540000000000012
13405,1.6390000000000016
13406,1.8330000000000028
13407,1.8530000000000018
13408,1.9480000000000015
13409,1.849000000000002
13410,1.942000000000002
13411,2.063000000000001
13412,2.142000000000002
13413,1.7460000000000016
13414,2.041000000000002
13415,2.144000000000002
13416,2.0490000000000026
13417,1.940000000000002
13418,1.8610000000000013
13419,1.734000000000002
13420,1.9600000000000017
13421,1.8390000000000017
13422,1.8350000000000026
13423,1.9540000000000015
13424,1.8310000000000022
13425,2.0610000000000017
13426,2.354000000000001
13427,1.9440000000000017
13428,1.9580000000000017
13429,1.8570000000000013
13430,1.740000000000002
13431,2.049000000000002
13432,2.0470000000000015
13433,2.0470000000000024
13434,1.837000000000002
13435,1.7540000000000007
13436,2.0510000000000015
13437,1.8530000000000018
13438,2.0470000000000015
13439,2.055000000000001
13440,2.154000000000001
13441,1.950000000000002
13442,1.946000000000002
13443,2.3360000000000025
13444,2.1580000000000013
13445,2.0530000000000017
13446,2.1480000000000024
13447,2.2650000000000006
13448,1.7460000000000016
13449,2.146000000000002
13450,1.950000000000002
13451,1.9440000000000015
13452,2.3480000000000016
13453,1.7300000000000018
13454,1.9480000000000013
13455,1.7360000000000024
13456,1.8510000000000013
13457,1.7360000000000029
13458,1.9400000000000028
13459,1.9380000000000022
13460,1.841000000000002
13461,2.053000000000002
13462,1.645000000000002
13463,2.152000000000002
13464,1.936000000000002
13465,2.045000000000002
13466,2.2530000000000014
13467,2.3560000000000016
13468,2.063000000000001
13469,1.8570000000000015
13470,2.156000000000001
13471,2.027000000000003
13472,2.1360000000000023
13473,2.037000000000002
13474,2.1620000000000017
13475,1.8410000000000013
13476,1.9540000000000017
13477,1.847000000000002
13478,2.2570000000000014
13479,1.960000000000002
13480,2.2550000000000017
13481,2.463000000000002
13482,1.944000000000002
13483,1.6430000000000013
13484,1.8590000000000018
13485,1.8350000000000022
13486,1.9480000000000015
13487,2.2450000000000023
13488,1.6370000000000016
13489,1.7380000000000022
13490,1.940000000000002
13491,2.039000000000002
13492,2.063000000000001
13493,1.8410000000000013
13494,1.8450000000000015
13495,1.732000000000002
13496,1.8430000000000022
13497,2.1620000000000013
13498,1.8570000000000013
13499,1.6410000000000025
13500,1.9460000000000022
13501,2.0490000000000013
13502,2.0550000000000015
13503,2.2590000000000012
13504,2.245000000000002
13505,1.534000000000002
13506,1.851000000000002
13507,2.0410000000000026
13508,1.744000000000002
13509,1.954000000000002
13510,1.8410000000000022
13511,2.0510000000000015
13512,2.1540000000000017
13513,2.2470000000000017
13514,1.946000000000002
13515,1.9440000000000015
13516,1.6530000000000007
13517,1.9540000000000013
13518,2.3720000000000003
13519,2.043000000000002
13520,1.6490000000000018
13521,2.0530000000000017
13522,1.847000000000002
13523,1.946000000000002
13524,2.2610000000000006
13525,2.0550000000000015
13526,1.9580000000000006
13527,1.8610000000000013
13528,2.1580000000000017
13529,1.7400000000000022
13530,2.2470000000000017
13531,2.469000000000001
13532,1.6470000000000018
13533,1.855000000000002
13534,2.0470000000000015
13535,2.1580000000000013
13536,2.0510000000000015
13537,1.8530000000000013
13538,2.059000000000001
13539,2.265000000000001
13540,1.952000000000001
13541,1.851000000000001
13542,2.146000000000002
13543,2.2550000000000017
13544,1.9380000000000022
13545,2.2470000000000017
13546,1.7280000000000026
13547,1.6410000000000016
13548,2.0470000000000024
13549,1.9540000000000015
13550,1.9540000000000015
13551,2.1540000000000017
13552,1.7480000000000018
13553,2.1520000000000015
13554,1.7380000000000022
13555,2.152000000000002
13556,1.8410000000000024
13557,2.146000000000002
13558,2.144000000000002
13559,2.2670000000000012
13560,1.7520000000000022
13561,2.150000000000002
13562,1.7420000000000018
13563,2.154000000000002
13564,2.366000000000001
13565,1.8530000000000018
13566,1.9420000000000028
13567,1.9520000000000015
13568,1.845000000000002
13569,1.9660000000000013
13570,1.9500000000000022
13571,2.146000000000002
13572,1.9720000000000013
13573,2.2430000000000017
13574,2.0450000000000026
13575,1.9560000000000017
13576,2.2510000000000017
13577,1.9560000000000013
13578,2.1580000000000017
13579,1.9580000000000015
13580,2.3420000000000023
13581,2.035000000000002
13582,1.7380000000000022
13583,2.148000000000002
13584,2.1520000000000015
13585,1.6490000000000016
13586,1.7400000000000013
13587,2.150000000000002
13588,2.158000000000001
13589,1.748000000000002
13590,1.942000000000002
13591,2.0510000000000015
13592,2.253000000000002
13593,1.9520000000000008
13594,1.8390000000000024
13595,2.055000000000001
13596,2.150000000000002
13597,1.849000000000002
13598,2.045000000000002
13599,2.0430000000000024
13600,1.7520000000000018
13601,2.053000000000002
13602,2.1560000000000024
13603,1.9460000000000024
13604,1.9480000000000015
13605,1.9500000000000022
13606,2.360000000000001
13607,2.0530000000000017
13608,2.0590000000000015
13609,2.045000000000002
13610,1.9520000000000015
13611,2.055000000000001
13612,1.6510000000000011
13613,1.944000000000002
13614,2.0570000000000017
13615,2.2630000000000012
13616,1.9540000000000008
13617,2.0650000000000017
13618,1.6490000000000016
13619,1.9440000000000017
13620,2.1600000000000015
13621,2.2670000000000012
13622,2.1640000000000015
13623,2.051000000000002
13624,1.956000000000002
13625,1.9580000000000013
13626,1.855000000000002
13627,2.0530000000000017
13628,2.140000000000002
13629,2.043000000000002
13630,2.170000000000001
13631,2.0470000000000024
13632,2.0530000000000017
13633,2.2450000000000023
13634,1.837000000000002
13635,2.0450000000000017
13636,1.8470000000000015
13637,2.0470000000000024
13638,1.8390000000000017
13639,2.253000000000002
13640,2.1520000000000024
13641,2.1680000000000006
13642,1.9480000000000013
13643,1.946000000000002
13644,1.855000000000001
13645,1.6450000000000018
13646,1.8430000000000017
13647,2.049000000000002
13648,1.9520000000000013
13649,1.8410000000000017
13650,2.0390000000000033
13651,1.8390000000000015
13652,2.0470000000000015
13653,2.2510000000000017
13654,1.9580000000000013
13655,1.9420000000000022
13656,1.8510000000000018
13657,2.1500000000000017
13658,1.8370000000000024
13659,2.150000000000002
13660,1.8490000000000015
13661,1.9400000000000022
13662,2.2710000000000012
13663,2.0410000000000026
13664,2.063000000000002
13665,1.9480000000000022
13666,2.0510000000000024
13667,2.0450000000000013
13668,1.8390000000000029
13669,2.453000000000002
13670,1.9420000000000024
13671,1.936000000000002
13672,1.330000000000002
13673,2.1540000000000017
13674,1.946000000000002
13675,1.8530000000000022
13676,2.1580000000000017
13677,1.6370000000000022
13678,1.8530000000000018
13679,1.8550000000000009
13680,1.8530000000000018
13681,2.148000000000002
13682,1.9440000000000017
13683,1.8510000000000018
13684,1.6430000000000018
13685,2.148000000000002
13686,1.9600000000000017
13687,1.9520000000000015
13688,1.7440000000000015
13689,2.1560000000000015
13690,1.940000000000002
13691,1.9480000000000017
13692,2.152000000000002
13693,2.166000000000001
13694,2.069000000000002
13695,1.9500000000000017
13696,1.9520000000000022
13697,2.3420000000000023
13698,1.8490000000000015
13699,1.835000000000002
13700,1.9360000000000028
13701,2.2510000000000017
13702,2.164000000000001
13703,1.839000000000002
13704,2.148000000000002
13705,2.0490000000000017
13706,1.9540000000000013
13707,1.7480000000000018
13708,1.9480000000000017
13709,2.354000000000002
13710,2.160000000000001
13711,2.049000000000002
13712,2.033000000000002
13713,2.1360000000000023
13714,2.1560000000000024
13715,1.841000000000002
13716,1.9540000000000015
13717,2.049000000000003
13718,2.259000000000002
13719,1.9600000000000017
13720,1.8470000000000015
13721,1.857000000000001
13722,2.5680000000000014
13723,2.0550000000000015
13724,2.2510000000000012
13725,2.0450000000000017
13726,2.0530000000000017
13727,2.1580000000000017
13728,2.039000000000002
13729,2.1760000000000006
13730,2.243000000000002
13731,2.049000000000002
13732,2.043000000000002
13733,2.360000000000001
13734,2.0530000000000013
13735,1.960000000000001
13736,2.0530000000000017
13737,2.241000000000002
13738,2.4590000000000014
13739,2.2530000000000014
13740,1.841000000000002
13741,2.1560000000000015
13742,2.249000000000002
13743,1.7440000000000018
13744,1.8350000000000017
13745,1.9460000000000017
13746,2.2510000000000017
13747,2.0490000000000013
13748,2.047000000000003
13749,1.8390000000000026
13750,2.4750000000000014
13751,2.160000000000002
13752,2.3560000000000016
13753,2.257000000000002
13754,2.0470000000000015
13755,1.845000000000002
13756,2.0510000000000024
13757,1.8450000000000022
13758,2.150000000000002
13759,2.150000000000002
13760,2.0490000000000017
13761,1.934000000000002
13762,1.8470000000000022
13763,2.150000000000002
13764,1.9580000000000015
13765,1.942000000000002
13766,2.2490000000000023
13767,1.9500000000000015
13768,1.944000000000002
13769,2.144000000000003
13770,1.8370000000000022
13771,2.045000000000002
13772,2.0790000000000006
13773,2.055000000000002
13774,1.750000000000002
13775,2.3460000000000023
13776,1.6370000000000018
13777,2.5520000000000014
13778,2.2570000000000014
13779,1.9600000000000015
13780,1.942000000000002
13781,2.1560000000000015
13782,1.855000000000001
13783,2.0610000000000013
13784,1.855000000000001
13785,2.146000000000002
13786,2.3780000000000006
13787,1.9420000000000024
13788,2.0490000000000013
13789,1.9680000000000006
13790,2.146000000000002
13791,2.362000000000002
13792,1.8510000000000013
13793,2.158000000000001
13794,1.8570000000000013
13795,1.7380000000000022
13796,1.952000000000002
13797,2.2530000000000014
13798,2.0530000000000017
13799,2.0410000000000026
13800,1.7380000000000027
13801,1.9480000000000022
13802,2.3540000000000014
13803,1.9400000000000017
13804,2.2530000000000014
13805,2.1660000000000013
13806,1.9580000000000017
13807,1.9380000000000026
13808,2.065000000000002
13809,2.1560000000000015
13810,2.0490000000000026
13811,2.2590000000000017
13812,2.063000000000002
13813,2.152000000000002
13814,1.8510000000000018
13815,1.7320000000000024
13816,2.2510000000000026
13817,1.8430000000000022
13818,1.6430000000000018
13819,1.9640000000000024
13820,1.9500000000000015
13821,2.360000000000001
13822,2.0510000000000015
13823,1.9440000000000026
13824,1.845000000000001
13825,1.7420000000000018
13826,1.9420000000000024
13827,2.0610000000000013
13828,1.9500000000000015
13829,1.960000000000001
13830,1.7400000000000013
13831,2.1460000000000012
13832,1.841000000000002
13833,2.457000000000002
13834,2.1420000000000026
13835,1.845000000000002
13836,2.249000000000002
13837,2.057000000000001
13838,1.7380000000000024
13839,2.0690000000000013
13840,2.2590000000000012
13841,1.841000000000002
13842,1.936000000000002
13843,2.0410000000000026
13844,1.9360000000000026
13845,2.148000000000002
13846,1.8390000000000015
13847,2.0330000000000026
13848,2.144000000000002
13849,2.039000000000002
13850,1.9480000000000022
13851,2.045000000000002
13852,2.3500000000000023
13853,1.9480000000000017
13854,1.8430000000000017
13855,2.243000000000002
13856,2.1600000000000015
13857,2.2630000000000017
13858,1.952000000000002
13859,1.7440000000000018
13860,1.841000000000002
13861,2.1520000000000015
13862,2.059000000000002
13863,1.9540000000000015
13864,2.0550000000000024
13865,2.043000000000002
13866,2.251000000000002
13867,2.0450000000000017
13868,2.156000000000002
13869,2.043000000000003
13870,1.6430000000000016
13871,2.2430000000000025
13872,1.9540000000000015
13873,1.8430000000000013
13874,1.8570000000000015
13875,1.7660000000000011
13876,1.8450000000000015
13877,1.9420000000000024
13878,2.043000000000002
13879,2.4650000000000016
13880,1.8490000000000015
13881,1.9440000000000024
13882,2.0510000000000024
13883,1.643000000000002
13884,1.9480000000000022
13885,2.352000000000002
13886,2.0450000000000017
13887,1.4350000000000014
13888,2.0610000000000013
13889,2.350000000000002
13890,1.8490000000000018
13891,2.1640000000000015
13892,2.0570000000000017
13893,2.2650000000000015
13894,2.1660000000000013
13895,1.9340000000000024
13896,1.944000000000002
13897,1.7420000000000015
13898,1.9540000000000015
13899,2.3460000000000014
13900,1.7480000000000013
13901,2.148000000000002
13902,1.8530000000000018
13903,2.2590000000000012
13904,1.643000000000002
13905,1.9540000000000017
13906,1.746000000000002
13907,1.9460000000000013
13908,1.9560000000000022
13909,2.449000000000002
13910,2.0490000000000017
13911,1.6370000000000018
13912,2.2550000000000026
13913,1.8370000000000024
13914,2.253000000000002
13915,1.9400000000000022
13916,1.9620000000000013
13917,1.9480000000000013
13918,1.9500000000000017
13919,1.944000000000002
13920,2.049000000000002
13921,1.9380000000000017
13922,1.8450000000000017
13923,1.952000000000001
13924,1.9460000000000022
13925,2.2590000000000017
13926,1.9480000000000017
13927,2.140000000000002
13928,1.6510000000000014
13929,1.851000000000001
13930,2.063000000000001
13931,1.8430000000000022
13932,2.1580000000000013
13933,1.6430000000000013
13934,2.1500000000000017
13935,2.255000000000002
13936,1.8430000000000017
13937,2.3440000000000025
13938,2.1520000000000015
13939,1.8430000000000022
13940,2.3520000000000016
13941,1.6370000000000022
13942,2.1460000000000017
13943,2.045000000000002
13944,2.0550000000000015
13945,2.152000000000002
13946,1.851000000000002
13947,1.7420000000000024
13948,2.0470000000000024
13949,2.043000000000002
13950,1.9400000000000022
13951,2.156000000000002
13952,2.2570000000000014
13953,2.0590000000000015
13954,2.0650000000000017
13955,2.3420000000000023
13956,2.1620000000000013
13957,2.055000000000001
13958,1.9500000000000022
13959,2.1620000000000017
13960,1.8430000000000015
13961,1.9480000000000013
13962,1.8430000000000015
13963,1.956000000000002
13964,2.138000000000002
13965,1.9440000000000017
13966,1.847000000000002
13967,1.9400000000000015
13968,1.9500000000000022
13969,1.944000000000002
13970,2.0530000000000017
13971,1.9500000000000017
13972,1.9480000000000017
13973,1.9520000000000015
13974,1.9580000000000022
13975,1.9480000000000017
13976,1.9520000000000013
13977,1.8530000000000009
13978,2.469000000000002
13979,2.1460000000000017
13980,2.1560000000000015
13981,2.0490000000000013
13982,2.144000000000002
13983,1.855000000000002
13984,1.8450000000000022
13985,1.847000000000002
13986,1.845000000000002
13987,2.1540000000000012
13988,1.734000000000002
13989,1.7480000000000018
13990,1.9480000000000024
13991,2.138000000000002
13992,1.653000000000001
13993,2.146000000000002
13994,2.059000000000001
13995,2.1400000000000023
13996,2.1600000000000015
13997,1.847000000000001
13998,1.8370000000000015
13999,2.1520000000000015
14000,2.0570000000000013
14001,1.9460000000000013
14002,2.1580000000000017
14003,2.0470000000000015
14004,2.1520000000000024
14005,1.946000000000002
14006,2.051000000000002
14007,1.6510000000000005
14008,1.7380000000000022
14009,2.047000000000002
14010,2.0510000000000015
14011,2.1540000000000017
14012,2.1720000000000015
14013,2.0370000000000017
14014,2.0510000000000015
14015,2.261000000000001
14016,2.041000000000002
14017,2.154000000000002
14018,2.148000000000002
14019,1.9540000000000017
14020,2.0670000000000015
14021,1.744000000000002
14022,1.9420000000000024
14023,2.1480000000000015
14024,1.9360000000000022
14025,2.461000000000001
14026,1.7540000000000011
14027,2.045000000000002
14028,2.0510000000000015
14029,1.9420000000000024
14030,2.2590000000000017
14031,2.352000000000002
14032,2.249000000000002
14033,1.847000000000002
14034,2.146000000000002
14035,2.253000000000002
14036,1.839000000000002
14037,2.2450000000000023
14038,1.6390000000000022
14039,1.7380000000000022
14040,1.8470000000000022
14041,2.0530000000000017
14042,2.160000000000001
14043,2.043000000000002
14044,1.732000000000002
14045,1.849000000000002
14046,1.544000000000001
14047,1.7420000000000022
14048,2.1480000000000015
14049,1.6410000000000013
14050,1.952000000000002
14051,1.9480000000000017
14052,2.1620000000000013
14053,2.1480000000000015
14054,1.7540000000000018
14055,2.2470000000000017
14056,2.057000000000001
14057,1.8510000000000018
14058,1.857000000000002
14059,2.249000000000002
14060,1.7380000000000015
14061,1.9340000000000017
14062,2.251000000000002
14063,1.9480000000000017
14064,2.045000000000002
14065,2.055000000000002
14066,2.1420000000000026
14067,2.0550000000000015
14068,1.8370000000000024
14069,2.243000000000003
14070,2.045000000000002
14071,2.1720000000000015
14072,2.0490000000000013
14073,1.8450000000000022
14074,1.8390000000000024
14075,1.944000000000002
14076,1.946000000000002
14077,1.9420000000000024
14078,1.633000000000002
14079,1.8470000000000015
14080,1.9640000000000013
14081,1.9500000000000017
14082,2.451000000000002
14083,2.0370000000000026
14084,1.8410000000000022
14085,1.936000000000002
14086,1.746000000000002
14087,2.251000000000002
14088,1.9400000000000015
14089,1.740000000000002
14090,2.2530000000000014
14091,2.051000000000002
14092,2.045000000000002
14093,2.0510000000000015
14094,2.3440000000000016
14095,2.1600000000000015
14096,1.946000000000002
14097,2.140000000000002
14098,1.9580000000000022
14099,1.746000000000002
14100,1.8510000000000022
14101,2.1580000000000013
14102,2.4530000000000016
14103,1.758000000000001
14104,1.746000000000002
14105,1.744000000000002
14106,2.251000000000002
14107,2.0610000000000017
14108,1.944000000000002
14109,2.152000000000001
14110,2.2590000000000017
14111,1.8450000000000017
14112,2.0530000000000017
14113,1.847000000000002
14114,1.9560000000000013
14115,2.146000000000002
14116,2.049000000000002
14117,1.9480000000000022
14118,1.8510000000000013
14119,1.857000000000002
14120,2.069000000000001
14121,1.8550000000000013
14122,2.047000000000001
14123,1.9400000000000022
14124,2.164000000000002
14125,1.546000000000002
14126,2.049000000000002
14127,1.7260000000000024
14128,2.049000000000002
14129,2.160000000000002
14130,2.0670000000000006
14131,2.152000000000002
14132,1.8470000000000015
14133,1.8430000000000015
14134,1.7320000000000024
14135,1.8450000000000022
14136,1.7420000000000022
14137,2.041000000000002
14138,2.051000000000001
14139,2.360000000000001
14140,1.950000000000001
14141,2.463000000000002
14142,2.4470000000000023
14143,1.946000000000002
14144,2.0590000000000015
14145,1.9560000000000022
14146,1.756000000000002
14147,2.352000000000002
14148,1.8410000000000022
14149,2.2650000000000015
14150,2.1580000000000013
14151,2.1600000000000015
14152,1.6530000000000018
14153,1.639000000000002
14154,1.8410000000000022
14155,1.7380000000000022
14156,2.1660000000000013
14157,1.6510000000000014
14158,1.7360000000000015
14159,1.9500000000000022
14160,2.154000000000002
14161,1.9480000000000017
14162,2.1580000000000017
14163,2.3460000000000023
14164,2.0530000000000017
14165,2.063000000000002
14166,1.9420000000000024
14167,2.1580000000000026
14168,2.0630000000000015
14169,2.0490000000000017
14170,2.2430000000000025
14171,2.0490000000000017
14172,1.8370000000000024
14173,1.9520000000000022
14174,2.158000000000002
14175,1.9440000000000024
14176,1.847000000000002
14177,1.9420000000000022
14178,2.0510000000000015
14179,2.1500000000000012
14180,1.956000000000002
14181,2.0590000000000015
14182,2.1500000000000012
14183,1.7520000000000018
14184,2.041000000000002
14185,2.1520000000000015
14186,2.1660000000000017
14187,2.449000000000002
14188,1.8450000000000015
14189,2.140000000000002
14190,2.158000000000002
14191,2.0650000000000004
14192,1.8550000000000013
14193,1.8510000000000018
14194,1.8550000000000018
14195,2.0510000000000015
14196,1.944000000000002
14197,2.0610000000000017
14198,2.051000000000002
14199,1.9480000000000022
14200,2.1540000000000012
14201,1.8430000000000026
14202,1.8430000000000024
14203,2.352000000000002
14204,2.2570000000000023
14205,1.9580000000000013
14206,2.243000000000002
14207,2.2670000000000012
14208,1.954000000000002
14209,1.7500000000000018
14210,1.8550000000000013
14211,1.9420000000000024
14212,2.257000000000002
14213,1.9460000000000017
14214,2.2370000000000028
14215,2.049000000000002
14216,1.845000000000002
14217,1.9440000000000015
14218,2.156000000000002
14219,2.1520000000000024
14220,1.8530000000000009
14221,1.7340000000000015
14222,1.8490000000000018
14223,1.944000000000002
14224,2.146000000000002
14225,1.645000000000002
14226,1.748000000000002
14227,2.2430000000000017
14228,1.9540000000000015
14229,2.055000000000001
14230,1.7540000000000016
14231,2.0530000000000017
14232,2.0370000000000026
14233,2.0510000000000015
14234,2.053000000000002
14235,1.9540000000000017
14236,2.3540000000000023
14237,2.043000000000002
14238,2.261000000000001
14239,1.7380000000000018
14240,1.942000000000002
14241,2.1560000000000024
14242,1.938000000000003
14243,2.370000000000001
14244,1.9420000000000022
14245,2.2470000000000026
14246,1.9560000000000013
14247,2.160000000000001
14248,1.9440000000000024
14249,2.0570000000000017
14250,1.7520000000000018
14251,2.0530000000000017
14252,1.8430000000000017
14253,2.148000000000002
14254,2.0570000000000017
14255,2.0590000000000015
14256,1.962000000000002
14257,2.148000000000002
14258,2.1500000000000017
14259,2.1600000000000015
14260,1.8490000000000015
14261,2.0570000000000017
14262,2.0510000000000015
14263,2.241000000000002
14264,1.7500000000000018
14265,1.855000000000001
14266,1.5420000000000014
14267,1.8530000000000018
14268,2.1560000000000015
14269,2.043000000000002
14270,2.2610000000000015
14271,1.8430000000000022
14272,2.2550000000000012
14273,2.1580000000000017
14274,1.9480000000000013
14275,2.3480000000000025
14276,2.1540000000000017
14277,1.9400000000000026
14278,2.1560000000000015
14279,2.0490000000000013
14280,2.0470000000000024
14281,1.7380000000000022
14282,1.8250000000000028
14283,2.3420000000000023
14284,1.9460000000000017
14285,2.259000000000002
14286,1.9560000000000013
14287,1.7480000000000027
14288,2.047000000000003
14289,2.0590000000000015
14290,2.148000000000002
14291,1.845000000000001
14292,1.9500000000000015
14293,1.7420000000000022
14294,2.1580000000000017
14295,2.1480000000000024
14296,2.0450000000000017
14297,2.1560000000000015
14298,1.9520000000000015
14299,2.0610000000000017
14300,2.562000000000001
14301,2.2670000000000012
14302,2.4530000000000016
14303,1.9420000000000024
14304,1.7380000000000024
14305,1.9520000000000024
14306,2.043000000000002
14307,2.142000000000002
14308,1.845000000000002
14309,2.059000000000002
14310,1.956000000000001
14311,1.9420000000000028
14312,1.9520000000000015
14313,1.9580000000000022
14314,1.9600000000000015
14315,2.2750000000000004
14316,2.2570000000000023
14317,2.0410000000000026
14318,2.2430000000000025
14319,2.0550000000000015
14320,2.150000000000002
14321,1.9560000000000017
14322,2.1500000000000026
14323,2.1600000000000015
14324,1.9560000000000017
14325,2.1620000000000017
14326,1.9500000000000015
14327,1.8450000000000017
14328,1.9560000000000017
14329,1.9440000000000017
14330,1.8550000000000013
14331,1.8470000000000024
14332,1.740000000000002
14333,2.1580000000000017
14334,2.245000000000002
14335,1.8510000000000018
14336,2.3420000000000023
14337,2.1580000000000017
14338,2.1520000000000024
14339,1.861000000000002
14340,2.0490000000000017
14341,1.8390000000000024
14342,2.148000000000002
14343,1.7380000000000018
14344,1.944000000000002
14345,2.0570000000000017
14346,2.1540000000000017
14347,2.2650000000000015
14348,2.255000000000002
14349,1.4310000000000012
14350,1.6430000000000018
14351,2.1620000000000013
14352,1.8410000000000022
14353,1.7460000000000016
14354,1.9540000000000017
14355,2.144000000000002
14356,1.9580000000000022
14357,2.1560000000000015
14358,2.249000000000001
14359,1.950000000000001
14360,2.035000000000002
14361,2.0610000000000017
14362,1.960000000000002
14363,2.0570000000000017
14364,1.8410000000000022
14365,1.6630000000000016
14366,1.8430000000000024
14367,1.8430000000000024
14368,2.0450000000000026
14369,1.7380000000000018
14370,2.1520000000000024
14371,1.8410000000000013
14372,1.9440000000000015
14373,1.841000000000002
14374,2.0530000000000017
14375,1.9460000000000017
14376,1.956000000000002
14377,2.2530000000000014
14378,2.255000000000002
14379,2.2590000000000012
14380,1.7520000000000018
14381,1.9520000000000015
14382,2.1540000000000012
14383,2.045000000000002
14384,1.855000000000001
14385,2.1640000000000015
14386,2.0610000000000013
14387,2.146000000000002
14388,2.245000000000002
14389,1.8410000000000017
14390,2.360000000000001
14391,2.0590000000000015
14392,2.1760000000000015
14393,2.0650000000000013
14394,2.150000000000002
14395,2.049000000000002
14396,1.756000000000002
14397,1.9460000000000022
14398,1.9380000000000024
14399,1.9380000000000026
14400,2.249000000000002
14401,1.9380000000000015
14402,2.0450000000000013
14403,1.8430000000000022
14404,2.2750000000000004
14405,2.350000000000002
14406,2.2410000000000023
14407,1.9500000000000017
14408,2.047000000000002
14409,1.8430000000000022
14410,2.055000000000002
14411,2.2610000000000015
14412,2.0530000000000017
14413,1.9560000000000013
14414,2.0510000000000024
14415,2.0610000000000013
14416,1.7500000000000018
14417,2.261000000000002
14418,1.954000000000002
14419,2.4590000000000014
14420,2.2550000000000012
14421,1.6390000000000018
14422,1.9520000000000022
14423,2.0530000000000026
14424,2.3580000000000014
14425,1.8490000000000018
14426,1.7520000000000016
14427,1.7440000000000024
14428,2.358000000000002
14429,1.9380000000000022
14430,1.847000000000002
14431,1.9460000000000022
14432,2.1560000000000015
14433,2.3560000000000016
14434,1.841000000000002
14435,1.8430000000000024
14436,2.0690000000000013
14437,1.9440000000000017
14438,1.8450000000000022
14439,2.1620000000000013
14440,2.160000000000002
14441,1.9540000000000015
14442,2.158000000000001
14443,1.6490000000000018
14444,2.037000000000003
14445,2.0510000000000015
14446,2.2610000000000015
14447,2.0530000000000026
14448,2.2430000000000017
14449,2.158000000000001
14450,2.1500000000000017
14451,1.8430000000000013
14452,2.2630000000000012
14453,2.144000000000002
14454,2.150000000000002
14455,1.7320000000000024
14456,1.7460000000000016
14457,2.053000000000001
14458,1.7520000000000016
14459,1.8450000000000017
14460,1.835000000000002
14461,2.2570000000000023
14462,1.6370000000000022
14463,1.8490000000000015
14464,1.8430000000000015
14465,1.9560000000000017
14466,2.245000000000002
14467,1.8510000000000018
14468,2.2610000000000015
14469,1.5440000000000014
14470,1.9480000000000015
14471,2.049000000000002
14472,1.740000000000001
14473,1.946000000000002
14474,1.6430000000000013
14475,2.063000000000001
14476,2.144000000000002
14477,2.2670000000000017
14478,2.0430000000000015
14479,1.9560000000000017
14480,1.954000000000002
14481,1.952000000000002
14482,2.5500000000000025
14483,2.156000000000002
14484,2.0490000000000013
14485,2.057000000000002
14486,2.045000000000002
14487,2.1560000000000015
14488,2.047000000000002
14489,2.3700000000000014
14490,1.8430000000000015
14491,2.148000000000002
14492,1.8390000000000017
14493,1.744000000000002
14494,1.946000000000002
14495,2.2650000000000015
14496,1.9440000000000015
14497,2.039000000000002
14498,1.9360000000000028
14499,2.146000000000002
14500,2.0570000000000017
14501,1.7460000000000016
14502,2.148000000000002
14503,2.2470000000000017
14504,2.162000000000002
14505,2.1500000000000017
14506,2.257000000000002
14507,1.6430000000000013
14508,1.950000000000002
14509,1.849000000000001
14510,1.750000000000001
14511,2.039000000000003
14512,1.9380000000000022
14513,1.9400000000000017
14514,2.1480000000000015
14515,1.7380000000000022
14516,1.7480000000000016
14517,1.8350000000000022
14518,1.9560000000000013
14519,2.0510000000000015
14520,1.7540000000000011
14521,1.639000000000002
14522,1.946000000000002
14523,2.0610000000000013
14524,2.1500000000000012
14525,1.7520000000000016
14526,2.1540000000000017
14527,2.0530000000000017
14528,2.1420000000000017
14529,2.4530000000000016
14530,1.6350000000000022
14531,1.7540000000000018
14532,2.1700000000000017
14533,1.9480000000000017
14534,2.0450000000000017
14535,2.2610000000000006
14536,2.069000000000001
14537,2.366000000000002
14538,1.9480000000000015
14539,1.940000000000002
14540,1.839000000000002
14541,1.837000000000002
14542,2.1500000000000017
14543,2.451000000000002
14544,1.7400000000000027
14545,1.9540000000000017
14546,1.847000000000002
14547,1.8510000000000018
14548,2.051000000000002
14549,2.057000000000001
14550,2.0530000000000026
14551,1.9520000000000013
14552,1.8530000000000024
14553,1.9540000000000008
14554,2.0350000000000024
14555,1.6350000000000022
14556,2.1520000000000024
14557,2.1500000000000017
14558,2.263000000000001
14559,2.0490000000000013
14560,2.1560000000000015
14561,2.0570000000000017
14562,2.0590000000000015
14563,2.3520000000000025
14564,2.1540000000000017
14565,1.7380000000000024
14566,2.0570000000000013
14567,2.1620000000000013
14568,1.936000000000002
14569,1.952000000000001
14570,2.352000000000002
14571,2.160000000000001
14572,1.855000000000002
14573,1.9480000000000022
14574,2.1480000000000015
14575,1.8650000000000018
14576,2.378000000000001
14577,1.841000000000002
14578,1.9500000000000022
14579,2.2490000000000023
14580,1.952000000000001
14581,2.047000000000002
14582,2.263000000000001
14583,1.956000000000002
14584,2.047000000000002
14585,2.3660000000000014
14586,1.734000000000002
14587,1.9560000000000017
14588,2.051000000000002
14589,2.059000000000002
14590,2.0530000000000026
14591,2.1560000000000024
14592,2.1560000000000024
14593,1.9720000000000013
14594,1.8550000000000018
14595,2.0530000000000017
14596,2.055000000000002
14597,1.942000000000002
14598,2.2570000000000014
14599,1.962000000000001
14600,1.6370000000000025
14601,2.1420000000000017
14602,1.9380000000000017
14603,1.639000000000001
14604,1.9460000000000017
14605,1.966000000000001
14606,2.1420000000000017
14607,2.1560000000000006
14608,1.9620000000000013
14609,1.960000000000001
14610,1.8470000000000013
14611,2.148000000000002
14612,1.9480000000000015
14613,1.9400000000000026
14614,1.9480000000000017
14615,1.952000000000002
14616,1.8510000000000024
14617,2.2630000000000012
14618,2.148000000000002
14619,2.0570000000000017
14620,2.2590000000000017
14621,2.146000000000002
14622,1.8410000000000017
14623,1.5400000000000018
14624,1.9520000000000022
14625,1.8450000000000017
14626,2.245000000000002
14627,2.051000000000002
14628,2.2570000000000014
14629,1.9500000000000022
14630,1.946000000000002
14631,2.041000000000002
14632,1.8510000000000018
14633,1.861000000000001
14634,1.952000000000002
14635,2.0530000000000026
14636,2.4810000000000003
14637,1.8430000000000015
14638,2.1500000000000012
14639,1.8490000000000015
14640,1.9520000000000026
14641,2.1480000000000015
14642,1.9660000000000013
14643,2.4510000000000023
14644,1.8430000000000022
14645,1.8510000000000022
14646,2.5580000000000016
14647,1.8430000000000026
14648,2.049000000000002
14649,2.1540000000000017
14650,1.639000000000002
14651,1.857000000000002
14652,2.0470000000000015
14653,2.2510000000000026
14654,1.847000000000002
14655,2.0470000000000015
14656,2.1540000000000017
14657,1.9360000000000017
14658,2.1500000000000012
14659,1.744000000000002
14660,1.952000000000001
14661,2.4570000000000025
14662,1.9540000000000008
14663,2.340000000000002
14664,1.841000000000002
14665,1.948000000000001
14666,1.9460000000000017
14667,2.053000000000002
14668,1.8470000000000015
14669,1.9400000000000022
14670,1.946000000000002
14671,2.063000000000001
14672,2.1500000000000017
14673,2.039000000000003
14674,1.829000000000002
14675,1.8490000000000018
14676,2.045000000000002
14677,1.9480000000000015
14678,2.059000000000001
14679,1.954000000000002
14680,2.043000000000002
14681,2.045000000000002
14682,2.146000000000002
14683,2.1540000000000012
14684,1.9580000000000022
14685,1.9420000000000013
14686,1.6390000000000016
14687,2.041000000000002
14688,2.160000000000001
14689,1.538000000000002
14690,1.9460000000000013
14691,1.8530000000000006
14692,2.3540000000000014
14693,1.9460000000000022
14694,2.0490000000000026
14695,1.7520000000000011
14696,1.9560000000000013
14697,2.158000000000002
14698,2.152000000000002
14699,1.855000000000001
14700,1.9500000000000017
14701,2.3660000000000014
14702,2.059000000000002
14703,1.6350000000000022
14704,2.047000000000001
14705,2.2710000000000012
14706,2.0530000000000017
14707,2.1520000000000015
14708,2.150000000000002
14709,2.0390000000000015
14710,1.8430000000000022
14711,1.635000000000003
14712,2.3640000000000008
14713,1.6470000000000022
14714,2.0490000000000017
14715,2.045000000000002
14716,2.461000000000001
14717,2.1500000000000026
14718,2.067000000000002
14719,1.649000000000002
14720,1.7380000000000018
14721,2.2630000000000012
14722,1.9580000000000022
14723,2.1580000000000017
14724,2.2550000000000012
14725,2.0510000000000015
14726,2.047000000000002
14727,1.8470000000000022
14728,2.0570000000000017
14729,1.7360000000000029
14730,2.0410000000000017
14731,1.9400000000000017
14732,1.9600000000000015
14733,1.9460000000000022
14734,2.265000000000001
14735,1.8510000000000013
14736,2.0590000000000015
14737,1.851000000000002
14738,2.449000000000002
14739,1.9480000000000022
14740,2.045000000000002
14741,1.9360000000000017
14742,1.6390000000000018
14743,2.0390000000000024
14744,2.1580000000000013
14745,1.9340000000000028
14746,1.8390000000000017
14747,2.1520000000000015
14748,1.8470000000000015
14749,1.7520000000000016
14750,2.158000000000001
14751,1.9460000000000017
14752,1.744000000000002
14753,1.9460000000000017
14754,2.1620000000000017
14755,2.2730000000000015
14756,2.3500000000000023
14757,1.944000000000002
14758,2.2530000000000014
14759,2.0610000000000017
14760,1.9500000000000008
14761,1.7420000000000018
14762,2.047000000000003
14763,1.9520000000000013
14764,1.8470000000000022
14765,1.9400000000000022
14766,1.8530000000000018
14767,2.150000000000002
14768,1.952000000000001
14769,1.6430000000000025
14770,2.047000000000002
14771,2.051000000000002
14772,1.9380000000000024
14773,1.8530000000000018
14774,2.0610000000000013
14775,2.0550000000000015
14776,1.970000000000001
14777,2.1580000000000013
14778,1.9440000000000017
14779,2.035000000000003
14780,1.9660000000000013
14781,1.8450000000000017
14782,1.8490000000000018
14783,1.8370000000000022
14784,1.9480000000000015
14785,1.9640000000000009
14786,1.9480000000000015
14787,1.8430000000000024
14788,2.158000000000002
14789,1.946000000000002
14790,1.865000000000001
14791,2.1460000000000012
14792,1.7540000000000016
14793,2.241000000000002
14794,2.053000000000001
14795,2.0470000000000015
14796,2.0490000000000013
14797,2.4530000000000016
14798,1.7440000000000009
14799,2.055000000000001
14800,1.9500000000000017
14801,2.2630000000000017
14802,2.138000000000003
14803,2.2630000000000012
14804,1.9540000000000013
14805,1.641000000000002
14806,2.178000000000001
14807,1.7460000000000016
14808,1.7440000000000015
14809,1.8450000000000026
14810,2.0510000000000015
14811,1.9460000000000017
14812,2.049000000000002
14813,2.0410000000000026
14814,1.8430000000000015
14815,2.3580000000000014
14816,2.0570000000000017
14817,1.7380000000000027
14818,1.946000000000002
14819,2.053000000000002
14820,2.0450000000000017
14821,2.2530000000000014
14822,2.0510000000000024
14823,2.039000000000002
14824,1.7380000000000022
14825,1.9440000000000024
14826,2.1500000000000017
14827,2.154000000000002
14828,1.7460000000000022
14829,1.956000000000001
14830,2.0370000000000026
14831,1.746000000000002
14832,1.7460000000000016
14833,1.8470000000000013
14834,1.639000000000002
14835,1.9540000000000013
14836,2.1580000000000017
14837,2.1640000000000015
14838,1.8470000000000015
14839,2.047000000000001
14840,1.9440000000000024
14841,1.8410000000000022
14842,1.7360000000000022
14843,2.548000000000002
14844,2.041000000000002
14845,1.9460000000000017
14846,2.356000000000001
14847,2.158000000000002
14848,1.9520000000000015
14849,1.9480000000000017
14850,1.9460000000000024
14851,1.956000000000001
14852,2.148000000000002
14853,1.8450000000000022
14854,1.956000000000002
14855,2.164000000000001
14856,1.7340000000000015
14857,1.9520000000000013
14858,1.9560000000000017
14859,1.857000000000001
14860,2.160000000000001
14861,1.6370000000000018
14862,1.9440000000000017
14863,2.047000000000001
14864,1.8510000000000018
14865,1.8330000000000022
14866,1.9400000000000022
14867,1.7500000000000018
14868,2.0550000000000024
14869,2.1480000000000024
14870,2.0550000000000015
14871,1.8430000000000017
14872,1.744000000000002
14873,2.049000000000002
14874,1.8410000000000013
14875,2.1540000000000017
14876,2.1520000000000015
14877,2.0470000000000015
14878,2.0690000000000013
14879,2.037000000000002
14880,2.156000000000002
14881,1.9440000000000024
14882,1.8430000000000017
14883,1.9500000000000017
14884,1.8470000000000015
14885,1.9480000000000017
14886,2.0470000000000024
14887,1.954000000000002
14888,2.1520000000000024
14889,1.8530000000000022
14890,1.8430000000000022
14891,2.053000000000002
14892,1.9500000000000017
14893,2.073000000000001
14894,1.8470000000000015
14895,1.754000000000002
14896,2.0590000000000015
14897,2.0330000000000026
14898,2.041000000000002
14899,1.8430000000000022
14900,2.251000000000002
14901,2.146000000000002
14902,2.0550000000000015
14903,2.164000000000001
14904,1.9460000000000024
14905,1.956000000000002
14906,1.736000000000002
14907,2.067000000000002
14908,2.150000000000002
14909,1.8370000000000024
14910,2.0450000000000017
14911,1.8610000000000013
14912,2.2490000000000014
14913,1.750000000000002
14914,1.9600000000000017
14915,1.9400000000000022
14916,1.9500000000000015
14917,2.243000000000002
14918,1.7500000000000018
14919,2.0550000000000024
14920,1.9480000000000022
14921,1.7440000000000018
14922,2.063000000000002
14923,2.255000000000002
14924,2.049000000000002
14925,2.451000000000002
14926,2.0490000000000013
14927,2.146000000000002
14928,2.154000000000002
14929,2.059000000000002
14930,1.9440000000000017
14931,1.8490000000000015
14932,2.0530000000000017
14933,1.841000000000002
14934,2.253000000000002
14935,2.1500000000000017
14936,1.956000000000002
14937,1.9500000000000017
14938,2.1660000000000013
14939,2.1520000000000015
14940,2.0610000000000013
14941,2.2510000000000017
14942,1.8670000000000015
14943,2.045000000000002
14944,2.1480000000000015
14945,2.3520000000000016
14946,2.051000000000002
14947,1.7480000000000013
14948,1.8490000000000018
14949,1.748000000000002
14950,2.0570000000000017
14951,1.9420000000000022
14952,2.1640000000000015
14953,1.6410000000000025
14954,2.0550000000000015
14955,2.3680000000000017
14956,2.1460000000000026
14957,1.8430000000000015
14958,2.0530000000000017
14959,2.245000000000002
14960,1.8350000000000026
14961,2.0550000000000015
14962,1.9700000000000015
14963,1.9360000000000022
14964,2.1520000000000015
14965,2.051000000000002
14966,1.9560000000000017
14967,1.9540000000000017
14968,2.4630000000000014
14969,1.7280000000000024
14970,1.9580000000000015
14971,1.8530000000000022
14972,1.9420000000000028
14973,1.9480000000000017
14974,2.0490000000000013
14975,2.045000000000002
14976,1.9460000000000022
14977,1.9400000000000015
14978,2.045000000000002
14979,2.2430000000000017
14980,2.1480000000000024
14981,1.962000000000001
14982,2.035000000000001
14983,2.047000000000002
14984,2.057000000000001
14985,1.944000000000002
14986,1.8550000000000018
14987,1.8550000000000022
14988,2.049000000000002
14989,1.6450000000000018
14990,2.144000000000003
14991,2.3540000000000014
14992,2.5540000000000016
14993,2.164
14994,1.9500000000000026
14995,2.249000000000001
14996,2.0570000000000017
14997,2.0530000000000017
14998,2.0550000000000015
14999,1.742000000000001
15000,2.0510000000000024
15001,2.144000000000002
15002,1.946000000000002
15003,2.0350000000000024
15004,1.8470000000000022
15005,1.9360000000000026
15006,1.8430000000000015
15007,2.2590000000000017
15008,1.9560000000000013
15009,2.0550000000000024
15010,2.0510000000000015
15011,2.1620000000000017
15012,1.9440000000000017
15013,1.7400000000000027
15014,1.7320000000000022
15015,2.3660000000000014
15016,2.2410000000000023
15017,2.049000000000002
15018,2.449000000000002
15019,1.9480000000000022
15020,1.9540000000000015
15021,2.1580000000000017
15022,1.631000000000002
15023,1.9440000000000017
15024,2.1580000000000017
15025,2.043000000000002
15026,1.8510000000000013
15027,1.841000000000001
15028,2.0470000000000024
15029,1.8410000000000013
15030,1.944000000000002
15031,2.356000000000003
15032,2.0530000000000013
15033,2.037000000000003
15034,2.249000000000002
15035,1.9440000000000024
15036,1.9480000000000022
15037,2.1460000000000017
15038,1.839000000000002
15039,1.847000000000002
15040,2.043000000000002
15041,1.8510000000000018
15042,2.2650000000000006
15043,2.473000000000001
15044,2.0630000000000015
15045,1.9380000000000022
15046,1.9560000000000017
15047,2.049000000000002
15048,1.8470000000000006
15049,2.1560000000000015
15050,2.043000000000002
15051,2.0570000000000026
15052,1.8490000000000018
15053,1.7480000000000013
15054,2.3460000000000023
15055,1.8470000000000022
15056,1.7380000000000024
15057,1.9480000000000017
15058,1.9460000000000013
15059,1.9480000000000022
15060,1.8490000000000018
15061,1.538000000000002
15062,1.8370000000000022
15063,2.362000000000001
15064,1.9480000000000015
15065,1.952000000000002
15066,2.150000000000002
15067,2.055000000000001
15068,2.2610000000000015
15069,1.9440000000000017
15070,2.0470000000000015
15071,2.1540000000000012
15072,2.2490000000000023
15073,1.9480000000000013
15074,2.045000000000002
15075,1.9360000000000028
15076,2.061000000000001
15077,1.8410000000000013
15078,1.6350000000000013
15079,1.9480000000000017
15080,2.063000000000001
15081,1.9420000000000022
15082,2.1560000000000015
15083,2.0390000000000024
15084,1.7420000000000022
15085,2.2590000000000017
15086,1.8430000000000017
15087,1.9520000000000015
15088,1.8530000000000022
15089,2.1540000000000017
15090,2.1540000000000017
15091,2.2470000000000017
15092,2.071000000000001
15093,2.1440000000000015
15094,2.1580000000000013
15095,2.142000000000002
15096,1.8430000000000024
15097,1.8390000000000017
15098,1.942000000000002
15099,2.0570000000000017
15100,2.0430000000000024
15101,2.0470000000000024
15102,1.7520000000000016
15103,2.0610000000000013
15104,2.063000000000001
15105,2.0510000000000024
15106,1.8390000000000024
15107,2.3660000000000014
15108,2.0510000000000015
15109,2.1540000000000017
15110,1.8610000000000015
15111,1.7500000000000022
15112,2.0470000000000024
15113,1.9500000000000022
15114,2.049000000000002
15115,1.8470000000000024
15116,1.6470000000000016
15117,1.8350000000000017
15118,2.067000000000001
15119,2.356000000000001
15120,1.9500000000000015
15121,2.041000000000002
15122,2.1640000000000015
15123,1.8490000000000018
15124,2.146000000000002
15125,2.164000000000001
15126,1.7440000000000015
15127,1.8490000000000024
15128,2.1480000000000024
15129,1.9580000000000013
15130,1.845000000000001
15131,2.1560000000000015
15132,2.550000000000002
15133,1.851000000000002
15134,1.7480000000000016
15135,1.9440000000000024
15136,1.851000000000002
15137,2.0390000000000024
15138,1.944000000000002
15139,2.0470000000000024
15140,2.461000000000001
15141,1.8410000000000017
15142,1.8470000000000024
15143,1.8390000000000017
15144,2.047000000000002
15145,1.8430000000000013
15146,1.9380000000000026
15147,1.9480000000000013
15148,2.1400000000000023
15149,1.6350000000000022
15150,2.063000000000001
15151,2.3540000000000014
15152,2.251000000000002
15153,2.055000000000002
15154,1.6510000000000007
15155,1.9420000000000028
15156,2.0490000000000013
15157,2.0650000000000013
15158,2.146000000000002
15159,1.8330000000000028
15160,2.041000000000002
15161,2.0510000000000015
15162,2.051000000000002
15163,2.0450000000000017
15164,1.9460000000000013
15165,2.0430000000000015
15166,2.0570000000000017
15167,1.8550000000000009
15168,2.0550000000000024
15169,2.140000000000002
15170,2.3620000000000014
15171,1.9540000000000024
15172,1.857000000000002
15173,1.946000000000002
15174,1.7440000000000015
15175,2.362000000000001
15176,2.455000000000001
15177,1.8530000000000018
15178,2.051000000000002
15179,1.8450000000000015
15180,1.6370000000000016
15181,1.8490000000000024
15182,2.2410000000000023
15183,1.9460000000000024
15184,1.9420000000000028
15185,2.356000000000002
15186,2.255000000000001
15187,2.057000000000001
15188,1.9680000000000009
15189,1.7480000000000024
15190,1.6470000000000016
15191,2.455000000000001
15192,1.8530000000000009
15193,2.041000000000002
15194,2.0530000000000013
15195,1.8490000000000024
15196,2.3500000000000023
15197,2.146000000000002
15198,1.8610000000000009
15199,2.037000000000003
15200,1.7360000000000015
15201,1.9440000000000017
15202,1.9480000000000017
15203,1.8430000000000015
15204,2.134000000000002
15205,1.8370000000000022
15206,1.9460000000000024
15207,2.1520000000000024
15208,1.9560000000000017
15209,2.0510000000000015
15210,2.0690000000000013
15211,1.849000000000002
15212,1.946000000000002
15213,1.958000000000001
15214,1.9480000000000015
15215,2.043000000000003
15216,2.059000000000002
15217,1.8590000000000015
15218,1.7340000000000015
15219,2.1500000000000017
15220,2.152000000000002
15221,1.8570000000000013
15222,1.7320000000000026
15223,2.156000000000002
15224,2.160000000000002
15225,2.253000000000002
15226,2.0530000000000017
15227,1.9560000000000022
15228,2.039000000000002
15229,1.8470000000000015
15230,2.1540000000000012
15231,1.9400000000000026
15232,2.358000000000002
15233,2.045000000000002
15234,2.1400000000000023
15235,2.0430000000000015
15236,1.9440000000000017
15237,2.253000000000002
15238,2.0590000000000015
15239,1.9520000000000015
15240,1.9420000000000024
15241,2.1520000000000024
15242,1.950000000000002
15243,1.7520000000000011
15244,2.059000000000001
15245,2.356000000000001
15246,2.0530000000000017
15247,2.0430000000000015
15248,1.859000000000001
15249,1.9460000000000017
15250,2.354000000000001
15251,1.851000000000001
15252,1.9440000000000013
15253,2.0490000000000017
15254,2.1620000000000017
15255,2.3560000000000025
15256,2.059000000000001
15257,2.247000000000002
15258,2.045000000000002
15259,2.140000000000002
15260,1.952000000000002
15261,2.0470000000000015
15262,2.251000000000002
15263,2.267000000000001
15264,1.7440000000000027
15265,1.9620000000000013
15266,2.261000000000001
15267,2.1500000000000017
15268,2.265000000000001
15269,2.558000000000001
15270,1.740000000000002
15271,2.049000000000002
15272,2.0510000000000024
15273,1.540000000000002
15274,2.041000000000002
15275,2.154000000000002
15276,1.837000000000002
15277,2.0510000000000015
15278,1.8570000000000013
15279,2.3480000000000016
15280,1.9560000000000008
15281,2.0470000000000024
15282,2.2450000000000023
15283,2.0470000000000015
15284,1.841000000000002
15285,2.146000000000002
15286,2.3620000000000014
15287,2.0590000000000024
15288,1.8330000000000028
15289,2.269
15290,1.8510000000000018
15291,1.9540000000000015
15292,2.0590000000000015
15293,2.0570000000000017
15294,2.0570000000000017
15295,2.255000000000002
15296,2.2670000000000012
15297,2.1520000000000015
15298,1.8470000000000015
15299,2.0490000000000017
15300,1.940000000000002
15301,2.152000000000002
15302,2.1460000000000026
15303,2.2490000000000023
15304,2.160000000000001
15305,2.2590000000000017
15306,1.8350000000000022
15307,2.059000000000002
15308,2.0530000000000017
15309,2.1600000000000015
15310,1.9600000000000015
15311,1.9400000000000022
15312,2.148000000000002
15313,1.744000000000002
15314,2.1620000000000017
15315,2.0510000000000015
15316,2.348000000000002
15317,1.7300000000000026
15318,2.1360000000000023
15319,1.8390000000000013
15320,2.2790000000000012
15321,1.756000000000001
15322,2.0490000000000013
15323,2.142000000000002
15324,1.946000000000002
15325,2.0430000000000015
15326,1.7480000000000013
15327,2.055000000000001
15328,1.9580000000000017
15329,2.257000000000002
15330,2.0430000000000015
15331,2.043000000000002
15332,2.0330000000000026
15333,2.372000000000001
15334,1.9540000000000013
15335,1.6410000000000025
15336,2.1580000000000013
15337,1.8350000000000029
15338,1.847000000000002
15339,2.1580000000000017
15340,1.8490000000000015
15341,1.954000000000002
15342,1.942000000000002
15343,1.944000000000002
15344,2.1520000000000015
15345,2.267000000000001
15346,1.9440000000000017
15347,1.748000000000002
15348,1.9520000000000022
15349,1.6470000000000022
15350,2.0530000000000017
15351,1.8550000000000013
15352,1.9520000000000024
15353,1.6470000000000018
15354,1.8450000000000015
15355,1.9420000000000022
15356,1.744000000000002
15357,2.261000000000001
15358,2.2490000000000014
15359,1.8230000000000024
15360,2.2510000000000012
15361,1.6410000000000016
15362,2.2570000000000014
15363,2.2410000000000023
15364,2.1480000000000015
15365,1.7420000000000015
15366,2.154000000000002
15367,2.148000000000002
15368,1.825000000000003
15369,1.952000000000002
15370,1.9540000000000008
15371,1.9400000000000017
15372,2.158000000000001
15373,2.144000000000002
15374,2.0450000000000017
15375,2.148000000000002
15376,1.9440000000000015
15377,1.845000000000002
15378,2.148000000000002
15379,1.944000000000002
15380,1.9540000000000017
15381,1.9540000000000017
15382,2.0550000000000015
15383,1.9480000000000022
15384,2.051000000000002
15385,2.259000000000002
15386,2.059000000000001
15387,2.0410000000000026
15388,1.8550000000000018
15389,2.152000000000002
15390,1.4290000000000018
15391,2.1580000000000017
15392,2.0370000000000017
15393,1.9420000000000022
15394,1.6370000000000016
15395,2.0490000000000017
15396,2.0650000000000013
15397,1.7360000000000022
15398,2.1560000000000015
15399,1.8530000000000018
15400,2.1420000000000017
15401,2.0570000000000017
15402,1.9440000000000024
15403,1.9520000000000015
15404,1.9460000000000022
15405,1.9580000000000015
15406,2.0530000000000026
15407,2.2610000000000015
15408,1.847000000000002
15409,2.071000000000001
15410,1.8450000000000017
15411,2.0470000000000024
15412,1.9420000000000024
15413,1.8330000000000024
15414,2.049000000000002
15415,1.9420000000000015
15416,2.164000000000001
15417,2.265000000000002
15418,1.952000000000001
15419,2.055000000000001
15420,1.9480000000000022
15421,2.156000000000002
15422,2.146000000000002
15423,1.9560000000000022
15424,1.9620000000000013
15425,1.9540000000000017
15426,2.0350000000000024
15427,1.9480000000000022
15428,2.0510000000000015
15429,1.9420000000000022
15430,2.1340000000000026
15431,2.2450000000000028
15432,1.7400000000000022
15433,2.0570000000000017
15434,2.0570000000000013
15435,2.1500000000000026
15436,1.7420000000000018
15437,2.269000000000002
15438,1.855000000000001
15439,1.8390000000000013
15440,1.9540000000000015
15441,1.8370000000000026
15442,1.8430000000000017
15443,2.0650000000000013
15444,1.6370000000000022
15445,1.9380000000000024
15446,2.0490000000000017
15447,1.7480000000000018
15448,2.168000000000001
15449,1.9640000000000015
15450,1.8470000000000015
15451,2.0490000000000013
15452,1.7420000000000013
15453,2.3460000000000023
15454,1.845000000000002
15455,2.0650000000000013
15456,1.8550000000000013
15457,1.9420000000000015
15458,1.8430000000000015
15459,2.1500000000000012
15460,2.0590000000000015
15461,2.3480000000000016
15462,2.0530000000000013
15463,2.1460000000000026
15464,2.164000000000001
15465,1.942000000000002
15466,2.1560000000000015
15467,1.8350000000000017
15468,1.9580000000000017
15469,2.0410000000000026
15470,1.8430000000000024
15471,2.2630000000000017
15472,1.9380000000000017
15473,1.9360000000000022
15474,1.7440000000000015
15475,2.073000000000001
15476,2.1460000000000017
15477,2.2470000000000017
15478,1.9500000000000022
15479,1.8530000000000015
15480,1.8450000000000017
15481,1.6450000000000014
15482,1.9400000000000022
15483,2.360000000000002
15484,2.3620000000000023
15485,1.9620000000000013
15486,2.2610000000000015
15487,1.954000000000002
15488,1.7320000000000024
15489,1.8450000000000015
15490,1.841000000000002
15491,2.0490000000000017
15492,2.045000000000002
15493,2.360000000000002
15494,1.845000000000002
15495,2.164000000000001
15496,2.1480000000000024
15497,1.8370000000000024
15498,1.746000000000001
15499,1.9380000000000015
15500,1.950000000000002
15501,1.9600000000000009
15502,1.655000000000001
15503,1.9440000000000024
15504,1.8490000000000018
15505,2.2430000000000017
15506,1.9440000000000015
15507,2.255000000000002
15508,1.9480000000000022
15509,2.2550000000000017
15510,2.1540000000000017
15511,1.952000000000002
15512,2.2530000000000023
15513,2.0530000000000013
15514,1.9380000000000022
15515,1.8390000000000017
15516,1.956000000000001
15517,2.0510000000000015
15518,2.0370000000000026
15519,2.0510000000000024
15520,2.148000000000002
15521,2.041000000000002
15522,2.0530000000000004
15523,2.3600000000000017
15524,2.158000000000002
15525,2.0470000000000024
15526,1.8450000000000022
15527,2.144000000000003
15528,2.162000000000001
15529,1.7460000000000016
15530,1.946000000000001
15531,2.1460000000000017
15532,1.9440000000000017
15533,1.8630000000000013
15534,2.0610000000000017
15535,2.0610000000000013
15536,1.851000000000002
15537,1.7480000000000013
15538,1.9480000000000017
15539,2.049000000000001
15540,1.952000000000002
15541,2.059000000000002
15542,1.8470000000000006
15543,2.0590000000000015
15544,1.8390000000000024
15545,2.251000000000002
15546,2.1520000000000015
15547,2.053000000000002
15548,1.7520000000000018
15549,2.1520000000000015
15550,2.148000000000002
15551,2.1540000000000017
15552,2.251000000000002
15553,2.0530000000000013
15554,1.7380000000000015
15555,2.1480000000000015
15556,1.7480000000000016
15557,2.049000000000002
15558,2.0550000000000015
15559,1.8690000000000009
15560,1.8430000000000024
15561,2.265000000000001
15562,2.1560000000000024
15563,2.057000000000001
15564,2.2750000000000012
15565,1.6550000000000011
15566,1.9480000000000022
15567,1.851000000000002
15568,2.0530000000000017
15569,1.8350000000000026
15570,2.148000000000002
15571,2.146000000000002
15572,1.7440000000000018
15573,2.0370000000000026
15574,2.156000000000002
15575,1.9540000000000015
15576,2.144000000000002
15577,1.748000000000002
15578,2.063000000000002
15579,2.2470000000000017
15580,1.9500000000000017
15581,1.9640000000000006
15582,2.265000000000001
15583,1.8510000000000018
15584,2.2430000000000017
15585,1.950000000000001
15586,1.839000000000002
15587,1.8490000000000018
15588,2.1580000000000026
15589,2.1480000000000015
15590,1.8430000000000013
15591,1.750000000000002
15592,2.1520000000000015
15593,1.940000000000002
15594,2.2450000000000023
15595,1.7380000000000015
15596,2.4530000000000016
15597,2.3480000000000016
15598,2.150000000000002
15599,2.049000000000002
15600,1.851000000000002
15601,2.067000000000001
15602,2.154000000000002
15603,2.2630000000000017
15604,1.9460000000000022
15605,2.051000000000002
15606,1.9640000000000013
15607,2.059000000000001
15608,2.455000000000002
15609,1.9440000000000015
15610,2.459000000000002
15611,2.2610000000000015
15612,2.0450000000000026
15613,2.2570000000000014
15614,1.8510000000000009
15615,2.170000000000001
15616,2.2670000000000017
15617,2.0550000000000015
15618,1.946000000000002
15619,1.4410000000000016
15620,2.041000000000002
15621,2.3740000000000014
15622,2.0570000000000017
15623,2.3420000000000023
15624,2.0610000000000013
15625,2.063000000000001
15626,2.0490000000000013
15627,1.956000000000001
15628,1.8470000000000013
15629,2.356000000000001
15630,1.9580000000000017
15631,2.0570000000000017
15632,2.2570000000000014
15633,2.057000000000001
15634,1.6470000000000016
15635,1.855000000000002
15636,2.3460000000000023
15637,2.148000000000002
15638,2.253000000000002
15639,1.8510000000000018
15640,1.8430000000000017
15641,1.9520000000000015
15642,1.9420000000000024
15643,1.9480000000000022
15644,1.934000000000002
15645,1.9480000000000017
15646,2.2630000000000012
15647,1.9440000000000026
15648,2.483000000000001
15649,2.0650000000000013
15650,2.1540000000000017
15651,2.3680000000000017
15652,2.2610000000000015
15653,1.8430000000000017
15654,2.451000000000002
15655,2.1500000000000017
15656,2.154000000000002
15657,1.9520000000000015
15658,1.643000000000002
15659,2.3600000000000017
15660,2.2610000000000015
15661,1.857000000000002
15662,2.255000000000002
15663,1.9380000000000013
15664,1.7360000000000022
15665,2.2530000000000014
15666,2.146000000000002
15667,2.0450000000000017
15668,1.946000000000002
15669,1.9440000000000015
15670,2.251000000000002
15671,2.1420000000000017
15672,2.150000000000002
15673,2.247000000000002
15674,1.9480000000000024
15675,1.9500000000000015
15676,2.1520000000000024
15677,2.2470000000000017
15678,1.9680000000000006
15679,2.059000000000001
15680,2.1360000000000023
15681,2.0510000000000015
15682,1.8370000000000024
15683,2.1540000000000017
15684,2.172000000000001
15685,2.269000000000002
15686,2.1460000000000026
15687,1.950000000000002
15688,1.7540000000000016
15689,1.847000000000002
15690,1.944000000000002
15691,1.9380000000000024
15692,2.455000000000002
15693,1.9500000000000017
15694,2.047000000000002
15695,1.9460000000000017
15696,1.6370000000000022
15697,1.9420000000000022
15698,1.9540000000000015
15699,2.2610000000000015
15700,1.9480000000000022
15701,1.9520000000000015
15702,2.455000000000002
15703,2.0610000000000013
15704,1.849000000000002
15705,1.8470000000000022
15706,2.2370000000000028
15707,2.0390000000000024
15708,1.7600000000000002
15709,1.946000000000001
15710,1.6450000000000014
15711,2.1520000000000015
15712,1.865000000000001
15713,2.346000000000002
15714,2.037000000000002
15715,2.0590000000000015
15716,2.152000000000002
15717,2.251000000000002
15718,1.8610000000000013
15719,2.0550000000000015
15720,2.4570000000000016
15721,1.7480000000000016
15722,1.845000000000002
15723,2.0450000000000017
15724,1.8470000000000013
15725,1.9500000000000015
15726,1.7520000000000018
15727,2.4450000000000025
15728,1.940000000000002
15729,1.9500000000000015
15730,2.148000000000002
15731,2.2510000000000026
15732,2.045000000000002
15733,2.1580000000000017
15734,2.3480000000000016
15735,1.9480000000000013
15736,1.8470000000000015
15737,2.255000000000002
15738,2.570000000000001
15739,1.859000000000001
15740,2.0490000000000013
15741,2.0530000000000017
15742,2.055000000000002
15743,2.0650000000000013
15744,2.243000000000002
15745,2.1620000000000017
15746,2.1460000000000017
15747,2.037000000000002
15748,2.568000000000002
15749,2.152000000000002
15750,2.2430000000000017
15751,2.043000000000002
15752,2.063000000000001
15753,2.0490000000000017
15754,1.7280000000000024
15755,2.1440000000000023
15756,2.1660000000000013
15757,1.8330000000000024
15758,1.8430000000000017
15759,1.946000000000002
15760,2.0550000000000015
15761,1.5480000000000018
15762,1.8430000000000024
15763,2.049000000000002
15764,2.051000000000002
15765,1.936000000000002
15766,2.3660000000000014
15767,1.9440000000000017
15768,2.045000000000002
15769,2.148000000000002
15770,2.164000000000002
15771,2.370000000000001
15772,2.2570000000000014
15773,1.9460000000000017
15774,2.150000000000002
15775,2.0450000000000013
15776,2.0550000000000015
15777,2.231000000000002
15778,1.9500000000000015
15779,1.9600000000000006
15780,2.0650000000000013
15781,1.8390000000000024
15782,1.8410000000000022
15783,2.360000000000001
15784,2.3640000000000017
15785,2.3340000000000027
15786,2.1400000000000023
15787,1.845000000000002
15788,2.4530000000000016
15789,1.9520000000000013
15790,2.362000000000001
15791,2.150000000000002
15792,1.7420000000000018
15793,1.950000000000002
15794,2.0450000000000017
15795,2.1500000000000017
15796,1.952000000000002
15797,1.7380000000000015
15798,1.869000000000001
15799,2.0490000000000017
15800,1.9460000000000017
15801,2.041000000000002
15802,2.0610000000000013
15803,1.7300000000000022
15804,2.1540000000000017
15805,2.249000000000001
15806,1.7520000000000013
15807,1.8430000000000017
15808,2.2630000000000017
15809,2.3560000000000016
15810,2.2510000000000017
15811,1.8390000000000017
15812,2.1540000000000017
15813,2.150000000000002
15814,2.146000000000002
15815,1.9480000000000015
15816,1.754000000000002
15817,2.146000000000002
15818,2.0470000000000024
15819,2.0510000000000015
15820,2.1600000000000024
15821,1.8310000000000024
15822,2.354000000000002
15823,2.2430000000000017
15824,1.7460000000000016
15825,1.8350000000000029
15826,2.1560000000000015
15827,2.1500000000000017
15828,2.059000000000002
15829,2.144000000000002
15830,2.051000000000002
15831,1.8550000000000009
15832,2.2650000000000015
15833,2.0530000000000013
15834,1.8550000000000009
15835,2.152000000000002
15836,2.0590000000000015
15837,2.160000000000001
15838,2.055000000000002
15839,2.158000000000001
15840,2.447000000000002
15841,1.8370000000000026
15842,1.9540000000000015
15843,2.269000000000002
15844,2.5620000000000016
15845,1.9500000000000022
15846,1.9500000000000015
15847,1.9460000000000022
15848,2.2430000000000025
15849,1.9420000000000022
15850,1.9660000000000009
15851,2.3560000000000016
15852,1.9380000000000017
15853,1.9580000000000017
15854,2.2430000000000017
15855,2.148000000000002
15856,2.0410000000000026
15857,2.134000000000002
15858,2.350000000000002
15859,2.3680000000000008
15860,1.8470000000000022
15861,2.146000000000002
15862,2.0550000000000015
15863,1.839000000000002
15864,2.360000000000002
15865,2.2510000000000012
15866,1.9380000000000024
15867,1.847000000000002
15868,1.9400000000000017
15869,1.841000000000001
15870,2.1420000000000017
15871,1.9440000000000024
15872,1.9620000000000013
15873,1.8450000000000022
15874,2.053000000000002
15875,2.265000000000002
15876,1.8490000000000024
15877,2.0430000000000015
15878,2.0510000000000024
15879,2.0410000000000017
15880,1.940000000000002
15881,2.0450000000000017
15882,2.156000000000001
15883,2.049000000000002
15884,2.166000000000001
15885,2.1520000000000024
15886,1.8430000000000015
15887,2.148000000000002
15888,1.9500000000000017
15889,2.352000000000002
15890,2.0590000000000015
15891,1.9580000000000013
15892,2.146000000000002
15893,2.0550000000000015
15894,1.6350000000000022
15895,2.3420000000000023
15896,2.251000000000002
15897,2.0590000000000015
15898,1.8330000000000026
15899,1.9440000000000024
15900,2.051000000000002
15901,2.0530000000000017
15902,1.9400000000000022
15903,2.2670000000000017
15904,2.144000000000002
15905,2.0470000000000024
15906,1.7400000000000018
15907,2.0590000000000015
15908,2.1540000000000017
15909,1.869000000000001
15910,1.946000000000002
15911,2.144000000000002
15912,2.257000000000001
15913,1.9560000000000022
15914,2.160000000000001
15915,2.043000000000001
15916,2.2590000000000017
15917,2.0610000000000013
15918,2.2550000000000012
15919,2.2550000000000017
15920,2.0470000000000015
15921,2.1560000000000015
15922,2.2530000000000023
15923,2.148000000000002
15924,2.2530000000000014
15925,1.746000000000001
15926,1.8470000000000022
15927,1.9520000000000024
15928,1.8470000000000013
15929,2.0510000000000015
15930,2.162000000000002
15931,2.245000000000002
15932,2.1520000000000015
15933,1.9480000000000013
15934,2.148000000000002
15935,1.6510000000000022
15936,1.8610000000000013
15937,1.7320000000000015
15938,2.051000000000002
15939,2.051000000000001
15940,1.8350000000000022
15941,1.9520000000000022
15942,1.861000000000002
15943,1.9460000000000022
15944,2.045000000000002
15945,1.9400000000000022
15946,2.0570000000000017
15947,1.940000000000002
15948,2.1540000000000017
15949,1.7440000000000018
15950,2.041000000000002
15951,1.9340000000000024
15952,2.156000000000002
15953,1.9460000000000008
15954,2.0530000000000017
15955,2.170000000000001
15956,1.944000000000002
15957,2.4470000000000023
15958,2.150000000000002
15959,1.940000000000002
15960,2.146000000000002
15961,2.3540000000000014
15962,2.0610000000000013
15963,1.8610000000000015
15964,2.1680000000000015
15965,1.7420000000000015
15966,1.944000000000002
15967,2.2550000000000012
15968,2.039000000000002
15969,1.9420000000000013
15970,2.2570000000000014
15971,2.2650000000000015
15972,1.8470000000000015
15973,2.0570000000000013
15974,1.944000000000002
15975,1.8550000000000018
15976,1.8450000000000022
15977,2.049000000000003
15978,1.7400000000000027
15979,2.049000000000002
15980,1.6410000000000016
15981,1.9420000000000028
15982,1.9360000000000022
15983,1.9480000000000015
15984,1.641000000000001
15985,1.845000000000002
15986,2.0610000000000017
15987,2.1580000000000017
15988,1.9360000000000017
15989,2.2410000000000023
15990,1.9420000000000022
15991,2.265000000000001
15992,1.9380000000000022
15993,2.043000000000002
15994,1.7440000000000018
15995,2.063000000000002
15996,2.1660000000000013
15997,2.251000000000002
15998,1.8530000000000009
15999,2.2510000000000017
16000,1.8550000000000006
16001,2.065000000000001
16002,1.9600000000000017
16003,1.966000000000001
16004,2.150000000000002
16005,1.9400000000000022
16006,1.7420000000000024
16007,1.859000000000002
16008,2.144000000000003
16009,2.0630000000000006
16010,1.952000000000002
16011,1.9600000000000009
16012,2.0470000000000024
16013,2.0510000000000024
16014,2.051000000000002
16015,2.0410000000000026
16016,2.144000000000002
16017,1.9500000000000017
16018,2.1520000000000015
16019,2.059000000000001
16020,1.7440000000000018
16021,2.1580000000000017
16022,2.063000000000001
16023,1.6510000000000005
16024,2.150000000000002
16025,1.8350000000000022
16026,1.940000000000002
16027,2.063000000000002
16028,2.0510000000000015
16029,1.9420000000000013
16030,1.9480000000000024
16031,2.0610000000000017
16032,2.160000000000002
16033,1.849000000000002
16034,2.053000000000002
16035,1.9440000000000017
16036,1.8430000000000017
16037,1.7440000000000009
16038,1.9580000000000006
16039,1.956000000000002
16040,1.7360000000000022
16041,2.2550000000000017
16042,2.1720000000000015
16043,2.051000000000002
16044,2.265000000000002
16045,2.1380000000000026
16046,1.9440000000000017
16047,2.148000000000002
16048,1.946000000000002
16049,2.1380000000000026
16050,1.9540000000000006
16051,1.8370000000000015
16052,1.956000000000002
16053,1.9480000000000017
16054,2.2590000000000012
16055,1.8410000000000013
16056,1.7540000000000018
16057,2.259000000000002
16058,2.0610000000000013
16059,2.045000000000002
16060,2.049000000000002
16061,1.9520000000000013
16062,1.8530000000000015
16063,1.8470000000000015
16064,1.9520000000000022
16065,2.059000000000001
16066,2.0670000000000006
16067,2.045000000000002
16068,2.041000000000002
16069,1.8430000000000022
16070,2.255000000000002
16071,2.1460000000000017
16072,1.841000000000002
16073,1.9340000000000028
16074,1.845000000000002
16075,1.9540000000000015
16076,2.360000000000002
16077,1.9500000000000022
16078,2.049000000000002
16079,2.0450000000000026
16080,1.847000000000002
16081,2.241000000000003
16082,2.0470000000000015
16083,2.2570000000000014
16084,1.8390000000000017
16085,2.2710000000000012
16086,1.952000000000002
16087,2.2550000000000017
16088,1.966000000000001
16089,2.0510000000000015
16090,1.7400000000000013
16091,1.750000000000002
16092,2.356000000000002
16093,1.7440000000000015
16094,2.039000000000002
16095,2.0530000000000017
16096,1.7460000000000013
16097,2.049000000000002
16098,1.8370000000000022
16099,2.257000000000001
16100,1.8410000000000017
16101,1.9460000000000017
16102,1.950000000000001
16103,1.9540000000000017
16104,2.1580000000000017
16105,2.253000000000002
16106,2.051000000000001
16107,1.8450000000000022
16108,2.1420000000000026
16109,1.8410000000000013
16110,2.0510000000000024
16111,2.0570000000000017
16112,1.7460000000000013
16113,2.3680000000000008
16114,2.0490000000000017
16115,1.9580000000000013
16116,2.170000000000001
16117,2.160000000000001
16118,2.0390000000000024
16119,2.1540000000000017
16120,2.2610000000000015
16121,2.154000000000002
16122,1.8530000000000013
16123,2.1620000000000017
16124,1.9480000000000013
16125,2.160000000000002
16126,2.1420000000000017
16127,1.8450000000000022
16128,2.4670000000000014
16129,2.269000000000001
16130,2.3660000000000005
16131,1.950000000000002
16132,2.457000000000002
16133,2.471000000000001
16134,1.847000000000002
16135,2.0490000000000017
16136,2.0610000000000013
16137,2.2670000000000017
16138,2.0610000000000017
16139,1.9420000000000022
16140,2.0590000000000015
16141,1.849000000000001
16142,1.7340000000000015
16143,1.837000000000002
16144,2.0470000000000024
16145,1.956000000000002
16146,2.146000000000002
16147,2.352000000000002
16148,1.6490000000000011
16149,1.936000000000002
16150,1.849000000000001
16151,1.746000000000002
16152,2.047000000000002
16153,2.437000000000002
16154,2.2430000000000017
16155,2.1360000000000023
16156,2.045000000000002
16157,2.156000000000001
16158,1.8450000000000017
16159,2.556000000000002
16160,1.7380000000000027
16161,2.0470000000000024
16162,2.245000000000002
16163,2.0530000000000013
16164,2.045000000000002
16165,2.059000000000002
16166,2.552000000000002
16167,2.251000000000002
16168,2.1560000000000015
16169,2.039000000000003
16170,2.257000000000001
16171,2.1520000000000006
16172,1.9520000000000022
16173,2.2430000000000025
16174,2.0510000000000024
16175,2.0390000000000024
16176,2.661000000000002
16177,2.1620000000000013
16178,2.047000000000002
16179,2.247000000000002
16180,2.0530000000000017
16181,1.9520000000000013
16182,1.8470000000000015
16183,2.2610000000000015
16184,1.7400000000000022
16185,2.073000000000001
16186,2.1500000000000017
16187,2.3580000000000014
16188,2.146000000000002
16189,1.9420000000000024
16190,1.8430000000000022
16191,1.946000000000002
16192,1.7380000000000022
16193,1.8450000000000022
16194,2.1360000000000023
16195,1.9480000000000013
16196,2.045000000000002
16197,2.055000000000002
16198,2.1540000000000017
16199,1.8450000000000017
16200,2.043000000000002
16201,2.0550000000000015
16202,1.9520000000000013
16203,1.633000000000002
16204,2.0510000000000024
16205,2.051000000000002
16206,1.837000000000002
16207,2.1620000000000013
16208,1.7480000000000018
16209,1.8490000000000015
16210,2.0450000000000017
16211,2.251000000000002
16212,1.845000000000001
16213,2.1600000000000015
16214,1.8510000000000018
16215,2.354000000000002
16216,1.8350000000000026
16217,2.041000000000002
16218,2.2430000000000025
16219,1.8510000000000018
16220,2.1620000000000013
16221,1.754000000000001
16222,1.7520000000000018
16223,1.7440000000000015
16224,2.447000000000002
16225,2.156000000000002
16226,1.8450000000000022
16227,2.061000000000001
16228,2.247000000000002
16229,2.1460000000000017
16230,1.9560000000000013
16231,2.0610000000000017
16232,1.9620000000000015
16233,2.059000000000001
16234,2.0490000000000013
16235,1.9500000000000017
16236,2.1660000000000013
16237,1.8490000000000009
16238,2.2530000000000014
16239,1.6450000000000018
16240,1.960000000000001
16241,2.166000000000001
16242,2.045000000000002
16243,2.3500000000000014
16244,2.0530000000000017
16245,2.1540000000000017
16246,2.352000000000002
16247,2.045000000000002
16248,1.645000000000002
16249,1.9520000000000022
16250,2.043000000000002
16251,1.855000000000001
16252,1.865000000000001
16253,1.7380000000000022
16254,2.051000000000002
16255,1.8350000000000022
16256,2.2550000000000012
16257,1.948000000000001
16258,2.2590000000000017
16259,1.9520000000000024
16260,1.7280000000000018
16261,2.039000000000002
16262,1.9460000000000017
16263,2.1460000000000012
16264,1.7460000000000016
16265,1.8490000000000015
16266,2.1540000000000017
16267,1.7420000000000018
16268,1.8490000000000015
16269,1.944000000000002
16270,2.0390000000000024
16271,1.9640000000000013
16272,1.9540000000000026
16273,1.9400000000000022
16274,1.7300000000000013
16275,1.845000000000002
16276,1.7400000000000018
16277,1.8470000000000006
16278,2.0470000000000015
16279,1.7380000000000015
16280,2.358000000000001
16281,2.2630000000000017
16282,2.2490000000000014
16283,1.7500000000000018
16284,2.0490000000000013
16285,1.8430000000000026
16286,1.7500000000000018
16287,2.2710000000000012
16288,2.053000000000002
16289,2.049000000000002
16290,1.9500000000000017
16291,1.746000000000002
16292,2.055000000000002
16293,1.962000000000001
16294,1.855000000000001
16295,1.847000000000002
16296,2.0610000000000013
16297,1.8470000000000013
16298,2.3420000000000027
16299,2.5600000000000023
16300,2.1580000000000013
16301,2.164000000000001
16302,1.7420000000000018
16303,1.9420000000000022
16304,1.8430000000000017
16305,2.2470000000000026
16306,2.1460000000000026
16307,1.942000000000002
16308,2.144000000000002
16309,2.374000000000001
16310,2.0570000000000004
16311,1.9480000000000022
16312,1.839000000000002
16313,1.9520000000000015
16314,1.8470000000000013
16315,2.047000000000002
16316,2.0510000000000024
16317,2.1460000000000017
16318,2.0570000000000013
16319,2.1540000000000017
16320,1.9440000000000024
16321,2.1580000000000013
16322,2.160000000000002
16323,2.1580000000000013
16324,2.255000000000002
16325,1.8430000000000029
16326,2.3540000000000023
16327,2.053000000000001
16328,1.9580000000000022
16329,1.9520000000000022
16330,2.2710000000000012
16331,1.9560000000000013
16332,2.1560000000000015
16333,1.746000000000001
16334,2.049000000000002
16335,2.2550000000000017
16336,1.9500000000000017
16337,2.1400000000000023
16338,2.0510000000000015
16339,2.0610000000000017
16340,1.857000000000002
16341,1.9560000000000008
16342,2.0570000000000017
16343,2.053000000000001
16344,1.9400000000000026
16345,2.2430000000000017
16346,1.9320000000000022
16347,1.7540000000000016
16348,2.0510000000000015
16349,2.1360000000000023
16350,1.7380000000000015
16351,2.4550000000000023
16352,2.0510000000000015
16353,1.8350000000000022
16354,2.1580000000000017
16355,1.847000000000002
16356,2.1620000000000017
16357,2.0570000000000017
16358,1.9380000000000017
16359,2.0450000000000026
16360,1.849000000000002
16361,1.6450000000000014
16362,2.2710000000000004
16363,1.9540000000000013
16364,1.7300000000000026
16365,2.4490000000000016
16366,1.8450000000000017
16367,1.9460000000000022
16368,2.2530000000000014
16369,2.0570000000000013
16370,2.055000000000001
16371,2.045000000000002
16372,1.8390000000000017
16373,2.0530000000000013
16374,2.2590000000000017
16375,2.0490000000000017
16376,2.247000000000002
16377,2.2530000000000014
16378,1.6450000000000018
16379,1.6430000000000025
16380,2.253000000000002
16381,2.1520000000000015
16382,1.9340000000000024
16383,2.0410000000000026
16384,2.0370000000000017
16385,1.8550000000000013
16386,1.750000000000002
16387,1.9460000000000024
16388,1.9420000000000024
16389,1.938000000000003
16390,1.8390000000000024
16391,1.9400000000000022
16392,1.6390000000000022
16393,2.148000000000002
16394,2.3660000000000014
16395,2.461000000000002
16396,1.847000000000001
16397,1.8450000000000017
16398,2.346000000000002
16399,1.9380000000000024
16400,1.8590000000000015
16401,2.0570000000000013
16402,1.9500000000000022
16403,2.1540000000000017
16404,2.245000000000002
16405,1.9460000000000017
16406,1.9500000000000022
16407,1.8550000000000018
16408,2.2590000000000012
16409,2.1560000000000015
16410,2.249000000000002
16411,2.253000000000002
16412,1.7560000000000013
16413,1.859000000000001
16414,1.9660000000000009
16415,2.055000000000002
16416,1.9560000000000022
16417,1.5520000000000016
16418,2.255000000000002
16419,2.253000000000002
16420,2.059000000000002
16421,1.8550000000000013
16422,2.162000000000001
16423,2.0550000000000015
16424,2.063000000000001
16425,2.255000000000002
16426,2.0650000000000017
16427,2.154000000000001
16428,1.8390000000000024
16429,2.441000000000002
16430,1.9480000000000022
16431,1.9460000000000024
16432,2.1520000000000015
16433,2.156000000000002
16434,1.8370000000000022
16435,2.3520000000000016
16436,2.2470000000000026
16437,1.8470000000000015
16438,2.1500000000000012
16439,2.0530000000000017
16440,1.9540000000000006
16441,1.9480000000000013
16442,1.942000000000002
16443,2.047000000000002
16444,2.055000000000002
16445,2.457000000000002
16446,2.0510000000000015
16447,1.8410000000000017
16448,1.9600000000000015
16449,2.1480000000000015
16450,1.639000000000002
16451,2.059000000000002
16452,2.271000000000001
16453,2.144000000000003
16454,2.2410000000000023
16455,1.9480000000000024
16456,2.0670000000000006
16457,1.954000000000002
16458,1.7420000000000024
16459,2.1480000000000015
16460,2.1480000000000015
16461,1.952000000000002
16462,1.8510000000000018
16463,1.734000000000002
16464,2.1500000000000012
16465,2.4430000000000023
16466,2.031000000000003
16467,2.0570000000000017
16468,2.0490000000000017
16469,2.059000000000001
16470,1.9440000000000017
16471,1.8390000000000024
16472,2.2590000000000012
16473,2.0490000000000017
16474,1.839000000000002
16475,1.9560000000000017
16476,1.950000000000002
16477,1.6390000000000018
16478,2.047000000000002
16479,1.9500000000000017
16480,2.2670000000000012
16481,2.041000000000002
16482,2.1580000000000017
16483,1.857000000000002
16484,1.9540000000000017
16485,2.1520000000000015
16486,2.1520000000000015
16487,2.043000000000002
16488,1.7520000000000018
16489,2.271000000000001
16490,1.9600000000000015
16491,2.045000000000002
16492,2.0530000000000017
16493,1.851000000000002
16494,2.1560000000000015
16495,1.7460000000000013
16496,2.148000000000002
16497,1.9420000000000015
16498,2.0450000000000017
16499,1.9580000000000013
16500,1.9660000000000017
16501,2.0490000000000017
16502,1.942000000000002
16503,2.1520000000000024
16504,2.1540000000000026
16505,2.0510000000000015
16506,2.2670000000000012
16507,1.740000000000001
16508,2.0530000000000017
16509,1.7380000000000022
16510,2.1520000000000015
16511,2.2590000000000017
16512,2.0610000000000017
16513,1.9420000000000024
16514,1.6430000000000018
16515,2.0670000000000015
16516,2.144000000000002
16517,2.1540000000000026
16518,2.2750000000000012
16519,2.0430000000000024
16520,1.7400000000000022
16521,2.0530000000000017
16522,2.0610000000000017
16523,2.3620000000000023
16524,2.247000000000002
16525,2.067000000000001
16526,1.6350000000000018
16527,2.0370000000000026
16528,2.560000000000001
16529,2.2570000000000014
16530,1.845000000000002
16531,1.7380000000000022
16532,2.364000000000001
16533,2.146000000000002
16534,2.548000000000002
16535,2.0490000000000013
16536,1.952000000000002
16537,2.2470000000000017
16538,2.2670000000000017
16539,2.0510000000000024
16540,2.0470000000000024
16541,2.0530000000000017
16542,1.841000000000002
16543,2.2450000000000023
16544,1.9460000000000013
16545,2.469000000000001
16546,1.9480000000000015
16547,2.0610000000000013
16548,2.1540000000000017
16549,2.043000000000002
16550,2.0550000000000015
16551,1.645000000000002
16552,2.3620000000000014
16553,1.8470000000000022
16554,1.9460000000000017
16555,2.144000000000002
16556,1.845000000000002
16557,2.255000000000002
16558,2.3520000000000025
16559,2.0470000000000024
16560,1.7380000000000015
16561,2.152000000000001
16562,1.7420000000000013
16563,2.0510000000000015
16564,1.8390000000000026
16565,2.061000000000001
16566,2.0450000000000013
16567,1.847000000000002
16568,1.9480000000000017
16569,2.1580000000000017
16570,2.0470000000000024
16571,2.0550000000000015
16572,2.253000000000002
16573,1.8550000000000013
16574,2.0510000000000024
16575,1.744000000000002
16576,1.8470000000000015
16577,2.150000000000002
16578,2.041000000000002
16579,2.055000000000002
16580,2.3420000000000023
16581,1.6470000000000025
16582,2.0590000000000015
16583,2.346000000000002
16584,2.0470000000000024
16585,2.2490000000000014
16586,1.7420000000000018
16587,2.150000000000002
16588,2.3660000000000014
16589,2.1660000000000017
16590,1.8530000000000015
16591,2.1360000000000023
16592,1.9420000000000022
16593,1.8350000000000017
16594,2.4710000000000014
16595,2.1540000000000012
16596,2.168000000000001
16597,2.045000000000002
16598,2.059000000000002
16599,1.9480000000000017
16600,1.6510000000000022
16601,2.0550000000000015
16602,2.0490000000000017
16603,2.0510000000000015
16604,1.8350000000000022
16605,2.0490000000000013
16606,1.9420000000000022
16607,2.2470000000000017
16608,2.1400000000000015
16609,2.1580000000000013
16610,2.1540000000000017
16611,2.055000000000001
16612,2.1520000000000015
16613,2.0410000000000013
16614,2.366000000000001
16615,1.9340000000000024
16616,2.162000000000001
16617,1.9500000000000015
16618,2.1500000000000012
16619,1.750000000000002
16620,1.9440000000000015
16621,2.053000000000002
16622,1.9420000000000022
16623,2.148000000000002
16624,2.077000000000001
16625,1.635000000000002
16626,1.9440000000000015
16627,2.148000000000002
16628,1.956000000000002
16629,2.063000000000001
16630,1.9400000000000015
16631,1.9540000000000008
16632,2.1580000000000013
16633,1.9560000000000017
16634,2.2570000000000014
16635,1.7400000000000022
16636,2.255000000000002
16637,1.8290000000000017
16638,1.946000000000002
16639,1.8530000000000015
16640,2.150000000000002
16641,2.047000000000002
16642,2.156000000000001
16643,2.257000000000002
16644,1.9520000000000024
16645,1.845000000000002
16646,2.3560000000000016
16647,2.156000000000001
16648,2.0490000000000017
16649,1.8450000000000017
16650,1.9400000000000022
16651,1.9460000000000017
16652,2.148000000000002
16653,2.043000000000002
16654,2.051000000000002
16655,2.059000000000001
16656,2.0510000000000024
16657,1.9620000000000013
16658,2.063000000000001
16659,1.740000000000002
16660,2.3600000000000017
16661,2.0690000000000013
16662,1.9560000000000024
16663,1.954000000000002
16664,2.039000000000002
16665,1.9480000000000017
16666,2.0410000000000017
16667,2.047000000000002
16668,2.0570000000000017
16669,2.146000000000002
16670,2.1420000000000035
16671,1.9480000000000015
16672,2.047000000000002
16673,2.160000000000002
16674,1.6510000000000016
16675,1.8570000000000015
16676,2.049000000000001
16677,2.0610000000000013
16678,2.1700000000000013
16679,1.845000000000002
16680,2.1580000000000013
16681,1.7500000000000018
16682,1.8430000000000017
16683,2.0430000000000015
16684,1.8330000000000024
16685,2.0670000000000015
16686,1.948000000000001
16687,2.041000000000002
16688,1.942000000000002
16689,1.9560000000000017
16690,2.1440000000000023
16691,2.1580000000000017
16692,1.9460000000000017
16693,1.9460000000000024
16694,1.645000000000002
16695,2.354000000000002
16696,1.9500000000000017
16697,2.3580000000000014
16698,1.8470000000000015
16699,2.265000000000001
16700,1.7500000000000018
16701,2.0570000000000013
16702,2.0430000000000024
16703,1.9500000000000026
16704,2.0390000000000024
16705,1.950000000000002
16706,1.9540000000000017
16707,1.6430000000000018
16708,2.0570000000000013
16709,2.152000000000002
16710,2.358000000000002
16711,1.962000000000002
16712,2.1460000000000017
16713,1.9420000000000024
16714,2.049000000000002
16715,2.1580000000000017
16716,1.9480000000000013
16717,1.7460000000000013
16718,2.251000000000002
16719,1.845000000000002
16720,2.2630000000000017
16721,2.2570000000000014
16722,1.9560000000000017
16723,1.639000000000002
16724,1.734000000000002
16725,2.162000000000001
16726,1.946000000000002
16727,2.045000000000002
16728,1.8530000000000022
16729,2.2490000000000023
16730,2.0550000000000015
16731,2.0490000000000017
16732,2.0470000000000015
16733,1.9560000000000013
16734,1.8510000000000013
16735,2.350000000000002
16736,2.1580000000000017
16737,1.8350000000000022
16738,2.1460000000000017
16739,1.8430000000000022
16740,1.8530000000000015
16741,2.059000000000001
16742,2.138000000000002
16743,1.7500000000000018
16744,2.2630000000000012
16745,2.049000000000002
16746,1.7280000000000018
16747,1.9440000000000026
16748,1.9480000000000017
16749,1.9480000000000015
16750,2.0610000000000017
16751,1.7440000000000018
16752,1.744000000000002
16753,1.950000000000002
16754,1.8490000000000009
16755,2.043000000000002
16756,2.0510000000000015
16757,2.0470000000000015
16758,2.3540000000000023
16759,2.1520000000000015
16760,2.1520000000000015
16761,2.0570000000000017
16762,2.360000000000001
16763,2.1520000000000015
16764,1.960000000000001
16765,2.1460000000000017
16766,2.0450000000000013
16767,2.3480000000000016
16768,1.9340000000000024
16769,2.168000000000001
16770,2.0570000000000017
16771,2.1500000000000017
16772,2.257000000000002
16773,2.0490000000000013
16774,2.0430000000000015
16775,1.6470000000000022
16776,1.7420000000000015
16777,2.253000000000002
16778,1.839000000000002
16779,2.055000000000002
16780,2.461000000000002
16781,1.8330000000000024
16782,1.9500000000000017
16783,2.0550000000000024
16784,2.0470000000000024
16785,1.8470000000000015
16786,2.1460000000000017
16787,1.6410000000000016
16788,2.154000000000001
16789,2.0510000000000015
16790,2.1380000000000026
16791,2.3760000000000012
16792,1.841000000000002
16793,2.253000000000002
16794,1.9600000000000015
16795,2.049000000000002
16796,2.043000000000003
16797,2.1520000000000024
16798,1.841000000000002
16799,1.9580000000000015
16800,2.1560000000000015
16801,1.8430000000000015
16802,2.047000000000002
16803,2.043000000000002
16804,2.0610000000000013
16805,2.041000000000002
16806,2.455000000000002
16807,1.7480000000000016
16808,2.055000000000001
16809,1.8390000000000013
16810,2.1600000000000015
16811,2.0510000000000006
16812,1.8430000000000015
16813,2.0470000000000024
16814,2.0570000000000013
16815,2.0530000000000026
16816,1.8470000000000022
16817,2.144000000000002
16818,2.1500000000000012
16819,1.956000000000002
16820,1.8430000000000017
16821,1.7480000000000016
16822,2.4470000000000014
16823,2.0510000000000024
16824,2.067000000000001
16825,2.0510000000000015
16826,2.1580000000000017
16827,1.9580000000000017
16828,2.144000000000002
16829,2.045000000000002
16830,2.1380000000000026
16831,1.8310000000000028
16832,2.0550000000000015
16833,2.1480000000000024
16834,2.150000000000002
16835,1.9540000000000008
16836,1.956000000000002
16837,1.9340000000000033
16838,2.2510000000000012
16839,2.041000000000002
16840,2.0450000000000026
16841,2.0570000000000013
16842,1.849000000000001
16843,2.2430000000000025
16844,1.855000000000001
16845,2.041000000000002
16846,2.154000000000002
16847,1.9660000000000009
16848,1.845000000000001
16849,2.2570000000000014
16850,2.1500000000000012
16851,2.142000000000002
16852,1.8510000000000013
16853,2.0590000000000015
16854,1.9580000000000024
16855,1.8430000000000017
16856,2.1480000000000015
16857,1.8370000000000024
16858,2.0530000000000017
16859,2.257000000000002
16860,2.0690000000000013
16861,2.0390000000000024
16862,1.8350000000000026
16863,2.2570000000000014
16864,2.2510000000000012
16865,1.7440000000000018
16866,1.976000000000001
16867,2.352000000000002
16868,1.9480000000000017
16869,1.7380000000000029
16870,1.946000000000001
16871,2.4550000000000014
16872,2.045000000000002
16873,2.043000000000002
16874,1.851000000000001
16875,1.8530000000000009
16876,1.946000000000001
16877,2.4630000000000014
16878,1.9440000000000015
16879,1.6350000000000022
16880,1.9460000000000024
16881,2.0470000000000024
16882,2.344000000000002
16883,1.7400000000000022
16884,1.9560000000000013
16885,1.8350000000000022
16886,2.0510000000000024
16887,1.8530000000000018
16888,2.0430000000000015
16889,1.4390000000000027
16890,2.1620000000000017
16891,2.1520000000000024
16892,1.8490000000000026
16893,2.152000000000002
16894,2.156000000000001
16895,2.0490000000000013
16896,2.1580000000000017
16897,1.5300000000000022
16898,1.9440000000000015
16899,1.9520000000000022
16900,2.1420000000000017
16901,2.356000000000001
16902,2.1520000000000015
16903,2.1560000000000024
16904,2.158000000000001
16905,1.7580000000000013
16906,2.257000000000002
16907,2.059000000000002
16908,1.7500000000000022
16909,2.1480000000000024
16910,2.047000000000002
16911,2.045000000000002
16912,1.9400000000000017
16913,2.162000000000001
16914,2.1540000000000017
16915,1.744000000000002
16916,2.0650000000000013
16917,1.946000000000002
16918,1.841000000000002
16919,1.8430000000000017
16920,2.0470000000000024
16921,2.0510000000000015
16922,1.5420000000000016
16923,2.059000000000002
16924,2.160000000000001
16925,2.2630000000000017
16926,1.9480000000000022
16927,2.057000000000001
16928,1.8350000000000029
16929,1.9440000000000017
16930,1.9500000000000017
16931,2.3620000000000014
16932,2.039000000000002
16933,1.8390000000000017
16934,2.548000000000002
16935,1.750000000000001
16936,2.1600000000000024
16937,1.8530000000000015
16938,2.0570000000000017
16939,1.8330000000000026
16940,1.9540000000000013
16941,2.069000000000001
16942,1.9360000000000026
16943,1.9480000000000024
16944,1.8590000000000015
16945,2.249000000000002
16946,2.249000000000002
16947,1.9420000000000022
16948,1.7440000000000018
16949,2.1540000000000017
16950,1.9400000000000022
16951,2.0470000000000024
16952,2.0450000000000017
16953,1.9420000000000015
16954,2.1720000000000015
16955,2.352000000000002
16956,2.0570000000000017
16957,2.1620000000000013
16958,2.0550000000000015
16959,2.2590000000000012
16960,1.970000000000001
16961,1.8470000000000015
16962,2.558000000000001
16963,2.2430000000000025
16964,1.7400000000000022
16965,2.4670000000000014
16966,2.0530000000000013
16967,1.6430000000000018
16968,2.1460000000000026
16969,1.6430000000000025
16970,2.049000000000002
16971,2.576
16972,2.3440000000000025
16973,2.0610000000000013
16974,2.0490000000000017
16975,1.8530000000000018
16976,1.7300000000000018
16977,1.9480000000000022
16978,2.178000000000001
16979,1.7340000000000027
16980,1.9660000000000017
16981,1.9500000000000017
16982,2.037000000000002
16983,1.8450000000000026
16984,2.0490000000000017
16985,1.954000000000002
16986,2.2630000000000017
16987,2.053000000000002
16988,2.1420000000000017
16989,2.150000000000002
16990,2.2690000000000015
16991,1.7460000000000022
16992,2.065000000000001
16993,2.043000000000002
16994,2.039000000000003
16995,2.0550000000000024
16996,1.6490000000000016
16997,2.2470000000000017
16998,2.370000000000002
16999,1.946000000000002
17000,1.6530000000000018
17001,1.8390000000000026
17002,2.0450000000000026
17003,1.950000000000002
17004,2.1460000000000017
17005,1.9480000000000017
17006,2.049000000000002
17007,1.8410000000000022
17008,1.962000000000001
17009,1.8390000000000026
17010,2.049000000000002
17011,1.9520000000000013
17012,1.8390000000000017
17013,1.9520000000000022
17014,2.037000000000002
17015,2.063000000000002
17016,1.9520000000000015
17017,1.641000000000002
17018,2.144000000000001
17019,1.6490000000000022
17020,2.055000000000001
17021,1.9540000000000013
17022,2.1560000000000015
17023,2.2530000000000014
17024,1.9480000000000015
17025,2.2390000000000025
17026,1.9440000000000026
17027,2.251000000000002
17028,1.9500000000000017
17029,2.043000000000002
17030,2.1560000000000015
17031,1.960000000000001
17032,2.150000000000002
17033,1.9460000000000024
17034,2.1440000000000023
17035,1.9400000000000026
17036,2.1500000000000012
17037,2.148000000000002
17038,2.245000000000002
17039,1.8490000000000015
17040,1.9380000000000015
17041,2.0490000000000013
17042,2.051000000000002
17043,2.0710000000000015
17044,1.9640000000000017
17045,2.1540000000000017
17046,2.148000000000002
17047,2.1540000000000017
17048,1.6330000000000018
17049,2.1520000000000015
17050,1.8430000000000024
17051,1.9480000000000015
17052,2.0450000000000017
17053,1.851000000000002
17054,2.055000000000002
17055,1.950000000000002
17056,2.2670000000000017
17057,1.9400000000000017
17058,2.1500000000000026
17059,2.0650000000000013
17060,1.9440000000000017
17061,1.8510000000000013
17062,1.9420000000000015
17063,1.7540000000000016
17064,1.9500000000000022
17065,1.956000000000002
17066,1.8430000000000022
17067,1.847000000000002
17068,1.9620000000000013
17069,1.8570000000000015
17070,2.142000000000002
17071,2.1560000000000024
17072,2.1620000000000017
17073,1.9680000000000013
17074,1.9540000000000017
17075,2.3500000000000023
17076,2.251000000000002
17077,2.144000000000002
17078,1.958000000000001
17079,2.3760000000000012
17080,1.8350000000000029
17081,1.9540000000000017
17082,2.1500000000000017
17083,1.952000000000001
17084,2.0550000000000024
17085,1.8530000000000006
17086,2.253000000000002
17087,2.047000000000002
17088,2.047000000000002
17089,1.8450000000000015
17090,2.247000000000002
17091,1.9520000000000022
17092,2.150000000000002
17093,1.948000000000001
17094,2.3500000000000023
17095,2.0470000000000024
17096,1.9460000000000017
17097,1.9500000000000017
17098,2.0430000000000015
17099,1.9440000000000017
17100,1.9440000000000024
17101,2.2550000000000012
17102,2.045000000000002
17103,2.059000000000002
17104,2.043000000000002
17105,2.0390000000000015
17106,2.1460000000000026
17107,2.047000000000002
17108,1.8450000000000017
17109,2.152000000000002
17110,2.148000000000002
17111,2.362000000000001
17112,2.4430000000000023
17113,2.0650000000000013
17114,2.1660000000000013
17115,1.6350000000000018
17116,1.9460000000000022
17117,1.9460000000000017
17118,2.1540000000000017
17119,2.360000000000002
17120,2.146000000000002
17121,2.0530000000000026
17122,2.376000000000001
17123,2.1540000000000017
17124,2.148000000000003
17125,2.2490000000000023
17126,2.051000000000001
17127,2.251000000000002
17128,2.0550000000000015
17129,2.2550000000000017
17130,2.1500000000000012
17131,1.8630000000000007
17132,1.970000000000001
17133,1.950000000000001
17134,2.2590000000000012
17135,2.2530000000000014
17136,1.9560000000000013
17137,2.1420000000000017
17138,2.0550000000000015
17139,1.946000000000002
17140,2.1620000000000013
17141,2.0550000000000015
17142,1.956000000000002
17143,2.1500000000000026
17144,2.059000000000001
17145,1.952000000000002
17146,1.8450000000000017
17147,2.146000000000002
17148,1.6570000000000005
17149,1.847000000000002
17150,2.1500000000000017
17151,1.845000000000002
17152,1.9360000000000013
17153,2.1600000000000024
17154,2.1400000000000023
17155,2.2570000000000014
17156,2.3600000000000017
17157,2.041000000000002
17158,1.8450000000000026
17159,2.0470000000000024
17160,2.047000000000002
17161,1.950000000000002
17162,1.8590000000000015
17163,1.855000000000002
17164,2.2530000000000014
17165,1.7460000000000016
17166,2.152000000000002
17167,1.7420000000000018
17168,2.2630000000000017
17169,2.0550000000000015
17170,2.160000000000001
17171,2.0390000000000024
17172,2.1580000000000017
17173,1.855000000000001
17174,1.9580000000000013
17175,2.1560000000000015
17176,2.1560000000000015
17177,2.3520000000000016
17178,2.043000000000002
17179,2.2530000000000014
17180,1.845000000000002
17181,1.8530000000000018
17182,2.055000000000001
17183,1.6370000000000022
17184,2.158000000000001
17185,2.372000000000001
17186,2.261000000000001
17187,2.063000000000002
17188,2.2510000000000017
17189,2.045000000000002
17190,1.9540000000000017
17191,2.1600000000000015
17192,2.3640000000000008
17193,2.152000000000002
17194,1.736000000000002
17195,2.0390000000000015
17196,2.0490000000000013
17197,2.053000000000002
17198,2.0450000000000013
17199,1.6330000000000016
17200,1.9440000000000024
17201,2.358000000000002
17202,1.837000000000002
17203,1.952000000000002
17204,2.049000000000002
17205,2.1680000000000015
17206,1.9360000000000022
17207,2.045000000000002
17208,1.8490000000000015
17209,2.0550000000000024
17210,2.356000000000002
17211,2.356000000000002
17212,2.0550000000000015
17213,2.1420000000000017
17214,2.1500000000000017
17215,2.045000000000002
17216,1.645000000000001
17217,1.9580000000000013
17218,2.562000000000001
17219,2.0510000000000015
17220,2.0490000000000013
17221,2.249000000000002
17222,2.4630000000000014
17223,1.7520000000000018
17224,2.138000000000002
17225,1.7380000000000022
17226,2.560000000000002
17227,1.940000000000002
17228,2.5540000000000016
17229,1.8510000000000018
17230,2.0610000000000013
17231,2.3660000000000014
17232,1.8510000000000018
17233,2.253000000000002
17234,2.2530000000000014
17235,2.255000000000002
17236,2.2550000000000012
17237,1.9440000000000017
17238,1.861000000000001
17239,2.138000000000002
17240,2.1620000000000013
17241,1.8530000000000026
17242,1.9580000000000013
17243,2.041000000000002
17244,2.144000000000002
17245,1.9640000000000013
17246,1.9380000000000026
17247,2.0470000000000024
17248,1.7460000000000024
17249,2.1500000000000017
17250,1.8550000000000018
17251,2.1540000000000017
17252,1.841000000000002
17253,1.9460000000000017
17254,1.954000000000002
17255,1.946000000000002
17256,2.1560000000000015
17257,1.8570000000000015
17258,2.0570000000000017
17259,1.4410000000000016
17260,1.8470000000000015
17261,1.9420000000000015
17262,1.9500000000000015
17263,2.164000000000001
17264,1.9360000000000022
17265,2.2570000000000014
17266,1.8550000000000018
17267,2.1420000000000026
17268,2.2630000000000017
17269,2.247000000000002
17270,2.1580000000000013
17271,1.9540000000000017
17272,2.047000000000002
17273,1.8390000000000024
17274,1.7540000000000016
17275,2.150000000000002
17276,2.045000000000002
17277,2.0510000000000024
17278,2.4530000000000016
17279,1.6490000000000011
17280,2.154000000000002
17281,1.9600000000000015
17282,2.3580000000000014
17283,2.0730000000000013
17284,1.8470000000000024
17285,1.9520000000000015
17286,1.8530000000000015
17287,2.350000000000002
17288,2.1520000000000015
17289,2.463000000000002
17290,1.8490000000000009
17291,1.7420000000000018
17292,2.3560000000000016
17293,2.150000000000002
17294,2.1460000000000026
17295,2.0470000000000024
17296,2.047000000000002
17297,1.950000000000002
17298,2.1440000000000023
17299,2.041000000000002
17300,2.0570000000000017
17301,2.0570000000000017
17302,2.1480000000000015
17303,2.2610000000000015
17304,2.0450000000000017
17305,2.043000000000002
17306,2.0430000000000024
17307,2.0550000000000015
17308,2.148000000000002
17309,1.7520000000000022
17310,1.950000000000001
17311,2.144000000000002
17312,1.8410000000000022
17313,2.1520000000000015
17314,1.8410000000000022
17315,1.855000000000001
17316,2.352000000000002
17317,1.9580000000000022
17318,2.065000000000001
17319,1.950000000000002
17320,2.2610000000000015
17321,1.8430000000000022
17322,1.736000000000002
17323,2.156000000000002
17324,1.9400000000000022
17325,2.152000000000002
17326,2.0490000000000013
17327,2.138000000000002
17328,1.8550000000000018
17329,2.055000000000002
17330,2.1400000000000023
17331,2.0330000000000026
17332,2.1440000000000015
17333,2.1620000000000017
17334,2.043000000000002
17335,2.146000000000002
17336,1.8290000000000024
17337,2.152000000000002
17338,2.0570000000000017
17339,1.9500000000000022
17340,1.9640000000000004
17341,1.841000000000002
17342,1.8530000000000024
17343,2.0610000000000017
17344,2.1400000000000023
17345,2.0510000000000024
17346,2.045000000000002
17347,2.0510000000000015
17348,1.7340000000000018
17349,2.043000000000002
17350,2.1480000000000024
17351,2.053000000000002
17352,1.643000000000002
17353,1.8430000000000017
17354,2.0470000000000015
17355,2.057000000000001
17356,2.0590000000000015
17357,1.9480000000000017
17358,1.9520000000000013
17359,1.8470000000000024
17360,2.340000000000002
17361,2.1600000000000015
17362,2.156000000000001
17363,2.148000000000001
17364,1.9540000000000017
17365,2.1520000000000015
17366,2.0470000000000024
17367,1.9580000000000015
17368,2.150000000000002
17369,1.9440000000000024
17370,2.146000000000002
17371,1.9540000000000015
17372,2.3660000000000023
17373,1.8390000000000026
17374,2.2550000000000012
17375,1.9440000000000017
17376,1.6290000000000022
17377,2.2550000000000017
17378,2.146000000000002
17379,2.059000000000001
17380,1.9500000000000017
17381,1.9380000000000024
17382,1.8410000000000022
17383,1.7440000000000018
17384,2.1540000000000012
17385,2.2530000000000014
17386,2.152000000000002
17387,1.9460000000000024
17388,2.1560000000000015
17389,2.2690000000000006
17390,2.1520000000000015
17391,2.0490000000000017
17392,2.166000000000001
17393,1.750000000000002
17394,1.956000000000002
17395,2.051000000000002
17396,2.0490000000000017
17397,2.257000000000002
17398,1.8450000000000017
17399,2.1620000000000013
17400,2.0630000000000015
17401,2.3500000000000023
17402,2.2630000000000017
17403,2.259000000000002
17404,2.350000000000002
17405,2.2510000000000017
17406,2.5520000000000014
17407,2.2550000000000017
17408,2.1580000000000017
17409,1.7400000000000029
17410,2.3580000000000023
17411,2.0510000000000015
17412,2.0510000000000015
17413,1.8530000000000009
17414,1.8390000000000029
17415,2.0510000000000015
17416,1.9580000000000006
17417,1.8390000000000024
17418,2.3480000000000016
17419,1.8470000000000022
17420,1.7440000000000018
17421,2.0550000000000015
17422,2.2470000000000017
17423,1.946000000000002
17424,1.9400000000000017
17425,1.944000000000002
17426,2.2630000000000017
17427,1.9540000000000013
17428,1.9440000000000015
17429,2.0510000000000024
17430,1.8430000000000022
17431,2.441000000000002
17432,1.7440000000000018
17433,2.1540000000000017
17434,1.9520000000000015
17435,1.946000000000002
17436,1.9380000000000017
17437,2.354000000000002
17438,1.940000000000002
17439,2.2510000000000017
17440,1.9380000000000026
17441,2.041000000000002
17442,1.9520000000000022
17443,2.3680000000000017
17444,1.8510000000000018
17445,2.356000000000002
17446,1.9520000000000022
17447,2.0670000000000015
17448,1.946000000000002
17449,2.051000000000002
17450,2.0450000000000017
17451,1.5420000000000023
17452,2.051000000000002
17453,2.0550000000000015
17454,1.9420000000000015
17455,2.039000000000002
17456,1.9620000000000013
17457,2.0570000000000026
17458,2.2550000000000012
17459,2.051000000000001
17460,2.0450000000000017
17461,1.9400000000000015
17462,1.7460000000000022
17463,2.140000000000002
17464,2.263000000000001
17465,1.8550000000000013
17466,2.162000000000002
17467,2.1460000000000017
17468,2.146000000000002
17469,2.045000000000002
17470,2.1360000000000032
17471,1.9480000000000017
17472,2.247000000000002
17473,1.9480000000000013
17474,2.160000000000002
17475,1.9400000000000026
17476,2.2310000000000025
17477,2.1580000000000017
17478,2.1580000000000017
17479,2.566000000000001
17480,1.9440000000000017
17481,2.354000000000002
17482,1.8450000000000017
17483,1.9580000000000015
17484,2.0470000000000015
17485,2.2550000000000017
17486,2.352000000000002
17487,2.1420000000000017
17488,1.9400000000000022
17489,2.1580000000000017
17490,2.0530000000000017
17491,2.0650000000000013
17492,1.9500000000000017
17493,2.0530000000000026
17494,1.8430000000000017
17495,1.8410000000000017
17496,2.049000000000002
17497,2.168000000000001
17498,2.1600000000000015
17499,1.9440000000000024
17500,2.2630000000000012
17501,1.8370000000000026
17502,1.7340000000000024
17503,1.9620000000000015
17504,1.740000000000002
17505,1.9460000000000022
17506,2.259000000000002
17507,2.2610000000000015
17508,2.2550000000000017
17509,2.2630000000000017
17510,2.148000000000002
17511,2.0570000000000017
17512,2.0510000000000015
17513,2.1380000000000026
17514,1.934000000000002
17515,2.045000000000002
17516,2.253000000000002
17517,1.8430000000000017
17518,2.0530000000000013
17519,2.0590000000000015
17520,2.051000000000002
17521,2.0650000000000013
17522,2.0550000000000015
17523,2.2670000000000012
17524,2.150000000000003
17525,1.9480000000000017
17526,1.8510000000000013
17527,1.952000000000002
17528,1.8530000000000009
17529,2.1600000000000015
17530,1.8430000000000022
17531,1.847000000000001
17532,2.136000000000002
17533,2.0570000000000017
17534,2.0530000000000013
17535,1.942000000000002
17536,2.1500000000000017
17537,2.0510000000000015
17538,2.0510000000000015
17539,1.9560000000000017
17540,2.160000000000002
17541,1.8470000000000015
17542,2.1700000000000004
17543,2.2590000000000017
17544,2.0570000000000017
17545,1.940000000000002
17546,1.8510000000000013
17547,2.158000000000002
17548,1.734000000000002
17549,2.352000000000002
17550,2.0430000000000024
17551,1.839000000000002
17552,1.9500000000000008
17553,1.9480000000000015
17554,1.9640000000000017
17555,2.366000000000001
17556,1.845000000000002
17557,2.142000000000002
17558,2.259000000000001
17559,2.0510000000000015
17560,2.1420000000000017
17561,1.9460000000000013
17562,1.855000000000002
17563,2.259000000000002
17564,1.8410000000000024
17565,1.9440000000000017
17566,2.045000000000002
17567,1.865000000000001
17568,1.960000000000002
17569,1.7420000000000018
17570,2.043000000000002
17571,1.6430000000000025
17572,2.049000000000002
17573,2.146000000000002
17574,1.942000000000002
17575,2.0570000000000017
17576,2.0450000000000017
17577,2.0490000000000017
17578,2.0490000000000017
17579,1.946000000000002
17580,2.356000000000002
17581,2.261000000000001
17582,1.9560000000000017
17583,2.0670000000000006
17584,2.0490000000000013
17585,2.1580000000000017
17586,2.0390000000000024
17587,1.940000000000002
17588,2.364000000000002
17589,2.140000000000002
17590,2.4650000000000016
17591,1.9440000000000015
17592,1.9540000000000017
17593,1.9420000000000022
17594,1.966000000000001
17595,1.8350000000000015
17596,2.041000000000002
17597,2.0530000000000017
17598,1.746000000000002
17599,2.3580000000000014
17600,2.1520000000000015
17601,2.152000000000002
17602,2.1480000000000024
17603,1.7380000000000015
17604,1.9420000000000022
17605,2.2810000000000006
17606,1.8550000000000018
17607,2.1560000000000015
17608,2.146000000000002
17609,1.8390000000000017
17610,1.9420000000000022
17611,1.546000000000002
17612,2.368000000000001
17613,1.9640000000000013
17614,1.7460000000000022
17615,2.152000000000002
17616,1.8330000000000024
17617,1.6450000000000025
17618,2.1540000000000017
17619,2.0490000000000017
17620,1.8530000000000015
17621,2.144000000000002
17622,1.9500000000000017
17623,2.154000000000001
17624,1.9540000000000013
17625,1.9540000000000008
17626,1.8510000000000018
17627,2.045000000000002
17628,1.8390000000000024
17629,2.164000000000001
17630,2.0650000000000017
17631,2.148000000000002
17632,2.358000000000002
17633,1.740000000000002
17634,2.1520000000000024
17635,2.0370000000000017
17636,2.144000000000003
17637,2.0530000000000017
17638,1.859000000000001
17639,1.9500000000000017
17640,2.041000000000002
17641,2.045000000000002
17642,1.8370000000000024
17643,2.255000000000002
17644,2.063000000000002
17645,2.0570000000000017
17646,2.1660000000000017
17647,2.0570000000000013
17648,2.2590000000000017
17649,1.9520000000000013
17650,1.9460000000000024
17651,2.045000000000002
17652,2.2630000000000017
17653,1.8430000000000015
17654,1.7420000000000018
17655,2.152000000000001
17656,2.051000000000002
17657,2.039000000000003
17658,1.746000000000002
17659,2.1520000000000024
17660,2.1620000000000013
17661,1.7380000000000018
17662,2.0610000000000013
17663,2.3540000000000014
17664,1.8290000000000024
17665,2.148000000000002
17666,2.2470000000000017
17667,2.2530000000000023
17668,1.8470000000000015
17669,2.156000000000002
17670,2.1620000000000017
17671,2.3460000000000023
17672,1.9380000000000024
17673,2.160000000000002
17674,1.849000000000002
17675,2.265000000000001
17676,1.8490000000000018
17677,2.0550000000000015
17678,2.051000000000001
17679,2.265000000000001
17680,2.1360000000000023
17681,2.148000000000002
17682,2.170000000000001
17683,2.077000000000001
17684,2.2610000000000015
17685,1.8510000000000013
17686,1.9380000000000024
17687,2.150000000000002
17688,2.150000000000002
17689,2.2650000000000015
17690,1.861000000000001
17691,2.041000000000002
17692,1.9520000000000022
17693,1.9380000000000022
17694,1.9480000000000017
17695,1.9520000000000022
17696,2.1580000000000013
17697,2.239000000000002
17698,1.734000000000002
17699,2.0510000000000015
17700,2.0510000000000024
17701,2.150000000000002
17702,1.8430000000000022
17703,2.148000000000002
17704,1.9360000000000026
17705,1.8430000000000017
17706,2.0610000000000017
17707,1.9480000000000022
17708,2.1620000000000017
17709,2.1420000000000026
17710,1.849000000000001
17711,2.558000000000001
17712,2.1520000000000015
17713,2.1560000000000015
17714,2.3460000000000023
17715,2.0510000000000024
17716,2.0470000000000015
17717,2.1480000000000015
17718,2.043000000000003
17719,1.9440000000000024
17720,2.2550000000000012
17721,1.841000000000002
17722,2.168000000000001
17723,2.134000000000002
17724,2.049000000000002
17725,1.9360000000000022
17726,1.8470000000000022
17727,2.065000000000002
17728,2.148000000000002
17729,2.0630000000000015
17730,2.0470000000000024
17731,2.251000000000002
17732,1.958000000000001
17733,2.063000000000001
17734,2.051000000000002
17735,1.8410000000000013
17736,1.7420000000000022
17737,2.1520000000000015
17738,2.255000000000002
17739,2.1600000000000015
17740,2.029000000000002
17741,2.1540000000000017
17742,1.8510000000000018
17743,1.9460000000000022
17744,2.0530000000000013
17745,2.449000000000002
17746,2.0650000000000013
17747,1.8470000000000022
17748,2.253000000000002
17749,2.1540000000000017
17750,1.8370000000000024
17751,2.1520000000000024
17752,2.168000000000001
17753,1.9420000000000022
17754,2.154000000000002
17755,1.9460000000000022
17756,2.037000000000002
17757,1.744000000000002
17758,1.8370000000000024
17759,2.1640000000000015
17760,2.146000000000002
17761,2.2630000000000012
17762,2.0590000000000015
17763,1.9580000000000015
17764,1.7520000000000013
17765,2.374000000000001
17766,2.1440000000000015
17767,2.041000000000002
17768,2.0570000000000013
17769,2.6750000000000007
17770,2.0530000000000017
17771,1.9500000000000017
17772,2.0490000000000013
17773,1.859000000000002
17774,1.9480000000000022
17775,2.0630000000000015
17776,1.7440000000000024
17777,2.148000000000002
17778,1.5400000000000023
17779,2.2550000000000017
17780,1.9480000000000017
17781,1.8530000000000015
17782,1.9440000000000015
17783,1.9600000000000015
17784,2.043000000000002
17785,1.9500000000000017
17786,1.9380000000000022
17787,2.1560000000000015
17788,2.057000000000001
17789,1.8430000000000022
17790,2.469000000000001
17791,2.2670000000000026
17792,2.3600000000000017
17793,1.7360000000000033
17794,2.0510000000000015
17795,1.946000000000002
17796,1.954000000000002
17797,2.0410000000000017
17798,1.7400000000000018
17799,2.0490000000000013
17800,1.9420000000000028
17801,1.9420000000000024
17802,1.9340000000000024
17803,1.9400000000000026
17804,1.841000000000002
17805,2.352000000000002
17806,2.156000000000002
17807,2.358000000000002
17808,2.063000000000001
17809,1.8530000000000009
17810,2.1580000000000017
17811,2.0550000000000015
17812,2.2450000000000014
17813,2.1460000000000026
17814,2.053000000000002
17815,1.954000000000002
17816,1.835000000000003
17817,1.958000000000001
17818,1.746000000000002
17819,1.8410000000000022
17820,2.1580000000000017
17821,2.1580000000000017
17822,1.7360000000000024
17823,1.8530000000000013
17824,2.033000000000002
17825,1.8470000000000015
17826,2.152000000000002
17827,2.043000000000002
17828,2.1440000000000023
17829,2.152000000000002
17830,2.1540000000000017
17831,1.6370000000000022
17832,2.043000000000002
17833,1.954000000000002
17834,2.0570000000000017
17835,1.9420000000000022
17836,2.263000000000002
17837,1.8450000000000029
17838,2.0430000000000015
17839,2.1360000000000023
17840,1.9500000000000017
17841,2.348000000000002
17842,2.1500000000000012
17843,1.8390000000000029
17844,1.9480000000000015
17845,1.847000000000002
17846,2.059000000000001
17847,1.9400000000000015
17848,1.7380000000000013
17849,2.0490000000000013
17850,1.9420000000000022
17851,2.1480000000000015
17852,2.144000000000002
17853,2.0650000000000013
17854,1.9400000000000017
17855,2.257000000000001
17856,1.9480000000000024
17857,1.7560000000000022
17858,1.9520000000000013
17859,2.1480000000000015
17860,1.9400000000000022
17861,2.1540000000000017
17862,2.0450000000000013
17863,2.156000000000001
17864,2.1620000000000017
17865,2.148000000000002
17866,2.1540000000000017
17867,1.7420000000000022
17868,2.057000000000002
17869,2.0530000000000013
17870,2.039000000000002
17871,2.461000000000001
17872,1.942000000000002
17873,1.8510000000000022
17874,1.9500000000000022
17875,2.3580000000000014
17876,1.9460000000000022
17877,2.0510000000000015
17878,2.059000000000002
17879,1.9520000000000004
17880,2.2550000000000017
17881,1.8490000000000015
17882,2.039000000000002
17883,1.8450000000000009
17884,2.0470000000000024
17885,1.841000000000001
17886,1.9560000000000017
17887,2.356000000000002
17888,1.9500000000000015
17889,2.0430000000000024
17890,1.8430000000000017
17891,2.0550000000000015
17892,1.9440000000000017
17893,1.8450000000000015
17894,1.8510000000000018
17895,2.372000000000001
17896,2.055000000000002
17897,2.255000000000002
17898,2.063000000000002
17899,1.8430000000000022
17900,2.150000000000002
17901,2.041000000000002
17902,2.0490000000000013
17903,2.136000000000002
17904,1.7400000000000027
17905,2.0510000000000015
17906,1.760000000000001
17907,2.1580000000000013
17908,2.045000000000002
17909,1.8450000000000017
17910,1.9540000000000017
17911,2.174000000000001
17912,2.150000000000002
17913,2.0430000000000015
17914,2.045000000000002
17915,1.8370000000000022
17916,1.9540000000000015
17917,1.7440000000000007
17918,2.0510000000000024
17919,2.144000000000002
17920,1.9500000000000015
17921,2.0570000000000017
17922,1.934000000000002
17923,2.1540000000000017
17924,2.1460000000000026
17925,2.257000000000002
17926,1.6510000000000014
17927,2.2610000000000015
17928,2.1440000000000023
17929,1.7420000000000018
17930,2.0450000000000013
17931,1.950000000000002
17932,2.356000000000002
17933,2.2530000000000023
17934,2.0470000000000024
17935,1.9460000000000017
17936,2.144000000000003
17937,1.9400000000000017
17938,2.055000000000002
17939,2.1580000000000013
17940,1.865000000000001
17941,1.952000000000002
17942,2.2570000000000014
17943,2.170000000000001
17944,2.1500000000000017
17945,1.9500000000000017
17946,2.243000000000002
17947,1.7440000000000018
17948,2.0510000000000015
17949,2.0490000000000017
17950,2.2470000000000026
17951,2.1700000000000013
17952,2.263000000000001
17953,1.9580000000000017
17954,2.245000000000002
17955,2.2530000000000014
17956,1.8430000000000017
17957,1.9460000000000022
17958,2.4470000000000014
17959,1.8470000000000015
17960,2.0550000000000015
17961,2.2590000000000017
17962,2.144000000000003
17963,2.647000000000002
17964,2.1440000000000023
17965,2.3560000000000016
17966,2.045000000000002
17967,1.9480000000000017
17968,2.255000000000002
17969,2.168000000000001
17970,1.7380000000000015
17971,1.9580000000000015
17972,2.2510000000000017
17973,1.8410000000000022
17974,2.2570000000000014
17975,1.736000000000002
17976,2.360000000000001
17977,1.7480000000000018
17978,2.249000000000002
17979,1.8530000000000013
17980,2.168000000000002
17981,1.6330000000000024
17982,2.1660000000000013
17983,1.841000000000002
17984,2.2590000000000017
17985,1.8490000000000024
17986,2.2610000000000015
17987,1.8470000000000013
17988,2.3580000000000014
17989,2.356000000000002
17990,2.047000000000002
17991,1.9500000000000015
17992,2.3520000000000016
17993,1.9520000000000013
17994,2.3740000000000006
17995,1.8430000000000017
17996,2.0450000000000017
17997,2.160000000000001
17998,1.841000000000002
17999,2.3480000000000025
18000,1.847000000000002
18001,2.251000000000002
18002,2.3620000000000014
18003,1.429000000000001
18004,2.061000000000001
18005,2.045000000000002
18006,2.2630000000000017
18007,2.1560000000000015
18008,1.9560000000000013
18009,2.352000000000002
18010,1.639000000000002
18011,2.1580000000000013
18012,2.0530000000000017
18013,1.932000000000002
18014,2.3620000000000014
18015,2.348000000000002
18016,2.4630000000000014
18017,2.451000000000002
18018,2.3440000000000025
18019,1.841000000000002
18020,1.958000000000001
18021,1.8490000000000018
18022,2.047000000000002
18023,2.0450000000000026
18024,2.0630000000000006
18025,1.631000000000002
18026,2.140000000000002
18027,1.8330000000000017
18028,2.041000000000002
18029,2.158000000000002
18030,2.1660000000000013
18031,2.1520000000000015
18032,2.1460000000000026
18033,1.9440000000000015
18034,2.1660000000000013
18035,1.8590000000000009
18036,2.140000000000002
18037,2.3620000000000014
18038,2.2630000000000012
18039,2.0530000000000017
18040,1.962000000000002
18041,1.9440000000000015
18042,2.346000000000002
18043,2.1380000000000026
18044,2.160000000000002
18045,1.9500000000000017
18046,2.148000000000002
18047,1.837000000000002
18048,2.356000000000002
18049,2.3660000000000014
18050,2.350000000000002
18051,1.9340000000000026
18052,1.9560000000000017
18053,2.0550000000000015
18054,2.2610000000000015
18055,2.0470000000000024
18056,2.2490000000000014
18057,1.9480000000000022
18058,2.164000000000002
18059,2.1420000000000026
18060,2.045000000000002
18061,1.8470000000000022
18062,1.847000000000002
18063,2.265000000000001
18064,1.9360000000000022
18065,2.059000000000001
18066,2.1420000000000026
18067,1.9480000000000017
18068,2.0470000000000024
18069,2.0370000000000017
18070,1.9520000000000022
18071,2.150000000000002
18072,2.152000000000002
18073,1.9460000000000017
18074,2.5620000000000003
18075,1.6510000000000016
18076,2.0570000000000017
18077,2.0530000000000017
18078,2.2730000000000015
18079,1.954000000000002
18080,1.952000000000002
18081,2.063000000000001
18082,2.2570000000000014
18083,2.1520000000000015
18084,1.855000000000001
18085,2.0650000000000013
18086,2.247000000000002
18087,2.2610000000000015
18088,2.0550000000000015
18089,2.0390000000000033
18090,1.9580000000000017
18091,1.7480000000000016
18092,1.8490000000000018
18093,2.051000000000001
18094,1.9380000000000022
18095,2.063000000000001
18096,2.2550000000000012
18097,1.8430000000000024
18098,1.944000000000002
18099,2.0550000000000015
18100,2.1580000000000017
18101,2.261000000000002
18102,1.9520000000000022
18103,2.055000000000002
18104,2.235000000000003
18105,2.1560000000000015
18106,2.1460000000000026
18107,2.041000000000002
18108,2.1640000000000015
18109,1.8410000000000022
18110,2.0570000000000013
18111,2.144000000000003
18112,2.4570000000000016
18113,1.8530000000000018
18114,2.3640000000000017
18115,1.7340000000000027
18116,2.457000000000002
18117,2.0570000000000017
18118,2.0530000000000017
18119,2.047000000000002
18120,1.9420000000000028
18121,2.4470000000000023
18122,2.3640000000000017
18123,1.9520000000000022
18124,1.8530000000000015
18125,1.7400000000000013
18126,2.160000000000001
18127,1.8410000000000022
18128,1.9460000000000024
18129,1.940000000000002
18130,1.841000000000002
18131,1.7400000000000013
18132,2.150000000000002
18133,2.360000000000001
18134,2.150000000000002
18135,1.7480000000000016
18136,1.9440000000000017
18137,2.251000000000002
18138,2.049000000000002
18139,1.8530000000000015
18140,2.2510000000000026
18141,2.3580000000000014
18142,2.0530000000000013
18143,1.9560000000000013
18144,2.045000000000002
18145,1.9460000000000013
18146,1.9620000000000013
18147,1.9460000000000022
18148,1.936000000000002
18149,1.9380000000000022
18150,2.156000000000002
18151,2.0570000000000017
18152,2.0610000000000013
18153,2.1580000000000017
18154,1.7500000000000013
18155,2.3500000000000023
18156,1.750000000000002
18157,2.1560000000000015
18158,2.0470000000000015
18159,2.562
18160,2.051000000000002
18161,2.265000000000001
18162,1.944000000000002
18163,1.8470000000000022
18164,1.8330000000000022
18165,2.0690000000000013
18166,2.1560000000000015
18167,1.9420000000000013
18168,2.1500000000000017
18169,2.0570000000000017
18170,1.9400000000000026
18171,2.043000000000003
18172,1.7500000000000018
18173,1.839000000000002
18174,1.9460000000000017
18175,1.9520000000000013
18176,2.049000000000002
18177,1.9520000000000013
18178,2.043000000000002
18179,2.053000000000002
18180,2.3580000000000014
18181,2.3460000000000023
18182,1.9380000000000026
18183,2.2530000000000014
18184,2.0410000000000026
18185,2.152000000000002
18186,2.057000000000002
18187,2.065000000000001
18188,2.039000000000002
18189,2.1540000000000017
18190,2.0410000000000026
18191,2.168000000000001
18192,2.247000000000002
18193,2.3560000000000016
18194,1.5320000000000022
18195,2.0410000000000026
18196,2.2290000000000028
18197,2.249000000000002
18198,1.9480000000000015
18199,2.2530000000000014
18200,1.8510000000000018
18201,1.9480000000000022
18202,2.253000000000002
18203,2.548000000000002
18204,2.3420000000000027
18205,2.0610000000000013
18206,1.6290000000000022
18207,2.047000000000002
18208,2.035000000000002
18209,2.148000000000002
18210,2.0510000000000024
18211,2.5540000000000016
18212,2.057000000000002
18213,2.1600000000000015
18214,2.047000000000002
18215,1.9360000000000028
18216,2.4530000000000016
18217,2.158000000000001
18218,2.16
18219,1.865000000000001
18220,1.9480000000000017
18221,2.039000000000002
18222,2.2670000000000012
18223,1.9440000000000015
18224,2.0410000000000026
18225,2.1560000000000024
18226,2.249000000000002
18227,2.0510000000000015
18228,1.845000000000002
18229,2.041000000000002
18230,1.6430000000000016
18231,2.360000000000001
18232,1.9420000000000022
18233,1.9420000000000022
18234,2.1540000000000017
18235,1.8450000000000015
18236,1.9600000000000017
18237,2.3640000000000008
18238,2.3640000000000025
18239,1.7400000000000018
18240,1.9640000000000009
18241,2.2570000000000014
18242,1.9440000000000017
18243,2.146000000000002
18244,2.148000000000002
18245,1.944000000000002
18246,2.0590000000000015
18247,1.841000000000003
18248,2.356000000000002
18249,2.049000000000002
18250,1.940000000000002
18251,2.144000000000002
18252,2.3640000000000008
18253,1.8490000000000015
18254,1.8450000000000015
18255,1.9500000000000015
18256,2.2590000000000017
18257,2.160000000000001
18258,2.4710000000000005
18259,2.037000000000002
18260,2.051000000000002
18261,2.148000000000002
18262,1.9480000000000017
18263,2.0610000000000013
18264,2.1660000000000013
18265,2.2570000000000014
18266,2.1640000000000015
18267,2.063000000000001
18268,2.0490000000000017
18269,1.857000000000001
18270,2.1660000000000013
18271,2.2430000000000017
18272,2.2550000000000012
18273,1.7380000000000018
18274,2.172000000000001
18275,2.1520000000000015
18276,1.956000000000002
18277,2.1560000000000024
18278,2.0510000000000024
18279,2.1660000000000017
18280,1.9460000000000017
18281,2.2730000000000015
18282,2.0530000000000017
18283,1.9400000000000022
18284,2.3560000000000016
18285,2.041000000000002
18286,2.253000000000002
18287,2.0550000000000015
18288,2.0470000000000024
18289,2.245000000000002
18290,1.841000000000002
18291,2.0590000000000015
18292,2.2530000000000014
18293,2.053000000000002
18294,2.1560000000000015
18295,2.1540000000000017
18296,2.063000000000001
18297,2.1580000000000017
18298,2.150000000000002
18299,1.8470000000000015
18300,1.736000000000001
18301,2.245000000000002
18302,1.8350000000000017
18303,2.154000000000002
18304,2.0410000000000026
18305,2.047000000000002
18306,2.0450000000000026
18307,2.1440000000000023
18308,1.9460000000000017
18309,1.9460000000000022
18310,2.043000000000002
18311,1.9440000000000015
18312,1.9440000000000015
18313,2.3560000000000016
18314,2.1560000000000015
18315,2.0590000000000015
18316,2.142000000000002
18317,2.441000000000003
18318,2.2590000000000017
18319,1.8510000000000018
18320,2.261000000000001
18321,2.251000000000002
18322,2.251000000000002
18323,2.352000000000002
18324,2.1520000000000015
18325,1.756000000000001
18326,2.043000000000002
18327,2.0610000000000013
18328,2.1460000000000012
18329,1.6350000000000022
18330,1.950000000000002
18331,2.2610000000000015
18332,2.047000000000002
18333,1.7440000000000015
18334,2.2390000000000025
18335,2.0310000000000024
18336,1.950000000000001
18337,2.358000000000002
18338,2.2670000000000012
18339,1.7380000000000024
18340,2.356000000000002
18341,2.0590000000000015
18342,2.2490000000000014
18343,2.6750000000000016
18344,1.7360000000000029
18345,2.1380000000000026
18346,2.0530000000000013
18347,2.1560000000000015
18348,2.063000000000001
18349,2.051000000000002
18350,2.148000000000002
18351,2.150000000000002
18352,2.265000000000001
18353,2.1440000000000023
18354,2.2570000000000023
18355,1.9480000000000017
18356,2.146000000000002
18357,2.148000000000002
18358,1.950000000000002
18359,1.8430000000000026
18360,2.1560000000000015
18361,2.265000000000001
18362,2.154000000000002
18363,2.053000000000002
18364,1.6530000000000014
18365,2.245000000000002
18366,2.0610000000000004
18367,2.057000000000001
18368,2.049000000000002
18369,1.7440000000000024
18370,2.2630000000000017
18371,2.0550000000000015
18372,1.9420000000000022
18373,1.9440000000000017
18374,1.8410000000000024
18375,2.0570000000000017
18376,2.150000000000002
18377,1.8430000000000022
18378,2.1440000000000023
18379,2.352000000000002
18380,1.845000000000002
18381,2.1520000000000015
18382,1.9320000000000024
18383,2.0510000000000015
18384,2.164000000000002
18385,2.051000000000002
18386,2.0590000000000015
18387,2.249000000000002
18388,1.9480000000000015
18389,2.039000000000003
18390,2.156000000000001
18391,1.956000000000002
18392,2.0370000000000026
18393,2.350000000000002
18394,1.9440000000000024
18395,2.160000000000001
18396,2.2470000000000017
18397,1.847000000000002
18398,2.245000000000002
18399,2.059000000000001
18400,1.8450000000000022
18401,1.5400000000000011
18402,2.1500000000000017
18403,1.7380000000000018
18404,2.1520000000000015
18405,1.740000000000002
18406,2.043000000000002
18407,2.0510000000000015
18408,2.0470000000000024
18409,2.0530000000000017
18410,1.9380000000000015
18411,2.1420000000000026
18412,1.942000000000002
18413,2.043000000000002
18414,1.9460000000000013
18415,2.059000000000001
18416,1.9420000000000024
18417,2.041000000000002
18418,2.0470000000000015
18419,2.047000000000002
18420,1.8570000000000015
18421,1.9500000000000015
18422,2.0630000000000015
18423,1.839000000000002
18424,1.9480000000000017
18425,1.944000000000002
18426,2.1580000000000013
18427,2.463000000000002
18428,1.8490000000000018
18429,2.0470000000000024
18430,2.0330000000000026
18431,2.2610000000000015
18432,2.154000000000002
18433,1.952000000000001
18434,1.8510000000000013
18435,2.0450000000000013
18436,1.9460000000000017
18437,2.1580000000000017
18438,1.9340000000000024
18439,2.249000000000002
18440,1.7540000000000011
18441,2.0430000000000015
18442,2.2590000000000012
18443,1.9540000000000024
18444,1.849000000000002
18445,2.0570000000000017
18446,1.9440000000000017
18447,1.8430000000000017
18448,1.9480000000000022
18449,2.370000000000001
18450,1.8390000000000015
18451,2.2390000000000025
18452,2.148000000000002
18453,1.9480000000000022
18454,1.8370000000000022
18455,2.063000000000001
18456,1.7520000000000013
18457,2.045000000000002
18458,1.9540000000000015
18459,1.849000000000002
18460,2.1500000000000012
18461,1.744000000000001
18462,2.251000000000002
18463,2.2670000000000012
18464,2.1420000000000017
18465,1.8390000000000017
18466,2.4670000000000005
18467,1.9540000000000017
18468,1.9440000000000024
18469,2.354000000000002
18470,2.0690000000000013
18471,2.0490000000000017
18472,2.0410000000000026
18473,2.146000000000002
18474,2.1660000000000013
18475,2.156000000000002
18476,1.962000000000001
18477,2.0610000000000013
18478,2.5520000000000014
18479,1.851000000000002
18480,2.160000000000002
18481,2.0330000000000026
18482,2.146000000000002
18483,1.9400000000000026
18484,2.4550000000000014
18485,2.2550000000000012
18486,2.255000000000002
18487,2.0590000000000015
18488,2.142000000000002
18489,1.9400000000000022
18490,2.156000000000001
18491,2.152000000000002
18492,1.960000000000001
18493,1.9580000000000015
18494,1.7420000000000022
18495,2.1500000000000017
18496,1.9600000000000009
18497,2.2570000000000014
18498,1.9460000000000017
18499,1.9460000000000013
18500,1.9600000000000015
18501,2.150000000000002
18502,2.0490000000000017
18503,2.156000000000002
18504,2.1620000000000017
18505,1.9460000000000024
18506,2.0550000000000015
18507,1.956000000000001
18508,1.8510000000000009
18509,2.0610000000000013
18510,2.1600000000000015
18511,1.9520000000000015
18512,2.3760000000000003
18513,2.354000000000002
18514,2.1460000000000017
18515,2.3520000000000016
18516,2.0490000000000013
18517,2.4530000000000016
18518,2.051000000000002
18519,1.8490000000000009
18520,2.0530000000000013
18521,1.8370000000000024
18522,2.0550000000000015
18523,2.3640000000000017
18524,1.835000000000002
18525,1.6370000000000027
18526,2.0490000000000013
18527,2.2470000000000017
18528,2.1580000000000017
18529,2.152000000000002
18530,1.9580000000000013
18531,2.140000000000002
18532,1.8510000000000022
18533,1.9460000000000024
18534,1.9420000000000022
18535,2.3480000000000016
18536,2.0530000000000017
18537,1.9420000000000015
18538,2.243000000000002
18539,2.146000000000002
18540,1.8410000000000017
18541,2.2530000000000014
18542,1.8590000000000015
18543,1.958000000000001
18544,1.7500000000000013
18545,1.9320000000000024
18546,1.9560000000000017
18547,1.6330000000000024
18548,1.9420000000000015
18549,2.0470000000000024
18550,2.156000000000001
18551,2.045000000000002
18552,2.0710000000000006
18553,1.962000000000001
18554,1.9340000000000026
18555,1.8450000000000017
18556,2.0570000000000017
18557,1.9500000000000017
18558,2.047000000000002
18559,2.1520000000000015
18560,1.942000000000002
18561,2.4490000000000025
18562,1.835000000000002
18563,2.152000000000002
18564,2.0610000000000013
18565,1.8410000000000024
18566,1.8490000000000015
18567,1.948000000000001
18568,2.041000000000002
18569,2.0410000000000026
18570,2.560000000000001
18571,1.734000000000002
18572,1.9500000000000017
18573,1.932000000000002
18574,2.043000000000002
18575,2.3620000000000014
18576,2.0410000000000026
18577,1.8410000000000024
18578,2.071000000000001
18579,2.047000000000002
18580,1.9600000000000017
18581,2.457000000000002
18582,2.265000000000002
18583,1.839000000000002
18584,2.140000000000002
18585,2.039000000000002
18586,1.9500000000000022
18587,2.358000000000002
18588,2.162000000000001
18589,1.6410000000000013
18590,2.0490000000000017
18591,1.9520000000000024
18592,2.251000000000002
18593,2.2510000000000012
18594,1.9440000000000017
18595,2.2570000000000014
18596,2.1460000000000017
18597,1.9420000000000022
18598,1.6390000000000018
18599,2.2590000000000017
18600,1.948000000000001
18601,1.9500000000000017
18602,2.2550000000000012
18603,2.2610000000000015
18604,2.134000000000003
18605,1.9460000000000017
18606,2.2510000000000017
18607,1.9500000000000017
18608,2.1380000000000026
18609,2.0570000000000017
18610,1.8390000000000015
18611,2.150000000000002
18612,1.8430000000000009
18613,2.140000000000003
18614,1.849000000000002
18615,1.736000000000002
18616,1.7360000000000022
18617,1.9460000000000013
18618,2.354000000000002
18619,1.9580000000000015
18620,2.2390000000000025
18621,2.1660000000000017
18622,2.158000000000001
18623,1.8530000000000022
18624,2.053000000000002
18625,1.6390000000000016
18626,2.251000000000002
18627,1.9420000000000022
18628,1.9380000000000022
18629,1.633000000000002
18630,1.855000000000002
18631,2.1660000000000013
18632,1.9420000000000024
18633,2.247000000000002
18634,2.0590000000000015
18635,1.942000000000002
18636,2.146000000000002
18637,2.1620000000000013
18638,2.0550000000000015
18639,2.057000000000001
18640,1.8510000000000018
18641,2.3380000000000027
18642,1.9440000000000026
18643,1.8290000000000024
18644,1.8530000000000013
18645,2.0610000000000013
18646,1.9500000000000022
18647,2.3540000000000014
18648,1.9420000000000022
18649,2.2570000000000014
18650,2.049000000000002
18651,2.0530000000000017
18652,1.9340000000000026
18653,2.253000000000002
18654,1.9480000000000022
18655,1.6570000000000007
18656,1.7440000000000018
18657,1.956000000000002
18658,1.8490000000000018
18659,1.8450000000000026
18660,1.942000000000001
18661,2.047000000000002
18662,1.7480000000000024
18663,2.1580000000000017
18664,2.3540000000000014
18665,2.261000000000001
18666,2.1520000000000015
18667,2.055000000000001
18668,2.1420000000000017
18669,1.7400000000000022
18670,2.542000000000003
18671,2.063000000000001
18672,2.158000000000002
18673,2.1460000000000026
18674,1.9500000000000015
18675,1.8570000000000013
18676,1.9600000000000015
18677,2.3440000000000025
18678,1.9580000000000013
18679,2.2490000000000023
18680,2.1540000000000017
18681,1.950000000000002
18682,1.8530000000000018
18683,2.0530000000000026
18684,1.8370000000000022
18685,1.952000000000002
18686,1.9560000000000008
18687,1.9420000000000015
18688,2.1540000000000017
18689,1.9420000000000022
18690,1.9560000000000017
18691,2.1620000000000013
18692,2.160000000000001
18693,2.144000000000003
18694,2.144000000000002
18695,2.2450000000000028
18696,1.7420000000000024
18697,1.7460000000000022
18698,1.950000000000002
18699,2.0590000000000015
18700,1.851000000000002
18701,1.9600000000000022
18702,2.3560000000000016
18703,2.152000000000002
18704,1.9440000000000013
18705,2.138000000000002
18706,1.8370000000000022
18707,2.0610000000000013
18708,2.374000000000001
18709,1.851000000000001
18710,1.851000000000002
18711,2.360000000000001
18712,2.352000000000002
18713,1.9420000000000013
18714,2.1580000000000017
18715,2.146000000000002
18716,1.835000000000003
18717,1.7480000000000016
18718,2.245000000000002
18719,1.744000000000002
18720,2.2530000000000014
18721,1.9440000000000015
18722,1.8550000000000013
18723,2.4590000000000014
18724,2.146000000000002
18725,1.6430000000000018
18726,2.0450000000000017
18727,2.4650000000000007
18728,1.9460000000000017
18729,1.9500000000000017
18730,1.9380000000000017
18731,2.249000000000002
18732,2.352000000000002
18733,1.8410000000000017
18734,2.0470000000000024
18735,2.035000000000002
18736,2.1580000000000026
18737,2.156000000000002
18738,2.4490000000000016
18739,2.2590000000000017
18740,2.1440000000000015
18741,1.742000000000001
18742,2.0630000000000006
18743,2.1500000000000017
18744,2.3580000000000023
18745,1.9560000000000017
18746,2.461000000000002
18747,1.435000000000002
18748,2.043000000000002
18749,2.368000000000002
18750,1.8530000000000015
18751,1.9480000000000017
18752,2.1520000000000024
18753,1.7480000000000004
18754,1.7480000000000016
18755,2.1380000000000017
18756,2.1500000000000017
18757,1.952000000000002
18758,2.1540000000000017
18759,2.2610000000000015
18760,2.0610000000000017
18761,1.9540000000000017
18762,1.8370000000000022
18763,2.1460000000000017
18764,1.8350000000000026
18765,1.7540000000000018
18766,2.2710000000000012
18767,2.2490000000000023
18768,1.7500000000000018
18769,2.039000000000002
18770,2.0490000000000013
18771,1.9500000000000017
18772,2.0570000000000013
18773,2.558000000000002
18774,2.0530000000000017
18775,2.172000000000001
18776,1.8570000000000015
18777,2.148000000000002
18778,2.0390000000000024
18779,2.1500000000000017
18780,2.0530000000000026
18781,1.8430000000000022
18782,1.7320000000000022
18783,1.9360000000000028
18784,2.2650000000000015
18785,2.035000000000002
18786,1.9540000000000017
18787,2.3680000000000008
18788,2.1540000000000017
18789,1.8430000000000026
18790,2.047000000000002
18791,1.8430000000000024
18792,1.9340000000000024
18793,1.9480000000000017
18794,1.956000000000002
18795,2.2510000000000012
18796,2.2630000000000012
18797,1.958000000000001
18798,1.8530000000000013
18799,1.528000000000002
18800,2.2550000000000012
18801,1.9440000000000017
18802,2.0450000000000017
18803,2.2590000000000017
18804,1.839000000000002
18805,2.0410000000000026
18806,2.2570000000000014
18807,2.150000000000002
18808,1.9560000000000017
18809,2.152000000000002
18810,2.0570000000000013
18811,1.6490000000000011
18812,2.354000000000002
18813,2.356000000000002
18814,2.1580000000000017
18815,2.0550000000000015
18816,1.9380000000000024
18817,2.049000000000002
18818,1.942000000000002
18819,2.063000000000001
18820,2.0510000000000024
18821,1.9440000000000017
18822,1.7500000000000013
18823,2.1520000000000015
18824,2.055000000000002
18825,1.8430000000000017
18826,2.144000000000003
18827,2.1560000000000015
18828,2.3560000000000016
18829,2.0470000000000024
18830,1.9380000000000017
18831,2.146000000000002
18832,1.9480000000000022
18833,2.158000000000002
18834,2.1600000000000015
18835,2.1620000000000013
18836,2.035000000000002
18837,1.8390000000000017
18838,2.059000000000001
18839,2.142000000000002
18840,2.0510000000000015
18841,1.8450000000000017
18842,1.7460000000000022
18843,2.259000000000001
18844,2.0510000000000024
18845,2.2410000000000023
18846,1.7380000000000018
18847,2.0490000000000026
18848,2.0410000000000026
18849,2.1540000000000017
18850,1.754000000000001
18851,2.049000000000002
18852,2.1640000000000015
18853,2.251000000000002
18854,2.1420000000000017
18855,2.1520000000000024
18856,2.2610000000000015
18857,1.7420000000000022
18858,1.8430000000000017
18859,1.9360000000000028
18860,1.7520000000000022
18861,1.942000000000002
18862,2.1540000000000017
18863,2.1380000000000017
18864,1.746000000000002
18865,1.9580000000000006
18866,2.1580000000000017
18867,1.7500000000000013
18868,2.160000000000001
18869,1.865000000000001
18870,1.952000000000001
18871,2.4490000000000016
18872,2.069000000000001
18873,2.144000000000003
18874,2.0410000000000026
18875,1.9560000000000008
18876,1.944000000000002
18877,2.1600000000000015
18878,2.0470000000000024
18879,2.1440000000000015
18880,2.372000000000001
18881,1.936000000000002
18882,1.839000000000002
18883,2.0450000000000013
18884,1.7500000000000018
18885,1.7360000000000022
18886,2.150000000000002
18887,1.942000000000002
18888,2.057000000000001
18889,1.9520000000000022
18890,2.0530000000000026
18891,2.045000000000002
18892,1.9520000000000015
18893,2.1500000000000017
18894,2.1460000000000017
18895,2.0490000000000017
18896,1.9500000000000022
18897,2.043000000000002
18898,2.346000000000002
18899,2.0610000000000017
18900,2.0470000000000024
18901,2.144000000000002
18902,2.043000000000003
18903,2.2370000000000023
18904,1.9440000000000017
18905,2.2510000000000026
18906,1.9440000000000024
18907,2.065000000000001
18908,1.847000000000002
18909,2.1540000000000017
18910,2.150000000000002
18911,2.1520000000000015
18912,2.1540000000000017
18913,2.0610000000000013
18914,2.049000000000002
18915,2.154000000000001
18916,1.938000000000003
18917,2.156000000000002
18918,2.1520000000000015
18919,1.9580000000000013
18920,1.9520000000000024
18921,2.1400000000000023
18922,2.049000000000002
18923,2.253000000000002
18924,2.0510000000000015
18925,2.037000000000002
18926,2.0550000000000015
18927,2.0490000000000017
18928,1.8430000000000022
18929,1.9460000000000024
18930,1.6390000000000018
18931,2.0590000000000015
18932,1.946000000000002
18933,2.2670000000000012
18934,1.6490000000000018
18935,2.0390000000000024
18936,2.047000000000002
18937,1.946000000000002
18938,2.055000000000002
18939,1.8490000000000015
18940,2.1580000000000017
18941,2.350000000000002
18942,2.253000000000002
18943,2.2630000000000012
18944,2.0450000000000017
18945,2.2610000000000015
18946,2.467000000000001
18947,2.2430000000000025
18948,1.952000000000001
18949,2.0530000000000017
18950,2.067000000000001
18951,1.7400000000000018
18952,2.168000000000001
18953,1.641000000000002
18954,2.253000000000002
18955,2.1380000000000017
18956,2.049000000000002
18957,1.7560000000000011
18958,2.4770000000000016
18959,1.6370000000000016
18960,2.059000000000002
18961,2.352000000000002
18962,2.043000000000002
18963,2.1520000000000024
18964,1.9480000000000015
18965,2.5640000000000014
18966,2.3420000000000023
18967,2.041000000000002
18968,2.0570000000000017
18969,1.849000000000001
18970,2.1440000000000023
18971,1.9380000000000024
18972,1.9480000000000017
18973,2.039000000000002
18974,2.1520000000000015
18975,2.053000000000002
18976,2.142000000000002
18977,2.2570000000000014
18978,1.9540000000000015
18979,1.8550000000000013
18980,2.3500000000000028
18981,2.1600000000000015
18982,2.0730000000000013
18983,2.144000000000002
18984,2.045000000000002
18985,2.055000000000002
18986,2.0570000000000017
18987,2.049000000000002
18988,2.0470000000000015
18989,1.9480000000000013
18990,2.146000000000002
18991,2.0570000000000013
18992,2.2550000000000012
18993,2.1540000000000017
18994,1.8410000000000022
18995,1.9780000000000009
18996,1.950000000000002
18997,2.471000000000001
18998,1.845000000000001
18999,2.148000000000002
19000,1.855000000000002
19001,2.148000000000002
19002,2.055000000000002
19003,1.9620000000000006
19004,2.047000000000002
19005,1.9620000000000015
19006,2.043000000000002
19007,1.8450000000000017
19008,2.150000000000002
19009,2.3440000000000025
19010,2.0590000000000024
19011,2.049000000000002
19012,2.2470000000000026
19013,2.358000000000002
19014,2.0570000000000017
19015,2.4590000000000014
19016,1.7340000000000024
19017,2.053000000000002
19018,2.2470000000000017
19019,2.0450000000000013
19020,1.9480000000000015
19021,1.9580000000000013
19022,2.3580000000000023
19023,1.9660000000000004
19024,2.2470000000000017
19025,2.166000000000002
19026,1.9540000000000015
19027,2.0410000000000017
19028,2.2530000000000014
19029,2.0490000000000013
19030,1.8510000000000013
19031,2.049000000000002
19032,2.255000000000002
19033,2.039000000000002
19034,1.9600000000000017
19035,2.061000000000002
19036,2.366000000000001
19037,2.0690000000000013
19038,1.9520000000000015
19039,2.0610000000000013
19040,2.039000000000003
19041,2.3580000000000014
19042,2.1640000000000006
19043,1.956000000000002
19044,2.1540000000000017
19045,2.1580000000000017
19046,2.1540000000000012
19047,1.9400000000000017
19048,2.1500000000000012
19049,2.0530000000000017
19050,2.352000000000002
19051,2.443000000000002
19052,2.360000000000002
19053,1.950000000000002
19054,2.364000000000001
19055,1.9360000000000022
19056,2.063000000000002
19057,1.8430000000000017
19058,2.457000000000002
19059,1.748000000000002
19060,1.9480000000000017
19061,1.8530000000000018
19062,2.2470000000000017
19063,2.3540000000000023
19064,1.9480000000000017
19065,2.3660000000000014
19066,2.1540000000000012
19067,2.0570000000000013
19068,2.0390000000000024
19069,2.0470000000000024
19070,1.849000000000002
19071,2.069000000000001
19072,2.1600000000000006
19073,2.251000000000002
19074,1.8510000000000018
19075,1.6390000000000011
19076,2.2450000000000023
19077,1.9620000000000015
19078,2.2550000000000012
19079,2.2470000000000017
19080,2.245000000000002
19081,2.0570000000000017
19082,1.7420000000000027
19083,2.1580000000000017
19084,2.144000000000002
19085,2.0450000000000026
19086,1.8490000000000018
19087,1.8410000000000017
19088,2.2610000000000015
19089,2.0510000000000015
19090,2.0450000000000026
19091,2.2630000000000012
19092,1.9480000000000026
19093,2.1480000000000015
19094,2.255000000000002
19095,2.2550000000000017
19096,1.8530000000000013
19097,2.257000000000002
19098,1.9440000000000015
19099,1.9400000000000022
19100,2.354000000000002
19101,2.1620000000000013
19102,2.1560000000000015
19103,2.354000000000002
19104,2.0410000000000026
19105,2.253000000000002
19106,2.2510000000000017
19107,2.249000000000002
19108,1.9460000000000024
19109,2.0570000000000013
19110,2.1500000000000017
19111,2.0470000000000015
19112,2.4610000000000016
19113,1.952000000000002
19114,2.053000000000002
19115,2.154000000000002
19116,2.2550000000000017
19117,2.156000000000001
19118,2.037000000000002
19119,1.7320000000000022
19120,1.8550000000000018
19121,2.1580000000000017
19122,2.2550000000000012
19123,1.9480000000000017
19124,2.0430000000000015
19125,2.0510000000000015
19126,1.7480000000000016
19127,2.655000000000001
19128,1.4390000000000012
19129,2.043000000000002
19130,2.0490000000000017
19131,1.9440000000000013
19132,2.346000000000002
19133,2.2610000000000015
19134,2.0370000000000017
19135,2.1540000000000017
19136,1.942000000000002
19137,1.7400000000000027
19138,1.936000000000001
19139,2.2470000000000017
19140,2.1540000000000012
19141,1.8530000000000015
19142,2.3580000000000014
19143,1.944000000000002
19144,1.9600000000000015
19145,1.851000000000002
19146,1.6370000000000016
19147,1.9520000000000015
19148,1.9500000000000015
19149,1.6370000000000016
19150,1.8510000000000018
19151,2.0670000000000006
19152,2.150000000000002
19153,1.9480000000000015
19154,2.263000000000001
19155,2.2570000000000014
19156,2.0470000000000015
19157,2.4550000000000014
19158,1.8410000000000024
19159,2.5480000000000014
19160,1.940000000000002
19161,2.063000000000001
19162,2.1480000000000015
19163,2.3560000000000016
19164,2.041000000000002
19165,2.043000000000002
19166,2.1460000000000017
19167,2.1560000000000015
19168,2.1520000000000024
19169,1.7460000000000016
19170,2.041000000000002
19171,1.7420000000000018
19172,1.9520000000000015
19173,1.8490000000000015
19174,2.1540000000000012
19175,1.9600000000000015
19176,2.2490000000000014
19177,2.255000000000002
19178,1.8430000000000022
19179,2.0370000000000017
19180,2.1540000000000012
19181,1.835000000000002
19182,2.0490000000000013
19183,2.1580000000000017
19184,1.8650000000000018
19185,1.8350000000000017
19186,2.063000000000002
19187,2.3580000000000014
19188,1.5300000000000022
19189,2.0550000000000024
19190,2.2670000000000012
19191,1.9440000000000028
19192,2.154000000000002
19193,2.039000000000003
19194,1.8450000000000017
19195,2.344000000000002
19196,2.1400000000000023
19197,1.8450000000000017
19198,2.041000000000002
19199,2.1560000000000015
19200,2.059000000000002
19201,2.358000000000002
19202,1.9480000000000015
19203,1.8530000000000006
19204,2.160000000000002
19205,2.1540000000000017
19206,1.9280000000000022
19207,1.8470000000000022
19208,1.9440000000000015
19209,1.8450000000000017
19210,2.049000000000002
19211,2.053000000000002
19212,1.8330000000000022
19213,2.1380000000000026
19214,1.8390000000000026
19215,1.8490000000000006
19216,2.253000000000002
19217,2.0410000000000026
19218,2.043000000000002
19219,2.455000000000002
19220,2.364000000000001
19221,2.069000000000001
19222,2.146000000000002
19223,2.2570000000000014
19224,2.2670000000000012
19225,2.160000000000002
19226,1.7340000000000029
19227,2.1600000000000015
19228,1.8370000000000022
19229,2.045000000000002
19230,2.0430000000000015
19231,1.958000000000001
19232,2.4590000000000014
19233,2.1400000000000023
19234,1.534000000000002
19235,1.9520000000000015
19236,2.2610000000000015
19237,2.0510000000000015
19238,2.1500000000000017
19239,2.3520000000000016
19240,1.942000000000002
19241,2.354000000000002
19242,2.1620000000000013
19243,2.1620000000000017
19244,2.362000000000002
19245,2.049000000000002
19246,2.257000000000001
19247,1.8430000000000017
19248,2.1540000000000017
19249,2.067000000000001
19250,2.3640000000000017
19251,2.049000000000002
19252,1.7500000000000018
19253,1.847000000000002
19254,2.0450000000000017
19255,2.041000000000002
19256,1.8570000000000015
19257,2.051000000000002
19258,1.9420000000000024
19259,2.160000000000001
19260,1.6390000000000018
19261,2.0470000000000024
19262,1.8370000000000022
19263,1.9420000000000022
19264,2.2550000000000012
19265,2.144000000000002
19266,1.855000000000002
19267,2.168000000000001
19268,2.152000000000002
19269,2.1520000000000015
19270,2.053000000000002
19271,2.0470000000000015
19272,2.1560000000000015
19273,1.6290000000000027
19274,1.837000000000002
19275,1.932000000000002
19276,1.8470000000000022
19277,2.1540000000000017
19278,1.8690000000000009
19279,1.8470000000000015
19280,2.152000000000002
19281,2.0510000000000015
19282,1.7380000000000024
19283,1.9320000000000024
19284,2.0330000000000026
19285,2.1420000000000026
19286,2.148000000000002
19287,2.2650000000000015
19288,2.352000000000002
19289,2.1480000000000015
19290,1.6450000000000014
19291,2.0510000000000015
19292,2.041000000000002
19293,2.144000000000002
19294,1.9540000000000015
19295,2.263000000000001
19296,1.9600000000000017
19297,1.9500000000000015
19298,2.061000000000001
19299,2.249000000000002
19300,1.8430000000000017
19301,1.8470000000000015
19302,2.0570000000000017
19303,2.1460000000000017
19304,1.754000000000002
19305,2.0530000000000017
19306,2.0490000000000013
19307,2.1540000000000017
19308,1.9400000000000022
19309,2.263000000000001
19310,1.841000000000002
19311,1.7400000000000022
19312,2.2610000000000023
19313,2.249000000000002
19314,2.3560000000000016
19315,2.0330000000000026
19316,2.071000000000001
19317,2.162000000000001
19318,1.6470000000000016
19319,2.352000000000002
19320,2.251000000000002
19321,2.0430000000000015
19322,2.261000000000001
19323,1.946000000000002
19324,2.251000000000002
19325,2.0470000000000024
19326,2.0550000000000015
19327,2.134000000000002
19328,2.148000000000002
19329,2.364000000000002
19330,2.144000000000002
19331,2.160000000000002
19332,1.8350000000000022
19333,1.9580000000000015
19334,2.160000000000002
19335,2.1560000000000015
19336,1.9500000000000017
19337,2.1640000000000015
19338,1.730000000000002
19339,1.950000000000002
19340,2.245000000000002
19341,2.257000000000002
19342,1.7400000000000018
19343,1.9360000000000022
19344,2.0650000000000013
19345,2.160000000000002
19346,1.9400000000000022
19347,1.847000000000001
19348,2.0610000000000017
19349,1.849000000000002
19350,1.956000000000002
19351,2.3480000000000016
19352,1.8550000000000009
19353,2.344000000000002
19354,2.354000000000002
19355,2.055000000000002
19356,1.7340000000000018
19357,1.8510000000000022
19358,2.465000000000001
19359,2.043000000000002
19360,2.049000000000002
19361,1.954000000000002
19362,1.940000000000001
19363,1.8530000000000018
19364,2.3600000000000017
19365,1.9380000000000017
19366,2.045000000000002
19367,2.0670000000000015
19368,2.156000000000002
19369,1.9480000000000024
19370,2.4490000000000016
19371,2.140000000000002
19372,2.0470000000000024
19373,2.360000000000002
19374,2.154000000000002
19375,2.0530000000000017
19376,2.2590000000000017
19377,1.7420000000000018
19378,1.857000000000001
19379,2.055000000000002
19380,2.156000000000002
19381,1.9520000000000013
19382,2.0410000000000026
19383,2.269000000000001
19384,1.841000000000002
19385,2.1460000000000026
19386,2.1520000000000024
19387,1.9500000000000017
19388,2.059000000000002
19389,1.6410000000000016
19390,1.944000000000002
19391,2.049000000000002
19392,2.053000000000002
19393,2.0490000000000013
19394,2.1500000000000017
19395,1.6430000000000016
19396,2.3600000000000017
19397,2.1380000000000026
19398,1.9540000000000017
19399,2.144000000000002
19400,1.7420000000000027
19401,1.9480000000000022
19402,2.1600000000000015
19403,2.0570000000000013
19404,2.243000000000002
19405,2.568000000000002
19406,2.1600000000000015
19407,2.059000000000002
19408,2.2610000000000015
19409,1.9460000000000017
19410,2.2510000000000012
19411,1.9460000000000022
19412,1.9480000000000022
19413,2.0670000000000015
19414,2.0390000000000024
19415,1.7560000000000011
19416,1.8490000000000009
19417,1.847000000000002
19418,2.360000000000001
19419,1.9480000000000015
19420,1.952000000000002
19421,2.045000000000002
19422,2.162000000000001
19423,1.8390000000000024
19424,1.966000000000002
19425,1.837000000000002
19426,2.354000000000002
19427,2.0470000000000024
19428,2.0470000000000015
19429,1.8490000000000015
19430,2.1520000000000015
19431,2.0470000000000015
19432,1.944000000000002
19433,1.5320000000000022
19434,2.453000000000002
19435,1.9360000000000028
19436,2.457000000000002
19437,1.7420000000000022
19438,2.2510000000000012
19439,2.0430000000000024
19440,1.6470000000000022
19441,2.158000000000002
19442,1.8310000000000028
19443,1.8490000000000018
19444,2.2630000000000012
19445,2.047000000000003
19446,2.0470000000000015
19447,1.9580000000000013
19448,1.8470000000000022
19449,2.1600000000000015
19450,2.0510000000000015
19451,1.7420000000000024
19452,2.1560000000000006
19453,2.2450000000000028
19454,2.055000000000002
19455,2.152000000000002
19456,2.158000000000002
19457,2.150000000000002
19458,2.2590000000000012
19459,2.148000000000002
19460,2.449000000000002
19461,2.152000000000002
19462,1.9420000000000024
19463,2.1540000000000017
19464,2.463000000000001
19465,2.340000000000002
19466,1.9420000000000022
19467,2.1460000000000012
19468,2.0350000000000024
19469,1.9420000000000022
19470,2.245000000000002
19471,1.8570000000000013
19472,2.041000000000002
19473,2.144000000000002
19474,2.039000000000002
19475,2.035000000000003
19476,1.8470000000000022
19477,1.7660000000000013
19478,2.148000000000002
19479,2.1500000000000017
19480,2.3600000000000008
19481,2.160000000000001
19482,1.956000000000002
19483,2.2470000000000026
19484,2.0490000000000017
19485,1.730000000000002
19486,1.7380000000000018
19487,2.2530000000000014
19488,1.9500000000000015
19489,2.0350000000000024
19490,2.1520000000000015
19491,1.9380000000000022
19492,2.0470000000000015
19493,2.465000000000002
19494,1.9540000000000013
19495,2.0650000000000013
19496,2.4650000000000007
19497,2.0550000000000024
19498,2.154000000000002
19499,2.3480000000000025
19500,2.1580000000000017
19501,2.059000000000002
19502,2.0450000000000026
19503,2.3420000000000023
19504,1.845000000000002
19505,1.8490000000000018
19506,1.9440000000000017
19507,2.1480000000000024
19508,1.8470000000000013
19509,1.9380000000000022
19510,2.142000000000002
19511,1.847000000000002
19512,2.1660000000000013
19513,2.1560000000000015
19514,1.9500000000000022
19515,2.059000000000001
19516,2.253000000000002
19517,1.9640000000000013
19518,2.255000000000002
19519,1.9480000000000015
19520,2.1580000000000013
19521,2.148000000000002
19522,2.1380000000000026
19523,2.047000000000002
19524,2.0510000000000024
19525,1.7320000000000022
19526,2.1520000000000015
19527,2.0530000000000017
19528,2.146000000000002
19529,1.8430000000000017
19530,2.0510000000000015
19531,2.0490000000000017
19532,1.9620000000000015
19533,2.2570000000000014
19534,1.8370000000000022
19535,2.0510000000000015
19536,2.0510000000000015
19537,2.0570000000000013
19538,2.2470000000000026
19539,2.154000000000002
19540,1.9500000000000017
19541,1.9440000000000024
19542,2.0470000000000024
19543,1.946000000000002
19544,2.055000000000001
19545,1.9540000000000015
19546,1.847000000000002
19547,2.261000000000002
19548,2.1520000000000024
19549,2.261000000000002
19550,2.033000000000002
19551,1.8410000000000022
19552,2.5660000000000003
19553,2.144000000000002
19554,2.148000000000002
19555,2.0530000000000017
19556,1.8430000000000015
19557,1.7460000000000022
19558,1.6470000000000011
19559,2.0350000000000024
19560,2.2550000000000017
19561,2.0530000000000017
19562,2.0490000000000013
19563,2.1480000000000024
19564,1.748000000000002
19565,1.9400000000000015
19566,2.065000000000001
19567,1.849000000000001
19568,1.9480000000000017
19569,1.8450000000000022
19570,2.2530000000000014
19571,1.851000000000001
19572,1.8490000000000018
19573,2.259000000000002
19574,2.1520000000000024
19575,2.150000000000002
19576,2.0570000000000013
19577,1.9340000000000026
19578,2.0530000000000013
19579,2.2450000000000023
19580,1.938000000000001
19581,1.8410000000000022
19582,2.352000000000002
19583,2.0510000000000024
19584,2.360000000000001
19585,1.849000000000002
19586,2.4530000000000016
19587,1.946000000000002
19588,2.047000000000002
19589,1.8410000000000029
19590,1.9400000000000022
19591,2.037000000000002
19592,2.3580000000000014
19593,2.150000000000002
19594,2.1520000000000015
19595,1.9440000000000015
19596,2.0570000000000017
19597,2.047000000000002
19598,2.063000000000002
19599,1.8470000000000015
19600,2.047000000000002
19601,1.847000000000001
19602,2.1520000000000024
19603,2.0570000000000017
19604,2.1480000000000015
19605,2.144000000000002
19606,2.0470000000000024
19607,2.3580000000000014
19608,2.148000000000002
19609,1.857000000000001
19610,2.4570000000000016
19611,1.9500000000000022
19612,1.857000000000001
19613,2.1560000000000015
19614,2.3480000000000016
19615,2.2590000000000017
19616,1.966000000000001
19617,2.0530000000000017
19618,2.0510000000000015
19619,1.8530000000000018
19620,2.2470000000000017
19621,2.1420000000000017
19622,1.7340000000000027
19623,2.0510000000000015
19624,1.9460000000000013
19625,1.6390000000000022
19626,2.0470000000000015
19627,2.2410000000000023
19628,2.360000000000002
19629,2.1360000000000023
19630,2.047000000000002
19631,1.9500000000000022
19632,2.142000000000002
19633,2.168000000000001
19634,2.1580000000000026
19635,2.0550000000000015
19636,1.9460000000000022
19637,2.655000000000001
19638,1.9380000000000015
19639,2.1560000000000015
19640,1.7440000000000024
19641,2.2550000000000017
19642,1.9580000000000013
19643,2.1480000000000024
19644,1.9560000000000017
19645,2.148000000000002
19646,1.8290000000000024
19647,1.6330000000000018
19648,2.2430000000000017
19649,1.8430000000000015
19650,1.9500000000000017
19651,1.7460000000000016
19652,1.9480000000000015
19653,2.5700000000000007
19654,2.043000000000002
19655,2.043000000000002
19656,1.950000000000002
19657,1.633000000000002
19658,2.152000000000002
19659,2.2550000000000017
19660,2.267000000000001
19661,1.9440000000000024
19662,2.2550000000000017
19663,1.9680000000000006
19664,1.9540000000000013
19665,1.9560000000000017
19666,2.2570000000000014
19667,2.158000000000001
19668,2.0510000000000015
19669,1.736000000000002
19670,2.253000000000002
19671,1.960000000000001
19672,2.247000000000002
19673,2.168000000000001
19674,2.0630000000000015
19675,1.956000000000002
19676,2.053000000000002
19677,2.2410000000000023
19678,2.1540000000000017
19679,2.4730000000000003
19680,1.9580000000000015
19681,2.2550000000000012
19682,1.9480000000000017
19683,2.0390000000000024
19684,1.8490000000000015
19685,1.8450000000000026
19686,1.9340000000000026
19687,1.6470000000000007
19688,1.9480000000000013
19689,2.055000000000002
19690,2.2490000000000023
19691,1.9480000000000013
19692,2.162000000000001
19693,2.160000000000002
19694,2.037000000000002
19695,2.764000000000001
19696,1.9540000000000015
19697,1.9480000000000024
19698,2.445000000000002
19699,2.0550000000000024
19700,2.0450000000000013
19701,1.9320000000000022
19702,2.0470000000000015
19703,1.9640000000000013
19704,1.9380000000000015
19705,1.7340000000000024
19706,2.051000000000002
19707,2.033000000000002
19708,2.156000000000002
19709,2.2610000000000015
19710,1.7540000000000016
19711,2.2490000000000014
19712,1.7420000000000015
19713,2.0570000000000026
19714,2.0630000000000006
19715,1.9380000000000024
19716,2.2530000000000014
19717,2.1640000000000015
19718,2.566000000000001
19719,1.8430000000000017
19720,2.0390000000000024
19721,2.1560000000000024
19722,1.8370000000000022
19723,2.146000000000002
19724,2.2550000000000017
19725,2.1440000000000015
19726,1.8470000000000015
19727,2.051000000000002
19728,2.051000000000002
19729,1.9540000000000017
19730,2.4650000000000007
19731,1.946000000000002
19732,2.039000000000002
19733,2.2510000000000012
19734,2.0510000000000024
19735,2.1580000000000017
19736,1.9400000000000022
19737,2.0490000000000017
19738,2.0450000000000013
19739,1.8570000000000015
19740,1.7480000000000018
19741,1.7340000000000024
19742,2.0370000000000026
19743,1.8450000000000015
19744,2.2630000000000017
19745,1.9480000000000017
19746,2.051000000000002
19747,2.0410000000000026
19748,1.938000000000003
19749,2.3440000000000025
19750,1.9480000000000022
19751,1.841000000000002
19752,1.8450000000000017
19753,1.9540000000000017
19754,2.3500000000000023
19755,2.0510000000000015
19756,2.144000000000002
19757,2.160000000000001
19758,2.1600000000000015
19759,2.150000000000002
19760,1.952000000000002
19761,2.370000000000001
19762,2.2730000000000015
19763,1.9400000000000017
19764,2.150000000000002
19765,2.2550000000000012
19766,2.253000000000002
19767,2.1440000000000023
19768,2.154000000000002
19769,1.9420000000000015
19770,2.0490000000000017
19771,2.144000000000002
19772,1.7400000000000018
19773,2.1660000000000013
19774,2.2610000000000015
19775,2.1480000000000024
19776,1.9320000000000024
19777,2.556000000000001
19778,2.146000000000002
19779,2.0570000000000013
19780,2.4530000000000016
19781,1.9480000000000017
19782,2.243000000000002
19783,2.057000000000002
19784,2.1420000000000026
19785,1.9460000000000024
19786,1.8450000000000017
19787,2.164000000000001
19788,2.1540000000000017
19789,2.0570000000000017
19790,1.7460000000000016
19791,2.136000000000003
19792,2.059000000000002
19793,1.9480000000000017
19794,1.9400000000000026
19795,1.8570000000000022
19796,2.0530000000000017
19797,1.9380000000000024
19798,2.253000000000002
19799,1.744000000000001
19800,2.1540000000000017
19801,1.9360000000000026
19802,1.8450000000000017
19803,2.049000000000002
19804,2.3640000000000017
19805,1.9540000000000024
19806,1.9400000000000026
19807,2.146000000000002
19808,2.449000000000002
19809,2.2590000000000012
19810,1.9480000000000022
19811,2.0510000000000024
19812,2.160000000000001
19813,1.956000000000002
19814,1.940000000000002
19815,1.849000000000002
19816,2.0510000000000024
19817,1.9480000000000013
19818,2.1500000000000017
19819,2.049000000000002
19820,1.5360000000000023
19821,2.146000000000002
19822,1.5300000000000022
19823,1.956000000000002
19824,1.8530000000000015
19825,2.2590000000000017
19826,2.0470000000000015
19827,2.0590000000000015
19828,2.2430000000000025
19829,2.045000000000002
19830,1.9440000000000026
19831,2.2590000000000017
19832,2.239000000000002
19833,1.8430000000000017
19834,1.9500000000000017
19835,2.2610000000000015
19836,2.065000000000001
19837,2.160000000000002
19838,2.1540000000000017
19839,1.740000000000002
19840,2.354000000000002
19841,1.9540000000000017
19842,2.2570000000000014
19843,2.142000000000002
19844,1.7380000000000024
19845,1.936000000000002
19846,2.346000000000002
19847,2.0630000000000015
19848,1.8390000000000009
19849,1.8390000000000024
19850,2.0630000000000015
19851,2.469000000000001
19852,2.1520000000000015
19853,2.1460000000000017
19854,2.059000000000001
19855,2.2510000000000026
19856,2.168000000000001
19857,2.1560000000000015
19858,1.9540000000000015
19859,2.0550000000000015
19860,2.051000000000002
19861,2.045000000000002
19862,1.9460000000000022
19863,2.1580000000000013
19864,2.255000000000002
19865,1.8430000000000015
19866,1.8490000000000024
19867,2.041000000000002
19868,2.144000000000002
19869,1.9600000000000026
19870,1.639000000000002
19871,2.2630000000000012
19872,2.150000000000002
19873,2.140000000000003
19874,2.049000000000002
19875,1.8450000000000022
19876,2.047000000000002
19877,2.158000000000001
19878,1.9480000000000022
19879,2.2410000000000028
19880,2.059000000000002
19881,2.049000000000002
19882,2.0410000000000026
19883,2.146000000000002
19884,2.0450000000000017
19885,1.9580000000000015
19886,2.051000000000002
19887,1.6330000000000027
19888,1.9420000000000022
19889,1.940000000000002
19890,1.960000000000001
19891,2.059000000000001
19892,1.8310000000000022
19893,2.0430000000000015
19894,2.059000000000001
19895,2.4430000000000027
19896,2.160000000000001
19897,1.9380000000000022
19898,2.1560000000000015
19899,2.3620000000000014
19900,2.2610000000000015
19901,2.463000000000002
19902,1.966000000000001
19903,2.138000000000002
19904,2.1560000000000015
19905,2.1640000000000015
19906,1.9520000000000013
19907,2.0610000000000013
19908,1.946000000000002
19909,2.2530000000000023
19910,1.9500000000000017
19911,2.1540000000000017
19912,2.556000000000002
19913,2.269000000000001
19914,2.1520000000000015
19915,2.455000000000002
19916,1.9480000000000015
19917,2.1520000000000015
19918,1.944000000000002
19919,1.8530000000000015
19920,2.0530000000000017
19921,1.643000000000002
19922,2.1520000000000015
19923,1.9500000000000017
19924,1.950000000000002
19925,2.255000000000002
19926,1.740000000000002
19927,2.340000000000002
19928,1.960000000000001
19929,2.1580000000000017
19930,2.0470000000000024
19931,2.253000000000002
19932,2.053000000000002
19933,1.9540000000000017
19934,2.463000000000001
19935,1.8510000000000022
19936,2.154000000000002
19937,1.956000000000002
19938,1.837000000000002
19939,1.7260000000000022
19940,2.0650000000000017
19941,2.3480000000000016
19942,2.4630000000000014
19943,2.5680000000000005
19944,2.156000000000002
19945,2.0510000000000024
19946,1.9560000000000017
19947,1.8570000000000015
19948,1.950000000000002
19949,2.3580000000000005
19950,1.9320000000000028
19951,2.0490000000000013
19952,1.9460000000000013
19953,1.7400000000000022
19954,1.9500000000000017
19955,1.845000000000002
19956,1.8470000000000015
19957,1.8470000000000015
19958,2.265000000000001
19959,2.150000000000002
19960,2.051000000000002
19961,1.9560000000000013
19962,1.8470000000000024
19963,2.255000000000002
19964,2.1580000000000017
19965,1.8430000000000022
19966,2.253000000000002
19967,1.732000000000003
19968,1.9500000000000022
19969,2.041000000000002
19970,1.9420000000000024
19971,2.148000000000002
19972,1.9580000000000015
19973,1.8470000000000026
19974,2.1580000000000017
19975,1.9380000000000024
19976,1.6390000000000027
19977,1.9520000000000022
19978,2.051000000000001
19979,1.8350000000000026
19980,1.8490000000000015
19981,2.356000000000001
19982,1.8370000000000022
19983,1.847000000000002
19984,2.2590000000000012
19985,1.8510000000000013
19986,1.7380000000000018
19987,1.6330000000000027
19988,1.9560000000000017
19989,2.251000000000002
19990,2.261000000000001
19991,2.156000000000002
19992,1.9380000000000024
19993,2.043000000000002
19994,1.9480000000000017
19995,2.3500000000000014
19996,2.063000000000001
19997,1.9480000000000015
19998,2.4530000000000016
19999,1.9380000000000022
20000,2.352000000000002
20001,1.847000000000002
20002,2.249000000000002
20003,2.0530000000000017
20004,2.245000000000002
20005,1.960000000000001
20006,1.9540000000000015
20007,2.154000000000002
20008,2.560000000000001
20009,1.7480000000000018
20010,1.8430000000000015
20011,2.043000000000002
20012,1.9440000000000017
20013,2.160000000000002
20014,2.1540000000000012
20015,1.9480000000000017
20016,1.851000000000001
20017,2.2570000000000014
20018,2.154000000000002
20019,2.253000000000002
20020,2.1540000000000012
20021,1.9440000000000024
20022,1.8530000000000015
20023,2.0530000000000017
20024,2.162000000000001
20025,1.8510000000000013
20026,2.055000000000002
20027,1.9460000000000017
20028,1.9460000000000013
20029,2.3560000000000016
20030,2.1580000000000013
20031,1.8350000000000015
20032,2.045000000000002
20033,1.6470000000000022
20034,2.0470000000000015
20035,1.9460000000000013
20036,2.0510000000000024
20037,1.9420000000000024
20038,2.253000000000002
20039,2.154000000000002
20040,2.2550000000000017
20041,2.055000000000002
20042,2.043000000000002
20043,2.0430000000000024
20044,2.0530000000000017
20045,1.6470000000000022
20046,1.6450000000000014
20047,2.2630000000000012
20048,1.855000000000002
20049,1.8490000000000018
20050,2.047000000000002
20051,2.350000000000002
20052,1.8350000000000026
20053,2.3540000000000014
20054,2.1560000000000015
20055,2.0530000000000017
20056,2.0610000000000017
20057,2.1580000000000017
20058,2.160000000000002
20059,1.9420000000000024
20060,1.9540000000000017
20061,1.8390000000000017
20062,1.9500000000000022
20063,2.045000000000002
20064,2.067000000000001
20065,1.841000000000002
20066,1.946000000000002
20067,2.1540000000000017
20068,2.049000000000002
20069,2.053000000000002
20070,1.845000000000002
20071,2.0510000000000015
20072,2.4570000000000016
20073,2.255000000000002
20074,1.952000000000002
20075,1.8330000000000017
20076,2.459000000000002
20077,1.954000000000002
20078,1.8410000000000022
20079,2.0530000000000017
20080,2.346000000000002
20081,1.8410000000000017
20082,2.146000000000002
20083,2.354000000000002
20084,1.8390000000000026
20085,2.043000000000002
20086,2.2550000000000026
20087,2.2450000000000028
20088,2.2410000000000023
20089,1.8330000000000026
20090,1.9540000000000024
20091,2.1580000000000017
20092,2.0470000000000015
20093,1.9600000000000017
20094,2.459000000000002
20095,1.9460000000000017
20096,2.154000000000002
20097,2.1520000000000015
20098,2.1540000000000017
20099,2.1520000000000015
20100,1.9580000000000013
20101,1.9560000000000017
20102,1.9460000000000017
20103,1.8430000000000017
20104,1.8450000000000017
20105,2.043000000000002
20106,2.0490000000000013
20107,1.8450000000000017
20108,1.8350000000000022
20109,1.8410000000000013
20110,2.1520000000000015
20111,1.8490000000000018
20112,2.1440000000000023
20113,1.944000000000002
20114,1.9540000000000017
20115,2.2510000000000012
20116,1.9500000000000015
20117,1.946000000000002
20118,1.9440000000000017
20119,2.0530000000000013
20120,1.9400000000000028
20121,2.3700000000000014
20122,2.459000000000002
20123,1.841000000000002
20124,2.354000000000002
20125,2.344000000000002
20126,1.950000000000001
20127,1.8430000000000022
20128,2.047000000000002
20129,2.366000000000002
20130,2.249000000000002
20131,2.1500000000000017
20132,1.9420000000000024
20133,2.3580000000000014
20134,1.9440000000000024
20135,1.845000000000002
20136,1.750000000000002
20137,2.2590000000000012
20138,2.0530000000000017
20139,1.7380000000000024
20140,2.350000000000002
20141,2.045000000000002
20142,2.1500000000000017
20143,1.8490000000000015
20144,1.845000000000001
20145,2.1560000000000015
20146,1.851000000000002
20147,2.241000000000002
20148,2.0610000000000013
20149,2.1640000000000015
20150,1.8530000000000015
20151,1.9480000000000015
20152,1.9460000000000013
20153,1.9460000000000017
20154,2.144000000000003
20155,2.037000000000002
20156,1.9500000000000017
20157,1.9580000000000013
20158,1.9460000000000024
20159,2.0450000000000017
20160,2.1640000000000015
20161,2.077000000000001
20162,1.9560000000000017
20163,2.1540000000000012
20164,2.2590000000000017
20165,2.2530000000000023
20166,2.150000000000002
20167,1.8490000000000015
20168,1.950000000000002
20169,2.1520000000000015
20170,1.9400000000000028
20171,1.736000000000002
20172,2.055000000000002
20173,1.7420000000000022
20174,2.142000000000002
20175,1.9380000000000022
20176,2.148000000000002
20177,1.9520000000000022
20178,2.1480000000000015
20179,1.8510000000000018
20180,2.043000000000002
20181,1.8430000000000022
20182,1.7320000000000026
20183,1.837000000000002
20184,2.3460000000000023
20185,1.9520000000000024
20186,2.1560000000000015
20187,2.1540000000000012
20188,1.9500000000000017
20189,2.1520000000000015
20190,1.8510000000000018
20191,2.257000000000002
20192,2.0510000000000024
20193,1.9540000000000013
20194,2.1620000000000017
20195,1.6450000000000018
20196,2.142000000000002
20197,2.3460000000000014
20198,2.1580000000000017
20199,2.0510000000000015
20200,2.259000000000002
20201,1.8530000000000013
20202,2.1600000000000015
20203,1.9580000000000017
20204,2.2530000000000014
20205,2.1540000000000017
20206,1.7420000000000018
20207,2.1520000000000015
20208,1.6510000000000014
20209,2.1560000000000015
20210,2.1480000000000015
20211,1.9500000000000015
20212,1.841000000000002
20213,1.8430000000000022
20214,2.0510000000000024
20215,1.9340000000000017
20216,2.144000000000002
20217,2.047000000000002
20218,1.9420000000000022
20219,2.346000000000002
20220,1.847000000000002
20221,2.166000000000001
20222,1.940000000000002
20223,1.9460000000000017
20224,1.847000000000002
20225,2.2490000000000023
20226,2.2590000000000017
20227,2.350000000000002
20228,2.251000000000002
20229,1.8410000000000022
20230,2.2610000000000015
20231,1.9500000000000017
20232,1.9500000000000017
20233,2.039000000000002
20234,2.1580000000000017
20235,1.9520000000000015
20236,2.168000000000001
20237,2.1540000000000017
20238,2.043000000000002
20239,1.9480000000000013
20240,2.265000000000001
20241,1.7420000000000022
20242,2.166000000000001
20243,2.142000000000002
20244,2.168000000000001
20245,2.148000000000002
20246,1.649000000000002
20247,1.9480000000000024
20248,2.249000000000002
20249,1.740000000000002
20250,1.9420000000000015
20251,2.049000000000002
20252,2.1580000000000013
20253,1.8570000000000013
20254,2.263000000000001
20255,2.2710000000000012
20256,1.8390000000000017
20257,1.8530000000000022
20258,2.247000000000002
20259,2.043000000000001
20260,2.257000000000002
20261,2.0390000000000024
20262,2.0470000000000024
20263,1.9580000000000013
20264,1.9500000000000017
20265,2.0610000000000017
20266,1.9400000000000015
20267,2.3560000000000016
20268,2.348000000000001
20269,1.6410000000000022
20270,1.8450000000000022
20271,1.7420000000000018
20272,2.0610000000000013
20273,2.380000000000001
20274,2.1680000000000006
20275,1.6370000000000027
20276,1.956000000000002
20277,2.154000000000002
20278,2.2510000000000026
20279,2.1440000000000023
20280,2.0670000000000015
20281,2.269000000000001
20282,1.9480000000000017
20283,2.3640000000000008
20284,1.839000000000002
20285,2.4530000000000025
20286,1.9460000000000022
20287,1.9540000000000013
20288,1.7520000000000018
20289,1.8470000000000013
20290,2.1420000000000017
20291,2.243000000000002
20292,1.9640000000000015
20293,1.9560000000000013
20294,1.8450000000000026
20295,2.2570000000000014
20296,2.461000000000001
20297,2.150000000000002
20298,1.942000000000002
20299,1.8430000000000022
20300,2.3640000000000017
20301,1.7440000000000015
20302,2.2610000000000015
20303,2.041000000000002
20304,2.045000000000002
20305,2.253000000000002
20306,1.9340000000000028
20307,2.146000000000002
20308,2.1500000000000017
20309,1.7660000000000013
20310,2.1480000000000024
20311,2.356000000000002
20312,2.0490000000000013
20313,2.0510000000000015
20314,2.152000000000002
20315,1.9400000000000028
20316,1.9360000000000017
20317,2.2510000000000017
20318,2.1560000000000015
20319,1.964000000000002
20320,2.2470000000000017
20321,1.9460000000000017
20322,1.7520000000000022
20323,1.9480000000000013
20324,2.5560000000000014
20325,2.045000000000002
20326,1.8490000000000018
20327,2.354000000000002
20328,2.138000000000002
20329,2.146000000000002
20330,2.148000000000002
20331,1.8450000000000017
20332,1.841000000000002
20333,2.362000000000001
20334,1.8530000000000013
20335,2.2430000000000017
20336,2.1640000000000015
20337,2.045000000000002
20338,1.845000000000002
20339,1.952000000000002
20340,2.0470000000000024
20341,1.9480000000000017
20342,1.9640000000000013
20343,2.043000000000002
20344,1.841000000000002
20345,1.8390000000000013
20346,2.0490000000000013
20347,2.049000000000002
20348,1.8470000000000022
20349,2.2570000000000014
20350,1.9540000000000015
20351,1.9420000000000024
20352,1.9620000000000004
20353,2.150000000000002
20354,2.039000000000002
20355,2.057000000000001
20356,2.1420000000000026
20357,2.1520000000000015
20358,2.041000000000002
20359,2.245000000000002
20360,2.3680000000000008
20361,1.8490000000000015
20362,1.8490000000000018
20363,2.160000000000002
20364,2.053000000000002
20365,1.8570000000000007
20366,2.360000000000001
20367,2.0490000000000017
20368,2.3520000000000016
20369,2.2590000000000012
20370,1.9420000000000013
20371,2.164000000000002
20372,2.0570000000000017
20373,2.146000000000002
20374,2.176000000000001
20375,1.9620000000000015
20376,2.047000000000002
20377,2.3580000000000014
20378,1.9680000000000015
20379,2.4450000000000025
20380,1.8390000000000017
20381,1.750000000000002
20382,2.043000000000002
20383,1.8590000000000015
20384,2.0610000000000017
20385,2.269000000000001
20386,1.9420000000000022
20387,1.9380000000000022
20388,2.168000000000001
20389,1.950000000000002
20390,1.8490000000000026
20391,1.8430000000000022
20392,2.0310000000000024
20393,1.9620000000000015
20394,2.560000000000001
20395,2.360000000000001
20396,2.0470000000000024
20397,2.057000000000001
20398,2.047000000000001
20399,2.1540000000000017
20400,1.7340000000000018
20401,1.8470000000000022
20402,2.049000000000002
20403,2.2550000000000017
20404,2.1540000000000017
20405,2.2590000000000012
20406,1.839000000000002
20407,1.754000000000001
20408,2.150000000000002
20409,2.1620000000000017
20410,1.6510000000000011
20411,2.360000000000001
20412,2.2670000000000012
20413,1.847000000000002
20414,2.1620000000000017
20415,2.164000000000001
20416,1.9400000000000026
20417,2.039000000000002
20418,1.8490000000000015
20419,2.2670000000000017
20420,2.059000000000003
20421,2.3580000000000014
20422,2.7680000000000007
20423,2.2550000000000017
20424,2.1600000000000015
20425,1.9400000000000026
20426,2.1580000000000013
20427,2.251000000000002
20428,2.1480000000000015
20429,2.255000000000002
20430,1.9420000000000015
20431,1.952000000000002
20432,2.249000000000002
20433,2.2590000000000017
20434,2.156000000000002
20435,2.138000000000002
20436,2.249000000000002
20437,1.9380000000000026
20438,2.0470000000000024
20439,2.257000000000002
20440,2.063000000000002
20441,2.053000000000002
20442,2.0530000000000017
20443,2.0490000000000017
20444,2.354000000000002
20445,1.8430000000000017
20446,2.1400000000000023
20447,1.9460000000000024
20448,2.2410000000000023
20449,2.0470000000000015
20450,1.8430000000000015
20451,2.148000000000002
20452,2.1540000000000017
20453,2.0510000000000015
20454,2.362000000000002
20455,2.0530000000000013
20456,1.9560000000000013
20457,1.9380000000000017
20458,2.2570000000000014
20459,1.9480000000000022
20460,1.845000000000002
20461,2.1520000000000015
20462,2.0610000000000017
20463,2.059000000000002
20464,2.4390000000000027
20465,2.1460000000000017
20466,1.746000000000002
20467,2.0350000000000024
20468,1.8470000000000024
20469,2.059000000000001
20470,2.051000000000002
20471,2.2510000000000017
20472,2.148000000000002
20473,1.8510000000000018
20474,2.158000000000002
20475,2.0530000000000017
20476,2.4490000000000016
20477,1.7380000000000018
20478,1.7440000000000015
20479,1.9540000000000015
20480,1.9540000000000017
20481,1.9420000000000028
20482,1.8430000000000017
20483,2.168000000000001
20484,2.2550000000000012
20485,1.8570000000000013
20486,2.1480000000000024
20487,1.7420000000000022
20488,2.0530000000000017
20489,2.0530000000000017
20490,2.043000000000002
20491,2.152000000000002
20492,1.944000000000002
20493,2.2710000000000012
20494,1.9440000000000024
20495,2.1520000000000015
20496,1.9500000000000015
20497,2.1500000000000012
20498,2.459000000000002
20499,1.7500000000000009
20500,1.9460000000000022
20501,2.0490000000000017
20502,1.8550000000000026
20503,2.245000000000002
20504,2.045000000000002
20505,2.2490000000000023
20506,1.8430000000000017
20507,2.0510000000000015
20508,2.148000000000002
20509,2.0510000000000015
20510,2.152000000000002
20511,2.0350000000000024
20512,2.2410000000000023
20513,1.8430000000000017
20514,2.1560000000000006
20515,2.045000000000002
20516,2.370000000000001
20517,1.8470000000000022
20518,2.1560000000000015
20519,2.0570000000000017
20520,1.9460000000000022
20521,2.144000000000002
20522,2.0490000000000017
20523,2.3320000000000025
20524,2.164000000000002
20525,1.7460000000000016
20526,1.8370000000000022
20527,2.3520000000000016
20528,2.1520000000000024
20529,1.855000000000002
20530,2.4790000000000005
20531,2.168000000000001
20532,2.1360000000000023
20533,2.158000000000001
20534,2.360000000000001
20535,2.1560000000000015
20536,2.065000000000002
20537,2.1520000000000015
20538,2.257000000000001
20539,2.051000000000002
20540,2.140000000000002
20541,2.053000000000002
20542,1.839000000000002
20543,2.0610000000000013
20544,2.144000000000002
20545,2.2550000000000017
20546,2.263000000000001
20547,2.0470000000000024
20548,2.1400000000000023
20549,2.1640000000000015
20550,2.2570000000000014
20551,1.950000000000002
20552,2.249000000000002
20553,2.0590000000000015
20554,2.261000000000001
20555,2.053000000000002
20556,2.247000000000002
20557,1.9480000000000024
20558,2.170000000000001
20559,2.0570000000000013
20560,2.160000000000002
20561,2.0590000000000015
20562,2.162000000000002
20563,1.8410000000000013
20564,1.7300000000000022
20565,2.2590000000000017
20566,1.9540000000000015
20567,2.1380000000000026
20568,2.055000000000001
20569,2.160000000000002
20570,1.942000000000002
20571,2.1580000000000017
20572,2.0430000000000015
20573,2.2610000000000015
20574,2.0490000000000017
20575,2.043000000000002
20576,2.0610000000000013
20577,2.0330000000000026
20578,2.0590000000000015
20579,2.3460000000000027
20580,1.9480000000000024
20581,2.1460000000000026
20582,1.9560000000000013
20583,2.0530000000000026
20584,2.0510000000000015
20585,2.1520000000000015
20586,2.265000000000002
20587,1.9520000000000015
20588,2.1420000000000026
20589,2.045000000000002
20590,1.944000000000002
20591,2.0510000000000015
20592,1.952000000000001
20593,2.255000000000002
20594,2.148000000000001
20595,1.7300000000000026
20596,2.0490000000000017
20597,1.942000000000002
20598,1.8430000000000017
20599,2.3580000000000014
20600,2.1500000000000026
20601,2.3660000000000014
20602,1.8470000000000015
20603,1.9500000000000017
20604,1.7520000000000013
20605,1.9460000000000022
20606,2.0390000000000024
20607,2.140000000000003
20608,2.1580000000000013
20609,2.2670000000000017
20610,2.152000000000002
20611,2.144000000000002
20612,2.059000000000002
20613,2.2530000000000014
20614,1.9580000000000017
20615,2.051000000000002
20616,2.1560000000000015
20617,1.8430000000000024
20618,2.3620000000000014
20619,2.360000000000001
20620,2.144000000000002
20621,2.047000000000002
20622,1.9480000000000017
20623,2.0410000000000026
20624,2.146000000000002
20625,2.0550000000000015
20626,1.847000000000002
20627,1.7400000000000009
20628,1.8550000000000013
20629,2.154000000000002
20630,2.2450000000000023
20631,2.164000000000001
20632,1.9500000000000026
20633,2.269000000000001
20634,2.041000000000002
20635,1.9360000000000022
20636,2.0430000000000015
20637,1.9500000000000017
20638,1.847000000000002
20639,1.9400000000000017
20640,1.6370000000000018
20641,1.954000000000002
20642,2.2430000000000025
20643,2.160000000000002
20644,2.148000000000002
20645,2.1460000000000017
20646,2.1620000000000017
20647,2.150000000000002
20648,1.9420000000000015
20649,1.7460000000000013
20650,2.2350000000000025
20651,2.148000000000002
20652,1.6390000000000022
20653,1.9400000000000026
20654,2.1540000000000017
20655,2.251000000000002
20656,2.235000000000002
20657,1.7460000000000022
20658,1.9500000000000017
20659,2.0510000000000015
20660,2.073000000000001
20661,2.356000000000002
20662,2.150000000000002
20663,2.1600000000000015
20664,2.0590000000000015
20665,1.8470000000000022
20666,2.0650000000000013
20667,1.841000000000002
20668,2.3720000000000017
20669,1.9480000000000022
20670,2.0510000000000015
20671,2.3580000000000014
20672,2.150000000000002
20673,2.1580000000000017
20674,2.2450000000000023
20675,2.1580000000000017
20676,1.9620000000000015
20677,2.059000000000002
20678,2.1500000000000017
20679,1.7420000000000022
20680,1.950000000000002
20681,1.740000000000002
20682,2.160000000000001
20683,2.4630000000000014
20684,2.1520000000000015
20685,2.372000000000001
20686,1.841000000000002
20687,2.1600000000000024
20688,2.043000000000002
20689,2.263000000000002
20690,1.9640000000000006
20691,1.9460000000000028
20692,2.2550000000000017
20693,2.144000000000003
20694,2.162000000000001
20695,2.0490000000000013
20696,2.249000000000001
20697,2.2390000000000025
20698,1.8430000000000022
20699,2.043000000000002
20700,2.0430000000000024
20701,1.9380000000000024
20702,2.57
20703,1.9480000000000022
20704,2.253000000000002
20705,1.851000000000002
20706,1.8430000000000017
20707,2.3420000000000023
20708,1.9540000000000008
20709,1.952000000000002
20710,1.9360000000000022
20711,1.8590000000000015
20712,1.8430000000000017
20713,1.9480000000000013
20714,1.8390000000000026
20715,2.265000000000001
20716,2.0450000000000017
20717,2.0650000000000013
20718,2.469000000000001
20719,1.9340000000000024
20720,2.146000000000002
20721,2.1480000000000015
20722,1.9580000000000015
20723,2.3580000000000014
20724,2.0570000000000026
20725,2.1500000000000017
20726,1.9460000000000013
20727,2.1440000000000023
20728,2.150000000000002
20729,2.0510000000000024
20730,2.3500000000000023
20731,2.146000000000002
20732,2.2470000000000017
20733,2.265000000000002
20734,1.9380000000000022
20735,2.2650000000000015
20736,2.3680000000000017
20737,2.1620000000000013
20738,1.7460000000000029
20739,1.534000000000003
20740,1.7420000000000022
20741,2.164000000000001
20742,1.9640000000000017
20743,1.9440000000000024
20744,1.8490000000000015
20745,2.041000000000002
20746,1.9440000000000026
20747,2.1500000000000017
20748,1.9300000000000015
20749,2.354000000000001
20750,2.257000000000002
20751,1.8350000000000017
20752,2.067
20753,2.144000000000003
20754,2.2730000000000015
20755,1.9620000000000015
20756,1.835000000000002
20757,2.1700000000000013
20758,2.1560000000000015
20759,2.2510000000000017
20760,2.1560000000000015
20761,2.0530000000000017
20762,2.2570000000000023
20763,2.0470000000000024
20764,2.1520000000000024
20765,1.7360000000000013
20766,1.8510000000000022
20767,2.247000000000001
20768,1.9560000000000017
20769,2.257000000000002
20770,2.039000000000002
20771,2.350000000000002
20772,2.0570000000000013
20773,2.0490000000000013
20774,2.251000000000002
20775,1.8450000000000022
20776,2.041000000000002
20777,2.0470000000000015
20778,1.8390000000000024
20779,2.1580000000000017
20780,1.9640000000000017
20781,2.160000000000002
20782,2.1380000000000026
20783,1.9580000000000015
20784,1.9560000000000013
20785,1.6370000000000016
20786,1.9420000000000024
20787,1.8430000000000024
20788,2.1720000000000006
20789,1.7420000000000027
20790,2.168000000000001
20791,2.2610000000000023
20792,2.0370000000000026
20793,2.162000000000002
20794,2.3580000000000023
20795,2.039000000000002
20796,2.059000000000001
20797,2.1500000000000017
20798,2.1520000000000015
20799,2.1500000000000017
20800,2.0590000000000015
20801,2.5460000000000025
20802,1.9540000000000015
20803,1.8550000000000018
20804,2.1580000000000013
20805,1.7380000000000022
20806,2.148000000000002
20807,2.0610000000000013
20808,1.9500000000000015
20809,2.045000000000002
20810,2.051000000000002
20811,1.8470000000000015
20812,2.255000000000002
20813,1.8430000000000022
20814,1.8550000000000018
20815,2.247000000000002
20816,1.946000000000002
20817,2.3460000000000023
20818,2.2490000000000023
20819,1.8550000000000018
20820,1.9500000000000017
20821,2.2430000000000017
20822,1.639000000000002
20823,2.1640000000000015
20824,1.9480000000000017
20825,2.356000000000002
20826,1.8450000000000026
20827,2.1580000000000013
20828,2.0610000000000017
20829,2.1500000000000026
20830,2.2410000000000023
20831,1.9540000000000017
20832,2.033000000000003
20833,2.152000000000002
20834,2.0550000000000015
20835,1.8410000000000017
20836,2.059000000000001
20837,1.8450000000000015
20838,2.2670000000000012
20839,1.8470000000000015
20840,1.8370000000000022
20841,1.8410000000000022
20842,2.152000000000002
20843,1.8310000000000022
20844,2.366000000000001
20845,2.1560000000000024
20846,2.1540000000000017
20847,1.7460000000000016
20848,2.2710000000000004
20849,2.360000000000001
20850,2.0610000000000013
20851,1.8330000000000026
20852,1.5520000000000014
20853,2.368000000000001
20854,1.839000000000002
20855,1.8490000000000024
20856,2.059000000000002
20857,2.0650000000000013
20858,2.2530000000000014
20859,2.049000000000002
20860,2.049000000000002
20861,2.1480000000000015
20862,1.946000000000002
20863,2.249000000000002
20864,2.043000000000002
20865,2.2510000000000017
20866,2.2550000000000012
20867,2.035000000000003
20868,1.849000000000002
20869,2.1500000000000017
20870,1.9420000000000022
20871,2.364000000000001
20872,2.162000000000001
20873,2.1520000000000015
20874,2.251000000000002
20875,2.3620000000000014
20876,2.1360000000000023
20877,2.170000000000001
20878,2.160000000000002
20879,2.057000000000002
20880,2.2510000000000017
20881,2.253000000000002
20882,2.556000000000002
20883,1.7560000000000011
20884,2.0510000000000024
20885,1.946000000000002
20886,2.0470000000000024
20887,2.0510000000000015
20888,2.2430000000000017
20889,2.2470000000000026
20890,1.7440000000000024
20891,2.033000000000003
20892,1.7620000000000018
20893,2.158000000000001
20894,2.0450000000000017
20895,1.9540000000000008
20896,2.4750000000000014
20897,1.954000000000002
20898,2.1480000000000015
20899,2.255000000000002
20900,1.7520000000000016
20901,2.045000000000002
20902,1.8570000000000015
20903,1.8350000000000026
20904,2.0570000000000013
20905,2.0550000000000015
20906,2.3540000000000014
20907,1.6490000000000016
20908,2.055000000000002
20909,1.7280000000000022
20910,1.9400000000000022
20911,1.8390000000000017
20912,2.1420000000000017
20913,2.051000000000002
20914,2.4670000000000014
20915,2.0610000000000013
20916,2.0530000000000017
20917,2.0470000000000024
20918,1.946000000000002
20919,2.150000000000002
20920,2.245000000000002
20921,2.160000000000001
20922,1.950000000000002
20923,2.2430000000000017
20924,1.9380000000000026
20925,1.9340000000000026
20926,2.1540000000000017
20927,1.942000000000002
20928,2.065000000000001
20929,1.7480000000000013
20930,1.6410000000000013
20931,1.946000000000002
20932,2.0710000000000015
20933,2.2470000000000026
20934,2.049000000000002
20935,2.057000000000002
20936,1.9480000000000017
20937,2.269000000000001
20938,1.740000000000002
20939,2.255000000000002
20940,2.362000000000001
20941,1.9420000000000024
20942,2.2630000000000017
20943,1.8430000000000015
20944,1.962000000000001
20945,2.0570000000000017
20946,2.0570000000000017
20947,1.9500000000000015
20948,2.2630000000000017
20949,2.156000000000002
20950,2.0570000000000013
20951,2.047000000000002
20952,2.043000000000002
20953,2.2590000000000017
20954,2.2610000000000015
20955,2.253000000000002
20956,2.0350000000000024
20957,2.0530000000000017
20958,1.7380000000000013
20959,1.9460000000000017
20960,2.0450000000000017
20961,2.0630000000000015
20962,2.152000000000002
20963,2.0510000000000024
20964,2.130000000000003
20965,1.7400000000000013
20966,2.160000000000001
20967,1.8450000000000017
20968,2.152000000000002
20969,2.2470000000000026
20970,2.1560000000000015
20971,2.1540000000000017
20972,2.1460000000000017
20973,1.9440000000000017
20974,1.9440000000000015
20975,2.055000000000001
20976,2.0430000000000015
20977,2.1620000000000017
20978,2.2550000000000017
20979,1.940000000000002
20980,1.8490000000000018
20981,1.8390000000000024
20982,1.7520000000000016
20983,1.8470000000000022
20984,1.7420000000000015
20985,2.1560000000000015
20986,1.8710000000000016
20987,2.2470000000000026
20988,2.0510000000000015
20989,2.156000000000002
20990,2.146000000000002
20991,1.8530000000000022
20992,2.0470000000000024
20993,2.043000000000002
20994,1.9460000000000022
20995,2.0530000000000017
20996,2.253000000000002
20997,2.0530000000000017
20998,2.366
20999,2.0490000000000017
21000,1.9380000000000022
21001,2.0490000000000017
21002,2.156000000000002
21003,2.0510000000000015
21004,2.1500000000000017
21005,2.2470000000000017
21006,1.9640000000000004
21007,2.144000000000002
21008,1.746000000000002
21009,1.954000000000002
21010,1.8490000000000015
21011,2.073000000000001
21012,2.364000000000001
21013,2.1600000000000015
21014,2.059000000000001
21015,2.249000000000002
21016,1.9420000000000022
21017,2.455000000000002
21018,1.6370000000000018
21019,2.2550000000000017
21020,1.8470000000000015
21021,1.855000000000002
21022,2.2570000000000014
21023,2.0610000000000017
21024,1.831000000000002
21025,2.550000000000002
21026,2.1420000000000026
21027,1.8330000000000024
21028,1.9380000000000024
21029,2.0530000000000017
21030,1.8470000000000015
21031,2.059000000000001
21032,1.9520000000000015
21033,1.8470000000000015
21034,2.259000000000002
21035,1.952000000000001
21036,2.0470000000000024
21037,1.9440000000000024
21038,1.9500000000000017
21039,1.9540000000000017
21040,1.7440000000000024
21041,2.1520000000000015
21042,2.2570000000000014
21043,2.154000000000002
21044,2.4730000000000016
21045,2.1460000000000017
21046,1.8390000000000024
21047,1.8510000000000018
21048,1.8530000000000015
21049,2.0690000000000013
21050,2.2550000000000017
21051,2.055000000000002
21052,2.2630000000000012
21053,2.0650000000000013
21054,2.0450000000000017
21055,1.839000000000003
21056,1.7560000000000011
21057,1.942000000000002
21058,2.4670000000000023
21059,2.253000000000002
21060,1.845000000000002
21061,2.0470000000000024
21062,2.0490000000000017
21063,2.1580000000000017
21064,2.0430000000000024
21065,1.9540000000000015
21066,1.9440000000000017
21067,2.156000000000002
21068,1.9460000000000022
21069,1.9380000000000022
21070,2.142000000000002
21071,1.8470000000000022
21072,1.7580000000000013
21073,2.156000000000002
21074,1.7340000000000018
21075,2.2590000000000017
21076,1.746000000000001
21077,2.2630000000000012
21078,2.1520000000000015
21079,2.1520000000000015
21080,2.1540000000000017
21081,2.0610000000000013
21082,1.849000000000002
21083,1.9380000000000024
21084,2.4570000000000016
21085,1.847000000000002
21086,1.9540000000000008
21087,1.8430000000000022
21088,2.1500000000000017
21089,1.950000000000001
21090,2.2590000000000017
21091,1.950000000000002
21092,2.0410000000000026
21093,1.9620000000000004
21094,2.0490000000000017
21095,1.8430000000000022
21096,2.2610000000000015
21097,2.045000000000002
21098,1.7420000000000018
21099,2.3580000000000014
21100,2.1400000000000023
21101,2.1560000000000015
21102,2.364000000000002
21103,2.2570000000000014
21104,2.3440000000000025
21105,2.1660000000000013
21106,2.0470000000000024
21107,2.249000000000001
21108,2.075000000000001
21109,2.1660000000000017
21110,1.8430000000000024
21111,2.0370000000000017
21112,2.150000000000002
21113,2.1620000000000013
21114,2.152000000000002
21115,2.257000000000002
21116,1.9400000000000022
21117,1.9420000000000022
21118,2.170000000000001
21119,1.958000000000001
21120,2.247000000000002
21121,2.140000000000002
21122,2.3440000000000025
21123,2.045000000000002
21124,1.8290000000000026
21125,2.1580000000000013
21126,1.8510000000000018
21127,2.4590000000000005
21128,2.0550000000000015
21129,2.150000000000002
21130,1.8390000000000017
21131,2.4530000000000016
21132,1.9520000000000022
21133,2.049000000000002
21134,1.6430000000000018
21135,2.2470000000000026
21136,2.374000000000001
21137,2.2590000000000012
21138,1.8430000000000022
21139,1.6290000000000027
21140,2.5500000000000016
21141,2.2550000000000012
21142,1.9440000000000017
21143,2.247000000000002
21144,1.9420000000000022
21145,1.9460000000000022
21146,2.148000000000002
21147,2.3580000000000014
21148,2.465000000000001
21149,1.9480000000000022
21150,2.0570000000000017
21151,2.059000000000001
21152,1.9600000000000015
21153,2.1520000000000015
21154,1.8530000000000015
21155,2.1440000000000023
21156,2.1580000000000013
21157,2.0650000000000013
21158,2.0550000000000015
21159,1.8530000000000015
21160,2.5700000000000016
21161,2.154000000000002
21162,1.7380000000000022
21163,2.2630000000000017
21164,2.0530000000000017
21165,2.0610000000000013
21166,2.0490000000000013
21167,2.154000000000002
21168,1.847000000000002
21169,2.0530000000000017
21170,1.9480000000000017
21171,2.259000000000001
21172,2.0390000000000024
21173,2.255000000000002
21174,2.0470000000000024
21175,1.9480000000000024
21176,2.257000000000002
21177,1.8450000000000017
21178,2.049000000000002
21179,1.8490000000000015
21180,1.7480000000000013
21181,1.944000000000002
21182,2.142000000000002
21183,1.9580000000000017
21184,1.5360000000000016
21185,2.0470000000000015
21186,2.047000000000002
21187,2.0610000000000013
21188,2.3500000000000023
21189,2.154000000000002
21190,2.1540000000000017
21191,1.8510000000000018
21192,1.7420000000000013
21193,1.9380000000000022
21194,1.8450000000000017
21195,2.156000000000002
21196,2.1620000000000017
21197,2.148000000000002
21198,1.9420000000000022
21199,2.162000000000001
21200,2.1380000000000017
21201,1.8550000000000013
21202,1.9460000000000017
21203,1.851000000000002
21204,1.9440000000000017
21205,1.946000000000002
21206,1.9560000000000017
21207,1.8470000000000015
21208,1.8550000000000022
21209,2.047000000000002
21210,1.958000000000001
21211,2.148000000000002
21212,1.8550000000000009
21213,1.942000000000002
21214,1.8450000000000015
21215,2.2610000000000015
21216,2.344000000000002
21217,2.1380000000000017
21218,2.150000000000003
21219,2.065000000000002
21220,1.9480000000000022
21221,2.1540000000000017
21222,1.865000000000001
21223,1.9480000000000022
21224,1.8530000000000022
21225,2.2710000000000012
21226,2.0490000000000017
21227,2.2470000000000017
21228,1.851000000000002
21229,1.6470000000000011
21230,1.9500000000000017
21231,1.9540000000000017
21232,2.160000000000002
21233,2.1680000000000006
21234,2.1560000000000015
21235,1.9540000000000015
21236,2.049000000000002
21237,2.2530000000000014
21238,2.041000000000002
21239,2.1540000000000017
21240,2.0490000000000017
21241,1.7440000000000015
21242,2.049000000000002
21243,2.039000000000003
21244,2.0450000000000017
21245,2.1420000000000026
21246,2.1580000000000017
21247,2.449000000000002
21248,2.2490000000000023
21249,2.358000000000002
21250,2.5660000000000007
21251,1.9460000000000013
21252,1.7560000000000024
21253,2.1400000000000023
21254,2.144000000000002
21255,1.839000000000002
21256,2.0550000000000015
21257,1.9380000000000024
21258,2.1480000000000015
21259,2.0510000000000015
21260,2.3420000000000023
21261,1.9460000000000022
21262,2.1500000000000017
21263,2.3480000000000016
21264,1.7520000000000016
21265,2.3420000000000023
21266,2.3640000000000008
21267,1.8550000000000018
21268,2.152000000000002
21269,2.350000000000002
21270,2.2570000000000014
21271,1.9560000000000017
21272,2.1700000000000013
21273,2.2510000000000017
21274,2.2470000000000017
21275,2.255000000000002
21276,1.841000000000002
21277,1.7520000000000018
21278,2.146000000000002
21279,2.150000000000002
21280,2.251000000000002
21281,2.1580000000000013
21282,2.2630000000000017
21283,2.146000000000002
21284,1.952000000000002
21285,2.1420000000000026
21286,2.2510000000000012
21287,2.0470000000000024
21288,1.942000000000002
21289,2.063000000000002
21290,1.851000000000002
21291,2.2510000000000017
21292,1.8490000000000015
21293,2.2610000000000015
21294,1.8370000000000024
21295,2.253000000000002
21296,2.150000000000002
21297,2.160000000000002
21298,2.265000000000001
21299,1.8470000000000022
21300,2.257000000000002
21301,2.263000000000001
21302,2.160000000000002
21303,2.0690000000000013
21304,2.249000000000002
21305,2.1740000000000017
21306,2.344000000000002
21307,2.049000000000002
21308,2.0570000000000013
21309,1.8450000000000017
21310,2.142000000000002
21311,2.148000000000002
21312,1.8430000000000024
21313,2.4490000000000016
21314,2.352000000000002
21315,2.358000000000002
21316,1.9440000000000017
21317,1.9440000000000017
21318,2.2630000000000012
21319,2.0570000000000013
21320,2.2550000000000012
21321,2.2610000000000015
21322,2.152000000000002
21323,2.2610000000000015
21324,1.6370000000000018
21325,2.457000000000001
21326,2.1420000000000017
21327,1.946000000000002
21328,1.9560000000000017
21329,2.043000000000002
21330,1.7480000000000018
21331,1.849000000000002
21332,2.059000000000002
21333,2.0510000000000015
21334,2.0370000000000026
21335,2.049000000000002
21336,1.9560000000000013
21337,2.0490000000000017
21338,1.837000000000002
21339,2.4470000000000014
21340,2.041000000000002
21341,2.1500000000000017
21342,1.9480000000000024
21343,1.9540000000000017
21344,2.063000000000001
21345,1.8570000000000015
21346,2.0390000000000024
21347,2.148000000000002
21348,1.744000000000001
21349,1.8310000000000022
21350,1.932000000000002
21351,2.142000000000002
21352,2.356000000000002
21353,1.956000000000002
21354,1.849000000000002
21355,2.1400000000000023
21356,1.9320000000000024
21357,2.0450000000000026
21358,2.041000000000002
21359,2.148000000000002
21360,2.0510000000000024
21361,1.952000000000001
21362,2.247000000000002
21363,2.154000000000002
21364,2.047000000000002
21365,1.754000000000001
21366,1.9460000000000022
21367,1.8470000000000015
21368,2.164000000000001
21369,2.0530000000000017
21370,2.154000000000002
21371,2.2590000000000017
21372,2.1580000000000017
21373,2.055000000000001
21374,2.263000000000001
21375,1.8610000000000013
21376,2.1440000000000023
21377,2.1460000000000026
21378,2.1520000000000015
21379,1.9380000000000026
21380,2.164000000000001
21381,2.051000000000002
21382,2.0650000000000013
21383,2.150000000000002
21384,1.8450000000000017
21385,1.7520000000000011
21386,1.9540000000000015
21387,2.0530000000000017
21388,2.0570000000000026
21389,2.2550000000000017
21390,2.0470000000000024
21391,2.3660000000000005
21392,1.8510000000000013
21393,1.744000000000002
21394,2.2470000000000017
21395,2.261000000000002
21396,1.9460000000000017
21397,2.243000000000002
21398,2.360000000000001
21399,1.9480000000000022
21400,2.055000000000002
21401,2.2550000000000017
21402,2.241000000000002
21403,2.059000000000001
21404,2.047000000000002
21405,2.0530000000000017
21406,2.0650000000000013
21407,2.0570000000000017
21408,1.746000000000002
21409,1.849000000000001
21410,2.2630000000000017
21411,1.758000000000002
21412,2.3420000000000023
21413,2.043000000000002
21414,1.7540000000000011
21415,2.459000000000002
21416,1.8590000000000009
21417,2.1560000000000015
21418,1.740000000000002
21419,2.154000000000002
21420,1.944000000000002
21421,1.845000000000002
21422,2.1720000000000015
21423,2.148000000000002
21424,2.0370000000000017
21425,2.2610000000000015
21426,1.944000000000002
21427,2.049000000000002
21428,2.057000000000002
21429,1.9580000000000015
21430,2.049000000000002
21431,2.1580000000000017
21432,2.3580000000000014
21433,1.954000000000002
21434,2.2610000000000015
21435,1.8390000000000017
21436,2.4530000000000025
21437,1.8530000000000018
21438,1.7380000000000022
21439,2.2690000000000015
21440,2.2630000000000012
21441,1.9540000000000015
21442,1.9540000000000013
21443,2.043000000000002
21444,2.146000000000002
21445,2.5500000000000025
21446,1.7300000000000029
21447,1.9480000000000015
21448,2.1500000000000012
21449,2.249000000000002
21450,2.249000000000002
21451,1.9540000000000015
21452,2.1600000000000015
21453,1.8430000000000022
21454,2.4670000000000014
21455,2.354000000000002
21456,2.2570000000000014
21457,2.055000000000001
21458,2.156000000000001
21459,2.263000000000001
21460,2.0330000000000026
21461,1.845000000000002
21462,1.9540000000000017
21463,2.362000000000002
21464,1.8430000000000024
21465,2.0490000000000017
21466,2.1620000000000013
21467,1.7520000000000018
21468,2.1540000000000017
21469,2.3520000000000016
21470,2.2610000000000015
21471,1.8470000000000015
21472,2.352000000000002
21473,2.1600000000000015
21474,2.0410000000000017
21475,1.8530000000000013
21476,2.364000000000002
21477,1.8310000000000024
21478,2.144000000000002
21479,1.9340000000000026
21480,2.1620000000000017
21481,1.5320000000000022
21482,1.9520000000000022
21483,2.340000000000002
21484,2.0670000000000015
21485,2.1420000000000017
21486,1.8470000000000022
21487,2.0490000000000013
21488,2.4430000000000023
21489,1.9500000000000015
21490,2.059000000000001
21491,2.0570000000000017
21492,2.148000000000002
21493,2.461000000000001
21494,2.2550000000000017
21495,2.0550000000000015
21496,1.845000000000002
21497,2.1500000000000017
21498,2.2550000000000017
21499,2.047000000000002
21500,2.2550000000000017
21501,2.2590000000000017
21502,1.740000000000002
21503,2.1580000000000017
21504,2.0490000000000013
21505,2.047000000000002
21506,2.3620000000000014
21507,1.9520000000000015
21508,2.158000000000002
21509,2.041000000000002
21510,1.9560000000000017
21511,2.350000000000002
21512,1.9540000000000017
21513,2.2470000000000017
21514,2.255000000000002
21515,2.043000000000002
21516,2.045000000000002
21517,1.8450000000000022
21518,1.8330000000000022
21519,2.368000000000001
21520,2.0550000000000015
21521,2.1660000000000004
21522,2.354000000000002
21523,1.9460000000000017
21524,2.1460000000000026
21525,2.154000000000002
21526,2.2450000000000023
21527,2.051000000000002
21528,1.9480000000000017
21529,1.9520000000000015
21530,1.9460000000000022
21531,1.8630000000000009
21532,1.8430000000000024
21533,1.9480000000000022
21534,2.0410000000000026
21535,1.946000000000002
21536,2.063000000000002
21537,2.2710000000000012
21538,2.063000000000001
21539,2.1560000000000015
21540,1.9500000000000022
21541,2.362000000000001
21542,2.0530000000000017
21543,2.2590000000000017
21544,1.7680000000000007
21545,2.3600000000000017
21546,2.059000000000001
21547,1.9480000000000015
21548,2.2570000000000023
21549,2.065000000000001
21550,1.9460000000000017
21551,2.152000000000002
21552,2.0550000000000015
21553,2.148000000000002
21554,2.057000000000001
21555,2.0590000000000015
21556,2.1600000000000015
21557,2.1560000000000024
21558,2.0610000000000013
21559,2.148000000000002
21560,1.8450000000000022
21561,2.051000000000001
21562,1.9480000000000017
21563,2.249000000000002
21564,2.0370000000000026
21565,2.2630000000000017
21566,2.142000000000002
21567,1.9480000000000026
21568,2.0490000000000013
21569,1.7560000000000011
21570,1.9420000000000022
21571,2.0570000000000013
21572,2.247000000000002
21573,2.051000000000002
21574,2.3520000000000016
21575,2.271000000000001
21576,1.9340000000000017
21577,2.146000000000002
21578,2.0590000000000015
21579,1.7540000000000011
21580,2.0530000000000017
21581,1.861000000000001
21582,1.952000000000001
21583,2.150000000000002
21584,1.9500000000000017
21585,1.6410000000000016
21586,1.940000000000002
21587,2.168000000000001
21588,1.631000000000002
21589,2.243000000000002
21590,1.8490000000000018
21591,2.3560000000000016
21592,2.168000000000001
21593,1.9560000000000017
21594,1.9480000000000017
21595,2.0430000000000015
21596,2.0510000000000015
21597,2.3480000000000025
21598,1.8490000000000015
21599,2.5540000000000016
21600,1.9540000000000015
21601,1.944000000000002
21602,2.061000000000001
21603,2.144000000000002
21604,2.0470000000000024
21605,2.164000000000001
21606,2.348000000000002
21607,1.9480000000000022
21608,1.9520000000000013
21609,2.0650000000000013
21610,2.4470000000000023
21611,2.148000000000002
21612,1.9420000000000022
21613,2.0470000000000024
21614,2.1460000000000012
21615,2.1520000000000015
21616,1.8430000000000022
21617,2.6790000000000007
21618,2.0470000000000024
21619,2.0570000000000013
21620,1.8490000000000026
21621,1.9400000000000017
21622,2.2630000000000012
21623,1.9540000000000015
21624,2.1580000000000017
21625,2.2410000000000023
21626,2.0390000000000024
21627,2.1420000000000017
21628,2.1500000000000017
21629,2.152000000000002
21630,1.6390000000000018
21631,1.8530000000000009
21632,2.5500000000000025
21633,1.9420000000000024
21634,2.269000000000001
21635,2.0490000000000013
21636,2.164000000000002
21637,2.0550000000000015
21638,1.9540000000000015
21639,2.2630000000000012
21640,2.251000000000002
21641,1.946000000000002
21642,2.043000000000002
21643,2.2490000000000023
21644,1.8410000000000022
21645,2.2430000000000025
21646,2.1500000000000012
21647,1.7360000000000015
21648,2.1500000000000026
21649,1.8450000000000022
21650,2.1540000000000017
21651,2.3600000000000017
21652,2.253000000000002
21653,2.2670000000000017
21654,2.150000000000002
21655,2.2590000000000017
21656,1.9560000000000013
21657,1.8490000000000018
21658,2.0510000000000015
21659,2.3560000000000008
21660,2.043000000000003
21661,1.849000000000002
21662,2.3520000000000016
21663,2.560000000000001
21664,2.045000000000002
21665,2.463000000000002
21666,1.9580000000000013
21667,2.2550000000000012
21668,1.9520000000000013
21669,2.0550000000000015
21670,2.354000000000002
21671,2.049000000000002
21672,2.257000000000002
21673,2.451000000000002
21674,1.9500000000000015
21675,2.0530000000000017
21676,2.160000000000002
21677,2.0470000000000024
21678,2.140000000000002
21679,2.659
21680,2.150000000000002
21681,2.1520000000000015
21682,1.7500000000000018
21683,2.0610000000000013
21684,1.942000000000002
21685,2.0570000000000013
21686,1.9420000000000022
21687,1.7440000000000015
21688,1.841000000000002
21689,1.8350000000000026
21690,2.257000000000002
21691,2.160000000000002
21692,2.1380000000000026
21693,1.9520000000000015
21694,1.9380000000000022
21695,2.1440000000000015
21696,2.451000000000002
21697,2.055000000000001
21698,2.1520000000000015
21699,2.148000000000002
21700,2.0470000000000024
21701,2.2550000000000017
21702,2.1520000000000015
21703,2.0550000000000015
21704,2.164000000000001
21705,2.4470000000000014
21706,1.9440000000000024
21707,1.7420000000000015
21708,2.0550000000000015
21709,2.2430000000000025
21710,2.3640000000000017
21711,1.9520000000000015
21712,2.041000000000002
21713,1.9640000000000013
21714,2.1620000000000017
21715,2.1520000000000024
21716,2.259000000000002
21717,1.9440000000000024
21718,2.142000000000002
21719,2.0530000000000017
21720,1.845000000000002
21721,2.0490000000000013
21722,1.954000000000002
21723,1.9500000000000022
21724,2.4590000000000014
21725,1.9500000000000008
21726,2.059000000000002
21727,1.9440000000000024
21728,2.1500000000000017
21729,1.9500000000000015
21730,1.952000000000002
21731,2.356000000000002
21732,2.150000000000002
21733,1.9520000000000013
21734,2.0530000000000013
21735,2.2530000000000014
21736,1.8510000000000018
21737,1.946000000000002
21738,1.8530000000000015
21739,1.8350000000000017
21740,1.9440000000000017
21741,2.4630000000000014
21742,1.946000000000001
21743,2.352000000000001
21744,2.5500000000000016
21745,2.152000000000002
21746,2.162000000000001
21747,2.148000000000002
21748,2.356000000000001
21749,2.047000000000002
21750,1.9520000000000022
21751,2.158000000000002
21752,2.362000000000002
21753,1.9420000000000022
21754,2.1360000000000023
21755,1.950000000000002
21756,2.364000000000002
21757,2.160000000000001
21758,1.9500000000000017
21759,1.9480000000000017
21760,2.3540000000000023
21761,2.0490000000000017
21762,2.2550000000000017
21763,1.950000000000002
21764,2.3500000000000014
21765,2.0490000000000013
21766,2.168000000000001
21767,2.3420000000000014
21768,2.0530000000000013
21769,1.9540000000000013
21770,1.9460000000000017
21771,1.8510000000000018
21772,1.9540000000000017
21773,2.2390000000000025
21774,2.566000000000001
21775,2.045000000000002
21776,1.8530000000000018
21777,2.469000000000001
21778,2.2550000000000012
21779,1.9400000000000017
21780,2.1560000000000015
21781,2.0510000000000015
21782,2.4510000000000023
21783,2.144000000000002
21784,1.7420000000000013
21785,1.855000000000002
21786,1.6470000000000014
21787,1.9420000000000024
21788,2.366000000000002
21789,2.043000000000002
21790,1.9460000000000013
21791,1.7420000000000018
21792,1.8450000000000022
21793,1.9540000000000015
21794,1.7620000000000016
21795,2.255000000000001
21796,1.9580000000000017
21797,2.1520000000000024
21798,2.2470000000000017
21799,1.849000000000001
21800,1.942000000000002
21801,2.0610000000000013
21802,1.6410000000000016
21803,2.0610000000000017
21804,2.0570000000000017
21805,1.847000000000002
21806,1.7460000000000016
21807,1.9620000000000015
21808,1.9420000000000024
21809,1.9580000000000017
21810,2.2390000000000025
21811,1.956000000000002
21812,2.1560000000000024
21813,1.8470000000000022
21814,2.0490000000000013
21815,2.045000000000002
21816,1.8470000000000015
21817,2.0570000000000017
21818,2.1620000000000017
21819,2.150000000000002
21820,2.0570000000000017
21821,2.259000000000002
21822,1.9520000000000015
21823,2.0530000000000017
21824,1.845000000000001
21825,2.045000000000002
21826,2.2430000000000025
21827,1.7460000000000016
21828,1.9460000000000024
21829,2.1560000000000015
21830,2.1420000000000017
21831,2.047000000000002
21832,2.1400000000000023
21833,2.243000000000002
21834,2.160000000000001
21835,2.271000000000001
21836,2.134000000000002
21837,1.9480000000000022
21838,1.7480000000000018
21839,2.148000000000002
21840,1.9680000000000006
21841,1.942000000000002
21842,1.9340000000000017
21843,2.049000000000002
21844,1.956000000000002
21845,2.348000000000002
21846,2.146000000000002
21847,2.269000000000001
21848,1.8550000000000013
21849,2.154000000000001
21850,2.269000000000002
21851,2.1480000000000015
21852,1.8410000000000017
21853,2.1660000000000013
21854,2.0430000000000024
21855,1.9520000000000013
21856,2.0450000000000026
21857,2.0550000000000024
21858,1.7380000000000027
21859,2.2510000000000017
21860,2.3500000000000023
21861,1.9460000000000017
21862,2.0470000000000015
21863,2.2730000000000015
21864,1.9580000000000017
21865,2.0510000000000024
21866,2.1580000000000017
21867,2.152000000000002
21868,2.257000000000002
21869,1.8470000000000015
21870,2.156000000000002
21871,1.9500000000000015
21872,2.1540000000000017
21873,2.1440000000000023
21874,2.160000000000002
21875,2.1580000000000017
21876,1.8530000000000022
21877,1.8430000000000022
21878,1.956000000000001
21879,2.1640000000000015
21880,2.1520000000000015
21881,2.0630000000000015
21882,2.257000000000002
21883,1.9400000000000026
21884,2.356000000000002
21885,1.9500000000000022
21886,2.243000000000002
21887,2.2570000000000014
21888,2.1480000000000024
21889,2.364000000000001
21890,1.952000000000002
21891,2.1480000000000024
21892,1.9380000000000017
21893,1.9480000000000017
21894,1.952000000000002
21895,1.9520000000000015
21896,1.9600000000000006
21897,2.2670000000000012
21898,1.8590000000000015
21899,2.2490000000000028
21900,2.0490000000000013
21901,2.0390000000000024
21902,1.9440000000000017
21903,1.8410000000000022
21904,2.045000000000002
21905,1.8450000000000015
21906,2.150000000000002
21907,1.8550000000000013
21908,2.0590000000000015
21909,2.3380000000000023
21910,2.045000000000002
21911,2.1620000000000013
21912,2.0530000000000017
21913,2.366000000000001
21914,1.9460000000000017
21915,2.1380000000000026
21916,2.0530000000000017
21917,2.144000000000002
21918,2.152000000000002
21919,2.1580000000000013
21920,1.839000000000002
21921,2.152000000000002
21922,1.855000000000001
21923,2.1560000000000015
21924,2.3460000000000027
21925,2.0710000000000015
21926,1.9620000000000013
21927,1.9580000000000015
21928,2.251000000000002
21929,1.841000000000002
21930,2.0370000000000026
21931,2.4490000000000016
21932,1.9600000000000015
21933,1.9460000000000022
21934,2.3560000000000025
21935,2.0430000000000024
21936,1.5320000000000022
21937,1.8530000000000013
21938,2.0510000000000024
21939,1.9500000000000022
21940,2.0490000000000013
21941,2.4490000000000016
21942,1.9520000000000013
21943,2.146000000000002
21944,2.4550000000000023
21945,2.065000000000001
21946,1.954000000000002
21947,2.1640000000000015
21948,2.045000000000002
21949,2.148000000000002
21950,2.261000000000001
21951,1.8510000000000018
21952,1.7480000000000013
21953,1.9380000000000024
21954,1.9460000000000013
21955,2.0530000000000017
21956,2.0570000000000013
21957,2.1500000000000012
21958,2.144000000000002
21959,2.257000000000001
21960,1.8450000000000022
21961,2.4510000000000023
21962,2.449000000000002
21963,1.746000000000002
21964,2.0410000000000013
21965,1.9400000000000017
21966,1.9440000000000024
21967,2.154000000000002
21968,1.8430000000000015
21969,2.3440000000000025
21970,1.944000000000002
21971,2.2570000000000023
21972,2.1540000000000017
21973,1.944000000000002
21974,2.0610000000000017
21975,2.0530000000000017
21976,2.150000000000002
21977,1.9520000000000022
21978,2.4670000000000014
21979,1.6470000000000014
21980,1.9480000000000022
21981,2.160000000000001
21982,1.9580000000000013
21983,1.8470000000000022
21984,2.0590000000000015
21985,1.9460000000000017
21986,2.360000000000001
21987,2.1540000000000017
21988,2.148000000000002
21989,1.8510000000000018
21990,1.7420000000000018
21991,2.453000000000002
21992,2.2630000000000017
21993,2.2590000000000017
21994,2.370000000000001
21995,1.9500000000000015
21996,2.2670000000000012
21997,2.1440000000000023
21998,2.0550000000000024
21999,2.1560000000000015
22000,2.160000000000002
22001,1.942000000000002
22002,2.1540000000000017
22003,2.255000000000002
22004,1.956000000000002
22005,2.2590000000000017
22006,2.1500000000000026
22007,2.247000000000002
22008,1.9440000000000017
22009,2.047000000000002
22010,2.354000000000002
22011,1.837000000000002
22012,2.4670000000000014
22013,1.9480000000000026
22014,1.9480000000000022
22015,1.7480000000000018
22016,2.1560000000000015
22017,2.1420000000000017
22018,2.362000000000001
22019,2.1560000000000015
22020,2.1440000000000023
22021,2.249000000000002
22022,2.1580000000000017
22023,1.9520000000000013
22024,1.9500000000000017
22025,2.055000000000002
22026,2.053000000000002
22027,1.9440000000000017
22028,1.9400000000000022
22029,1.946000000000002
22030,2.2490000000000023
22031,1.6390000000000018
22032,2.3440000000000025
22033,2.0510000000000024
22034,1.7460000000000016
22035,1.740000000000002
22036,1.8450000000000017
22037,2.1580000000000017
22038,2.045000000000002
22039,2.0650000000000017
22040,1.7400000000000022
22041,2.253000000000002
22042,2.1560000000000015
22043,1.9540000000000015
22044,2.039000000000002
22045,2.045000000000002
22046,2.0550000000000015
22047,2.138000000000002
22048,2.253000000000002
22049,1.7360000000000022
22050,1.8490000000000015
22051,2.2470000000000026
22052,2.0410000000000026
22053,2.051000000000002
22054,2.051000000000002
22055,2.1380000000000026
22056,2.1500000000000012
22057,2.0570000000000017
22058,1.9360000000000026
22059,2.160000000000002
22060,1.9520000000000022
22061,2.160000000000001
22062,2.1620000000000017
22063,2.0570000000000017
22064,1.9500000000000017
22065,2.0650000000000013
22066,2.1580000000000013
22067,2.071000000000002
22068,1.8450000000000015
22069,2.243000000000002
22070,2.249000000000002
22071,1.9420000000000024
22072,2.130000000000002
22073,2.069000000000001
22074,1.9480000000000017
22075,2.1460000000000017
22076,1.946000000000002
22077,1.6430000000000018
22078,2.0570000000000017
22079,2.0450000000000017
22080,1.8370000000000022
22081,2.1540000000000017
22082,1.9340000000000026
22083,2.160000000000001
22084,2.251000000000002
22085,2.154000000000002
22086,2.1420000000000017
22087,2.2610000000000015
22088,2.2430000000000025
22089,2.1480000000000015
22090,2.0510000000000015
22091,1.7380000000000024
22092,2.0570000000000013
22093,2.0510000000000024
22094,2.257000000000002
22095,2.3600000000000017
22096,2.146000000000002
22097,1.839000000000002
22098,2.148000000000002
22099,2.2470000000000026
22100,2.0470000000000024
22101,2.1520000000000015
22102,2.247000000000002
22103,2.051000000000002
22104,1.9500000000000015
22105,1.9480000000000022
22106,2.4430000000000023
22107,2.374000000000001
22108,2.0410000000000017
22109,2.160000000000002
22110,1.851000000000002
22111,2.0570000000000017
22112,1.7400000000000013
22113,2.0610000000000013
22114,2.354000000000002
22115,1.9540000000000015
22116,1.940000000000002
22117,2.0470000000000015
22118,1.8410000000000024
22119,1.8390000000000024
22120,2.148000000000002
22121,1.9380000000000026
22122,2.1620000000000013
22123,2.275000000000001
22124,2.2530000000000014
22125,1.8530000000000015
22126,2.041000000000002
22127,2.2670000000000012
22128,2.1420000000000026
22129,2.4550000000000023
22130,1.7460000000000013
22131,1.9440000000000015
22132,1.952000000000002
22133,2.164000000000001
22134,1.8430000000000022
22135,2.138000000000002
22136,1.7420000000000022
22137,2.1520000000000015
22138,1.7380000000000027
22139,1.9520000000000022
22140,2.1560000000000015
22141,2.0610000000000017
22142,2.144000000000002
22143,2.045000000000002
22144,2.152000000000002
22145,2.4710000000000014
22146,2.2590000000000017
22147,2.049000000000002
22148,2.148000000000002
22149,1.9480000000000013
22150,2.0510000000000015
22151,2.160000000000002
22152,2.053000000000002
22153,1.958000000000001
22154,2.152000000000002
22155,2.1500000000000017
22156,1.7360000000000015
22157,2.0430000000000015
22158,2.2610000000000015
22159,2.2410000000000014
22160,2.0510000000000015
22161,1.9440000000000017
22162,2.2490000000000023
22163,1.9460000000000022
22164,1.9440000000000017
22165,1.940000000000002
22166,2.156000000000002
22167,2.059000000000001
22168,2.3440000000000025
22169,1.9500000000000017
22170,2.0590000000000015
22171,2.1560000000000015
22172,2.144000000000002
22173,1.8390000000000024
22174,2.2470000000000017
22175,1.8370000000000026
22176,2.0450000000000013
22177,1.9460000000000013
22178,1.8590000000000018
22179,2.2610000000000015
22180,1.8530000000000018
22181,2.0490000000000017
22182,2.249000000000002
22183,1.9440000000000017
22184,1.7360000000000024
22185,1.9560000000000017
22186,2.2610000000000015
22187,1.748000000000002
22188,1.8370000000000022
22189,2.0410000000000017
22190,1.7360000000000022
22191,1.9460000000000013
22192,2.3580000000000023
22193,1.9580000000000015
22194,2.0550000000000015
22195,2.152000000000002
22196,2.148000000000002
22197,1.9480000000000017
22198,1.8450000000000022
22199,2.0410000000000026
22200,1.9480000000000017
22201,2.134000000000002
22202,2.0510000000000015
22203,1.8450000000000015
22204,2.1720000000000015
22205,2.142000000000002
22206,2.0450000000000026
22207,1.9600000000000015
22208,1.9500000000000022
22209,1.9580000000000015
22210,2.146000000000002
22211,2.4550000000000014
22212,1.9600000000000017
22213,1.946000000000002
22214,2.0510000000000015
22215,1.847000000000002
22216,2.2590000000000017
22217,2.2490000000000028
22218,1.855000000000002
22219,2.1560000000000006
22220,2.3580000000000014
22221,1.6410000000000025
22222,1.956000000000001
22223,1.9500000000000015
22224,2.366000000000001
22225,1.956000000000001
22226,1.9500000000000017
22227,1.9540000000000013
22228,2.0510000000000015
22229,2.0430000000000015
22230,1.9400000000000017
22231,1.8550000000000018
22232,2.356000000000002
22233,2.2450000000000023
22234,1.8430000000000015
22235,1.8370000000000022
22236,2.1540000000000017
22237,2.2590000000000017
22238,2.1520000000000024
22239,1.8650000000000018
22240,1.9420000000000015
22241,2.0530000000000017
22242,2.0570000000000017
22243,2.255000000000002
22244,2.2430000000000025
22245,2.0530000000000017
22246,2.049000000000002
22247,2.2450000000000023
22248,2.146000000000002
22249,2.059000000000002
22250,2.247000000000002
22251,2.2530000000000014
22252,2.039000000000003
22253,2.059000000000001
22254,2.0350000000000024
22255,1.851000000000001
22256,1.9600000000000015
22257,1.8390000000000024
22258,2.049000000000002
22259,1.9600000000000015
22260,1.946000000000002
22261,2.049000000000002
22262,1.7360000000000024
22263,1.8390000000000013
22264,2.055000000000002
22265,1.9700000000000015
22266,2.2490000000000014
22267,2.1520000000000015
22268,1.8610000000000013
22269,2.148000000000002
22270,2.150000000000002
22271,2.1420000000000017
22272,2.2550000000000017
22273,2.374000000000001
22274,2.57
22275,1.7420000000000015
22276,2.449000000000002
22277,2.0510000000000015
22278,2.0450000000000017
22279,1.847000000000002
22280,2.0410000000000026
22281,1.940000000000002
22282,2.045000000000002
22283,1.8410000000000017
22284,2.253000000000002
22285,1.9560000000000022
22286,2.3660000000000014
22287,1.7480000000000013
22288,2.245000000000002
22289,2.358000000000002
22290,1.7380000000000022
22291,2.039000000000002
22292,2.265000000000001
22293,2.251000000000002
22294,1.7360000000000022
22295,1.9500000000000017
22296,2.1520000000000024
22297,2.2530000000000014
22298,2.055000000000001
22299,1.8530000000000009
22300,2.251000000000002
22301,2.0450000000000026
22302,2.253000000000002
22303,2.1520000000000015
22304,2.1600000000000015
22305,2.049000000000002
22306,2.045000000000002
22307,2.255000000000002
22308,1.9460000000000017
22309,1.9480000000000022
22310,1.9580000000000013
22311,1.7380000000000029
22312,2.5660000000000007
22313,2.160000000000002
22314,1.9480000000000017
22315,2.055000000000002
22316,2.677000000000001
22317,1.9560000000000013
22318,1.9480000000000024
22319,1.9420000000000024
22320,1.9460000000000022
22321,2.043000000000002
22322,1.845000000000002
22323,2.1620000000000013
22324,2.2630000000000017
22325,1.940000000000002
22326,1.8450000000000026
22327,1.7400000000000018
22328,2.1560000000000015
22329,2.360000000000001
22330,2.051000000000002
22331,1.9380000000000022
22332,2.063000000000001
22333,2.055000000000002
22334,1.9500000000000017
22335,1.7520000000000013
22336,2.1540000000000017
22337,1.7500000000000018
22338,2.0410000000000026
22339,1.639000000000002
22340,2.1500000000000012
22341,1.7460000000000022
22342,1.835000000000002
22343,2.168000000000001
22344,1.7320000000000022
22345,1.744000000000001
22346,2.2470000000000026
22347,2.0390000000000024
22348,2.356000000000002
22349,2.457000000000002
22350,1.8530000000000015
22351,2.045000000000002
22352,1.8470000000000022
22353,2.156000000000002
22354,2.257000000000002
22355,2.0510000000000024
22356,1.9480000000000022
22357,2.0550000000000015
22358,2.352000000000002
22359,1.8450000000000015
22360,2.362000000000001
22361,2.0570000000000013
22362,2.2550000000000012
22363,1.8430000000000017
22364,1.956000000000002
22365,2.255000000000002
22366,2.235000000000003
22367,2.1700000000000013
22368,2.1460000000000017
22369,2.5580000000000016
22370,2.350000000000002
22371,2.160000000000002
22372,2.348000000000002
22373,2.251000000000002
22374,2.051000000000002
22375,2.255000000000002
22376,1.8630000000000009
22377,2.0610000000000017
22378,2.2510000000000012
22379,2.1540000000000017
22380,2.0610000000000017
22381,2.053000000000002
22382,2.2610000000000015
22383,2.0530000000000026
22384,2.160000000000001
22385,2.053000000000001
22386,2.146000000000002
22387,1.9380000000000022
22388,1.9600000000000017
22389,1.6330000000000024
22390,2.3520000000000016
22391,2.0430000000000024
22392,2.0450000000000017
22393,2.164000000000001
22394,2.1420000000000017
22395,2.0530000000000017
22396,2.560000000000001
22397,2.5680000000000005
22398,2.045000000000002
22399,2.148000000000002
22400,1.9520000000000013
22401,2.5520000000000023
22402,1.8470000000000015
22403,2.0510000000000015
22404,2.0570000000000017
22405,2.0450000000000017
22406,1.9500000000000015
22407,1.932000000000003
22408,1.8450000000000022
22409,2.1680000000000006
22410,1.8430000000000024
22411,1.9480000000000017
22412,2.2630000000000012
22413,2.043000000000002
22414,2.146000000000002
22415,2.259000000000002
22416,2.2490000000000028
22417,1.9560000000000017
22418,1.9480000000000022
22419,2.2670000000000017
22420,2.0610000000000017
22421,1.9480000000000022
22422,1.9440000000000015
22423,2.1500000000000017
22424,1.9360000000000022
22425,2.348000000000002
22426,2.148000000000002
22427,2.150000000000002
22428,2.1460000000000026
22429,2.146000000000002
22430,1.8430000000000022
22431,2.0490000000000013
22432,1.847000000000002
22433,1.9560000000000017
22434,1.9560000000000013
22435,2.0410000000000013
22436,1.8390000000000017
22437,2.148000000000002
22438,2.156000000000001
22439,2.1520000000000024
22440,1.9360000000000022
22441,2.2470000000000026
22442,1.9480000000000017
22443,1.8530000000000009
22444,1.946000000000002
22445,2.3660000000000005
22446,2.1440000000000023
22447,2.156000000000002
22448,2.245000000000002
22449,2.245000000000001
22450,2.0510000000000015
22451,2.0490000000000017
22452,1.9440000000000017
22453,2.0610000000000013
22454,1.7500000000000018
22455,2.1520000000000015
22456,2.1460000000000026
22457,2.1620000000000013
22458,2.148000000000002
22459,2.2330000000000028
22460,2.255000000000002
22461,1.8390000000000024
22462,2.0650000000000013
22463,2.249000000000002
22464,2.1620000000000017
22465,2.1380000000000017
22466,2.459000000000002
22467,2.340000000000002
22468,2.1600000000000024
22469,2.251000000000002
22470,1.956000000000002
22471,2.142000000000002
22472,2.3660000000000014
22473,2.3660000000000014
22474,2.1600000000000015
22475,1.8350000000000022
22476,2.2570000000000014
22477,2.148000000000002
22478,2.564000000000002
22479,1.8430000000000017
22480,2.1420000000000017
22481,1.9700000000000006
22482,2.251000000000002
22483,2.043000000000002
22484,2.0510000000000015
22485,1.841000000000002
22486,2.0530000000000017
22487,1.946000000000002
22488,1.7400000000000018
22489,2.0550000000000024
22490,2.160000000000002
22491,2.0590000000000015
22492,1.9400000000000026
22493,2.0430000000000024
22494,2.2450000000000028
22495,1.847000000000002
22496,2.049000000000002
22497,1.8470000000000022
22498,2.2430000000000017
22499,2.0470000000000024
22500,2.047000000000002
22501,2.150000000000002
22502,2.1540000000000017
22503,1.7480000000000018
22504,2.0550000000000015
22505,2.2590000000000017
22506,2.0430000000000024
22507,2.3460000000000023
22508,1.9420000000000013
22509,2.1460000000000026
22510,2.150000000000002
22511,1.9600000000000017
22512,1.9420000000000022
22513,2.049000000000002
22514,2.1500000000000017
22515,1.7480000000000018
22516,2.257000000000002
22517,2.0470000000000024
22518,1.9480000000000022
22519,2.5720000000000014
22520,2.1500000000000026
22521,1.8590000000000015
22522,2.0470000000000015
22523,2.249000000000002
22524,2.471000000000001
22525,1.730000000000002
22526,2.253000000000002
22527,1.936000000000002
22528,2.1620000000000017
22529,1.6270000000000022
22530,1.956000000000002
22531,1.9360000000000022
22532,2.0510000000000015
22533,2.154000000000002
22534,1.9360000000000022
22535,1.9560000000000013
22536,2.2710000000000004
22537,2.2610000000000015
22538,2.560000000000001
22539,1.9480000000000013
22540,1.8450000000000017
22541,1.7420000000000018
22542,2.148000000000002
22543,1.9500000000000017
22544,2.1620000000000017
22545,1.9420000000000022
22546,2.3420000000000023
22547,2.0310000000000024
22548,2.1580000000000017
22549,1.837000000000002
22550,1.839000000000002
22551,2.045000000000002
22552,2.0710000000000006
22553,2.0450000000000017
22554,1.8470000000000022
22555,2.041000000000002
22556,2.1580000000000017
22557,1.8470000000000022
22558,1.8370000000000022
22559,1.8390000000000026
22560,1.8530000000000018
22561,2.057000000000001
22562,2.4590000000000014
22563,2.1660000000000013
22564,1.9500000000000017
22565,1.8370000000000024
22566,2.1580000000000017
22567,2.0530000000000017
22568,1.7360000000000022
22569,1.845000000000001
22570,1.841000000000002
22571,2.1640000000000015
22572,2.0590000000000015
22573,2.0610000000000017
22574,1.8450000000000029
22575,1.9540000000000017
22576,2.0490000000000017
22577,2.043000000000002
22578,2.2570000000000023
22579,1.851000000000002
22580,1.9580000000000017
22581,2.148000000000002
22582,2.471000000000001
22583,2.140000000000002
22584,1.9500000000000015
22585,2.156000000000002
22586,2.043000000000002
22587,2.144000000000002
22588,2.251000000000002
22589,2.1580000000000017
22590,2.1400000000000023
22591,1.750000000000002
22592,2.1440000000000015
22593,2.057000000000001
22594,2.0590000000000024
22595,2.144000000000002
22596,1.9400000000000017
22597,1.942000000000002
22598,2.350000000000002
22599,2.445000000000002
22600,2.2570000000000023
22601,2.2490000000000014
22602,2.049000000000002
22603,2.368000000000001
22604,2.049000000000002
22605,1.7460000000000022
22606,2.148000000000002
22607,2.043000000000002
22608,2.039000000000002
22609,2.148000000000002
22610,2.0530000000000026
22611,2.1700000000000004
22612,2.2650000000000015
22613,2.144000000000002
22614,1.8590000000000015
22615,2.451000000000002
22616,1.9400000000000028
22617,2.047000000000002
22618,2.057000000000001
22619,1.8390000000000017
22620,2.047000000000002
22621,2.0570000000000017
22622,2.3520000000000016
22623,2.259000000000002
22624,2.1480000000000015
22625,2.2470000000000017
22626,1.841000000000002
22627,2.049000000000002
22628,1.8430000000000017
22629,2.2390000000000025
22630,2.144000000000002
22631,2.0510000000000024
22632,2.1480000000000015
22633,2.057000000000002
22634,1.9420000000000024
22635,2.1480000000000015
22636,1.936000000000002
22637,2.059000000000002
22638,2.146000000000002
22639,1.9560000000000017
22640,2.061000000000001
22641,1.9400000000000022
22642,1.9400000000000017
22643,2.453000000000002
22644,2.047000000000002
22645,2.152000000000002
22646,1.9480000000000017
22647,2.2550000000000012
22648,2.160000000000001
22649,2.1540000000000017
22650,2.0510000000000015
22651,2.558000000000001
22652,2.2410000000000014
22653,1.9380000000000017
22654,2.051000000000002
22655,2.0530000000000017
22656,2.2590000000000017
22657,2.2590000000000017
22658,2.146000000000002
22659,1.6370000000000013
22660,2.3580000000000014
22661,2.1520000000000024
22662,2.160000000000002
22663,1.9600000000000015
22664,2.0490000000000013
22665,1.9640000000000015
22666,2.0650000000000013
22667,2.0470000000000015
22668,2.0530000000000026
22669,1.952000000000002
22670,2.1600000000000015
22671,1.9500000000000026
22672,1.7440000000000024
22673,2.350000000000002
22674,2.0510000000000024
22675,1.9360000000000022
22676,2.1520000000000015
22677,2.0530000000000017
22678,2.358000000000002
22679,1.7540000000000007
22680,2.1620000000000017
22681,2.053000000000001
22682,1.847000000000002
22683,2.3460000000000023
22684,2.1500000000000017
22685,1.9360000000000026
22686,2.150000000000002
22687,2.148000000000002
22688,1.8570000000000004
22689,1.9420000000000028
22690,1.9400000000000017
22691,1.748000000000002
22692,1.8510000000000018
22693,1.8390000000000024
22694,2.144000000000003
22695,2.251000000000002
22696,1.8370000000000022
22697,2.1540000000000017
22698,2.037000000000002
22699,2.0590000000000006
22700,1.9380000000000024
22701,2.1520000000000015
22702,2.1500000000000012
22703,1.9380000000000017
22704,2.1580000000000017
22705,2.356000000000002
22706,2.1400000000000023
22707,2.269000000000001
22708,2.0510000000000015
22709,2.4690000000000016
22710,1.9600000000000006
22711,2.0550000000000015
22712,1.9400000000000026
22713,2.259000000000002
22714,2.366000000000001
22715,2.2610000000000015
22716,1.9440000000000017
22717,1.849000000000002
22718,2.2650000000000015
22719,2.352000000000002
22720,2.0590000000000015
22721,2.154000000000002
22722,2.1640000000000015
22723,2.3740000000000014
22724,1.9540000000000017
22725,2.358000000000002
22726,1.9440000000000015
22727,2.0350000000000024
22728,2.0570000000000013
22729,2.3620000000000014
22730,1.8370000000000022
22731,2.3400000000000025
22732,2.2630000000000012
22733,1.8530000000000009
22734,2.148000000000002
22735,2.5500000000000016
22736,2.556000000000002
22737,2.245000000000002
22738,2.2450000000000023
22739,1.639000000000002
22740,2.160000000000001
22741,2.251000000000002
22742,1.946000000000002
22743,2.2530000000000014
22744,1.6450000000000018
22745,2.2610000000000015
22746,1.8570000000000015
22747,2.348000000000002
22748,1.8510000000000013
22749,1.9520000000000022
22750,2.2510000000000017
22751,2.053000000000002
22752,2.350000000000002
22753,1.7520000000000018
22754,1.8410000000000024
22755,2.344000000000002
22756,2.2610000000000015
22757,2.047000000000002
22758,1.9620000000000004
22759,2.0550000000000024
22760,2.0530000000000017
22761,1.835000000000002
22762,1.9520000000000015
22763,1.7580000000000018
22764,2.2550000000000017
22765,2.249000000000002
22766,2.2630000000000017
22767,1.9540000000000015
22768,2.148000000000002
22769,1.9460000000000022
22770,2.178000000000001
22771,2.3540000000000014
22772,2.1500000000000017
22773,1.851000000000002
22774,2.055000000000001
22775,1.857000000000001
22776,1.8430000000000022
22777,2.354000000000002
22778,2.1460000000000026
22779,2.154000000000002
22780,2.069000000000001
22781,1.9480000000000013
22782,2.146000000000002
22783,2.3460000000000023
22784,2.2410000000000023
22785,2.045000000000001
22786,2.3680000000000017
22787,1.7480000000000018
22788,2.356000000000002
22789,2.2590000000000012
22790,2.1360000000000023
22791,1.8510000000000018
22792,1.9480000000000015
22793,2.148000000000002
22794,1.950000000000002
22795,2.350000000000002
22796,2.267000000000001
22797,1.950000000000002
22798,2.2410000000000023
22799,2.150000000000002
22800,2.158000000000001
22801,2.366000000000001
22802,1.9520000000000013
22803,2.049000000000002
22804,2.2530000000000023
22805,2.055000000000001
22806,1.7420000000000022
22807,2.1500000000000017
22808,1.8550000000000013
22809,1.9520000000000015
22810,2.4550000000000023
22811,2.1520000000000015
22812,1.8510000000000022
22813,1.946000000000002
22814,1.8450000000000017
22815,2.251000000000002
22816,2.0350000000000024
22817,2.148000000000002
22818,1.8490000000000024
22819,1.8370000000000022
22820,2.441000000000002
22821,2.039000000000003
22822,2.265000000000001
22823,1.6310000000000024
22824,1.9440000000000024
22825,2.1460000000000017
22826,2.457000000000001
22827,1.9520000000000022
22828,2.0430000000000024
22829,2.0470000000000015
22830,1.9400000000000022
22831,2.3520000000000016
22832,2.059000000000002
22833,1.7260000000000024
22834,2.043000000000001
22835,2.1480000000000015
22836,1.8430000000000017
22837,2.160000000000002
22838,2.0570000000000013
22839,2.1520000000000024
22840,2.2530000000000014
22841,2.1580000000000017
22842,2.2470000000000017
22843,1.8470000000000024
22844,1.9560000000000017
22845,2.0570000000000013
22846,1.7420000000000018
22847,1.8370000000000015
22848,2.0550000000000015
22849,1.9400000000000026
22850,2.253000000000002
22851,2.348000000000002
22852,2.152000000000002
22853,2.257000000000002
22854,1.8350000000000022
22855,1.9500000000000017
22856,2.2570000000000014
22857,2.0510000000000015
22858,2.3540000000000014
22859,2.1520000000000015
22860,2.360000000000001
22861,1.958000000000001
22862,2.049000000000002
22863,2.0470000000000015
22864,2.2510000000000017
22865,2.2670000000000012
22866,2.2510000000000026
22867,2.051000000000002
22868,1.8350000000000017
22869,1.9480000000000013
22870,2.154000000000001
22871,1.9380000000000022
22872,2.346000000000002
22873,1.8530000000000013
22874,2.0490000000000013
22875,2.1480000000000015
22876,2.253000000000002
22877,1.9440000000000017
22878,2.047000000000002
22879,2.564000000000001
22880,1.9500000000000022
22881,2.057000000000001
22882,1.9620000000000015
22883,2.051000000000002
22884,2.2650000000000015
22885,1.9640000000000015
22886,2.045000000000002
22887,1.9400000000000015
22888,2.374000000000001
22889,1.946000000000002
22890,1.8510000000000013
22891,1.9520000000000015
22892,2.160000000000002
22893,1.6630000000000005
22894,2.0610000000000017
22895,1.942000000000002
22896,1.960000000000001
22897,2.041000000000002
22898,1.956000000000002
22899,2.146000000000002
22900,2.0450000000000017
22901,1.8530000000000009
22902,2.037000000000002
22903,2.0490000000000013
22904,2.0550000000000015
22905,2.0550000000000015
22906,2.0470000000000024
22907,2.148000000000002
22908,1.9520000000000022
22909,2.055000000000002
22910,2.257000000000001
22911,2.1540000000000017
22912,2.354000000000002
22913,1.9540000000000017
22914,2.0510000000000015
22915,1.954000000000002
22916,1.6450000000000018
22917,2.2530000000000014
22918,1.8470000000000022
22919,1.8590000000000015
22920,1.9680000000000022
22921,2.0470000000000015
22922,2.1500000000000017
22923,2.0530000000000013
22924,2.1460000000000017
22925,2.049000000000003
22926,1.9500000000000022
22927,2.269000000000001
22928,2.0530000000000026
22929,1.950000000000002
22930,2.352000000000002
22931,2.1460000000000026
22932,1.9360000000000026
22933,1.9440000000000013
22934,1.9420000000000024
22935,2.0570000000000013
22936,2.1660000000000013
22937,2.166000000000001
22938,2.1360000000000023
22939,2.2630000000000017
22940,2.051000000000002
22941,1.9540000000000017
22942,1.9540000000000013
22943,1.9480000000000026
22944,1.9520000000000013
22945,2.0550000000000015
22946,2.1560000000000015
22947,2.0510000000000024
22948,1.8610000000000013
22949,2.1560000000000015
22950,2.2570000000000023
22951,2.146000000000002
22952,1.7480000000000016
22953,2.2730000000000015
22954,2.1560000000000015
22955,2.459000000000002
22956,2.063000000000001
22957,2.2570000000000014
22958,2.1460000000000026
22959,2.6530000000000022
22960,2.0490000000000017
22961,1.8470000000000013
22962,2.1360000000000023
22963,2.259000000000001
22964,2.352000000000002
22965,1.9480000000000022
22966,2.247000000000002
22967,2.3440000000000025
22968,2.0510000000000024
22969,2.2510000000000012
22970,1.9580000000000017
22971,2.051000000000002
22972,2.0490000000000017
22973,2.243000000000002
22974,1.9480000000000015
22975,1.8410000000000022
22976,1.944000000000002
22977,2.0610000000000013
22978,2.451000000000002
22979,2.259000000000002
22980,1.9360000000000022
22981,2.148000000000002
22982,1.8430000000000022
22983,2.0530000000000017
22984,2.049000000000002
22985,1.9480000000000022
22986,2.2550000000000012
22987,1.9620000000000013
22988,1.9560000000000013
22989,1.8450000000000015
22990,2.0510000000000015
22991,2.059000000000001
22992,1.835000000000002
22993,2.150000000000002
22994,2.354000000000001
22995,1.9440000000000015
22996,1.956000000000002
22997,2.0490000000000013
22998,2.0690000000000013
22999,2.049000000000002
23000,2.354000000000002
